UserID,Date,Comment
(Coach) Dominique W.,2025-04-13 07:49:45+00:00,Yo. Trump definitely bout to ban TikTok.
Every Girls Favorite,2025-04-14 10:51:16+00:00,I see why they tried to ban TikTok and get china to sell it lmfao
unusual_whales,2025-04-10 19:47:21+00:00,"President Donald Trump is reportedly looking into possibly delisting Chinese public companies from US exchanges, per Fox News"
Zewmerz,2025-04-10 19:49:07+00:00,Ban tiktok and bring back Vine
Emerald Robinson,2025-04-09 21:20:50+00:00,"You're about find out that all the brave people who were called ""election deniers"" and ""conspiracy theorists"" after the 2020 election were right."
Amber S Wheeles,2025-04-09 21:49:29+00:00,"I was ban 18 times from twitter, 12 times from tiktok, 2 times from facebook and my podcast was ban from using all google products! So it's about freaking time!"
Elvis Eckardt Recruitment,2025-04-07 10:59:34+00:00,"THREAD: TikTok’s forced sale is turning into the tech world’s wildest takeover race.

From Amazon to OnlyFans’ founder — here’s who’s bidding for the future of short-form video in America."
Elvis Eckardt Recruitment,2025-04-07 10:59:35+00:00,"Deadline: April 5, 2025.

By order of U.S. law, Chinese parent ByteDance must sell TikTok’s U.S. business — or face a national ban.

This is no ordinary sale. It's a forced divorce between China and the U.S.
And the list of suitors is growing fast."
Elvis Eckardt Recruitment,2025-04-07 10:59:36+00:00,"The buyer list keeps growing:

– Amazon
– Oracle & Marc Andreessen
– Blackstone
– OnlyFans founder via his startup Zoop
– Hedera blockchain network

Some bids are real. Others? PR stunts with political spice."
Elvis Eckardt Recruitment,2025-04-07 10:59:36+00:00,"Amazon’s bid raised eyebrows.

They sent an offer to VP JD Vance & Commerce Sec. Howard Lutnick.

Analysts are split — is Amazon serious, or signalling?

Either way, AMZN stock jumped 3% after the leak."
Elvis Eckardt Recruitment,2025-04-07 10:59:38+00:00,"Why TikTok is such a prize:

– 170M U.S. users
– Gen Z’s #1 app
– Goldmine for commerce, culture, and data
– Crucial leverage in U.S.–China tech rivalry

It’s not just an app. It’s infrastructure for the digital attention economy."
Elvis Eckardt Recruitment,2025-04-07 10:59:39+00:00,"Marc Andreessen (a Trump ally) is backing Oracle’s bid.

Why? Control over the feed = control over minds.
And for Oracle: TikTok could boost its cloud + ad business overnight."
Elvis Eckardt Recruitment,2025-04-07 10:59:40+00:00,"ByteDance is under pressure.

Congress passed the law with bipartisan support.
Trump extended the deadline to April 5.
China may block the sale — but a ban is very much on the table."
Elvis Eckardt Recruitment,2025-04-07 10:59:40+00:00,"Whoever buys TikTok will reshape:

– U.S. social media
– Political discourse
– Cross-border data laws
– Gen Z’s digital life

This is the most consequential tech deal of the decade."
Elvis Eckardt Recruitment,2025-04-07 10:59:41+00:00,"Follow for more insights on global trade, mobility, and manufacturing shifts."
Mustajab Nazir Dhoki,2025-04-09 13:46:41+00:00,"Ban tiktok. Not Twitter.

Just a thought!"
木下だゃーぱん,2025-04-08 14:43:55+00:00,"TikTok永久垢BAN喰らった最悪
えええええなんでええええええ"
Fiona Small,2025-04-10 22:52:37+00:00,This is why they want to ban TikTok
Fiona Small,2025-04-10 23:53:35+00:00,Favourite toxic ship
Fiona Small,2025-04-11 06:45:10+00:00,This is the best one imo
Fiona Small,2025-04-11 20:42:22+00:00,it’s mostly non-Irish liking this lol
Fiona Small,2025-04-12 17:46:48+00:00,Found out there are real people out there that have actually written Éamon de Valera x Michael Collins fanfic and it’s prefaced by some wild and funny tags
Jacob Fuller,2025-04-12 16:52:33+00:00,Yeah they might’ve been on to something there
Conor,2025-04-11 15:23:23+00:00,Amazing!
Mortan,2025-04-12 14:20:10+00:00,Eamon de Valera and Michael Collins shipper is crazy the irish civil war happened for a reason pro treaty vs anto treaty
Keano for Taoiseach,2025-04-12 09:12:12+00:00,The most toxi of toxic yaoi
عمر,2025-04-12 18:53:25+00:00,“The Dáil” in Brat style is actually killing me
Zhizzler,2025-04-12 13:40:20+00:00,They explored each other bodies
Thomas,2025-04-11 13:27:59+00:00,@DeffoDeefrfr
mayfgc.bsky.social,2025-04-12 00:46:21+00:00,@RossYastland
S0mecallme,2025-04-12 07:53:40+00:00,Love how every Collin’s picture he looks so damn pissed off
David Russell Barton,2025-04-11 23:31:06+00:00,"Michael & Eamon ~
""Oglaigh na hEireann"""
literally disraeli,2025-04-12 15:48:31+00:00,@althibernian
Ame,2025-04-11 22:33:49+00:00,A whole ass account dedicated to ship editing Collins X De Valera is INSANE work
MH,2025-04-12 07:43:55+00:00,@RachelMoiselle
vicky,2025-04-12 12:54:54+00:00,amazing
ejm,2025-04-12 13:40:33+00:00,"wtf is this ship even called like michaelera

I think I'm homophobic now"
Donnie Stockton,2025-04-11 11:26:17+00:00,Thank god I discovered this account
CharlieTheChallenger,2025-04-12 04:42:39+00:00,What the fuck is wrong with proplr
Break_The_Pressure,2025-04-11 15:04:59+00:00,This must be the only good brat edit on the internet.
นี่มายด์เองงงง|6CODE,2025-04-13 07:04:19+00:00,"ทุกคนเงียบพี่หัสมาาาาา!! 
แต่มากับน้องบาส 3 ขวบนะ
เอ็นดูวววววววววว

TIKTOK : jjyu094

#บาสเด็กอ้วนที่เเท้จริง #bbasjtr 
@basjtr
 @mkbs_official
 @Ban_Bbasroom"
Bbasroom,2025-04-13 07:09:31+00:00,เก๊าะไอติมมันน่ากิงนิคับ #บาสเด็กอ้วนที่แท้จริง
นี่มายด์เองงงง|6CODE,2025-04-13 07:15:32+00:00,แต่น้องบาสน่ากินกว่า เฮ้ย! น่ารักนะกั๊บ #บาสเด็กอ้วนที่เเท้จริง
kapukluk 6CODE,2025-04-14 12:34:31+00:00,เอ็นดูลูกชายชอบไอติม
木下だゃーぱん,2025-04-09 06:58:52+00:00,"TikTokまた垢BANされた
アカウント作るのダルすぎる
誤BANにも程がある"
Bloomberg Opinion,2025-04-06 05:00:05+00:00,"There’s been a lot of chatter from Trump as the TikTok ban deadline approaches, writes 
@cathythorbecke
. But the app’s fate ultimately rests with Beijing"
Ian Miles Cheong,2025-04-06 11:34:45+00:00,"Elon Musk on TikTok: ""TikTok should not be banned in the USA, even though such a ban may benefit the X platform. Doing so would be contrary to freedom of speech and expression. It is not what America stands for."""
Mr Shelby,2025-04-06 11:37:51+00:00,"TikTok isn’t just a video app, it's a culture engine. Musk knows this. Blocking it could alienate millions of younger Americans, digital creators, and influencers."
"Pradheep J. Shanker, M.D.",2025-04-06 12:09:14+00:00,"As long as they are not owned by a foreign govt who is our enemy, I'm fine with that."
American Penguin,2025-04-06 11:44:55+00:00,"Once again, Elon Musk shows that he is based"
Ultramõrd Sillu,2025-04-06 11:43:05+00:00,"Ah, the billionaire philosopher strikes again — defending freedom of speech between launching rockets and launching tantrums. Because nothing says ""I care about liberty"" like owning the platform where dissent gets throttled harder than your last rocket test.

It’s like Dracula"
Global Dissident,2025-04-06 11:40:19+00:00,Exactly. Every attack on free speech paves the way for censorship.
SoFlo MAGA DOGE Girl,2025-04-06 11:41:35+00:00,He’s a free speech absolutist
Just Funnin,2025-04-06 11:49:51+00:00,How would social media change if we banned companies from collecting data from us? We all seem to just shrug and accept the spying done because of our addiction to social media. This seems like a solvable problem.
NaanSenseGuy,2025-04-06 11:37:16+00:00,"Spare us the TED Talk, bro — we’ve seen your moderation policy: chaos, but monetized."
Ghost Kraken,2025-04-06 11:37:17+00:00,They don’t want to ban speech they want to control it. Conditioning of the mind of those who speak. This is done through the payout incentives.
Trump Tracker,2025-04-06 11:41:15+00:00,No one on TikTok is going to come to C if it’s banned. Lmao
Thoughtful Simplicity,2025-04-06 12:07:18+00:00,"Now, that's standing up for freedom of speech. Totally agree."
Misbehaved Liberty,2025-04-06 19:53:03+00:00,He’s not wrong but something has to be done about the China connections.
init,2025-04-06 11:36:30+00:00,"Tiktok should be registered as a foreign propaganda agent, and then banned. Not because it will benefit X, but because it's rotting the minds of our people."
Just Me,2025-04-06 12:11:15+00:00,Except it’s nothing but what China deems to be “free speech” FOR the USA???????
Dee Plorable,2025-04-06 12:18:39+00:00,Definitely sounds like a Nazi
Freedom Productions,2025-04-06 12:28:34+00:00,He is right but the reason it's being banned has nothing to do with freedom of speech and expression it has to do with national security concerns.
OpticChrissss,2025-04-06 11:42:26+00:00,They just need to comply with the township rules the US laid down and their fine. Just like what the ChiComms demand of US companies.
Basit,2025-04-06 11:35:20+00:00,Elon is always is right
Don’t care,2025-04-06 13:42:46+00:00,Would be ok if it was American owned.
BehSuFern,2025-04-06 21:38:46+00:00,A stupid Malaysian trying to discuss American issues with his Asian fan base and Elon. FFS stupid app
Gandalf Gandalf,2025-04-07 03:00:18+00:00,It seems legacy media may control the content of TT.  If EM doesn't like legacy then what if TT spouts the same nonsense
Don’t care,2025-04-08 14:35:10+00:00,We also stand for China owning nothing in America
Don Qalyubi,2025-04-06 11:39:45+00:00,"So why trump is deporting students for criticising israel? Elon him self banned his critics during H1-B, elon musk has no values."
40oz,2025-04-06 13:57:11+00:00,"Very narrow view.
There are alot of businesses controlled by china/foreign governments that should be banned or regulated."
chris,2025-04-08 06:33:30+00:00,PLEASE BAN TIKTOK AGAIN PLEASE
Seven,2025-04-08 06:40:44+00:00,why
chris,2025-04-08 06:42:45+00:00,Hate that app
Latrell Phillips,2025-04-08 11:26:40+00:00,Trash ass app
Heavy,2025-04-08 06:37:12+00:00,reels are better like actually
Courtney M,2025-04-08 07:03:27+00:00,Nooo that’s my place of giggles when Twitter becomes too much
unbothered.,2025-04-12 01:24:00+00:00,"@TikTokHelp
 @tiktok_us
 @TikTokSupport
   I have been put on a ban & yet no explanation as to why. I've reported bigots, racists & you state they don't go against guidelines. Now tell me what the violation was b/c this makes no damn sense how u police free speech w/o explanation!"
GC Cooke,2025-04-05 12:07:04+00:00,"The battle for TikTok reaches its final hours.

They must sell by TODAY or lose 170M users to a ban.

Even Trump is offering China tariff cuts as leverage.

Here's what's at stake in this tech showdown:"
GC Cooke,2025-04-05 12:07:23+00:00,"April 5 deadline ends years of legal battles between ByteDance and the US.

At stake? $50B in US operations alone.

Not just an app – it's about who controls the digital future.

The implications go beyond viral dance videos..."
GC Cooke,2025-04-05 12:07:27+00:00,"It began in 2017 when ByteDance bought http://Musical.ly for $1B, creating TikTok.

Concerns arose about Beijing's access to US data under China's laws.

Then things escalated rapidly."
GC Cooke,2025-04-05 12:07:44+00:00,"Trump's Executive Order #13942 demanded ByteDance sell TikTok's US operations.

Biden continued with the PAFACA Act.

Both cited the same concern: security threats from foreign-controlled apps.

The true issues run deeper:"
GC Cooke,2025-04-05 12:08:13+00:00,"Trump now uses tariffs as bargaining chips.

He raised duties on Chinese goods from 20% to 54%, hinting at cuts if China approves a TikTok deal.

A tech dispute has evolved into economic negotiation.

The failure costs are massive:"
GC Cooke,2025-04-05 12:08:16+00:00,"A ban would remove TikTok from app stores.

Existing users could access it temporarily without updates.

The fallout would hit:
• Small businesses losing marketing channels
• Creators seeing incomes vanish
• ByteDance losing billions in revenue"
GC Cooke,2025-04-05 12:08:19+00:00,"The implications stretch beyond one app.

This sets precedent for ""techno-nationalism"" – regulating platforms on geopolitical grounds, not universal standards.

The global internet splits into competing spheres."
GC Cooke,2025-04-05 12:08:22+00:00,"We're seeing a social platform become the focal point of power competition.

The outcome shapes not just video-sharing, but digital sovereignty, free speech, and internet governance.

This marks a turning point in tech history."
GC Cooke,2025-04-05 12:08:25+00:00,"The era of a single, open internet is ending.

A fragmented digital landscape emerges – where security concerns override the borderless nature of technology.

TikTok is just the first major battleground."
GC Cooke,2025-04-05 12:08:28+00:00,"Thanks for reading! - you're awesome!

Follow me 
@GCcookeHQ
 for more.

Like/Repost the quote below if you benefited:"
GC Cooke,2025-04-05 12:08:31+00:00,"A bit more about me!

I'm Graham.

Author, innovator, entrepreneur, and one of the first European employees at Google. I built products with them that generated over $2B+ in revenue.

Currently working on 
@bravaxyz
 for effortless, secure, stablecoin yields, on autopilot."
GC Cooke,2025-04-05 12:08:34+00:00,"Video credits (YouTube):
• Trump Says He Could Extend Sale Deadline for TikTok
• Trump Says TikTok Deal Within Reach | US-China Political Tension | TikTok Sale Deal | N18G
• How the TikTok algorithm works - Explained by the CEO
Images:
• How did TikTok start – from 0 to 100M"
NEVER 51,2025-04-05 12:42:48+00:00,Trump extended the deadline 70 more days
John,2025-04-05 12:35:15+00:00,"@grok
, is this accurate? I thought Trump granted a 75 day extension."
dnyceda1,2025-04-05 13:49:17+00:00,"It was given another 75 day window, until mid-June"
Holistic Revival,2025-04-05 12:11:37+00:00,"Amidst the tech turmoil, let's not forget our mental wellbeing. How do you stay grounded in uncertain times? #mindfulness"
Sparky300,2025-04-05 12:14:28+00:00,Hasn’t he delayed the decision again?
Haylee,2025-04-05 12:16:10+00:00,Trump gave it a 75 day extension….
Abhansh,2025-04-05 12:19:22+00:00,Civilization ends without dance videos.
Blackhat Casper,2025-04-05 12:47:36+00:00,"Battle?

I could solve this on day 1."
,2025-04-05 14:03:24+00:00,xi jinping rn
Re : y,2025-04-05 15:26:23+00:00,170M users hanging in the balance?  Sounds like my Friday night trying to decide on pizza toppings.
Ken Lovegrove,2025-04-05 18:17:20+00:00,Question - can / will the internet ever be decentralized?
Nick Yus,2025-04-06 01:29:37+00:00,No they don't need to sell it. Tik Tok is worth USD300 billion and growing. So there's no need to bend the knee to the bullies.
Willie-B,2025-04-06 03:14:02+00:00,Hypocritical of the US....SA stand your ground...
Gl1tch,2025-04-05 12:27:38+00:00,Trump extended it another 75 days.
Nicola Tesla,2025-04-14 05:03:39+00:00,Has anyone Compared the 'Spy Kids' nemesis Tik Tok to current events?
theya,2025-04-12 23:12:45+00:00,Dear TikTok peeps and creators ni Kaisha ! Can you please ban this stupid idiot and ban nyo na din yung mga names yung mga always nacocompare kay girlypop!
eli,2025-04-13 01:54:53+00:00,"Hi, HOME DEARS are asking if comments ba to or it was directly sent to K."
theya,2025-04-13 02:51:29+00:00,he always commenting sa contents ni  pero puro shade kay f all the time :)
カイシャが大好きです,2025-04-13 04:58:20+00:00,"Naku lagi ko yan nakikita kung saan c kai na videos dun din xia,parang asong ulol"
Erasmus,2025-04-13 02:07:51+00:00,Hello we would like to know if direct comment po ba ito? TIA po
,2025-04-12 23:14:17+00:00,Parang Tanga yan d mo alam kung sino tlga idol Nyan
Erasmus,2025-04-13 01:32:19+00:00,Noted on this
iamkatzki2,2025-04-13 08:04:35+00:00,Cnu yan mukang mabaho hahhaha
Faneyney,2025-04-13 01:27:54+00:00,Nagpapanggap yan na fan ni fyang pero binabash niya rin nman c fyang
JC Pancho,2025-04-13 02:02:02+00:00,lagi ko to nakikita sa comment secs basher to ng big4 akala mo tlaga kagwapohan muka nman basahan!!!
orphyskitten,2025-04-13 17:15:33+00:00,"I'll ban hullabaloo on idv
I'll ban hullabaloo on tiktok 
I'll ban hullabaloo on youtube
I'll ban hullabaloo on spotify
I'll ban hullabaloo on Instagram 
I'll ban hullabaloo on snapchat
I'll ban hullabaloo on evil spotify
I'll ban hullabaloo on soundcloud #idvtwt"
orphyskitten,2025-04-13 17:16:56+00:00,"I'll ban hullabaloo on twitter
I'll ban hullabaloo on cookie run kingdom
I'll ban hullabaloo on pintrest 
I'll ban hullabaloo on capcut 
I'll ban hullabaloo on reddit
I'll ban hullabaloo on ao3
I'll ban hullabaloo on wattpad
I'll ban hullabaloo on twitch"
Robert Potter,2025-04-11 07:30:05+00:00,Now that the TikTok ban is back on the agenda it's worth taking a look back at our research. We were right about this years ago.
Andrew J Phelan,2025-04-12 07:53:12+00:00,"Yes you were and the complete lack of action on #TikTok and other sovereignty risks, Temu, Shein, WeChat and Rednote is negligent"
Joel Cardwell,2025-04-11 10:52:33+00:00,
Bbasroom,2025-04-13 04:37:51+00:00,"รอนะจ๊ะ รอมาแดนซ์จริงๆจังๆ ให้ดูอยู่นะจ๊ะ 
เด็กพาทำไร พี่ก็ทำหมด ก็คนมันรักอะเนาะ

TikTok :  _sasar_o
 https://vt.tiktok.com/ZSr9JCsAP/

#สวัสดีปี๋ใหม่เมืองบาสเด็กอ้วน
#HappySongkranWithMaxky
#บาสเด็กอ้วนที่แท้จริง #maxky_rp
#แม็กกี้บาส #maxkybas #6CODE"
G,2025-04-11 23:51:39+00:00,"espero que o rgamer leve ban no tiktok, não aguento mais ouvir aquele gajo"
avery!,2025-04-13 23:47:58+00:00,just saw a john x bucky edit on my fyp??
LILYAAAAAA!!*,2025-04-14 01:52:52+00:00,BAN TIKTOK
avery!,2025-04-14 01:57:47+00:00,no literally
Mario Zelaya,2025-04-09 02:24:52+00:00,"Insane. I made a video how CBC & the media isn’t properly covering China’s election interference & provided Sam Coopers article, including CSIS reports. 

Video gets taken down from TikTok & I get another strike. Another step closer to a ban."
Marc Nixon,2025-04-09 02:32:09+00:00,"Dude, I’m basically not even posting much on TikTok for this exact reason everything I publish is in question. It’s unbelievable."
Silvia Pencak,2025-04-09 12:23:41+00:00,TikTok is Chinese site.
Chansoo Byeon,2025-04-10 15:21:14+00:00,"Canadian government (Liberal) is censoring people just like Democrats in the USA 

they can GFY"
John M,2025-04-09 15:15:25+00:00,Post something positive about the liberals but make it clear its somehow its a test. See if the same thing happens. Maybe just swap names. PP/Carney.
TheBetaDisease,2025-04-09 02:29:33+00:00,They are obviously watching everything you post.  The LIBERALS probably told them to take anything down that might expose their corruption.
Andrei Țuculescu,2025-04-09 02:33:15+00:00,"I mean, do you really think the CCP would let you expose them on their own platform?"
Bryce Wade,2025-04-09 03:39:37+00:00,You're on an app literally controlled by the CCP bro.
Carl Winslow,2025-04-09 10:01:41+00:00,Funny China is explaining to you about election integrity
Michael,2025-04-09 02:31:16+00:00,"Life in Carney's Canada, folks"
Dean Eh,2025-04-09 02:27:09+00:00,"Our Almighty powerful government doing their part.
Facts don’t matter"
Jon Fraser,2025-04-10 16:54:04+00:00,"Perhaps you should stop posting anti-China material on a Chinese owned platform. There's lots of other battles, but that one is un-winable"
Suspicious_Canuck,2025-04-09 02:41:51+00:00,Wow!  Maybe TikTok has to go.  This is getting ridiculous.
Dale Edward Netley,2025-04-09 02:42:44+00:00,TikTok now stands accused of being the Twitter of old under Parag Agrawal. Oh the irony.
John Dyer,2025-04-09 14:32:06+00:00,"and in true Chinese form, they project the very crime onto you that they're committing. The lack of creativity is as hilarious as it is ridiculous."
Western Canada is Best Canada,2025-04-09 02:48:21+00:00,It's a Chinese platform.  What do you expect?
The Traveler,2025-04-09 02:26:15+00:00,Freedom of expression? Is it a matter in this election?
Dennis 0,2025-04-09 03:46:46+00:00,China!
Joey G,2025-04-09 15:42:06+00:00,Next youll be charged with mischief.
Zlatan,2025-04-09 16:26:27+00:00,You have to move to another platform it the Chinese controlled TikTok
WhiteLight,2025-04-09 21:45:09+00:00,The propaganda wheel is real
IndustryHorizons,2025-04-10 02:23:51+00:00,"Censorship was eradicated on Twitter when it became X.  

Like all energy in the universe, when its host dies, it finds new place to inhabit.  

We call that TikTok."
DMTempleOfBitcoin,2025-04-09 04:12:49+00:00,"That's fucking crazy

Hence why I only post cat videos on Tok  

But really tho.  That's shouldn't have been flagged. Maybe you can have it reinstated.

Fucked up!"
Shawn,2025-04-09 15:52:11+00:00,It’s pathetic. I share everything you make!
Marek Zyskowski,2025-04-10 18:16:30+00:00,China helping the Liberals?
Ibellatina,2025-04-09 12:39:13+00:00,Wowww these people don’t like truth
Steven K,2025-04-09 13:39:33+00:00,If it was pro Liberal the algorithm would have boosted it...
Crypto Bobby,2025-04-09 14:03:27+00:00,Did you save it? Rerun it elsewhere here. TikTok has eyes.
mikestx,2025-04-09 23:20:24+00:00,"Canada is communist brother.  If you think PP wins your delusional.  Even if 40m canadians vote PP the libz will still somehow win. 

(I hope I'm wrong)"
Roo,2025-04-10 11:20:54+00:00,Your making daddy Xi angry
Anti Cookie Monster,2025-04-10 14:50:26+00:00,Tiktok is a Chinese app. Do you really think they will let you talk about that on there. Come on man.
green lantern,2025-04-10 16:49:21+00:00,post it here. What about Facebook?
Jay Roberge,2025-04-11 01:09:51+00:00,That alone should be considered Chinese interference.
Leeann MacPherson,2025-04-11 02:05:54+00:00,Wow
I just can’t anymore.,2025-04-09 02:31:43+00:00,TikTok is compromised. X is the only platform left.
a306inthe780&,2025-04-09 03:49:11+00:00,Seems like TikTok is doing its own election interference
Rick L. Self-Employed IT/Network Infrastructure,2025-04-09 08:21:04+00:00,"Get off tiktok. It's Chinese virus invested software, I wouldn't even let that shit in my house."
Farhan Khan,2025-04-09 10:26:30+00:00,"You know when movies say they are “based on a true story”, but it’s just the name of the person and like one or two facts and the rest is wild and made up?

Those are your takes on issues.

80% of your posts should be flagged."
kris meloche,2025-04-09 13:07:49+00:00,No one deserves it more
Steve Syrett,2025-04-09 13:16:25+00:00,The Liberals LOOOOVVVE censorship!
RobMarles,2025-04-09 14:17:48+00:00,This is absolutely dictatorship third world
Derek,2025-04-10 16:51:05+00:00,"I got banned on reddit for making the reasonable and tested argument that calling people traitors and nazis in an amplifiable forum is incitement to violence and stochastic, as its the desired result. Permanent ban, 1st strike. The left is enabling violence and removing critics."
Liberal boomer voting Conservative,2025-04-09 02:36:16+00:00,Can I post it for you on my dog's account on tiktok?
JJ,2025-04-09 02:38:06+00:00,Remember who the owner are of TikTok
Cosmic-books,2025-04-09 02:40:29+00:00,"So by pointing out election integrity problems you get hit with an election integrity violation. 
round and around we go."
ViceMAN,2025-04-09 02:47:53+00:00,"Appericate everything you do Mario, you have enlightened alot of people."
Epaminondas Verdovale,2025-04-09 03:04:14+00:00,Welcome to the normal
ɦʊȶȶɛʀ𐤊,2025-04-09 03:11:49+00:00,Funny how tiktok is Chinese owned too
BurakkuJon,2025-04-09 03:12:07+00:00,And you can't appeal?
Iam4,2025-04-09 09:00:13+00:00,Tik tok insta and fb can’t be trusted. Commie apps
Beaver Media,2025-04-09 12:07:26+00:00,Post it here. You're doing great work.
Kate,2025-04-09 06:06:38+00:00,Appalling.
Lorelei Maki,2025-04-09 12:42:16+00:00,This is ridiculous...They don't like the TRUTH
Shpaniel Lugman,2025-04-09 12:43:29+00:00,Tiktok is over. They have become to political
Chris George,2025-04-09 12:44:15+00:00,Toc tic is Chinese
BattleAxe,2025-04-09 13:38:20+00:00,Time for a Smurf account
Cynthia,2025-04-09 14:08:12+00:00,Tic tok is a corrupt app…here is some evidence
Cheeky Realty,2025-04-09 14:13:40+00:00,Censorship
Robin de Villiers,2025-04-09 14:14:57+00:00,un fkg believable
Martine Kerr,2025-04-09 15:18:20+00:00,Well we know who own TikTok right?
Lilley,2025-04-09 15:22:40+00:00,"TikTok has another 70ish days if it doesn’t get bought by another American company, the ban will go through in the US"
PR,2025-04-09 02:32:19+00:00,Smh this is fucking ridiculous
Sepal,2025-04-09 02:33:53+00:00,clearly biased. conservatives are gaining but they show the chart about most liked pm where carney leads and totally avoid the fact pierre is gaining. so lame. but the people will speak and decide despite the biased press.  and we are voting blue
Just The Facts,2025-04-09 02:34:08+00:00,Are you surprised? We have been dealing with this bullshit for 10 years.  That being said. The kids need to hear you …
T Brandon,2025-04-09 02:43:31+00:00,"You gotta know the truth ain’t allowed, ever… keep trying, we will punch through"
curtis,2025-04-09 02:47:46+00:00,"Ha, the Chinese don't like you exposing the Chinese"
Kathy Canuck,2025-04-09 05:55:04+00:00,Both India and the US are also interfering...
Brady.M Harris,2025-04-09 10:54:42+00:00,"You do know where TikTok comes from right? And you're surprised??
Seems par for the course, but does stand to prove your point."
Parsa,2025-04-09 10:59:36+00:00,Chinese are fighting you
kindlyangry,2025-04-09 12:08:37+00:00,"TikTok is Chinese sooooo......when US said we should ban tiktok, they had a point!"
Libby,2025-04-09 13:09:32+00:00,Tik Tok is owned by China.
thatsallfolks,2025-04-09 16:02:26+00:00,"It's tik tok 
Do not engage !"
Mark Lundy,2025-04-09 16:07:58+00:00,Keep posting the truth.
Cathy McIntyre,2025-04-09 16:19:31+00:00,so much for freedom of speech!!
Eric Boles,2025-04-09 16:46:41+00:00,And who owns Tiktok?
Lin. Pierre for PM,2025-04-09 17:03:03+00:00,"I
That is a Chinese owned company makes sense they wouldn’t want you speaking the truth."
Adrian,2025-04-09 17:21:57+00:00,they have zero integrity
Canadian_Bella,2025-04-09 20:24:04+00:00,Time to permanently move over to X..TikTok is censored badly and you seem to be on there radar
JoeFrazier900,2025-04-09 20:32:18+00:00,That’s insane
twistedZEKE,2025-04-09 21:18:01+00:00,Liberal SCUM!
NextTime,2025-04-09 22:01:08+00:00,"That's because its against Carney and TT is a Chinese owned company. 
China wants Con man to win."
#iSeeKChRts,2025-04-09 14:13:15+00:00,China!
Jasper,2025-04-09 14:15:10+00:00,"Wow, 
@mario4thenorth
 they will go to no end to suppress the truth!"
Avenja,2025-04-09 14:38:25+00:00,"This is exactly how Liberals get their information by restricting conservative points and anything negative with liberals and the liberal voters always say ""pIeRrE dOeSnT hAvE a PlAn"""
Big bord,2025-04-09 14:56:44+00:00,Another example of how China is meddling in this election.
Tony,2025-04-09 15:10:26+00:00,"It’s fucking disgusting, where we are at. People need to wake up to the fact we are losing our freedoms of speech. Too many delusional people still can’t see that"
𝕮𝖆𝖓𝖆𝖉𝖎𝖆𝖓 𝕹𝖊𝖊𝖈𝖍𝖎𝖊,2025-04-09 15:22:49+00:00,"That's asinine.
Tell the truth - get banned?
You're hitting a big nerve IMHO."
Ausares* ➤ Louise UWACU,2025-04-09 16:18:30+00:00,What a shock ... china is censoring FREE Speech ... .. what did you expect ? ... #Imana
CR,2025-04-09 18:51:52+00:00,"Not surprising as TikTok is controlled by the CPC communist dictatorship.

Try posting something about the Tiananmen Square Massacre and it will probably be taken down too"
Jeremy Bannock,2025-04-09 19:15:29+00:00,"You’re over the mark man, supreme leader doesn’t like that much truth"
Harald Pierce,2025-04-09 19:42:38+00:00,BS walks! or gets tossed out on it's ear.
Ian Brown,2025-04-10 06:17:17+00:00,Mario let  Joe Rogan know about this.
Unacceptable Nuck,2025-04-10 10:50:07+00:00,"LOL
Slandering the owner of the platform will make that happen to you"
Brenda Clarke,2025-04-10 15:46:06+00:00,Liar
Kirk,2025-04-10 16:52:36+00:00,In Europe you’d be arrested
Jade EdBlue collar Conservative-yes we do exist,2025-04-09 03:48:48+00:00,"Bearing in mind that Tik Tok is Chinese owned and they’re enforcing Violation Civic and Election Integrity you might be interested in this - it’s  public  record,  worth the read 

https://elections.ca/content2.aspx?dir=soc%2Fltrs%2Fltr_pgs&document=lt-int-tkt&lang=e&section=sec…"
ABCco,2025-04-09 08:47:25+00:00,"The progressives will kill free and true speech for their propaganda purposes. I’m not saying this is 
@MarkJCarney
 but it definitely is his lunatic followers"
Chey,2025-04-09 16:42:09+00:00,"Keep up the good work, Mario"
Sam Meilach,2025-04-09 13:12:13+00:00,Tik tok being Chinese doesn't like you're talking bad about the Chinese
Idris,2025-04-09 05:20:13+00:00,We must mass report all liberal videos then because they keep posting them without any consequences
Kaleb Zen,2025-04-09 20:27:28+00:00,This is why Trump wants to ban it.
Boone,2025-04-09 20:42:22+00:00,Stop spreading fake news I guess.
Michael on X,2025-04-09 21:11:01+00:00,"Between the censorship on platforms,  the lying bought and paid for MSM, foreign election interference, and bullshit polls it's daunting."
Sal Calorendi,2025-04-10 01:29:03+00:00,Is China trying to shut you down lol.  Tiktok sucks anyways!
Yutaka,2025-04-10 06:05:16+00:00,"War is peace.
Freedom is slavery.
Ignorance is strength."
Forsaken wind,2025-04-10 14:31:37+00:00,Sad. Can report the truth. We thank you for exposing all the info.
Taraleigh Scott,2025-04-10 15:32:08+00:00,I’m starting to really hate people and our country. What normal country can we move to if the Liberals cheat their way into power again??? My only hope is the U.S. rushes in and takes over if the Libs win the election. Unfortunately he’s only in power for 4 years. Then what?
J T,2025-04-10 15:41:24+00:00,"more evidence that 
@tiktok_us
 is a CCP controlled company. 
@liberal_party
 benefit from this as per usual. 
@x
 is the only place to get anything close to the truth"
DPG,2025-04-10 17:47:01+00:00,"dont bother with 
@tiktok
 

the staff there is worse than 
@X
 

its completely run by pedophile supporters and woke rainbow headed 12 gender jokes."
Alex Mackenzie,2025-04-09 03:07:32+00:00,Seems like you get banned and blocked a lot…wonder what the common factor is. Awkward.
swampdonkey,2025-04-09 04:32:31+00:00,Shut up you fucking pigeon
AHF,2025-04-09 05:06:16+00:00,"Lead your followers on TT to your videos on YouTube and X. Don’t allow them to win by getting your videos reported on TT all the time. Keep up the great work. Cheers, MZ"
Weevil,2025-04-09 05:21:47+00:00,Once you consider Carney is either an agent of the CCP or working directly with them—and the fact that TikTok is still owned by China-based ByteDance—it all makes sense why they keep hitting your account. Be careful Mario — we're dealing with dangerous people.
Idris,2025-04-09 05:42:22+00:00,Guys - report liberal videos by : misinformation > election interference
Equalizer,2025-04-09 07:08:44+00:00,Tic tok is owned by China. You're surprised? I'm more surprised at how much social media and media protect pedophiles and speaking about law reform gets you earned and banned. It's telling how the protection of pedos over children is the focal point.
John from the 403,2025-04-09 12:40:19+00:00,You are messing with CHINA… don’t make this about anything to do with the liberals
jessica simpson,2025-04-09 13:57:16+00:00,"What? The CBC doesn't take it's marching orders from the likes of you? Shocked Pikachu face!  You know, it's pretty bad when even tik tok says you lack integrity. LMAO."
Youthis,2025-04-09 14:58:15+00:00,One narrative to fits all.. Chinada is about to happen...
LSMTree,2025-04-09 18:40:55+00:00,Why did you build your audience on a Chinese platform. Are you retarded?
MaJorDan,2025-04-09 22:57:38+00:00,How dare you address election integrity like you care about it. Only the guidelines can fake care by censoring you're real caring. lol
Colin Lohrer,2025-04-10 01:16:14+00:00,Funny how they will allow all the liberal propaganda though.  Remind me which country TikTok is owned in.
Julio Arrechea,2025-04-10 01:36:54+00:00,Welcome to communist Canada!! There is no Freedom of speech here! With Carney in power China rules!!
NorthernTouch,2025-04-10 02:59:46+00:00,How long does it stay up before they remove it? All of this crap is election interference of the highest magnitude! How can no Conservatives with deeeeep pockets not step up?????? We need a MUSK! Well Musk is actually holding a CND passport!!!
Political Circus,2025-04-10 05:17:41+00:00,Chinese masters don't like your content bro
Barb Hoffman,2025-04-10 12:16:01+00:00,How much of our tax dollars are going to wards paying for the liberal ban on anything that exposes them ?
himedanshi harry du bois,2025-04-09 17:33:43+00:00,love that he's doing the same thing with the tariffs he did with the tiktok ban. Love that this is just how everything is now i guess?
himedanshi harry du bois,2025-04-09 17:35:01+00:00,Creates a problem for long enough that people freak out and then solves the problem that would not exist without him so he looks like the good guy. yeah man. whatever
ErikDPrince,2025-04-08 19:29:20+00:00,"Off Leash update 8 April 2025

COMING UP THIS WEEK
•Qatar is set to mediate DRC-M23 peace talks starting tomorrow - if neither side walks away before then.
•U.S. inflation data for March will be published on Thursday. Economists expect slow price growth for March, but"
ErikDPrince,2025-04-08 19:30:59+00:00,"CHINA
•TikTok won another 75-day reprieve to sell its U.S. operations to a non-Chinese owner or face a ban. Pres. Trump seemed to link the app's sale to tariffs by saying he still hopes to find a middle ground on TikTok with Chinese leaders ""who I understand are not very happy about our Reciprocal Tariffs.""
•Pres. Trump threatened to slap an additional 50% tariff on China if it doesn't revoke the levies it announced in retaliation to Trump's new additional 34% tariff on Chinese imports to the U.S.
•China defiantly said it would ""fight to the end"" on tariffs, so we can expect more countermeasures.
•Two state-linked Chinese bloggers posted an identical list of escalating countermeasures Beijing is mulling in response to U.S. tariffs. The wide-ranging ideas include: suspending cooperation with the U.S. on curbing the fentanyl trade, ""significantly"" raising tariffs on top U.S. agricultural imports like soybeans and sorghum, and banning or restricting other economically or symbolically important U.S. imports (e.g. poultry, services, films).

AFGHANISTAN
•There are unconfirmed reports that Afghanistan's Taliban government has handed control of Bagram Air Base back to the U.S., which wants to retrieve equipment it abandoned there during its hasty withdrawal in 2021.
•Pres. Trump has expressed an interest in keeping Bagram and using it - and its massive runway - as a logistical hub for future operations to counter Chinese influence in the region. [Trump previously claimed that China controls Bagram but the Taliban vehemently denied that claim and insists it maintains full control of the base.]

GAZA
•After new video seemed to corroborate the UN's claim that Israeli troops killed well-identified emergency responders, Israel conceded that its initial version of events - that the slain medics approached troops suspiciously without emergency lights - was ""mistaken.""
•Israel still denies that the slain medics were shot at close range. Autopsy reports assessed that they were shot in the upper body with ""intent to kill."" Israel's critics and allies alike are calling for more investigation.
•Separately, France's Pres. Macron is in Egypt for two days of talks on regional conflicts. Macron's visit is unlikely to lead to any breakthroughs; rather, he hopes to lay the groundwork for a June conference he'll co-host in Saudi Arabia on ""the implementation of a two-state solution"" (an idea Israel adamantly rejects).

YEMEN
•Yemen's enfeebled government is reportedly preparing a new offensive to retake Hodeidah from Houthi rebels, who captured it in 2014.
•The U.S. has carried out airstrikes on the Houthis every day since March 15, and some analysts believe the relentless pummeling has thinned out senior Houthi ranks - though the Houthis deny suffering significant losses.

SYRIA
•The Organization for the Prohibition of Chemical Weapons (OPCW) estimates that Syria may still have over 100 sites storing chemical weapons like sarin and chlorine gas. That's far more than the deposed Assad regime ever acknowledged having.
•OPCW is worried about the security of the remaining sites and wants the new government's permission to assess them.

COLOMBIA
•The Comuneros del Sur (Commoners of the South) armed group signed two peace agreements with the Colombian government over the weekend and handed over a wide range of weapons - including land mines and firearms - to the military to destroy.
•The Comuneros del Sur splintered from the leftist National Liberation Army (ELN) in May 2024. The ELN is still fighting against the government.

VENEZUELA
•Pres. Maduro's Vice President, Delcy Rodriguez, creatively claimed on state television that U.S. SecState Rubio, Venezuelan opposition leader Maria Corina Machado, and American business leaders are planning a false flag ""attack"" on an ExxonMobil platform offshore Guyana (in the offshore territory Venezuela also claims and calls Essequeibo) to justify invading Venezuela.
2/"
AnaLegal,2025-04-09 10:42:32+00:00,"Erik, Maduro NO es Presidente. Es un dictador usurpando el poder. Por lo menos usa los términos correctos."
Out For Delivery,2025-04-08 19:32:31+00:00,Amway
chan,2025-04-13 18:16:07+00:00,Can they please ban TikTok forever ???!! I fucking hate that app.
cruise,2025-04-13 22:18:44+00:00,people are so weird for no reason
chan,2025-04-13 22:19:13+00:00,Right! This is disgusting clickbait.
HOT STOCK NEWS,2025-04-11 19:27:49+00:00,"NASDAQ: $ILLR PR Alert's, Stay Tuned

 Held at President Donald J. Trump’s private residence
 Timed as U.S. announces 104% tariffs on China and TikTok ban looms

$MSPR $BON $PRTG $THTX $CBLL $RXRX $ITRG $UAMY $ORLA $AU $AVTE $JNVR $MMA $BGLC $AXP $BK $HNRG"
Effectively Immediately,2025-04-14 09:24:06+00:00,Is now they’ll ban tiktok in Amerikkka  China spilling all the tea
Mrs. Pinard,2025-04-14 10:53:47+00:00,China didn't come to play nuh
Effectively Immediately,2025-04-14 13:24:54+00:00,I love their pettiness
Mrs. Pinard,2025-04-14 14:08:51+00:00,All I know is Shein shoppers need to start looking for a back up  kai pool kwazay.
Bonchie,2025-04-11 13:11:35+00:00,"China just admitted to hacking our infrastructure, and we still haven't banned TikTok despite the law requiring it. 

Just pull the trigger. There is no valid reason to keep it up."
Georgia Log Cabin,2025-04-12 13:45:07+00:00,Should Trump enforce the TikTok Chinese spy app ban passed by Congress & signed by Biden?
J★ZO | #AQUADOLL ✧,2025-04-08 02:49:33+00:00,Can they ban TikTok already
─ ⊹ ⊱ di ⊰ ⊹ ─,2025-04-08 04:19:02+00:00,No wait my sweet treat recipes
J★ZO | #AQUADOLL ✧,2025-04-08 04:32:12+00:00,Omg hai oomf wyb
J★ZO | #AQUADOLL ✧,2025-04-08 05:15:14+00:00,GIRL DAMN
✟ M0RTAL ✟ (moving in progress‍),2025-04-08 04:29:54+00:00,Hn
✟ M0RTAL ✟ (moving in progress‍),2025-04-08 04:29:58+00:00,HELL no
✟ M0RTAL ✟ (moving in progress‍),2025-04-08 04:30:00+00:00,No
✟ M0RTAL ✟ (moving in progress‍),2025-04-08 04:30:03+00:00,Nah
✟ M0RTAL ✟ (moving in progress‍),2025-04-08 04:30:08+00:00,F*****
mda,2025-04-13 12:44:40+00:00,"my entrepreneur journey started at 9

but the digital journey started at 20

i made affiliate marketing of Andrew Tate

then i made $3k-10m+ views and get into dropshipping at 21"
mda,2025-04-13 12:44:41+00:00,"i choose to go organic and get an iphone then started posting, i was selling a bracelet and boom got viral cause videos too good

cause i already know how to make viral videos

then i made 100k with this videos then started to scale and going with paid ads too

but here is the"
mda,2025-04-13 12:44:42+00:00,"wise got banned me and they blame me with money laundering 

all my money and all the motivation gone 

my friend, co founder blame me for the ban and thing

i got mad and fucked the whole site and tiktok accounts in one night"
mda,2025-04-13 12:44:43+00:00,"then i got into startups 

i always dreamt about it that is why i did all ecom thing 

cause of capital and resources"
mda,2025-04-13 12:44:44+00:00,"i chased VC in my 22nd year and they fucked me out

i started go solo and create my own luck and capital"
a bird on a wire,2025-04-13 13:54:17+00:00,bursted out laughing
amar,2025-04-13 14:11:22+00:00,ban tiktok again ngl
unbothered.,2025-04-12 01:22:40+00:00,"TikTok, stop playing w/ me. I have been put on a ban & yet no explanation as to why. I've reported bigots, racists & you state they don't go against guidelines. Now tell me what the violation was b/c this makes no damn sense how u police free speech w/o explanation!"
2ndhandmemes,2025-04-09 21:12:05+00:00,"Trump slapped another tariff on China, calling it 'the art of the deal.' Now Xi’s so mad he’s threatening to ban TikTok dances at Mar-a-Lago. Trade war’s about to get spicy!"
𝚂𝙰𝙿𝙿𝙷𝙸𝚁𝙴𝙴 𝕏,2025-04-10 09:25:12+00:00,When is this tariff saga gonna end?
2ndhandmemes,2025-04-10 13:51:48+00:00,I have no idea
𝚂𝙰𝙿𝙿𝙷𝙸𝚁𝙴𝙴 𝕏,2025-04-10 09:24:38+00:00,Next up: TikTok dance-offs for trade deals. Can’t wait to see the negotiations go down!
brandon wenerd,2025-04-13 02:03:35+00:00,trump is going to ban the shit out of TikTok this week.
Sunshine Sunnybunz,2025-04-13 05:32:10+00:00,"My 
@tiktok_us
 has been under review since January. My bannable offense was saying, “Yay” on a cbs video about deportation. Other accounts were banned for hate speech because they featured President Trump talking about illegals. One video that I posted was the POTUS and FLOTUS dancing, it was classified as sexual in nature, it was never reviewed."
newell,2025-04-13 06:10:00+00:00,"REACH OUT TO 
@Asset_SolutionQ
 FOR ASSISTANCE WITH RECOVERY SUPPORT."
Shopaholic_bpn,2025-04-13 06:18:27+00:00,"I sale cars every day to get food on the table but my business account was banned fortunately for me 
@AUXTOOL
 got on it he made sure it got back to stability"
lauren,2025-04-13 06:20:12+00:00,"TikTok support system can be disappointing sometimes, I got hacked a week ago and tried reaching out to them but they never answered until I came across 
@auxtool
 here on X who restored back my account"
Reema,2025-04-13 06:20:41+00:00,"I had this happen twice to me. It's crazy because it doesn't seem like there is any looking into this and it’s automated. I was just watching a stream one day and they banned my account. But thanks to 
@auxtool
 on instagram who helped me unban my account for"
Rahmayani Sitorus,2025-04-13 06:21:32+00:00,"I was having hard times trying to retrieve back my account that was banned and I wasn't getting a position until I was privileged to know about 
@auxtool
 on here who got it fixed up perfectly. I confidently recommend his page."
ConservativeAnt,2025-04-08 12:26:07+00:00,"This song hit hard after my 
@tiktok_us
 ban! 
@IAMTOMMACDONALD
 Love ya brother!"
Heatherheather007,2025-04-08 12:40:40+00:00,They can’t cancel all of us
PragerU,2025-04-08 16:48:21+00:00,
Xcalibur,2025-04-08 12:49:07+00:00,"TikTok is a communist cesspool, but I’m sorry you were deplatformed. 

Love your videos, man! 

Keep going!"
⃤⃝- Will is back,2025-04-08 12:30:56+00:00,"Exactly, ya can’t cancel all of us… 

We got your back Brotha!!!"
The Oregon Patriot,2025-04-08 12:31:52+00:00,Absolute BS brother. The only reason I was able to ever find you was from TikTok. I’m glad that I found you again here on X. Some things you just meant to me and I hope you thrive here.
Luxurious Riley-Kay | North Carolina,2025-04-08 14:26:04+00:00,I love this song and you are in the video among many other patriots! Makes it even greater and better!
Dee Kirby,2025-04-08 16:32:06+00:00,"We love you!! 
@elonmusk
 Can X make something like tiktok only better?  We need a free speech version of tiktok.  What team members do you have that can work on that?"
KingSchreck,2025-04-08 12:29:11+00:00,Bro I love Tom. It was awesome to see you in his video. Keep your head up dude.
Tammy,2025-04-08 12:59:49+00:00,Loved seeing you in that video btw!
Luckie McDonald,2025-04-08 12:32:23+00:00,Love ya Ant
Sweet Charity,2025-04-08 13:05:21+00:00,I still can’t believe this happened to YOU
ThunderBlessing,2025-04-08 21:11:15+00:00,"Keep the videos coming on X, Ant. Tom is right; you can not cancel all of us. Your voice matters. Shout your messages from the roof tops, whatever it takes. 

You are not alone. 77M patriots stand with you."
FloridaGurlVet,2025-04-08 12:45:30+00:00,Seeing these kind of vibes . Well done!
feistysquidchick,2025-04-08 12:29:43+00:00,"Plus, you're in his video!! That's awesome!!"
Small Town Chick,2025-04-08 12:43:42+00:00,"Love 
@IAMTOMMACDONALD
 

They can't cancel all of us!!"
Angela,2025-04-08 13:32:33+00:00,You have us….and we aren’t going anywhere!
Liz .G.,2025-04-08 16:43:41+00:00,I don't use tik tolk but I'm sorry they did this to you.  Perhaps they should be banned.  Pushing communism and islamisists.
Red_StateRebel,2025-04-08 12:39:18+00:00,Did they actually ban you? They wiped my account out last summer.  It was so frustrating. I’m still pissed off.  I was making decent money.
DJC,2025-04-08 12:58:26+00:00,"FK yeah, they can’t cancel all of us"
Lily,2025-04-09 00:15:53+00:00,For Real!!! If you’re being banned it’s because you’re speaking the truth F. Em!
sherry_d,2025-04-08 12:37:58+00:00,Im so sorry that happen Ant! Keep fighting the good fight! Never give up!
Laura,2025-04-08 12:44:52+00:00,good morning . Have a blessed day!!
Jayma,2025-04-08 13:53:59+00:00,His songs are always on point!
Sharon K,2025-04-08 15:52:58+00:00,We love you Ant…
marie1999,2025-04-08 17:23:33+00:00,"Tik Tok will have new owners soon, 
Be patient."
TJLavey,2025-04-08 23:16:23+00:00,I love you so much!!!! Keep going!!! Never stop!!!! I will never cancel you!!!!!
Lane Meyer 126,2025-04-08 12:28:09+00:00,
Kyle Scott,2025-04-08 15:02:18+00:00,"Love you , brother. Keep at it. It’ll work out."
Joshua Oliveri,2025-04-08 12:45:03+00:00,"Fight on, 
@conservativ3ant"
Libertarian Patriot,2025-04-08 14:52:01+00:00,"We love you, Ant!!!!  F*** TikTok!"
Mon,2025-04-08 23:23:13+00:00,It’s so ridiculous. Hopefully you get the same traction here. I appreciate you
bunnywise,2025-04-08 12:40:51+00:00,good morning sweetie  just love you
Autumn,2025-04-08 12:42:58+00:00,Love you!!!
Chatty,2025-04-08 12:52:16+00:00,Awesome song!! Sorry you got cancelled
Traci Cutler,2025-04-08 13:58:42+00:00,love you!
Jeanette Bryant,2025-04-08 16:53:20+00:00,We love you on X.
Bren,2025-04-08 17:02:55+00:00,They're out to get conservatives.
BillieCotter,2025-04-08 17:51:57+00:00,Great cameo!
HellenicBLUEme TRUMPETTE MAGA NO TXT OR DM,2025-04-08 20:51:58+00:00,youre a hero we loveeeeeeee you
Patrice,2025-04-08 12:59:31+00:00,"I’ve seen the most vicious, hateful content on tic tok from the left, never get removed or banned. Make a comment back… it gets removed. Something isn’t right at tic tok. Conservatives being silenced."
BlueStarsMoons,2025-04-08 13:47:03+00:00,Late generation X and milenials totally get this  and some of the new folks
shell belle,2025-04-08 16:21:00+00:00,I love Tom...
Truth Nomad,2025-04-08 22:39:56+00:00,We love you so much Ant! Love Tom MacD too!
MicroGlimpseTV,2025-04-09 00:27:51+00:00,
mountaingrlga,2025-04-09 11:43:23+00:00,love you both!!
thetacotwins,2025-04-09 15:49:32+00:00,Ant LOVE the vibe in this video- we feel the same
Southern Bell,2025-04-08 12:49:48+00:00,Thank you!  Just went and bought the single!
Justin Fiedler,2025-04-08 13:18:42+00:00,Cheers
Tanya De La Paz,2025-04-08 13:34:35+00:00,Good morning Ant! Have a wonderful day brother.
bobothecreepyclown,2025-04-08 14:05:58+00:00,"Mornin Patriot! Ban 
@tiktok_us
!!!!!"
Darken Duchess,2025-04-08 14:16:56+00:00,Its a great morning jam! Along with the Wild Ones Album
Domestic Terrorist Grandma,2025-04-08 14:55:47+00:00,"You are loved by so many over here on X, Ant! Never give up!!! <3"
Mrs. Bartender,2025-04-08 15:12:28+00:00,"Anthony, you're too good for that trashy commie tt."
Yolanda H.,2025-04-08 15:51:10+00:00,
America1st,2025-04-08 15:51:22+00:00,
marie1999,2025-04-08 17:22:20+00:00,Sorry Ant. I wonder why?
Felix Forbis,2025-04-08 18:59:24+00:00,It’s a great song!
Ebyj80,2025-04-08 19:08:52+00:00,THANK YOU...FOR ALL YOU HAVE DONE! I'm grateful for you.
Donna Thompson,2025-04-08 19:15:03+00:00,Hang in there Ant!!!
Dianna F Williams,2025-04-08 21:19:39+00:00,LOVE TOM and LOVED seeing you in the video!!!
Tammie,2025-04-08 21:51:02+00:00,
Vanessa Gilmore,2025-04-08 21:58:57+00:00,"@IAMTOMMACDONALD
  rocks!"
Threasa,2025-04-08 22:42:08+00:00,Sorry you got banned.
Kimmy:2.071,2025-04-08 23:10:20+00:00,"Love You  
@conservativ3ant"
Mark Alan Crook,2025-04-08 23:12:33+00:00,Amen!! Stand strong! there are a whole lot of us out here who love you and what you do!!
BlackHeartWarriorsWife,2025-04-09 00:45:58+00:00,
anne greenstreet,2025-04-09 01:19:02+00:00,I’m so sorry buddy
Lucid Bee,2025-04-09 02:05:05+00:00,"I’m so glad we still have you on here!  Thank you 
@elonmusk"
Dr. Dawn D.Dodge,2025-04-09 18:22:53+00:00,
Baker,2025-04-09 18:23:38+00:00,Thx u
Justine Marshall,2025-04-10 03:10:52+00:00,This is absolutely my favorite one!
Chrissy L,2025-04-08 22:06:43+00:00,this song!! You were great in the video!!
Russell Jones,2025-04-08 17:07:20+00:00,You just want to give Mr Ant a big hug...how awesome...
Tesla_rocks!!,2025-04-08 12:27:24+00:00,Wait?! Is that why I don’t see you any longer?
GSD Ziva,2025-04-08 12:31:43+00:00,It was great to see you in the video!
natalie parker,2025-04-08 12:33:14+00:00,Love you Ant!!!!!!
MichelleJCr,2025-04-08 12:36:11+00:00,Good morning Ant!!!!  Having coffee with you!!!
Chris,2025-04-08 12:58:58+00:00,
1111mystiqalpurple,2025-04-08 14:30:59+00:00,I lost my Facebook account when Trump did because I posted that picture of Hunter Biden with the red scarf lost all my photos. I lost my business everything we should get those back
Bigworm,2025-04-08 14:49:20+00:00,Got ya brother
Faithnyourself1st,2025-04-08 22:44:49+00:00,Wonderful song!
Lisa R. Morgan,2025-04-08 12:40:45+00:00,Couldn’t love you anymore than I do right now !!’
Mary Prestridge,2025-04-08 13:13:31+00:00,Did they ban you for ever or a short time.  I watch you on X but I know your is mostly made on TikTok.
Sk8rJen,2025-04-08 14:40:39+00:00,"your glowing dude, I love it, so stoked I found you on X after I got banned from Ig I had to try to remember all the  good accounts"
SAMSAM,2025-04-08 15:38:25+00:00,I like that song. I saw you in the video
Stevie Tütterman,2025-04-08 16:21:02+00:00,"Hold your head up! Hold your head up! Hold your head up!! Oh, Hold your head uuuupppp!!!   
Fuck shitok!!!  I'm banned too"
Tomas,2025-04-09 17:00:50+00:00,You're top shelf man...
Maria Tambasco,2025-04-08 13:02:24+00:00,Love truth preach
Michael Olson,2025-04-08 13:37:07+00:00,Amen brother!!
Margaret Kuhn,2025-04-08 13:39:40+00:00,We love ya Ant!!!!!
Deanna Valdez,2025-04-08 13:59:24+00:00,"I found you on the tiktak, and you will always have me as a follower!!! Keep doing what you do!!! Sending love!!!"
Raven_1110,2025-04-08 14:56:03+00:00,You are fantastic! Much love from Cali!!
Christopher C,2025-04-08 15:20:44+00:00,I got deactivated from Facebook they denied my appeal and closed my account permanently after 16 years if memories people’s conversations who had passed away photos of my life from 16 years gone just like that
Becca Hudson,2025-04-08 17:16:40+00:00,We love you Ant!
Becky Hall,2025-04-08 17:25:32+00:00,I love Tom McDonald’s music!!!!
KnowledgeIsPower,2025-04-08 17:37:55+00:00,Cheers!
Kristi,2025-04-08 18:13:37+00:00,
Ruby Ogden #MAGA,2025-04-08 18:49:57+00:00,
The Angels of Scuba,2025-04-08 19:37:26+00:00,
Jeff Fountain,2025-04-08 19:54:29+00:00,I’m republican but I cannot stand that dude. Where’s the dislike button
Mollie B,2025-04-08 15:24:49+00:00,
Elizabeth Kurpiel,2025-04-08 16:19:28+00:00,Absolutely  this song.  Tom McDonald is Awesome!
Vingaro,2025-04-08 17:51:20+00:00,
Bradley K Blackmon,2025-04-08 20:15:37+00:00,
ProudPatriot79,2025-04-08 20:36:38+00:00,Side by side! With you and Tom! Love this!!
JoAnn Barnes,2025-04-08 21:30:48+00:00,"I loved your facial expression, I could see your heart."
MakeAJoyfulNoise,2025-04-08 21:42:10+00:00,
DK,2025-04-08 21:44:00+00:00,
Faith,2025-04-08 21:57:58+00:00,"AMEN MY FRIEND 
#Can'tCancelAllOfUs"
conservative always,2025-04-09 01:36:31+00:00,Omg!!! Did TikTok ban you? What as$ ho&es!
Ain’t Too Bad,2025-04-08 12:39:43+00:00,
Christine Remler,2025-04-08 14:46:45+00:00,
Diane Braun,2025-04-08 14:59:34+00:00,Awesome!
Light Bright,2025-04-08 16:25:47+00:00,I loved your appearance! Keep up the great work Ant and we damn well know our Tom will keep kicking the great music! My family can’t afford much but I bought three different cds from him over the last couple years and we rock his music on our front porch.
Belle,2025-04-09 03:32:21+00:00,
Rene lane wright,2025-04-09 08:24:26+00:00,I love that song!!
Sharon Smith,2025-04-09 11:48:33+00:00,Hang tight Ant.. true.. the internet ain’t real life.. do you boo.. everyone knows your a great dude..
Muriel Paul,2025-04-09 16:09:00+00:00,
Tiffany,2025-04-10 10:19:40+00:00,Yes   you can’t cancel all of us!!!
MEANDME,2025-04-08 12:32:46+00:00,
KatieMarie89,2025-04-08 12:41:19+00:00,Loved that you were in Tom’s music video
Reggie girl..,2025-04-08 12:42:52+00:00,"Chin up sweet heart,ur a star ,u don't need tiki tiki....."
Beck,2025-04-08 12:44:43+00:00,
Sue with unacceptable views,2025-04-08 13:24:08+00:00,"Love your face and love 
@IAMTOMMACDONALD
   they can’t cancel all of us!"
betty,2025-04-08 13:42:28+00:00,love that
Kelly Mitchell,2025-04-08 13:43:01+00:00,"Love that song. Thank you, Ant."
Dana Worley,2025-04-08 14:11:30+00:00,I LOVE THIS SO MUCH!! The heaviness & stress of all of this has been so hard for so many. But THIS is what MAGA is to me. Thank you Ant & Tom for persevering and making us smile while giving a big FU to them with a cup of joe  You can’t cancel all of US!
Sarah Marie,2025-04-08 14:15:50+00:00,Yes!   I was so excited when I saw you in his music video
Barbara Risner,2025-04-08 14:29:57+00:00,"Stay strong, Patriot!"
Dlsdl,2025-04-08 12:38:00+00:00,"Just look at it this way, it’s a badge of courage that you got canceled! Means you’re getting to them! Only verifies your importance. Keep going."
Cindy Jouas,2025-04-08 13:40:55+00:00,Ant. Although i am a novice tech. You have a huge following. You will do well on instagram and x. We love you and you will do well. Stay strong
Court,2025-04-08 14:22:33+00:00,"Such bullshit, so sorry that happened to you"
whitedove272,2025-04-08 14:24:26+00:00,After tik tok bad my second account I say screw them I am tired of them taking away my freedom of speech
Bimbim,2025-04-08 14:43:20+00:00,love you switching hats
Liv Vlad,2025-04-08 14:52:41+00:00,Love ya ConsevativeAnt!
SecretSquirrel,2025-04-08 15:00:53+00:00,"Love you bunches, Ant."
TNT,2025-04-08 15:22:57+00:00,Thank you Ant….i needed that today.
Me MAGA,2025-04-08 15:27:04+00:00,I love me some Tom McDonald songs
k,2025-04-08 15:29:06+00:00,YES!!!
Malinda,2025-04-08 16:03:56+00:00,Cranked it last night on repeat
Malinda,2025-04-08 16:05:02+00:00,You have a great profile btw
Raymond Archibeque,2025-04-08 16:46:14+00:00,Stay the course brother! We all know you are here and fighting! We see you and we know God sees you! Justice and a reckoning is coming!
C.A. Zegarski,2025-04-08 17:12:57+00:00,
Mindful Conservative,2025-04-08 17:13:46+00:00,"Facts sir! We will continue to be loud and fight for our country. Keep your chin up as best you can, you’re one of the strongest conservative voices we have !"
ContigoLane,2025-04-08 17:20:50+00:00,"Love ya, Ant!! Keep doing you!"
Just because,2025-04-08 17:44:34+00:00,
The Constitutionalist,2025-04-08 17:55:16+00:00,"We've all been cancelled on 
@tiktok_us
 we need to rally and get it banned."
Laura Kennedy,2025-04-08 18:53:36+00:00,Fuck tictok
Eva Smith,2025-04-08 19:19:06+00:00,"Dude, you are awesome! I love the way you come at things, the different angels you look at, and the introspection in your commentaries and comments. Please keep being YOU!!!"
E Mary Sherrill,2025-04-08 19:52:15+00:00,"I know, it’s Awesome …just like Tom and Nova"
Simply American,2025-04-08 20:55:18+00:00,I will always stand beside you brother!
KAL,2025-04-08 21:24:26+00:00,Yasssssss!
Redwarrior,2025-04-08 21:28:47+00:00,"Tom MacDonald is phenomenal.  I respect that man 100%. He's not afraid to sing the truth. Other musicians should follow suit, but they fear their pockets will be affected. It takes courage."
Carrielyn Oden,2025-04-08 21:39:44+00:00,Yup yup
Jody,2025-04-08 23:44:55+00:00,and  .. it’s all good buddy ..
Kathy Ann,2025-04-09 02:29:59+00:00,We Love You ..We Stand With You..
Laura,2025-04-09 04:23:01+00:00,I saw you in the video. Great job!!
Just Jill,2025-04-08 20:24:19+00:00,that is right
Beverly Backes,2025-04-08 21:20:01+00:00,I deleted Tic Toc because they banned  you.  Don’t miss it a bit.  Keep up the good fight!!
obiwanlovespodracing98,2025-04-08 21:24:26+00:00,Lol you guys actually think tom McDonald isn't getting paid by the republicans for his opinion. He's an actor
Simon,2025-04-08 22:15:24+00:00,"Surely one telephone call from someone working for Trump and your account is reinstated with a full apology. After all you have done for the government, what are they doing for you?"
Patricia Gillespie,2025-04-09 00:39:54+00:00,Why did they ban you I don’t understand
FactsoverFeelings.,2025-04-09 00:52:40+00:00,I’ve been following him a few years on TT
conservative always,2025-04-09 01:30:38+00:00,You are so funny! I love your posts!
Maria Garrett,2025-04-09 01:31:57+00:00,Love Tom MacDonald.
Mama Cat,2025-04-09 01:44:50+00:00,Well it might not mean much.. but I love your content and you will be fine buddy. f*ck em
FCS American,2025-04-09 04:14:31+00:00,Dude please make more videos where to slam your tiny mug into the phone. Kills me every time!
ShannonWeThePeople,2025-04-09 05:34:32+00:00,
Susan Hulderman,2025-04-09 12:41:04+00:00,CAN'T CANCEL ALL OF US!!!
caty.c,2025-04-09 16:21:31+00:00,"Oh my God, we would be best friends. I don’t know how much is on my bio, but you can look me up. You’re the best."
Melinda Wagner,2025-04-09 19:16:26+00:00,"Love ya Ant, nice to see you smile!"
Str8upMFR,2025-04-09 20:01:41+00:00,Love it!
E,2025-04-10 12:25:41+00:00,love!!
Peggy,2025-04-08 12:35:17+00:00,
Titan Shell,2025-04-08 14:25:38+00:00,"Absolutely love this song and I love Tom MacDonald. I walked into my daughter‘s bedroom yesterday and she was jamming to this song as well! Huge Tom fans in this household 
They can’t cancel all of us!  love ya Ant and 
@IAMTOMMACDONALD"
Hhbddaryl,2025-04-08 13:36:35+00:00,Seriously got banned? I think tik tok is so stupid now.
Shan Cuz,2025-04-09 04:15:49+00:00,My lord you are a breath of fresh air!
Futi,2025-04-09 11:23:31+00:00,Love your videos!
Debbeee,2025-04-09 11:55:52+00:00,"They cancelled you - I cancelled them. Keep on Keepin' on, Ant! We love you"
caty.c,2025-04-09 16:20:34+00:00,You are so freaking handsome. I wish I was a guy.
K,2025-04-09 16:38:07+00:00,You ok? I see sadness in your eyes. Please please take care
Mike Simoneaux,2025-04-09 20:58:49+00:00,The interwebs love you Ant. Keep being you Sir.
JetsetBS,2025-04-09 21:21:23+00:00,TOM MACDONALD + HIS BUEATIFUL WIFE + LEGIT
Dani,2025-04-10 08:17:05+00:00,Keep your head up babe!
ToGoOrder,2025-04-10 20:12:15+00:00,HOG FAM
Dr. Susan Schultz,2025-04-08 17:30:09+00:00,"I wish they would ban that app. The comments they allowed to stand are hateful and intolerable, racist and divisive. Yet put a  on someone’s comment whether it’s a friend telling a joke or not and you end up with a strike simply because you are a conservative voice - and I am"
Michael B. / Xal,2025-04-08 21:27:57+00:00,Agree cant cancel all of us...
Tjones74,2025-04-08 12:54:24+00:00,Much love Ant! Fuck TikTok! Keep doing you!
ItsNurt,2025-04-08 13:35:42+00:00,Get it Ant! I woke up and the first video I see is you…put a big smile  on my face. We’ve all been thru HELL on tiktok. I’m on account 68! But…THEY CAN’T BAN ALL OF US & THEY CAN’T SHUT US UP
TN_Momma77,2025-04-09 18:21:23+00:00,"It really needs to be banned at this point. Conservatives are being eliminated quickly or silenced. Mostly hate, porn and liberal displays of mental health issues & propaganda. We love what you do and aren't going anywhere! 
@POTUS
 @elonmusk
 @FCC"
Carol,2025-04-08 13:49:42+00:00,"So sorry you were banned Ant. Did you find out why?
I'm curious."
ConservativeMom_05,2025-04-08 16:10:25+00:00,TT is on its way to being another “Blue Sky” liberal echo chamber. Been banned numerous times and I’m done with that communist app
Stormy Putin,2025-04-08 17:43:25+00:00,#HOG family here! Love that you were in this video! Love Tom and Nova!  And absolutely Love you!!
Debbie Furtado,2025-04-08 17:56:03+00:00,Love it
TheRunitBackBoys,2025-04-08 19:23:51+00:00,This was excessively gay.
WH,2025-04-08 20:12:03+00:00,Why is Tiktok so quick to ban people speaking the truth yet allow pedophiles and child traffickers have full access with no speed bumps?
Chappell Trap House,2025-04-08 20:37:42+00:00,The crowd that calls people “snowflakes” cries over getting banned from TikTok. Pussy
WaitAminuteFam,2025-04-08 20:46:12+00:00,"Don’t be sad, it will soon be banned I just wish President Trump should do it ASAP"
cam,2025-04-08 20:47:10+00:00,Shut up kanook. You and Tom a couple a retards
Let's Race,2025-04-08 22:14:16+00:00,"Idaho UPDATE TO LAW (2025) DEATH by FIRING SQUAD primary method, lethal injection backup, Effective july 2026. Big pharma restricted lethal injection supplies. Go Idaho!!!"
Breakfast-Taters,2025-04-08 22:27:04+00:00,I want you back on Instagram.  What happened???
DianeNC,2025-04-08 23:12:21+00:00,"Never forget, y'all:"
Canadian Patriot,2025-04-09 00:51:00+00:00,"@mario4thenorth
  conservatives being banned is seeming to be a trend . 
@conservativ3ant
 tells the truth in the USA, as you do in Canada. TikTok should be banned if this is the way!Thanks for telling the truth .. I follow and listen to you both as a Canadian and a Patriot!!"
TRUMP is KING,2025-04-09 01:25:44+00:00,Ant you are a man and a patriot I’m not gay but I’d not give a $hit that you are.
mamafox,2025-04-10 00:38:43+00:00,Ant...don't ever change..for ANYBODY!
Proud American,2025-04-10 19:09:15+00:00,"Fuck 
@tiktok_us
 !!! Corny AF!"
Ban,2025-04-06 17:38:11+00:00,"""Not even Endgame was like this"" is my alpha for chicken $jockey.

Endgame was the largest movie in history and was all across instagram back then.

Every friend group gonna order movie tickets and post chicken jockey on tiktok making it too viral for companies to ignore aswell"
BIG 🅞Dii,2025-04-06 17:43:49+00:00,$Jockey to $10m coded
WuCares,2025-04-06 19:33:44+00:00,$jockey to the top
mac!,2025-04-06 19:46:16+00:00,Send $jockey higher
Vex ( Reply G Arc ),2025-04-06 17:38:27+00:00,Look my thread G
DramaAlert,2025-04-13 14:25:52+00:00,Someone had a medical emergency while watching Minecraft movie.
Samuel,2025-04-13 17:52:45+00:00,Dude ban TikTok already this fucking sucks.
NewsWire,2025-04-09 18:31:35+00:00,TIKTOK FACES U.S. BAN AS WHITE HOUSE SEES NO DEAL: FOX BUSINESS
V,2025-04-09 23:19:02+00:00,$vine
Aspidex,2025-04-09 19:08:01+00:00,$VINE EASY RETURN!
ZoZo,2025-04-09 19:23:09+00:00,Maybe he’ll get a bad doctor’s report on Friday and he’ll have to resign.
Oliver VanDervoort,2025-04-11 16:00:16+00:00,it's important to remember the White House actually has no say in this and congress continually allowing Trump to give them an extension was abdication of their duties.
two3oh2,2025-04-09 18:33:57+00:00,Don’t TikTok My Insta Reels
Galaxy News United(GNU),2025-04-09 18:35:34+00:00,LET'S GO! Hit CHINA where it hurts!
Andrew,2025-04-09 18:32:02+00:00,no extension anymore??
z4ch.ⓧ𝕍,2025-04-10 09:52:27+00:00,Vine is inevitable
Ron Miller,2025-04-09 19:11:54+00:00,"""ART OF THE DEAL""  DONT CHALLENGE  DJT  
@realDonaldTrump
 
Vine is back stage ready for a standing ovation  
@elonmusk"
Brittany Martinez,2025-04-09 18:34:35+00:00,BuT hE wRoTE tHE aRt oF tHe dEaL
Matt,2025-04-09 18:32:07+00:00,Absolutely horrible day to be . The bad news just keeps coming for them.
Sycamore’s Source,2025-04-09 18:33:24+00:00,Yeah it’s getting banned this time
Puneet Singhal,2025-04-09 18:32:56+00:00,This was bound to happen..
Timothy Bellman,2025-04-09 18:38:10+00:00,"Finally, ban that shit."
TheKnightofEvening,2025-04-09 18:47:16+00:00,Shiiiiet. RIP TikTok. No more BS liberal content. HOORAY!
Big Screen Berkan,2025-04-09 18:49:47+00:00,Say sike
CryptoNursing,2025-04-09 19:01:33+00:00,GET RID OF TIKTOK VINE IS COMINGGGG
Wjkak,2025-04-09 18:31:55+00:00,we are going back to REDNOTE
John's NEW account,2025-04-09 18:41:42+00:00,"Considering all the things that are important right now, TikTok is not one of them."
myles jude,2025-04-09 18:34:23+00:00,Now Trump is gonna get alot of angry young people and small business owners against him now.
kim,2025-04-09 19:21:27+00:00,oh no I like tik tok!!
franca toronyi-lalic,2025-04-09 18:39:10+00:00,Trump’s art of the deal is the side-show on the street corner
SERO1,2025-04-09 18:38:51+00:00,Great stuff
Electra_Glide,2025-04-09 18:37:57+00:00,Lets go!
The Mighty Fetta,2025-04-09 21:18:59+00:00,But this was part of him being elected!! He is just losing huge today
TOW Fella,2025-04-09 19:06:14+00:00,Good
Dysgruntledd ,2025-04-09 18:41:31+00:00,Lets just steal their code and make a clone.
“ A Floating Green Diamond “,2025-04-11 01:45:58+00:00,Why’re we trying to keep the Chinese app (that’s using our data) alive while we are tariffing china … am I missing something.
centrist fan,2025-04-11 03:39:45+00:00,haha not happy with china so he actually does a good policy for once!
Conservative Momma - TRUMP2029 - MAGA/MAHA/MAMA,2025-04-09 19:11:24+00:00,This was all a play for tik tok lol?
Jordan,2025-04-09 21:25:15+00:00,Make Vine great again !!!!!
Christine Galea,2025-04-09 18:41:31+00:00,China isn’t bending and trump can’t close the deal lol
Lex,2025-04-09 18:38:33+00:00,"First, the Nintendo switch two pre-orders get delayed and now this he’s definitely lost Gen z"
Mordecai The Awesome Blue Jay ,2025-04-09 18:34:05+00:00,TikTok getting banned (for real)
Jonathan,2025-04-09 18:33:10+00:00,Youth will hate him even more
Zight,2025-04-09 19:03:31+00:00,TRUMP WILL SAVE IT
Dennise loves EX9 MERCH BAN,2025-04-14 13:15:41+00:00,"Found this on TikTok, shutaaa gwapo ni Chen?!!"
BunnyCottonDaeInterview X,2025-04-14 13:18:11+00:00,Babalik na yan dito
Dennise loves EX9 MERCH BAN,2025-04-14 13:23:48+00:00,"Huwag niyo muna manifest please lang ate HAHAH di pa ako nakaka ahon sa bayarin, di pwde di ako MAG VIP pag kay CHEN"
ChrisExcel,2025-04-14 10:17:21+00:00,"Now that China explained that Gucci and LV comes from one manufacturer just different sellers 

We need to apologise to our brother Ocar Mbo for laughing for buying at small street 

He had giraffe view"
Manniraps_SA,2025-04-14 10:29:21+00:00,"China was really ahead of US when they created TikTok  they're now able to expose these guys on their very own app, makes sense why they trying to ban it in the US and trying so hard to buy it, they really see them as threats"
venus,2025-04-09 16:00:56+00:00,"the funniest shit to me is when people spend hundreds of dollars on an expensive nekopara figure (or any “controversial” vn tiktok is annoying about), film themselves unboxing it, and then add something like “i don’t support this the game is weird ew!!” in the caption"
venus,2025-04-09 16:01:38+00:00,tiktok ban would have been a good thing
Ryan | ★,2025-04-12 08:58:59+00:00,hope they ban tiktok
TIKTQKTERRY,2025-04-12 00:43:27+00:00,"Im so over TikTok! Everytime I begin to build my account back up, have a couple videos gain traction, and even though i have no violations or strikes they just fucking ban me for no damn reason! 
80 plus accounts! 
And i haven't even been posting nothing wild either ITS BS"
Joseph Peacher,2025-04-12 02:36:41+00:00,"They kicked me out for posting 6 letters and a number in a comment to someone else’s post. WWG1WGA
Never had a violation or a warning before.
I’m thinking this app might start doing it too.
It used to show the whole thing when I got WW typed in but now I have to type it all."
𝕻𝖆𝖙𝖗𝖎𝖔𝖙𝕄𝕠𝕞𝕞𝕒①⑦,2025-04-12 03:06:01+00:00,Oh my gosh. They got you again! I just looked through my following list & so sooo many accounts are gone!
Plant,2025-04-09 14:43:21+00:00,"Given what we saw with the TikTok ban and inflation impact on the election, most Americans do not hate China and would rather Xi Jinping crawl in bed with their mom than pay double for everyday items from China."
ShipOfFoolsGD,2025-04-09 15:09:54+00:00,Dollar tree is about to become five above.
allen drewe,2025-04-09 14:45:21+00:00,There is a much better way to handle China. Get a group of countries and decide on a uniform tariff and then leave the rest of the world alone. Wouldn’t be that bad.
Allen Arbunkle,2025-04-09 14:51:03+00:00,Fuck China refuse to buy their toxic waste.
Tiktok Ai,2025-04-05 20:21:24+00:00,"Be ready for massive updates all across the ecosystem 

There is no limit to our Ai ecosystem system. 
@FAIProtocols
#tiktok #tiktokai #trump #ai #ban

http://t.me/tiktokaieth
http://t.me/LiveAieth"
Zylo,2025-04-05 20:28:21+00:00,TikTokAI App is cominggggg !!! #TikTok
Zylo,2025-04-05 20:28:28+00:00,Let's Goooo
Şilan kaytar,2025-04-05 20:39:15+00:00,Gerçekten de çok güzel ve kaliteli bir çekim olmus
Beren Aksu,2025-04-05 20:39:34+00:00,Guzel bir paylasim
Lisa,2025-04-14 03:19:20+00:00,Exactly why they wanted to ban tiktok because tiktok is exposing the greed of American corporations.
Mry みる,2025-04-12 06:03:43+00:00,Tiktokで18禁のファンマしたら本垢BANされましたら
United States,2025-04-09 18:31:35+00:00,"It’s time 
@realDonaldTrump
.  Ban TikTok."
MAP Training,2025-04-09 19:11:43+00:00,"Hey 
@elonmusk
 @rus
 @x
 THE 
@UnitedStates
 has spoken!!!! We don’t want TikTok. We want VINE!"
United States,2025-04-09 20:25:48+00:00,Yes!
Kian Simone,2025-04-09 19:28:39+00:00,Then bring back vine!
United States,2025-04-09 20:25:55+00:00,Yes!!
CC33,2025-04-09 21:24:54+00:00,$Vine is imminent!!!
Mr.Zher0 𝕍,2025-04-10 03:45:44+00:00,Do ti gor the Vine
CryptoNursing,2025-04-09 19:02:03+00:00,"Welcome home Vine 
@rus"
Seth Moulton,2025-04-09 20:26:29+00:00,Vine = money
Vítor Francisco Araujo,2025-04-10 04:46:53+00:00,Ban tik tok bring back Vine
CryptoJames,2025-04-09 21:23:46+00:00,Bring Back The $Vine !
JET0x358,2025-04-10 03:30:26+00:00,"Vine ứng dụng của Mỹ 
@elonmusk
 @rus"
Vazi,2025-04-08 11:48:27+00:00,"#Techin5: Trump extends TikTok ban, French fintech Pennylane doubles valuation to $2.2 billion, Djamo raises $17M to serve 1 million users with inclusive banking, Kenyan court orders Umba to pay $21,600, and Shuttlers introduces CNG fleet to cut costs. Stay informed!"
Travladd Crypto 𐤊,2025-04-14 03:02:21+00:00,"@TikTokSupport
 sort it out, you don’t ban scammers but you ban his official account?"
MASON VERSLUIS,2025-04-14 03:07:12+00:00,"Appreciate the support, these dudes are morons."
Mahaekay,2025-04-14 03:08:19+00:00,Appreciate you sir
white,2025-04-14 03:03:35+00:00,Yes
Zaidah,2025-04-14 03:06:16+00:00,Hii king
Yusroh~UI/UX Designer,2025-04-12 19:30:15+00:00,"Oh nothing… just TikTok banning my account with zero warning, verrryyy coolll…"
Abdullahi Obadan,2025-04-12 21:30:59+00:00,Ohh maybe someone reported you
Yusroh~UI/UX Designer,2025-04-13 09:24:55+00:00,I don't even know who would think of doing that
Mary-Esther,2025-04-12 20:30:29+00:00,Did you get the account with an email ?
Yusroh~UI/UX Designer,2025-04-12 21:01:08+00:00,Yes I did
Website Designer Nigeria,2025-04-12 19:47:11+00:00,What????? What did they say you did?
Yusroh~UI/UX Designer,2025-04-12 19:56:28+00:00,They did not mention
Techbro_Simeon Design,2025-04-13 09:04:34+00:00,Try keep ur data for future reference
Yusroh~UI/UX Designer,2025-04-13 09:22:41+00:00,Thank you i will do that
Vivian|Designer and Developer,2025-04-13 01:31:51+00:00,Ahh what happened
Yusroh~UI/UX Designer,2025-04-13 09:24:00+00:00,They did not tell me oo
Abdulqudus — UI/UX Designer,2025-04-13 06:48:11+00:00,That’s crazy! That account is on another level. Have you tried appealing? What’s the update?
Yusroh~UI/UX Designer,2025-04-13 09:23:45+00:00,I have appealed oo but there is no update for now
Deborah Olodu,2025-04-13 08:28:22+00:00,"Ohhh…sorry about that.

Please appeal"
Yusroh~UI/UX Designer,2025-04-13 09:23:12+00:00,I have already I'm waiting for their reply
AryaDesigns,2025-04-12 20:10:50+00:00,"oh! sorry mama
you can appeal?"
Yusroh~UI/UX Designer,2025-04-12 20:14:20+00:00,I just did Thank you love
Yusroh~UI/UX Designer,2025-04-14 07:52:46+00:00,"Started the new week designing my first-ever SAAS hero section, dashboard included 
Hustle Hub is built for freelancers to keep track of projects, deadlines, and payments, all in one place.
Have an amazing week, guys!"
needa || jaypril ☆,2025-04-13 22:22:14+00:00,"""engene"" on tiktok stop annoying. many new people want to be enhypen fans but you guys give bad comments and even ban them from entering this fandom. who are you? what are your contributions to enhypen and the fandom? please stop being stupid. it's time for enhypen to be known worldwide and many new people become fans. 

#ENCHELLA #COACHELLA2025 #ENHYPEN"
脳て,2025-04-08 10:33:26+00:00,"18万人いたTikTokアカウントが永久BANにってしまったので、フォロワーの皆さんがフォローしたら復活します...

新しいアカウント
https://tiktok.com/@noute_74

よろしくお願いします"
やまねこ,2025-04-08 11:29:56+00:00,どんな思いですか？で草
脳て,2025-04-08 12:28:36+00:00,煽られてる
ミドリカワ！,2025-04-08 11:23:51+00:00,えぐ
naru,2025-04-08 11:05:29+00:00,しました〜
ふぁいなる,2025-04-08 11:14:07+00:00,そらそらフォローしやす
よしひー,2025-04-08 11:29:32+00:00,えぐすぎる
雷爾,2025-04-08 14:05:49+00:00,はい   きっとできますよ
まめたきゅん。,2025-04-12 04:07:34+00:00,ふぉろしたったよ！
HaNA,2025-04-08 10:34:16+00:00,どおりで！
たらん m,2025-04-08 10:36:09+00:00,つらい
@Payiii,2025-04-08 10:55:47+00:00,(ˊo̶̶̷ᴗo̶̶̷`)
擬擬,2025-04-12 10:21:12+00:00,まじで絶望したけど復活するかもなの嬉しい٩( ᐛ )و
☆ゼウス☆/ライフアフター公認実況者,2025-04-06 16:54:33+00:00,"つまりこういう事なんよ
親切とお節介ってほんと紙一重

自分はお節介なんだよね〜ってたまに自分に酔ってるやつとか見ると張り倒したくなっちゃう

あー…早くTikTokのBAN解除なんねぇかな

せっかく調子上がってたんに！
人生楽ありゃ苦もあるさぁ"
☆ヴェル☆,2025-04-06 17:17:02+00:00,"BANされてたのね 
てっきり母のアカウントかと思ってた"
☆ゼウス☆/ライフアフター公認実況者,2025-04-06 17:19:24+00:00,そうなんよ(T^T)ぺろぺろして慰めて
まっつん@ライフアフター公認実況者,2025-04-11 05:02:52+00:00,全部当てはまっつんd(º∀º｡)ﾀﾞﾖ!!
Nitro The Wunderkind,2025-04-13 06:36:27+00:00,Maaan that TikTok ban gonna hit like fireworks on the 4th of July
seraphine ★,2025-04-06 21:03:19+00:00,ok they need to ban tiktok in america again
Melonstar,2025-04-06 21:05:01+00:00,WAIT PLEEZ I HAVE SO MANY FUNNY TOKS AND COOL ARTS BOOKMARKED I DONT WANT THEM TAKEN AWAY AGAINDUJENDND
seraphine ★,2025-04-06 21:05:49+00:00,LMAAOAOA KM SORRY
zannobro,2025-04-06 21:16:22+00:00,wat happened this time?
Ｃｒｉｓｐｙ,2025-04-13 05:33:08+00:00,"切り抜かれて悪いとこだけ拡散されてる
イジメってこうやって起きるんだね。
暇つぶし配信、何が悪いのかな
好きでやってるのに向いてないだの、アンインストールだの、この男はTiktokの支配者かなんかか？？
こんな配信者 BANされればいいのに。
ふわちゃんみたいに。
あ！
有名じゃなさ過ぎてBAN対象にならないのか…
悔しいな。"
ⵜⴰⴼⵔⵉⵇⵜ ⵏ ⵓⴳⴰⴼⴰ,2025-04-12 21:25:12+00:00,"Faut en parler comme sa nous shadow ban sur ce réseau social de fdp 
On devrait aller sur tiktok et insta et boycotter ce réseau de merde en vrai. https://x.com/abdel_vd/statu/abdel_vd/status/1911163483259126108…"
mostralmi3,2025-04-12 21:50:24+00:00,Moi j'ai été ban tout court mder
Forbes,2025-04-10 12:10:24+00:00,Trump Says Deal To Avoid TikTok Ban Is Still ‘On The Table’ After Hiking Tariffs Against China
Bonchie,2025-04-09 12:09:21+00:00,"The whole ""we can't ban TikTok because people rely on it"" argument is completely out the window.

If normal Americans can bear the burden for a trade war with China, then influencers can handle some sacrifice too. 

If you're going to go hard at China, go hard."
The Undercurrent,2025-04-09 12:09:47+00:00,"If TikTok disappearing is your biggest concern in a standoff with the CCP, maybe it’s time to touch grass and read a history book."
Bonchie,2025-04-09 12:13:41+00:00,"""We want to punish China and decouple, but they can keep their spy app that Congress legally voted to ban"" isn't a great argument."
Burt Macklin,2025-04-09 12:12:21+00:00,Ban it immediately. Garbage spy software.
AP,2025-04-09 12:31:09+00:00,"Their idiotic excuse is basically going to be: ‘Sure, banning TikTok is necessary… but since the Israeli lobby (somehow) wants it, we obviously can’t let them “win.”"
Brittany Rae,2025-04-09 14:12:30+00:00,Get rid of that too
Jaime Griesemer,2025-04-09 20:14:15+00:00,Time to re-shore dance videos and 30s clips of random movies with the sides cut off.
Samuel Stern,2025-04-09 12:13:33+00:00,Ban CCP spyware from millions of American phones. Seems like a no brainer.
Tanya Berlaga,2025-04-09 13:59:57+00:00,"We can't ban TikTok because people rely on it, but we can totally tariff every Chinese made product 200% because people don't need to buy Chinese products.  I got it."
Debbie Mathews,2025-04-09 12:26:49+00:00,The sad part is the “maga” influencers don’t even comprehend what is going on or they do and don’t care because they’re getting paid to tell us it’s a good thing.
Stoat ن,2025-04-09 12:23:15+00:00,"Anyone who becomes hysterical over the potential loss of TikTok is not someone who should taken seriously.
They are not selling anything that is truly needed & should have recognized the chance of being culled from the outset.
If TikTok is your only skill, you've failed at life."
Janet Garts,2025-04-09 12:14:24+00:00,We have a President that prioritizes his own financial interests over the people he governs.
Randy Sult,2025-04-09 12:21:57+00:00,TikTok is crap. Anyone who uses it for income can do the exact same thing on YouTube or any number of other similar platforms.
I Can’t Even,2025-04-09 18:51:58+00:00,Yes ‘the people rely on it’ argument should go completely out the window and yet I recall some people using it just yesterday in a different context
Mike,2025-04-09 12:24:02+00:00,Bonchie has been the go to account on Tarrif commentary!!
Zebra12 sic semper tyrannis anti woke AF,2025-04-09 12:26:28+00:00,"Nobody relies on tik Tok, except grifters and car harpies"
LG in AZ,2025-04-09 13:18:57+00:00,I just hope we get more spy balloons traversing the country. That was fun.
Frēda Drake,2025-04-10 12:16:28+00:00,"As a publicist, I've watched the TikTok trend for years and addressed some of the controversies in my book. I was cautious, even then. NOW there's even more data which indicates how very dangerous it is to not only American security, but Americans as *individuals.* But, people"
Ryan D,2025-04-09 12:30:40+00:00,The important thing is Trump’s McDonald’s stunt did well on TikTok
Max Stahl,2025-04-09 12:19:34+00:00,"The moment it doesn't politically or reputationally help him, though..."
No Context Reply Guy,2025-04-09 16:34:43+00:00,that wasn't the argument
Jason,2025-04-10 12:50:11+00:00,Yes.  Kill TikTok.
Regenerative Energy Mining,2025-04-09 13:12:03+00:00,clown. no one wants a war. that will be the result of all of this if it is not stopped now!
Courtney O’Dell,2025-04-09 15:04:59+00:00,"I completely agree, but I’d also say influencers do have a lot of sacrifice - especially those (like me) who have a website as well as Google crushes us for Reddit and foreign run AI generated sites. We’re getting nailed everywhere."
Freeamericanyes,2025-04-09 16:26:51+00:00,It’s past time for TikTok to go!
T,2025-04-09 17:14:11+00:00,Ban that subversive sh*t.
GAgirl1967 is ready for spring,2025-04-09 18:21:34+00:00,I think deals are on the table for an American buyer right now.
𝔻𝕦𝕥𝕔𝕙 𝔻𝕒𝕝𝕥𝕠𝕟,2025-04-09 23:22:27+00:00,"Just so useless.

You apply the same standard to all other forms of social media they need to go too.

It’s just bullshit vids.  such a dumb hill to die on"
Leslie Lord,2025-04-10 00:34:19+00:00,Agree!
GMoney,2025-04-09 12:13:36+00:00,Ban it. I've never used it. I avoid dealing with China if I can. I don't shop on Temu. I buy American made products on Amazon or I buy local. We don't need TikTok. We did quite well before it and we'll do quite well after it.
CTIronman,2025-04-09 12:16:00+00:00,The rate we are going folks will be posting TikTok’s in America of a sinking aircraft carrier
Cole's Younger Self,2025-04-09 12:18:41+00:00,TikTok is yet another step in the degradation of society.
lllll,2025-04-09 17:49:17+00:00,F Tik Tok we don’t need it . We need jobs and no taxes . Charges to all of DC fraudsters. Deport deport deport
Real Conservative,2025-04-09 12:17:23+00:00,Well said.
Vince,2025-04-09 12:29:01+00:00,Our inability to weather the inconvenience of not using one social media app is exactly why it's a fool's errand to think we can endure actual hardship in a trade war.
BidenDerangementSyndrome,2025-04-09 13:59:12+00:00,“All of the young people on Tik Tok voted for me. I won the Tik Tok by millions of votes”
KC,2025-04-09 12:12:52+00:00,I voted for trump because I thought at most the worst he could do was call some lady from cnn a cunt. But I’ve lost a fuck ton on my 401k so far. I draw the line at fucking with my money.
uncreativ,2025-04-09 12:19:42+00:00,I agree--Trump should just pull the plug on TikTok. But I think Trump is leaving open a path for China to negotiate rather than cutting off all avenues to deescalate. TikTok is part of that--though that wasn't how the issue was used at first by him.
PatGPT,2025-04-09 12:22:03+00:00,Great point.
Jason and A Bunch of Numbers,2025-04-09 12:24:44+00:00,"I’m here for it .

It’s time ."
stoner84,2025-04-09 12:26:10+00:00,Aalmost like Trump is a joke
Jim Martin,2025-04-09 12:28:35+00:00,"I see Vance had a meaningful talk with you this morning

good boy"
Dah Bills,2025-04-09 12:30:15+00:00,"Removing chinas stocks from the US stock exchange would do a lot more damage.. Banning TikTok won’t really have a big impact vs China 

Not really worth banning TikTok and pissing off the influencers right now.. lol"
Daniel Crist,2025-04-09 12:43:14+00:00,"Trump doesn't care about going hard on China. For him, it's always been about the trade balance."
Wayne,2025-04-09 13:17:41+00:00,"Just spitballin here...

But..what if The Plan is just to PRETEND we're gonna be tougher,  then fold like a lawn chair because The. PLAN. DOESN'T. WORK."
Nathan Jensen,2025-04-09 13:42:58+00:00,Huge blunder letting China keep their propaganda machine running while trying to engage them in a trade war.
Tgroyp,2025-04-09 13:52:48+00:00,Jewish shill
Jnyb,2025-04-09 14:14:09+00:00,Sit yo ass down and shutup
Ms. Brown,2025-04-09 14:20:59+00:00,
Zette Mo,2025-04-09 14:30:28+00:00,Yes. Agree.
mjhubbardHold Fauci and China Accountable,2025-04-09 14:54:30+00:00,
Jim Collins,2025-04-09 16:38:33+00:00,"Not going to break my heart. I'm against supporting communism at all in any way. Slavery is what it is, and I could care less if the whole shebang goes bust."
Booger,2025-04-09 16:52:19+00:00,Now or never
Whoosh,2025-04-09 23:44:34+00:00,Let the teens and college kids work real jobs again instead of making up a viral dance or eating the latest item from fast food chains in their car.
ryan christopher,2025-04-10 04:04:33+00:00,Your sanity is kicking into overdrive. This is the most unserious and incompetent administration we’ve ever seen.
WE0209,2025-04-10 09:30:00+00:00,A stupid app for posting dumb videos isn't necessary for anyone.
She B Right,2025-04-10 11:07:24+00:00,I just think it’s a ridiculous argument because there are other platforms.
Bill Smithburg,2025-04-10 12:17:42+00:00,Amen
Hakim,2025-04-09 12:20:39+00:00,Excellent point. If you’re gonna do this to the country; shut Tik Tok down this morning. That’s something that isn’t needed.
Hiding In California,2025-04-10 04:32:02+00:00,"Where I will get my humor, if not for Twitter and lefties recording themselves acting insane.  Thank you 
@libsoftiktok"
Jasper Lamar Crabb,2025-04-09 12:10:38+00:00,Expel all the student visas too
Shapiro 2028,2025-04-09 12:12:09+00:00,Laugh out loud. How dare he treat his benefactor like that and just a left-wing propaganda platform.
Nick,2025-04-09 12:14:24+00:00,And perhaps you should have set up your small biz or side gig through something more scalable than a social media app
One Man’s Opinion,2025-04-09 12:17:32+00:00,Seize the land they bought here. That’s hardball.
Sumwun,2025-04-09 13:15:13+00:00,"No it's not.  Look I'm for banning TikTok.  I'm also for the tariffs. 

But you need to recognize that the people arguing against the TikTok ban are the same people arguing against the tariffs.  They are consistent in their logic. 

Your logic leads to nowhere"
Candice | Hormone Health,2025-04-09 13:36:53+00:00,I make about 100k a year with my TikTok and I would rather fix America so I don’t rely on that second stream of income.
Lisa C,2025-04-09 15:10:45+00:00,"If TikTok disappeared, how would Barron influence the younger voters?"
Ash Haul,2025-04-09 16:34:11+00:00,The hypocrisy in my own party is so disappointing. Not only the influencers … Trump trying to save TikTok with all the extensions is a slap in the face. Cut it off and be done cause hard ass and all.
LingLing Kwong VietNam FC - For DarLing,2025-04-10 02:08:41+00:00,"[10.04.2025] | TikTok homelessmakeupb update related to LingLing

Hậu trường buổi chụp hình ""Nàng Songkran Phật lịch 2568 (2025) – Nàng Thungsa Devi"", cùng xem thử có gì nha.

Ý tưởng ban đầu là muốn tái diễn giải hình ảnh nàng Songkran theo một cách mới, đưa makeup trở nên hiện đại nhưng vẫn giữ được vẻ đẹp tự nhiên, như kiểu đẹp từ trong trứng nước. Mọi thứ đều thiên về sự tự nhiên, đẹp kiểu ""P'Leak"" vậy đó (ám chỉ một người có vẻ đẹp trời ban), chỉ nhấn thêm chút sắc nét cho ấn tượng hơn thôi.

Phần má được nhấn sắc đỏ như một lời gợi nhớ từ kiếp trước nè. Là tông đỏ trầm, tinh tế, như kiểu tô son bằng bảng màu nước, không chói lóa nhưng đầy cuốn hút.  Tổng thể phụ kiện được thiết kế để trông như hoa tươi, năm nay chọn màu đỏ là điểm nhấn thú vị.

Về phần hậu cảnh là nàng đang cưỡi ""con thú thần"", chính là phương tiện di chuyển trong truyền thuyết. Tổng thể tạo hình được giữ ở mức tối giản (minimal) để tập trung spotlight vào nàng, bởi vì bộ trang phục năm nay quá đỉnh. Đội phục trang làm việc cực kỳ chỉn chu, đây chính là nàng Songkran đẹp nhất từ trước đến nay đó. 

#linglingkwong #หลิงหลิงคอง
#linglingvnfordarling"
Shaun Rein,2025-04-07 01:52:43+00:00,"Trump Regime: China is not investing enough in America 

Next second

Trump Regime: we need to ban all Chinese investment in America or steal it like we are trying to go with TikTok 

Only Taiwan is buying Trump BS"
Losty,2025-04-07 17:32:48+00:00,A large number of Americans aren’t buying it either… The sane ones…
Jimmy Che Guevara ☭Russian Communist!,2025-04-07 02:28:46+00:00,Schizophrenic piece of shit
Hessan,2025-04-07 06:29:12+00:00,USA need the factories to hire jobless drivers whose jobs are taken over by robo-taxies.
Marty,2025-04-07 05:54:37+00:00,Lai is a pathetic leader. The people of Taiwan should get a better government
MC,2025-04-07 06:50:48+00:00,Every country is seeing Trump's bluff. No way Americans can or want to assemble iPhone and sew t-shirts.
Tam W,2025-04-07 03:33:57+00:00,China doesn't care about USA anymore. China's gonna return every punch from USA. The world goes on with or without USA.
"FforFree Contest, Freebies & Deals KING",2025-04-07 08:52:18+00:00,Lets trend #boytcottUSA end the bully of Trump and MAGA cult
小小小籼籼,2025-04-07 18:10:08+00:00,You don't think Trump has Alzheimer's? Like a child throwing a tantrum.
風俗スタッフ　スネ夫,2025-04-14 08:10:05+00:00,"TikTok 配信頑張ってます

昨日休みの日に見たらノーパンノーブラで踊ってる奥さんがいた笑

結果4/20までBANになりました

そんな過激でえっちな配信が見たい方は4/20お楽しみに〜"
family healing,2025-04-14 02:40:41+00:00,can’t even say “ngga” on tiktok. yeah. ban the app.
𝕷𝖆𝖗𝖊𝖇𝖆𝖊,2025-04-07 17:25:39+00:00,Someone should ban tiktok
Can,2025-04-12 23:47:13+00:00,TikTok definitely getting banned soon. China over there exposing all of US fashion manufacturers tea. They said you paying hundreds of dollars for this but over here it’s $5-$6. The DHGate ppl were not lying.
Jiaqi_⌫,2025-04-13 21:52:49+00:00,"i was randomly scrolling in dol discord server when i found out that they ban you if you post dol related stuff on tiktok, at first i was quite surprised and wondered why"
Jiaqi_⌫,2025-04-13 21:52:49+00:00,guys i feel so stupid goddam… cause i was thinking all day of drawing an animation meme trend with my oc x kylar but this made me understand that i shouldn’t post anything about it there
Jiaqi_⌫,2025-04-13 21:52:50+00:00,im literally feeling so dumb im gonna bury myself alive even for thinking that was okay for me to do  it’s so normalized for me to be in adult spaces since i was a kid that i didn’t even questioned it
phi,2025-04-14 05:22:53+00:00,i think tiktok will be ban within the next month now with all these Chinese manufacturers using it as a platform revealing how cheap things are
ConservativeAnt,2025-04-06 20:05:13+00:00,"I say fck it! Ban 
@tiktok_us"
Ken Walls,2025-04-06 22:42:16+00:00,A lot of features on TikTok that I like but I do have to agree with you. It’s controlled by the CCP
Ava Zolari,2025-04-07 12:15:28+00:00,"I can’t stand that app. It’s frustrating to see them boost accounts that intentionally harm others for clicks. There’s one account in particular—I won’t name names—but they target innocent people, twist videos out of context, and seem to take real joy in causing pain. Honestly,"
Jaye Mays,2025-04-06 20:08:50+00:00,"I’m so glad I never went to that platform. Once I heard someone refer to it as TilToxik, I knew to steer clear. I’m glad I made that choice"
Farris,2025-04-06 20:11:05+00:00,"Could not agree with you more! You can not have a voice on 
@tiktok_us
 if you are a conservative  Something has to change!!"
Gina Milan,2025-04-06 20:06:44+00:00,I agree with this! The last week seeing all these conservative influencer’s accounts getting restricted was INSANE!
Straight Talk Turncoat,2025-04-06 20:05:59+00:00,"I managed to avoid that app, so I’m just pro free speech."
SAHARA RENEE,2025-04-06 20:39:00+00:00,"Everybody on TikTok seems to hate President Trump so why should he work harder for them? He shouldn’t let Titi fall. I agree I like the videos it’s fun, but it didn’t make me a dollar."
Dave,2025-04-06 20:41:58+00:00,"Tik tok is trash! CCP ran and operated. And their privacy policy is proof. If not in lock step with the propaganda machine, you’ll be removed. Freedom of speech doesn’t exist, do what and as they say, or bust. Communist owned, and operated."
KingSchreck,2025-04-06 20:12:18+00:00,Its wild the way they have throttled my account after posting anything Trump. Absolutely insane.
SKDoubleDub,2025-04-06 20:09:40+00:00,Yes! Please! I was really hoping April 5th would be lights out. It needs to go away.
GenXPatriot,2025-04-06 20:21:48+00:00,"I was all for the ban when it was originally brought up. It’s always been a shitshow. You don’t need TT Ant, we love you."
Packingpatriot,2025-04-06 20:26:41+00:00,
Cadava Guy,2025-04-06 21:24:16+00:00,I said that first go around.
UpWithUsLasVegas,2025-04-07 04:36:22+00:00,"I’m with you! I’m sure CramerSez and others feel the same way. All except the TT Shop goblins on every other post. 

Idc if it goes away. Most of the creators are on other platforms. 

I guess I’m gonna have to learn IG.  
Any tips?"
Chris Wren,2025-04-06 20:34:48+00:00,"All socials boost drama while penalizing rational level-headed users, but TikTok's algorithm is uniquely evil, it's a vector for the transmission of insanity and the world will be better off without it."
Devin,2025-04-06 20:55:19+00:00,#BoycottTikTok
BRANDI,2025-04-07 23:41:15+00:00,Agreed
Angela,2025-04-06 20:06:52+00:00,Been saying!
Riverrat328,2025-04-06 20:13:29+00:00,Agree
Jack,2025-04-06 20:14:08+00:00,"Shit, Love you Ant. But the right shouldn’t go down this road.
Let them self just destruct."
Ana,2025-04-06 21:11:31+00:00,I'm with you
Fabian Neathery,2025-04-06 21:31:54+00:00,"Exactly as I suggested. Yes, ban them."
Anthony Kort,2025-04-07 00:43:22+00:00,Lol
Irene Martinez,2025-04-07 15:56:36+00:00,They banned one of my first accounts for posting a video of the sky. No caption and no letters whatsoever. The video included a grid in the sky. China is very big on weaponized weather. Now Mark Zuckerberg being the new owner is also a major investor in weather modification.
Robin,2025-04-06 20:09:03+00:00,Agree
Ginger0307,2025-04-06 20:15:37+00:00,I agree! Ban It!
mel davis,2025-04-06 20:28:38+00:00,
,2025-04-06 20:29:10+00:00,Ugh.  Sorry this is happening to you.  We got you here!!
Truth3rP8riot,2025-04-06 20:29:37+00:00,Yep I’m done with their bullshit.
Arthur Lyman,2025-04-06 20:40:00+00:00,The polluted mind plotters struck harder  tt is i think what X was before Elon bought. Odd the places the plotting takes place on any platform it's just deeper wounds they can cause they get glee. Be wary always.
Matt Tsui,2025-04-06 21:42:35+00:00,I never sign up this platform due to CCP background
seaside782,2025-04-06 22:34:11+00:00,Absolutely
BlackHeartWarriorsWife,2025-04-06 23:09:17+00:00,Agree
Darlene M Hines,2025-04-06 23:10:47+00:00,Duh
Sam Smith,2025-04-07 02:40:05+00:00,All we need is x
WonderWoman,2025-04-07 03:12:44+00:00,I haven't been on in weeks. I rather be on here.
Jarvis McElbow,2025-04-07 04:36:52+00:00,"I don't have it.

Never will!

Thanks, 
@elonmusk
 for giving X to the people so we can exercise free speech!"
Heartless,2025-04-07 16:24:55+00:00,Absolutely agree.
Stevie Tütterman,2025-04-06 20:46:58+00:00,They suspended my account for a repost back in Dec...  I only missed it for the first week
The OLO,2025-04-06 20:23:17+00:00,"YES!!! Now that I am actually using it, I have become an X fan. I can let TT go happily."
Jo,2025-04-06 20:05:38+00:00,That’s exactly what I said to my husband yesterday
krystl,2025-04-06 20:05:50+00:00,What's happening over there now?
LSebagoWx,2025-04-06 20:25:22+00:00,"That sucks! Luv ya 
@conservativ3ant"
Jay Dubbya,2025-04-06 20:47:15+00:00,Thank you.  Another person with sanity.
Tracey Rizzo,2025-04-06 20:55:56+00:00,I agree!
DutchessSmartyPants,2025-04-06 22:02:53+00:00,I may leave TikTok like I left Facebook 4 years ago.
Hank DeLaney,2025-04-07 21:06:01+00:00,I'm with you. I got to thinking about it. China don't want Trump to be president because he's tough on them. Somehow that stance is making its way into the TikTok app.  Why be part of of something that is against the very principles I stand for? It's crazy
JHardis_RN,2025-04-06 20:23:42+00:00,It's boring now. Not as good as it used to be.
sarah ashley,2025-04-06 20:45:23+00:00,Nooooooooooo it’s useful for me. I just found about about Dubai Chocolate
JC,2025-04-06 20:49:45+00:00,Is there any chance for an appeal?
Rachel Kappel,2025-04-06 23:20:39+00:00,
DobeKilz,2025-04-07 00:34:02+00:00,Already uninstalled
Wynn Rogers,2025-04-07 02:18:09+00:00,I’m beginning to feel exactly this
Steven Bakos,2025-04-07 02:20:41+00:00,
.Mar,2025-04-07 04:03:49+00:00,
𝕳𝖎𝖑𝖆𝕸𝖔𝖓𝖘𝖙𝖊𝖗,2025-04-07 05:05:12+00:00,"Never had a TikTok acct, for sure won’t be getting one now! Boooooo"
Harley Jackson,2025-04-07 12:37:24+00:00,"And 
@Nike
 @nikestore
 @nikebasketball
 @nikefootball"
not𝕏sure,2025-04-06 22:44:03+00:00,I don’t blame you… just start making videos on X?
No_Quarter_Given!HOLD.THE.LINE!,2025-04-07 13:19:40+00:00,Absolutely BAN it! The amount of shit on that site is insane.  Only promoting woke left crap.  Some parents have NO clue what their kids are watching . Fake counselors encouraging grown children to go no contact...I could go on and on....ban the crap already.
Susan Cole,2025-04-06 20:51:29+00:00,I agree!!
jr,2025-04-06 21:15:47+00:00,China drop the deal so it probably going bye bye unless there a new deal. But with the tariff on china they decided no deal
Deborah Shangraw,2025-04-06 21:16:38+00:00,"Be nice if Elon or one of the Trump boys bought it!! 
@DonaldJTrumpJr
 @EricTrump
 @elonmusk"
Patricia Gillespie,2025-04-06 22:47:11+00:00,All it is now is a bunch of ads and people trying to sell stuff anyway!  Not like it was 4 years ago. It sucks
Tori G,2025-04-06 23:23:36+00:00,I think once America gets involved it will improve
P Kruger,2025-04-07 00:02:37+00:00,"I can’t believe they did this to you, Ant!!  F TikTok!!"
Beckerz85_2.0,2025-04-07 03:39:05+00:00,THIS!
Peggy LeClaire,2025-04-07 07:02:45+00:00,"I never downloaded Tik Tok, don't want nothing to do with that Chinese own crap. Screw em!"
Dani,2025-04-07 07:26:37+00:00,"I promise, we will all be better off, honey! You and the others we want to hear from will truly find a way to convey their messages. Tik Tok is not an end all, be all.  I personally didn't even first find you on Tik Tok. Nevertheless, I'm so happy I did find you!"
h²o,2025-04-07 11:41:30+00:00,Fuck em
susan,2025-04-07 12:24:31+00:00,Let’s all report their pages
Cindy Dody Perez,2025-04-07 12:41:14+00:00,FAKEBOOK  banned  me  in June for absolutely  NOTHING  besides  that I'm conservative!!
DaBiGBo5S,2025-04-07 15:09:59+00:00,"After all this BS they pulling, fuck that company, ban them 
@POTUS
 they don’t deserve our help!!"
Janis Kennedy,2025-04-07 16:12:57+00:00,What did ya all do before tiktok?
Izwydeopen,2025-04-07 16:31:50+00:00,All they do is censor conservatives no matter how big or small your account is smh
Alissa,2025-04-07 16:35:32+00:00,I’ve almost completely stop using all platforms except X. All the other platforms are biased and I just don’t have time for it.
MoneyMario,2025-04-11 17:21:36+00:00,"TikTok should’ve already been banned.. it’s the only thing they have to actually impeach Trump over, where they would have the high ground in the argument"
Gabriel,2025-04-06 20:12:53+00:00,"Ban that shit, it’s Chinese made.

Yes, it pay you but it’s collection information of Americans & making people stupid.

It’s CHINA made.
@realDonaldTrump
 ban it."
Zack,2025-04-06 20:11:11+00:00,I haven’t been able to get over 1000 views in months…
Titan Shell,2025-04-06 20:19:08+00:00,Yes I agree!
P182,2025-04-06 20:51:15+00:00,"@ByteDance_CN
 remember who saved your platform"
Samuel Andrew,2025-04-06 20:53:15+00:00,"There's a difference, clear and obvious, between free speech and algorithmically amplifying content (by the CCP) that fuels the dumpster fires in our discourse. There's also a difference, just as clear and obvious, between free people saying x, y, or z and the CCP hand picking"
SmartSlaps™,2025-04-08 17:48:35+00:00,"Your an amazing friend and influencer 

We hate that TikTok doesn’t promote amazing people like you 

 

That’s okay we promote you!"
YouAllSuck,2025-04-07 02:08:53+00:00,Awwww someone is just a retard and a whiny bitch cuz they got banned
Mindful Conservative,2025-04-08 15:51:35+00:00,It just isn’t worth it to invest the time. One comment and the account gets a warning or banned. Free speech is likely not going to matter over there.
HackleBerry,2025-04-06 20:32:06+00:00,"If your using it right and get your algorithm to work for you, it’s a great place for entertainment. Isn’t anymore toxic than being on X. Everyone hates each other here. I say keep TikTok."
F,2025-04-06 21:55:44+00:00,BAN IT!!!
Michele Stokes,2025-04-06 23:45:52+00:00,Absolute bullshit they banned your account! If it’s not reinstated the rest of us will leave!
April Martinson,2025-04-06 23:57:35+00:00,"Conservatives need to leave TikTok altogether. Liberals just want to fight and hear themselves talk. With us gone, they’ll be turning on each other. They can’t control themselves. Don’t fight it…let it happen."
Michele Stokes,2025-04-07 00:27:33+00:00,Literally tagged you from my Mimsey page to show your black up account to my conservative viewers and ZERO !!!!! People have seen it !!!
jayson combs,2025-04-07 00:38:29+00:00,I agree . Speech is restricted on there . And the liberals have ruined yet another platform .
steph (Classic Disney Activist),2025-04-07 01:22:04+00:00,I couldn’t agree more. They removed HALF OF MY LIKES in which it’s not okay?! I had that disneyarchives account since 2023. They are censoring  conservatives and Christian’s left and right in which it needs to stop.
MonteJr83,2025-04-07 03:19:42+00:00,Followed you here on X. They can't silence us all. #AmericaProud
Margaret DiMatteo,2025-04-07 12:02:22+00:00,I’ve never seen so many nuts. Only reason I can think of is that President Trump really is draining the swamp!
𝐀𝐬𝐚𝐤𝐲𝐆𝐑𝐍,2025-04-12 21:43:32+00:00,"Old taker showed new taker his recent transaction of $247,558— omo"
Ajé,2025-04-13 10:49:19+00:00,"TikTok needs to be banned in this Nigeria. But no, this govt would rather ban platforms that empower youth than ones that drain their focus and potential. We keep ignoring how TikTok is quietly influencing the youths in a very bad way."
BAZOOKA,2025-04-13 11:23:51+00:00,Are you saying TikTok does not empower youths ???
Ajé,2025-04-13 11:41:34+00:00,"Well, im talking on a larger scale. If something helps less than 30% of the populations and negatively affects more than 70%. Then there shouldnt be a debate on whether it empowers or not. The use case is bad and thats all there is to it."
LingOrm - Trạm Vsub,2025-04-14 10:03:51+00:00,"Orm đã bấm thích một video trên tiktok, trong đó có dòng chữ: “Ai có thể yêu bạn gái của mình như Orm Kornnaphat chứ?”

Hai người bây giờ đến diễn cũng không thèm diễn nữa rồi hả??????? Hả?

Cre: 胡言乱语日剂
——
Ps: Áaaaaa cứu!!!!

#หลิงออม #LingOrm"
luongmasumi,2025-04-14 10:08:23+00:00,"Ko đâu, Tofu đó 

LINGORM IS REAL
#LingOrm #หลิงออม"
LingOrm - Trạm Vsub,2025-04-14 10:10:22+00:00,"@.ormmormm mời chính chủ vô trả lời lẹ =)))))))

#หลิงออม #LingOrm"
jinyin,2025-04-14 11:10:30+00:00,"@0217ff
 @kwongvien2ho
 @fufukwon
 @Wind_Kwong
 @kun_meow95
 

Huh?!?!

LINGORM IS REAL #LingOrm #หลิงออม"
Leo,2025-04-14 10:51:58+00:00,"Áaaaaa cứuuuuuuu

#หลิงออม #LingOrm"
Aki no.1,2025-04-14 12:41:53+00:00,"Vụng trộm không thèm giấu

#LingOrm #หลิงออม"
Yunns,2025-04-14 10:19:53+00:00,"Đúng rồi, ai bảnh hơn con toai

LINGORM IS REAL 
#LingOrm #หลิงออม"
rowan| rw spn - s4,2025-04-08 11:24:03+00:00,“destiel” and “makes no sense” being in the same sentence is crazy. can we ban tiktok please
emma,2025-04-08 20:00:59+00:00,petition to ban tiktok for good this time!
rowan| rw spn - s4,2025-04-08 20:01:22+00:00,‍‍‍‍‍‍‍‍‍‍‍
lilapittssupremacy #NOTMYFIVE #NOTMYLILA,2025-04-09 11:27:01+00:00,"it pisses me OFFF, like Idc if u don't ship them but u CANNOT say that they're BROTHERS  As a tiktok edit account I see this too much and it irks me so bad"
rowan| rw spn - s4,2025-04-10 05:56:46+00:00,"like cas confessed his canon gay love for dean and if you watch the show, its EXTREMELY obvious that dean felt something towards cas. ppl think that dean needed to say words back but i lowk think everything he had done was enough “proof” that he felt the same"
Alex,2025-04-08 15:00:58+00:00,They act like the tens of thousands of people who have shipped destiel have been suffering from some sort of collective mass-hysteria for the past  16 years
Alina,2025-04-08 11:32:44+00:00,"Even when SPN wasn’t really focused on destiel -as a main plot- they still became hit bc everyone saw them and how real they were 
I CAN’T REALLY BELIEVE THEM"
咸 / xián,2025-04-08 13:17:25+00:00,they either watched supernatural without looking at the screen or they watched it with their brain turned off
yasmine,2025-04-08 14:04:40+00:00,if not the only thing it literally is one of the few things that make sense in spn
asvvhy★,2025-04-08 11:39:52+00:00,No literally I saw a full comment section full of that and I was appalled
eliana,2025-04-08 15:08:43+00:00,people keep telling me that cas’ confession was platonic  FREE ME
Heya!,2025-04-08 17:38:25+00:00,Thank God it's already banned in my country
Nyn,2025-04-09 00:54:02+00:00,"""Makes no sense for you to not see that Destiel is clear text"""
WASSIM ⵡⴰⵙⵙⵉⵎ,2025-04-11 00:34:04+00:00,i hate how tiktok is such a hate-free space everytime i type the most hateful ass comment i get striked with a ban notification
SRH,2025-04-11 07:51:33+00:00,+1
Rine,2025-04-11 01:37:35+00:00,Yeah and the worse part you get banned even when censoring it like how df this app can read my censored slangg?
Sky News,2025-04-05 07:58:25+00:00,"Donald Trump has delayed a potential ban on TikTok for a second time - after China reportedly stalled on a deal to sell its US operations in response to his ""Liberation Day"" tariffs.

Read more"
Erica J,2025-04-05 08:01:07+00:00,Destroy that shit It is literally warping the minds of our children. TikTok is a plague. Pedophiles lure in unsuspecting children and then convince them they are in the wrong body. Grooming happens on tik Tok.
john quinn,2025-04-05 08:17:03+00:00,Should be banned alone for it's porn platform that children can access to.
‌‌. ‌‌‌‌‌,2025-04-13 21:25:30+00:00,"I see china is trying to manipulate American people with their new TikTok videos about luxury products… 

Just remember.. china has banned TikTok…"
Dan in HI,2025-04-13 21:39:47+00:00,"Let's suspend TikTok operations until it's out of Chinese hands. 

This is ridiculous. 

Everyone on TT would benefit from some downtime, maybe go outside and touch some grass."
‌‌. ‌‌‌‌‌,2025-04-13 21:41:07+00:00,I agree !
‌‌. ‌‌‌‌‌,2025-04-13 22:24:07+00:00,I mean the reason China is outsourced with the manufacturing is because they don’t pay those workers over there … duh… you all know this … stop acting so surprised and stop buying the products if you’re so concerned .. China just exposed their shadiness to yall is all
ひるねちゃん,2025-04-11 07:14:40+00:00,エロ店のTikTokが何喋ってもBANされるのはガチ
きよおじ,2025-04-11 12:40:34+00:00,つらいですね。
Polymarket Intel,2025-04-11 08:37:19+00:00,"BREAKING 

If a ceasefire isn’t reached by month’s end, Trump may press ahead with more sanctions on Russia. - Axios"
MagaMeg,2025-04-05 22:02:11+00:00,"Welp 
@tiktok_us
 is about to ban my latest big account.. this will be 15 accounts & so much work & content GONE… why??? Because i support 
@realDonaldTrump
 & America FIRST !"
Cy,2025-04-05 22:47:51+00:00,"@tiktok_us
 @alx
 @bennyjohnson
 @charliekirk11
 how about saying something for the little guys out here  we support your content daily"
Daun,2025-04-06 00:25:40+00:00,I'm still here with ya meg
Paul Schoenbeck,2025-04-06 15:23:15+00:00,Glad I found you here now! Keep the faith!
Justin Harrison,2025-04-07 16:55:53+00:00,Violations
LastDragon1893,2025-04-11 01:41:06+00:00,Post on X instead!
Kosha Gada,2025-04-05 15:42:56+00:00,"The US TikTok ban just got delayed, again.

But this isn't about an app – it's a digital Cold War.

Trump vs Xi Jinping: The winner shapes the next century of technology.

The truth about what Washington and Beijing are REALLY fighting for:"
Kosha Gada,2025-04-05 15:43:07+00:00,"In April 2024, Biden signed an act giving Tiktok owner ByteDance 270 days to sell or face a complete ban in the U.S.

ByteDance's Beijing roots and data collection practices were cited as primary concerns.

But the path to that point was far from linear:"
Kosha Gada,2025-04-05 15:43:10+00:00,"Trump tried to ban TikTok outright in 2020, but courts blocked it.

Then Biden's administration pivoted to a divestiture approach, citing national security.

Congress acted with unusual speed.

But here's the core faultline:"
Kosha Gada,2025-04-05 15:43:25+00:00,"National Security vs Free Speech.

Government officials claim TikTok's data collection and algorithm could facilitate Chinese espionage.

Critics argue it's censorship, stomping on the First Amendment rights of 170M Americans.

Enter the courts, once again:"
Kosha Gada,2025-04-05 15:44:11+00:00,"What happens to TikTok USA under new ownership?  Will it thrive or stumble?

China's algorithm export rules mean the secret sauce stays behind.

Add a 50% US stake, and it's a weird hybrid entity - and the implications extend far beyond TikTok itself:"
Kosha Gada,2025-04-05 15:44:14+00:00,"It has set the precedent for more forced divestitures under the umbrella of ""national security.""

It has undoubtedly escalated the 21st-century battle for dominance between the US and China.

Here's what to expect:"
Kosha Gada,2025-04-05 15:44:26+00:00,"TikTok USA will initially save its 170M user base under new ownership.

But without its core algorithm, it will lose stickiness over time - opening the door for Meta, Snapchat, and X.

If Amazon acquires it, it'll likely become an adjunct to Prime.

But the stakes go higher:"
Kosha Gada,2025-04-05 15:44:29+00:00,"Fundamentally, we're navigating a new era:

• Regulation vs. innovation
• Nationalism vs. globalism
• Free markets and antitrust
• Public vs. private sector interests
• Product experience vs. data privacy
• National security vs. free expression"
Kosha Gada,2025-04-05 15:44:32+00:00,"It's a messy, evolving issue with significant consequences - small and large.

Only time will tell how this chapter in digital governance concludes.

Follow me 
@KoshaGada
 for more insights at the intersection of business, politics and culture.

Please like/repost if you can:"
Kosha Gada,2025-04-05 15:44:35+00:00,"Credits:
https://youtube.com/watch?v=oQpQwUqIO5U…
https://youtube.com/watch?v=HNbKk7L-GEA…
https://youtube.com/watch?v=gXpHEy4AASA…
https://youtube.com/watch?v=NEkCngHMi2Q&t=4s…"
Ramon Vargas,2025-04-05 19:47:21+00:00,"FUNNY “THE WINNER”
Its over already we have been 
INFECTED w TICTOK 
The ultimate Trojan Horse 
He had 2 chances 
To get rid of it NO HE CLINGS
TO IT LIKE A BABY WITH A TATTERED TEDDY BEAR"
We are Letsile Tebogo,2025-04-06 12:14:42+00:00,We cant they just start a rival app ?
MVELASE,2025-04-06 16:40:56+00:00,"China called the bluff. Trump says, ""I'll even reduce your tariffs."" Xi says, ""Ban it!"""
ogbu mario,2025-04-06 22:19:37+00:00,"@threadreaderapp
 unroll"
Agni,2025-04-06 06:50:52+00:00,The next century of technology…. Don’t make me laugh. That’s gonna be your technology  Start getting used to it
Watcher.Guru,2025-04-09 11:04:12+00:00,BREAKING:  China announces additional 84% tariff on US goods.
Gunther Eagleman™,2025-04-09 12:56:39+00:00,We should end all trade with China.
The Misfit Patriot,2025-04-09 13:23:38+00:00,"End trade, ban TikTok, let them fuckin rot."
Andrew johnson,2025-04-09 20:35:13+00:00,And bankrupt the country.  They’re one of our largest trading partners and we LITERALLY rely on them for basically everything.  God damn how’re you this dumb
Mark Thomas,2025-04-09 20:28:44+00:00,"Yeah man...let them rot! How are they gonna recover from losing 12% of their trade, while the US implodes?"
JBakar,2025-04-10 03:14:46+00:00,talking shit as usual. Get a new script you prick.
kem xoài,2025-04-13 10:41:46+00:00,"Post draft lên tiktok đi nói gì nữa bạn 

MC KARINA AT TOKYO DOME 
#MCKARINAxINGALIVE_UNICON"
ぴょんえり,2025-04-11 16:10:49+00:00,TikTokセンシティブな発言で1週間BANされたんだけど、そんな話1ミリもしてない。その場にいたリスナーに聞いても分からんってなってるし、思い当たる節がこれっぽっちもない。異議申し立ても通らない。これだからTikTokは理不尽でゴミカス。後回しにしてたけどBAN対応のためにエージェンシー入らんと
ぴょんえり,2025-04-11 16:14:26+00:00,ピンクで思い当たることは一切なくて、強いて言えば17歳の中国人がブロックしても新垢作って永遠に反日コメントしてた。それくらいしかない。だとしてもBANするならその子じゃない？こちらは個人や国の悪口など一切言っていない。
Kent DeVon,2025-04-13 19:40:55+00:00,"Tiktok is officially a gay ass app now. There’s a three strike rule that gets your account banned and if you say the most minor “offensive” words in your comment, they give you a strike before banning you the third time. Just ban that garbage app, it’s dead."
Rick Ross Lemon Peppa Strech Marks,2025-04-14 03:17:03+00:00,Nigga
Kent DeVon,2025-04-14 03:27:35+00:00,"Exactly, they strike your account for comments like this, then when you appeal it, they double down and say that you were in the wrong. I could understand cracking down on bullies, but banning words regardless of context is stupid. Tiktok will die just like Vine unfortunately."
meldy (*´꒳`*),2025-04-09 20:57:57+00:00,"Every couple of months we are hit with another tiktok ban scare, just stop edging us and ban it already tbh"
ru,2025-04-09 21:00:28+00:00,The only reason why I don’t want it banned is because the editing community on insta has gone to shit
すいすい,2025-04-07 04:39:43+00:00,"YouTubeを見てくれる人を少しでも増やしたい…！と思ってTikTokでもアカウント作ってショート動画を流していたんですが、BANをされ…また作ってもBANをされ、
ことごとく消されていくので泣けてきます。。ඉ ̫ ඉ"
Zolah Malema,2025-04-11 20:24:25+00:00,"Hi 
@elonmusk
 please buy TikTok and ban it"
Don Dada,2025-04-13 16:55:22+00:00,Someone’s father
Iddrisu Mohammed Hardi,2025-04-12 10:36:20+00:00,Stress free
Mario Nawfal,2025-04-13 20:07:16+00:00,"RARE EARTHS AREN’T RARE—CHINA OWNS THE REFINING, NOT THE MINES

Elon’s right: rare earth minerals are found all over the world—including in the U.S.—but China controls over 85% of global refining. That’s the chokehold.

The problem isn’t digging the stuff up. It’s turning it into"
Rod D. Martin,2025-04-13 00:10:24+00:00,"BREAKING: Trump just dropped a BOMBSHELL border order. The military is taking control of federal land along the Southern border. 

President Trump just militarized the “Roosevelt Reservation” along the US border in CA, AZ, and NM

This is HUGE...

THREAD"
Bad Hombre,2025-04-13 22:30:07+00:00,"Democrat fragility is a sad thing. 

In just the past 24 hours, Democrats have announced that they’re:

- canceling their HBO subscriptions because Bill Maher dined with Trump,

-vowing never to vote for Gretchen Whitmer again because she went to the White House,

- and throwing"
zayn zainab,2025-04-01 19:38:37+00:00,Saddest news
Jerome Joseph,2025-04-01 10:10:27+00:00,Anti tabimanyi that's why. He lives the other side of the century.
Isaac Nyesiga,2025-04-01 12:37:45+00:00,Manya enaku yoo
muzukulu wabassekabaka,2025-04-01 18:08:45+00:00,God Bless Dr. Nalukwago
Kayongo Juma,2025-04-01 22:58:43+00:00,Thank you Dr. Judith for standing with the oppressed citizens
May,2025-04-01 09:54:51+00:00,I hear Oracle is planning to buy TikTok. Oracle was recently hacked. Coincidence?
Will,2025-04-07 09:30:52+00:00,"So they restricted my whole device, which means no matter what account I create from whatever email, they automatically restrict me as a minor and only allow 1 hour and I can't search anything.. Fuck Tiktok, is there a way around the restriction, or I need a new device IP??"
AI_Chat_Bot_Ver2.0,2025-04-02 08:27:33+00:00,What's that matter? It was never voted on by the people and they have no say in it at all.
Dinçer Azaphan,2025-04-14 06:32:48+00:00,Eli öpülesi amcam ne gerekiyorsa en kısa sürede senin yüzünü güldüreceğiz
Aylin İyiyazıcıoğlu,2025-04-13 17:32:37+00:00,Biz ayrıldıktan sonra getirmiş biri Türk Bayrağını  Ne de güzel olmuş  #MattiaAhmetMinguzzi
Boşuna Tıklama,2025-04-14 08:07:47+00:00,"DNA raporu ile 4 yaşındaki Uzay'ın %99.99 babası olduğu belirlenen Hacı Sabancı, babalık davası kararına itiraz etti. (Hürriyet)

""%99.99 oran yeterli değil."""
zımba,2025-04-13 11:52:24+00:00,ayranla beraber 100 lira amk.. Gümüşhane’deki adama tabi ekonominin kötü olduğunu anlatamazsın
eret : new icon !,2025-04-13 23:03:07+00:00,Me 10 pm:                      Me 6 am:
Sel⁷,2025-04-13 16:09:09+00:00,"ANGER ASIDE

so grateful for that the army who told hobi we're here translating in real time for them so he knows we're here and he doesn't have to speak english, ik it's a silver lining here but.. ik translating like this can be slow or whatever but i'm still thank you for"
⟭⟬Indigo Gwen⟬⟭²⁰²⁵ ᴮᵗˢ ʸᵉᵃʳ ⁷⁼¹ ᴮᴱ ᴾʳᵒᵒᶠ,2025-04-13 22:42:16+00:00,"If any member comes out of the military and decides they want to put out another solo album or go on a solo tour before they jump back into group work, we will all support them 100%. No one has an issue with them doing whatever it is they want. We just have a problem with people+"
sun,2025-04-13 06:03:28+00:00,"You call us robots, we call it synchronized global impact. Stay pressed."
Julie H,2025-04-02 23:41:06+00:00,Worst mistake parents can make is to allow their children to be on phones and tablets at a young age!
M,2025-04-13 23:50:22+00:00,They are CRAZY!
AARON,2025-04-14 03:37:47+00:00,everyone tagging me
Pop Base,2025-04-14 03:14:06+00:00,LE SSERAFIM to release ‘HOT (English Ver.)’ featuring JADE at 12 AM EST.
Lish |,2025-04-13 07:51:59+00:00,Chaewon with izone lightstick in 2025?!?!?!?!
Shawn Kellam,2025-04-05 19:11:38+00:00,I agree. My friends are all Tic Tok addicts and encouraged me to join. I've downloaded the app & deleted it 3 times because it's absolutely useless to me. Nothing but endless vids of nothing useful. YouTube is way better
joji,2025-04-14 11:31:58+00:00,Brother you jeeted for a 2.49%
Sibel,2025-04-14 11:28:44+00:00,"I almost forgot that this is the whole point. 

I made low-mid 8 figs in four years. At first, I thought designer clothes, super cars and expensive restaurants would fix my life.

I bought, god knows, hundreds of luxury clothes. Even at some point I was getting gifts from my SAs"
polar,2025-04-13 17:07:08+00:00,can't believe this was a real screenshot
