UserID,Date,Comment
Ciprian Bujor,2024-12-03 19:00:30+00:00,"Presați de parlamentarii europeni, reprezentanții TikTok au recunoscut că au eliminat abia vineri, la cinci zile de la primul tur al alegerilor prezidențiale, două rețele, dintre care una asociată cu Rusia, care l-au promovat în mod ilegal pe Călin Georgescu. Comisia Europeană a acordat platformei chineze termen până pe 13 decembrie să răspundă mai multor acuzații înaintate de autoritățile române.
https://biziday.ro/303965-2/
                    ( Shared via Biziday : https://play.google.com/store/apps/details?id=ro.biziday… )"
Ciprian Bujor,2024-12-03 19:55:02+00:00,Cuvântul cheie este “ilegal”
Răzvan 14,2024-12-04 05:20:36+00:00,Și dacă e așa de ce retardul ăsta mai e in libertate ?
Ciprian Bujor,2024-12-04 06:59:25+00:00,"În libertate poate fi, nu ar mai trebui să fie pe buletinele de vot."
Alexandra,2024-12-03 20:53:33+00:00,Dacă mâine planeta este lovită de un asteroid ești din vina rușilor !
0149,2024-12-03 19:19:32+00:00,"Lol ... Pai că corupție... Că alea alea ... O să vezi cum de la ""Nu vrem să ieșim"" o să vrea sa ieșim. Și din UE și din NATO."
ender,2024-12-03 21:17:32+00:00,"totusi cand le-a fost adus la cunostinta aceasta ilegalitate? TikTok are niste reguli, cand iti faci cont semnezi ca le respecti.daca nu ori esti identificat ori raportat si esti sters. au fost acele conturi raportate? sau e responsabilitatea lor sa ii identifice? dupa ce reguli?"
Alex Julian,2024-12-04 11:24:24+00:00,"Dar faptul ca USR a facut si face acelasi lucru nu se investigheaza, nu? Cu boți si trolli. Imediat cum au fost demascati, si-au sters continutul si conturile de pe tiktok. Marș ma cu propaganda asta ieftina. Ii intreceti si pe ruși la capitolul asta smr.."
dan pernea,2024-12-04 12:21:52+00:00,"care tip de jurnaliști te-au mințit în halul ăsta 
Exact aia sau gândit parlamentarii eu să facă 
Cât de disperați sunteți"
antony,2024-12-04 10:02:04+00:00,
Mika Dots,2024-12-04 04:37:37+00:00,Cand te tratezi prietene se boala mintală cu Rusia ?  Sunt medici destul de buni la Gh. Marinescu. Dumnezeu sa-ti dea multa sanatate !
Dan Mihalache,2024-12-04 10:04:10+00:00,FAKE NEWS!!! MANIPULARE! nici o clipa nu au spus Tik tok acest lucru. A fost o audiere dar nu s-a spus acest lucru. Urmariti videoclipul audierii nu inghititi pe nemestecate ce zice biziday..
Golden Cross Stocks,2024-12-03 19:31:55+00:00,"$ILLR The U.S. #TikTok Ban is on the Horizon... 

Triller is positioned to take a large part of the 170m TikTok users in the U.S. 

#triller #talkcapabilities $PXDT $DRUG $COIN $AI $META $NVDA $MARA"
Dominic Cardy,2024-12-05 21:37:52+00:00,"Canada!

Ban TikTok now. Before it's too late."
Scott gibboney,2024-12-06 13:41:11+00:00,"Tiktok sucks but  Russia is not the problem.  Not everything is Russia's fault. Shit like this your party will never get votes.

The future is not you for Canada"
Dominic Cardy,2024-12-06 16:34:29+00:00,"Your lack of interest in knowing the truth is your problem.

Of course not everything is Russia's fault. But a number of things are - the things they are actually doing.

I find holding ppl responsible for the things they do, to be a good starting point in life."
Mickey Sunshine,2024-12-06 17:35:28+00:00,"Ban it for the bad financial advice alone, let alone anything else."
Darrell Patan,2024-12-06 00:21:25+00:00,THIS!!
Peabo E. Beavers,2024-12-04 21:41:07+00:00,"Saying something that could even be interpreted as mildly off-color would make them pariahs throughout their friend circles and women can ruin a man’s life forever for Tik Tok views. Also, the women bring nothing to the table."
pixlflip,2024-12-05 03:43:29+00:00,"Exactly. Many can't even find one that can cook, much less would do so well or willingly"
Peabo E. Beavers,2024-12-05 04:04:07+00:00,"Hey don’t get greedy, lol"
Dustin Gajowiak,2024-12-05 14:01:23+00:00,"Can't cook, fuck like a fish, useless around the house, and think they're God's gift. Honestly, there's nothing I need a female for. I have my dog to hangout with, and my hand does that twisty thing I like."
Sorat,2024-12-10 23:04:38+00:00,"The CallMeCarson fiasco from 2020 still pisses me off
- Guy DMs a girl and awkwardly talks to her about sex
- They're 19 and 17 respectively
- Said girl leaks the DMs, and the Twitter mob starts playing the age gap card to cancel the dude
- It gets laughed out of the room, and so"
yoda,2024-12-06 17:16:59+00:00,Men now are classed by women as second citizens. Move in for a kiss on 3rd date you are a creep. Don’t pay for everything on a date you are mean and tight. Women fought for equality and now when guys say no thankyou they are ragged on.
Jennifer Powers,2024-12-03 13:27:17+00:00,Another example of the state's inverse relationship with risk. We ban porridge but not Snap or TikTok or smartphones for kids. Insane.
Suhi,2024-12-05 01:06:38+00:00,"Meanwhile Patwari solutions, 

The cartoon Shafaat Ali ki solution: TikTok ban karwa do.  

Koi doosra unimportant cartoon: apna aggressive narrative rakho.

Gadhon.  Why don’t you ask your army and your government to actually DO something? 

Ek toh yeh parhay likhay nahi, phir koshish bhi nahi and inn ki leadership lalchi, haramkhor and bhikari.

Ideas toh koi hain nahi, jo bachi hai economy, ussay bhi Barbaad karwao.  ULLU K PATHAY!"
Libs of TikTok,2024-12-04 15:35:29+00:00,"2 years ago I reported on the child s*x changes at Boston Children’s Hospital and many other hospitals. For my efforts I was defamed for MONTHS by the media, was blames for DOZENS of b*mb threats, had AOC cry about me not being silenced, and got temporarily suspended 8 times.

Today the Supreme Court will hear arguments for Tennessee’s ban on child s*x changes which could end the child m*tilation industry for good!

I am so proud and humbled by the work we’ve done on Libs of TikTok to be a leading voice on this issue.

It’s time to end this madness!!"
Liberacrat,2024-12-04 15:36:05+00:00,And remember folks…
I Love America News,2024-12-04 15:37:18+00:00,Truth: #SaveTheChildren
Juanita Broaddrick,2024-12-04 15:55:30+00:00,You are a beacon of hope for kids.  Thank you.
Chuck Callesto,2024-12-04 16:04:48+00:00,"They want to take our children by any means necessary. 

This is great work. 

Praying the Supreme Court does the right thing. 

Children are children, and they should not be subject to indoctrination of any kind."
Orietta Rose,2024-12-04 15:38:45+00:00,"No child is born into the wrong body.

DNA won't change.

Men can't turn into women.
Women can't turn into men.

It is evil to doom a child to body mutilating, irreversible surgeries & a lifetime of medication to fight nature."
Ankush sharma,2024-12-04 15:37:44+00:00,Nobody gives a shit if someone is trans. We just don't want kids to be trans. They can make that decision as an an adult and Godspeed.
Paul A. Szypula,2024-12-04 18:45:36+00:00,"You should be proud for having saved children’s lives.

AOC should be jailed for costing American lives.

You two are not the same."
Erin Elizabeth Health Nut News,2024-12-04 15:40:53+00:00,Huge congratulations and I’m glad you’re giving yourself some credit. What Boston’s Children’s Hospital were doing the children was horrific. And don’t get me started on the lawsuits for the children who they’ve  killed there as well.
Liberacrat,2024-12-04 15:39:50+00:00,"We’re proud of you and all the work you’ve done to combat this gender madness that’s being pushed on children by Democrats on behalf of their donors; Big Pharma and Surgeons/Doctors.

We are glad to be alongside you in this fight, Chaya and will always have your back."
"Andrew Zywiec, M.D.",2024-12-05 11:16:11+00:00,"2 years ago I was the only doctor to file a Supreme Court lawsuit in NY against this madness. The backlash I faced was something the likes I have never seen. We spoke before, and you said you might help me gain some traction. Help us help kids. 
http://doctorsagac.com"
Shadyyee,2024-12-04 15:38:50+00:00,Biden Admin sent two FBI agents to a nurse’s home who told the truth about the s*x-change program for minors at Texas Children's Hospital.
Samuel Culper 722,2024-12-04 15:40:40+00:00,"The child trans movement comes right out of the Marx/Engles family destruction and free love playbook.  

So many people still don't understand what sick freaks those two were and actually take them to be serious thought leaders."
Pink Muse,2024-12-04 22:04:23+00:00,Thank you
Suzy Shofar,2024-12-05 13:12:51+00:00,Thank you!
Human Dilemma,2024-12-04 15:37:05+00:00,The left doesn’t care about kids; they care about power. Keep pushing.
Dr. CZ,2024-12-04 15:44:22+00:00,"Guess I accidentally became the bogeyman for exposing truths no one wanted told. The hospital's warning system worked overtime, but not for the patients, eh?  #TruthTellerTroubles"
Minions of Reason,2024-12-05 03:53:09+00:00,"I don't know what is more irritating, AOC's voice, her total lack of intelligent nuance, or the fact she was elected multiple times to have a seat in the US government."
Sal Robins,2024-12-05 07:59:39+00:00,Were they doing hysterectomies on kids?!
Metakris,2024-12-05 16:58:11+00:00,Thank you for your hard work for our kiddos!
Mike from Virginia,2024-12-04 18:28:31+00:00,yet she/AOC will never recognize that calling Trump Hitler and Fascist could indirectly lead to attempts to kill him
Liz Wriston,2024-12-04 15:37:15+00:00,I pray that they make the right decision today.  This shouldn't even be a topic in my opinion.  This should have not been something that came to fruition ever!  In Jesus name we pray they do the right thing.
Steven Coster,2024-12-04 16:14:27+00:00,On the other hand do we WANT the government to step in and deny the parent's wishes in regards to the upbringing of their children? This is a very dangerous issue...
Ali L.,2024-12-04 18:24:24+00:00,It's AOC. A rock is smarter than her
Deb J,2024-12-05 02:17:19+00:00,I am so proud for you.  You are brave and you are a warrior against crazy.  I’ve often thought of your media outing and how well you handled it.  Press on to the mark.
Spock The Ripper,2024-12-05 02:58:13+00:00,"Well, that is YOUR fault for....(checks notes)......Noticing Things!"
Jonathan,2024-12-04 19:07:52+00:00,Great job Chaya.  We are all blessed by the work you do.
Truth is coming. Enjoy this week. Happy Easter!,2024-12-04 22:52:11+00:00,Thank you! That's all I can say. Thank you. It didn't help my second child (they made the choice once they turned 18) but we need to stop this evil here and now. Forever more.
Duncan Stewart,2024-12-04 23:32:11+00:00,We love Trans Ams
Completely Fed Up,2024-12-05 01:57:29+00:00,Thank you for your hard work and dedication to fight this issue.
Ginny Mobley,2024-12-05 02:20:12+00:00,"I guess.
I'd better run down to Texas children's and see if they're behaving themselves too cause..You know how they are"
Mona Burch,2024-12-04 20:57:17+00:00,Good for you! This was a long time coming. Perseverance pays off. Merry Christmas.
Valerie,2024-12-04 19:01:01+00:00,We are proud of you too! Doing the right thing is more important than being popular. The right people will respect you for the right reasons. Thank you
WitchKraft #SexMatters,2024-12-04 19:39:53+00:00,Thank you for your work in exposing this horror. Thank you.
The Quipper⚘,2024-12-05 02:46:37+00:00,Protect our children!
Rodeo_Rowdy,2024-12-05 14:23:14+00:00,"Thank you, Libs of TikTok for being a town Square speaker!

And thank you so very much to Elon Musk for buying X to be the platform"
Katherine Chua,2024-12-04 20:12:17+00:00,"Yes, thank you.  Those voices who have spoken up gave me sanity rather than leaving me demoralised.  Thank you."
Limb Chicken,2024-12-04 23:54:21+00:00,You do absolutely amazing work and I thank you for your service.
Rosanne Jordan,2024-12-05 00:48:31+00:00,
can't remember,2024-12-05 02:26:05+00:00,Everyone with a sane mind supports what you do! Keep pushing!!!
LuigiRossi223,2024-12-06 02:30:41+00:00,"I spoke out about the corruption in the Biden family, the Democratic party, and several 3 letter agencies until they finally banned my last account. Now this one was flagged and shadow banned. Keep up the good work."
Chrissy,2024-12-04 19:17:45+00:00,Thank you for all the work you do. God Bless
MAGA Mark,2024-12-04 19:27:05+00:00,Thank you for all your efforts to expose these psychos!!
BoxingMeetsBeauty,2024-12-04 19:36:23+00:00,Thank you for all that you’re doing. We stand with you
ConservativeCauses,2024-12-04 19:57:36+00:00,"Everyone needs to pray.  Satan and his minions are stronger than ever in America today!

#ProtectChildren #BanPubertyBlockers #BanTransSurgery #ParentalRights"
Jon Stevenson,2024-12-04 20:28:02+00:00,We so appreciate all that you've done and the clever way that you've brought these issues to the forefront using the left's own words and works!  Thank you!
Dave,2024-12-04 21:10:42+00:00,Why are the ones crying racism and bigotry always the biggest purveyors of these behaviors?
Dan Boren,2024-12-04 22:13:04+00:00,Yes it is!
M♛GA™,2024-12-04 22:28:25+00:00,Thank you for your amazing work
Infinite,2024-12-04 22:50:01+00:00,Good lord why has thou sent us this moron.
Chien Kwok,2024-12-05 05:04:27+00:00,This clip should be used by anyone running against AOC.
William Howard,2024-12-05 05:20:04+00:00,Agreed
Dabney Fountain,2024-12-05 05:39:32+00:00,A resounding halt child mutilation
MermaidMoose,2024-12-05 05:40:11+00:00,"God bless you richly, Libs."
James Campbell,2024-12-05 05:40:21+00:00,Does John Wilkes booth still have any living relatives? And I’m guessing most won’t understand
Dabney Fountain,2024-12-05 05:43:06+00:00,Bomb threat might be against child mutilations.
Gwehe,2024-12-05 06:12:35+00:00,"You are a lib yet you were against child abuse, the mutilations of minor children is incredible! Good for you for being so brave! Politically you are a liberal but for the protection of children, you are definitely on the Conservative side.
Very admirable position to stand for!"
Gwehe,2024-12-05 06:13:30+00:00,I can’t stand to listen to AOC!
MikeRich77,2024-12-04 15:55:14+00:00,"@AOC
  when are you up for reelection?"
Samy,2024-12-04 18:24:34+00:00,"We are all, civic wise men, aware of the negative sides of democracy and humans rights granted to everyone. Everyone means that even humans without sufficient knowledge or even worse completely brain-washed, or politically corrupted, have the rights to sit in spaces that"
Bad Nonni,2024-12-05 01:21:56+00:00,Thank you for keeping up the good fight to protect our children
Borealis,2024-12-05 03:38:59+00:00,"Thank you for all you do. The Washington University-St Louis Children's Hospital Gender Clinic is closed. A whistleblower detailed how children's mental health issues were ignored to push gender therapy. The St Louis Post-Dispatch sided with the clinic, but a NYTimes"
UGA,2024-12-05 03:50:30+00:00,"You are a leading voice and what you say truly has a great effect on those around you.

Keep it up 
@libsoftiktok
!"
THEQWEENBEA,2024-12-05 04:05:36+00:00,@3rdRail
][~][~][~][~][,2024-12-05 04:12:05+00:00,There’s no object definition in a hysterectomy so a testosterone chemical annihilation of the uterus could be considered a hysterectomy.
Juju,2024-12-05 04:25:09+00:00,"@AOC
 is a complete joke. God her arrogance and projection of the hate and violence of her own party even back then. Wicked witch of the west is what she is"
Preeti Parab,2024-12-05 04:31:25+00:00,"@AOC
 ???? Please study this topic without political bias."
Bill,2024-12-05 04:38:45+00:00,Amen
Buckster112,2024-12-05 04:50:40+00:00,Thank you
Erica,2024-12-05 04:50:41+00:00,"Did 
@AOC
 ever apologize?"
Tracy Schmitt,2024-12-04 18:26:27+00:00,Thank you for all you do!
_d,2024-12-04 18:27:27+00:00,We are so grateful to have you fighting for these children !!! And for all of us
SeabeePatriot133,2024-12-04 18:40:51+00:00,"I feel sick to my stomach about all the children they’ve already destroyed, for their own personal distorted fantasies. Thank you, the tide is turning, this evil needs to be buried into the depths of Hell."
Mark,2024-12-04 18:54:00+00:00,Thank you
Keith Brock,2024-12-04 18:54:50+00:00,I worked as a consultant for BCH and was blown away during a required gender sensitivity training that the person leading the training was BRAGGING that they had a way to hide preferred pronouns from the parents in their charting.
Deplorable Darla,2024-12-04 19:09:41+00:00,You are a warrior!
Nonya Beesnees,2024-12-04 19:23:17+00:00,"Have you sued 
@AOC
 for defamation? You should."
LeaveThemKidsAlone,2024-12-04 21:48:07+00:00,Rep. Cortez is a menace — also a liar & a grandstander.
Ana,2024-12-04 21:56:26+00:00,She probably make some money too
Less Than Zero,2024-12-04 21:58:29+00:00,
Vสϻpℽ,2024-12-04 22:05:18+00:00,What's next on your hit list? Gay marriage?
Donna,2024-12-04 22:14:16+00:00,Keep fighting!!!
Coody,2024-12-04 22:28:28+00:00,your a celebrity..
Übermentions,2024-12-04 22:36:53+00:00,"Why do you censor the word ""sex?"" That's just weird and creepy."
Chrysallian,2024-12-04 22:37:12+00:00,"It's time to end your bigotry. If this place still had decent moderation policies, you'd be booted again just like you got booted from the skies of blue."
God's Chosen,2024-12-04 22:44:59+00:00,I'm honestly glad you're not just a meme account and fight for whats good and right.
Shady Lane Farm,2024-12-04 22:52:40+00:00,"Then you must know about the conferences held in the late 70s on the B.U. campus the heavy push and madness started then as bad as Berlin in the 30s. Fighting and disagreement amongst MDs, pharma execs and pols from around the world. Billions of $ was pushed if you accepted this."
craigvalk,2024-12-04 22:53:14+00:00,I find comfort in knowing these people will burn in hell.
SongBird,2024-12-04 23:09:04+00:00,Sickness beyond words
HERSHE®,2024-12-04 23:10:15+00:00,Well done
Lisa Marie Kelly,2024-12-04 23:13:46+00:00,"Now they should investigate Pittston area school District in Luzerne County PA teachers telling these young kids they are the wrong sex and now they have them so messed up, kids are thinking they are animals smh ,friends 10 yr old granddaughter thinks she's a FOX and wears a tail"
stacy keller,2024-12-04 23:15:20+00:00,We who have supported you are so proud of you and how far sanity has come back because of your efforts!
jojo07,2024-12-04 23:17:54+00:00,Thank you for your part in moving this issue forward
WestCoastRavencoin,2024-12-04 23:20:42+00:00,Please and amen!!!
Kendall Rae,2024-12-04 23:29:42+00:00,"@ChayaRaichik10
 is just a Man! That’s what I heard.  And a lying asshole!"
JWoz,2024-12-04 23:30:08+00:00,You rock sista!!
cat bailey,2024-12-04 23:31:17+00:00,I pray the Supreme court will render a sane ruling.
SCMom23,2024-12-04 23:34:34+00:00,Bet the men all say no and the women say yes .. it will be a shit show and most likely have to go back to the states
BurntCrowStudios,2024-12-04 23:37:39+00:00,"Sorry, cant listen to that airhead speak"
Miss Robin,2024-12-04 23:38:22+00:00,I've been following & supporting this (& you) from day 1! Thank you for fighting for our children!
ultramaga,2024-12-04 23:47:02+00:00,Just tell the fucking media:
Javid Thoman,2024-12-04 23:58:54+00:00,Thank you.
Shawn Collins,2024-12-05 00:14:07+00:00,Thank you ma'am
SundayDriver,2024-12-05 00:15:20+00:00,thank you
GG,2024-12-05 00:18:26+00:00,"Listening to the arguments, Sotomayor & KBJ are completely dense & cannot comprehend the idiosyncrasies of the argument & of the hormone treatments, not to speak of the surgical treatments for children.  They are clueless despite the elementary explanation Against the"
EagleLife365,2024-12-05 00:24:46+00:00,Amen.
Funny Club,2024-12-05 00:27:23+00:00,Thank you! It’s time to end this madness. Mutilating children. Good God.
Christopher Chandler,2024-12-05 00:29:33+00:00,Thank you so much!
Sandy B,2024-12-05 00:33:28+00:00,Great work!!
Tracy Alyson,2024-12-05 00:38:37+00:00,Finland tried the practice and banned it because it caused gender dysphoria with a high rate of suicides!
Mike's End Zone,2024-12-05 00:46:57+00:00,Thank you!
Sandy Gallagher,2024-12-05 01:10:07+00:00,You’re a loser.
Valkyries for women,2024-12-05 01:21:52+00:00,Congratulations
Thomas Brennan,2024-12-05 01:28:28+00:00,
JS76,2024-12-05 01:31:19+00:00,AOC is such a embarrassment as a human
Mendel Blizinsky,2024-12-05 01:35:30+00:00,Keep up your GREAT and IMPORTANT work!
Ro Fa,2024-12-05 01:41:57+00:00,"I remember a lot of that, and you posting. You got info, you posted it, you tried to protect the young.
They went after you, and then went after you some more.
This is a type of vindication and many of us thank you for stepping up"
Sherly Salisbury,2024-12-05 01:42:04+00:00,Thank You.
US Citizen,2024-12-05 01:42:29+00:00,
Cainer,2024-12-05 01:49:00+00:00,champion of morals and common sense
Brian McQuillan,2024-12-05 01:56:12+00:00,You do God’s work
Sickofit,2024-12-05 01:57:38+00:00,"You should be proud. 
Great fight"
Cathleen Isabella,2024-12-05 01:58:26+00:00,Don’t worry about idiots like AOC.   We love you. Keep up the amazing content!
RedditsCensorship,2024-12-05 02:01:11+00:00,"I have never heard of people threatening to harm a trans kid

Only threats i hear are towards the parents and groomers enabling the mutilation and indoctrination of innocent children"
Jim Holmes,2024-12-05 02:06:07+00:00,Thank You for All You Are Doing To Expose the  Malignant woke insanity!
DeVoreGroup1,2024-12-05 02:10:33+00:00,Yes!
@PurpleDiamond,2024-12-05 02:14:13+00:00,Hmmm you way you all are obsessed with  #Trump and his supporters just asking..
Another_Ting,2024-12-05 02:16:51+00:00,"Libs of TikTok, thank you for shining a bright light on the insanity.  You have been brave and tireless in trying to restore normalcy to our country."
Bernard Donickons,2024-12-05 02:22:47+00:00,God bless you!
Lovely Lady,2024-12-05 02:23:27+00:00,"You are a national treasure. In fact, an international treasure. And once Elon gets to Mars, an interplanetary treasure. Thank you."
brian melendez,2024-12-05 02:51:51+00:00,AOC is a disgrace
SaltDisney,2024-12-05 04:58:07+00:00,I remember you went to her chambers and they shut the door on you… AOC “loves” you LOL
Paula T J,2024-12-05 05:23:49+00:00,Time to end it
Fort,2024-12-05 05:49:07+00:00,"Well done, well done, well done."
Bill Brasky,2024-12-05 06:17:39+00:00,hero
𝒩𝒲𝒞𝑜𝒶𝓈𝓉,2024-12-05 07:16:00+00:00,"The compassionate thing to do is bring back the DSM-5 guidelines and Mental Health Facilities and give these trans/pronoun-obsessed people the help they really need.  It is essential that any crimes committed by them against children are brought to light, and consequently, they"
Andrzej Ignaciuk,2024-12-05 02:20:48+00:00,Can some giant black dude with a horse cock just dick her down so she shuts the fuck up and chills out a lil .
Bobbi Vick,2024-12-05 02:25:34+00:00,I agree and I have stood with you. This mutilation of children should have never been something even spoken much less actually doing. I country that cannot protect the most vulnerable should be destroyed.
bon,2024-12-05 02:27:46+00:00,Amen
Deplorable Sprig,2024-12-05 02:30:37+00:00,Sex change surgery should be banned outright. Not just for kids. For adults too. It's medical malpractice that takes advantage of the mentally ill. It never should have been legal in the first place.
Al Weimer,2024-12-05 02:43:23+00:00,Thank you!
Suzanne,2024-12-05 02:47:58+00:00,Thank you for persevering despite all the opposition you have faced. You are a true hero.
Angie,2024-12-05 02:49:10+00:00,"Save this video, AOC plans a 2028 presidential run"
CadeP,2024-12-05 02:51:50+00:00,Thank you for pushing this issue into the public’s eye!
Smith Investment Group,2024-12-05 02:53:50+00:00,of children to convince them to undergo torture that will last them a lifetime. Robbing them of a life God had for them. Monsters.
Hope for All,2024-12-05 03:01:25+00:00,It’s they and them that cannot let go. We want our children to be free without fear and of propaganda or grooming. Freedom to protect our children . They must grow up to make decisions that may prevent those that prevent them from enjoying sex  marrying and having their children.
Vriot,2024-12-05 03:07:02+00:00,Thank you...
Ashley Clifford,2024-12-05 03:09:31+00:00,Great Work!
Keith,2024-12-05 03:11:08+00:00,
RoadWarrior77,2024-12-05 03:15:11+00:00,Thank you for all your work
Rock Star,2024-12-05 03:22:03+00:00,Poor wittle AOC is always crying. This commie wants to run for POTUS? A severe fix of an election is the only way she could win
Israel GARZA,2024-12-05 03:27:16+00:00,AOC IS A MAJOR POS AND HAS NO BUSINESS TO BE IN CONGRESS
Iruleispissed,2024-12-05 03:34:14+00:00,
Lucy Rocha Santos,2024-12-05 03:35:33+00:00,Congratulations and thank you
Rose USA! USA!!,2024-12-05 03:52:46+00:00,Amen .   Thank you
Powerful_coffee,2024-12-05 04:17:07+00:00,Thank you
Orville,2024-12-05 07:42:50+00:00,
IdahoMtngirl,2024-12-05 09:43:51+00:00,Thank you !!
Robin Richtsfeld,2024-12-05 13:48:55+00:00,"""The Center for Gender Surgery at Boston Children's Hospital offers gender affirmation surgery services to eligible adolescents & young adults who are ready to take this step in their journey. It is the first center of its kind in the U.S. in a major pediatric hospital setting."""
Martina Shantez,2024-12-05 14:48:40+00:00,I bet they made the bomb threats themselves. They are all Jussie Smollet.
Mike Snider,2024-12-05 15:41:50+00:00,"A warrior for the Constitution and Good!

May you be blessed!

Mike"
Robert J. Thomas,2024-12-05 18:38:42+00:00,"Hear, hear! Thanks for helping draw attention to this vital issue, Chaya!"
Dצבי,2024-12-05 18:58:10+00:00,We stand with Chaya!
B.S. McLean,2024-12-05 19:48:14+00:00,This Trans crap has gone to far.  My pick up truck just Transitioned from a manual to an automatic Transmission forcing me to cut off a perfectly healthy stick shift. This must stop!
Asher Press,2024-12-05 23:15:48+00:00,"Thanks for all your work, Chaya!

AOC storms away from ‘Libs of TikTok’ creator on Capitol Hill"
JayTeeKC,2024-12-06 03:11:56+00:00,Thank you for fighting for our children and sanity in America.
Paul Paradis,2024-12-04 19:57:37+00:00,"She is a good actress , I’ll give her that"
You're Really Confused,2024-12-05 16:16:55+00:00,Were they or were they not sterilizing children?  Taking advantage of the confusing period growing up and working their way through to adulthood. Did they not chemically castrate causing irreversible damage to their lives during the most challenging times of their human
Lynette McElroy,2024-12-05 16:29:13+00:00,"When they come after you like that, you know what you say is true. I think we're all realizing that and that just makes our resolve that much stronger. Congratulations and thank you for doing this."
NatGreene,2024-12-05 16:40:41+00:00,All the attention confirms you were over the target.
Inconceivable! (who/me),2024-12-05 17:04:23+00:00,Support for this barbarism is just crazy. Evil.
Sledgehammer,2024-12-05 17:24:21+00:00,Keep fighting the good fight
Steve Gordon,2024-12-05 17:31:10+00:00,You have been a hugely important member of the constellation of truth tellers that have exposed this diabolical practice. Thank you for your fearless work to protect our kids!
Anna Corina Villarreal,2024-12-05 17:41:04+00:00,
zer0 c00l,2024-12-05 18:10:36+00:00,Thank you for your bravery and diligence in the face of pure evil.
Unapologetic Boomer Nostalgia,2024-12-05 18:37:15+00:00,Well we know how the three DEI hires are going to vote.
Mike lambro,2024-12-05 04:17:24+00:00,Wait you said hysterectomy to children. So you protecting children? Or the Dr's that like to practice mutilation on children? It was too short of a video for me to make a conclusion
Cuff,2024-12-05 04:25:22+00:00,Things sounded like they were going well. Even Jackson and Sotomeyor pushed back.
Julie H,2024-12-05 04:28:12+00:00,Agree! Thanks for your attention to this matter!
Ellie Harrington,2024-12-05 04:30:05+00:00,"This woman in congress is one of the worst things that has happened to our country in my lifetime. Perhaps when she begins a family, she'll better understand the diabolical nature of what she is overlooking, here."
DD Meyers,2024-12-05 04:46:04+00:00,
DD Meyers,2024-12-05 04:47:22+00:00,How AOC was elected is dumbfounding.
Bring Common Sense Back,2024-12-05 04:56:27+00:00,Thank you for the work you have done!
Taco Bowl Carlos ™,2024-12-05 05:01:21+00:00,God bless you and your work.
Kurtis Loewe,2024-12-05 05:02:00+00:00,I can't like this enough.
Hunter Wade,2024-12-05 05:02:06+00:00,a voice of sanity in the madness! You deserve to feel proud.
Prosecute Corruption 2020,2024-12-05 05:17:11+00:00,Thank you
Propeller Head,2024-12-05 05:31:12+00:00,Primary the bitch.
I AM,2024-12-05 05:50:10+00:00,"Is 
@AOC
 actually saying that when a woman has a sex change operation they leave in the reproductive organs?

I don't think she knows what parts the cut off when making young girls into young boys

Or vice versa"
Stonefly2112,2024-12-05 05:55:07+00:00,But they are soooo funny
Libertas Veritas,2024-12-05 06:15:32+00:00,"So they say that mutilation and castration is ""treatment"". So if it is, what is the name of the disease?"
Julie LaRae,2024-12-05 06:20:20+00:00,"I watched some podcasts on 
@MattWalshBlog
  too!  That dad, 
@JeffYoungerTex
  just lost his court battle in CA regarding his *son* James :("
Travelleronaclassic,2024-12-05 07:01:35+00:00,Many a times I have seen AOC questioning people like this. But what’s the point? Is this her actual job like a reporter or so? Someone please explain. I am curious to know. Thanks.
Kit Mitchell,2024-12-05 07:13:24+00:00,"God gives us challenges. We have weaknesses and temptations. Some trials are our own making and some are the result of evil people's choices. However, God doesn't play games with us. He would not put you in ""the wrong body."" Our challenges are there to help us grow, to humble 1/"
Kathie Mahoney,2024-12-05 07:29:27+00:00,I’m glad they weren’t able to stop you!!
I_m8d_n_acc_4_this,2024-12-05 07:37:13+00:00,Well the problem is trans people aren’t deserving of the title “people” so nothing wrong was done
7tsskid,2024-12-05 15:46:16+00:00,Good deal guy hats off
Klena,2024-12-05 16:06:00+00:00,The good fight! SaveOurChildren
James,2024-12-05 18:53:49+00:00,I'm not a fan
Denise Crabtree,2024-12-05 18:57:46+00:00,Thank you for being a light in this dark world.
The Office of Fury,2024-12-05 19:06:12+00:00,Well done
SJG351,2024-12-05 19:06:34+00:00,
Vickie,2024-12-05 20:57:56+00:00,Thank you for all the work you have done!!
thegringamex,2024-12-05 21:05:35+00:00,Thank you for all your work!
Thought Criminal Ian,2024-12-05 21:41:51+00:00,AOC is awful.
Hank Hammer,2024-12-06 04:31:53+00:00,Great job and God bless.
BA₹UN,2024-12-05 15:07:52+00:00,"this isn’t the 1st time they’ve done this. they r known for striking down channels and ig pages, exploiting hip hop without understanding it. a genre that's a voice for the voiceless is being silenced since szn 2. sad to see you backing such a show, 
@amangupta0303
 

#BackOffBoat"
Tyler durden,2024-12-05 15:19:47+00:00,"@amangupta0303
 you need to see this,you are sponsoring vultures pls intervene
#BackOffBoat #BackOffRoyalEnfield"
Himanshu,2024-12-05 15:40:24+00:00,#BackOffBoat #BackOffRoyalEnfield
Santosh Pandey,2024-12-05 15:41:16+00:00,Ask the makers of MTV HUSTLE to remove the strikes from Rohan Cariappa’s channel! #BackOffBoat #BackOffRoyalEnfield
Dev Nehra,2024-12-05 15:41:52+00:00,@amangupta0303
Bonkiee,2024-12-05 15:24:00+00:00,"@amangupta0303
  you need to see this,you are sponsoring vultures Who are scaring the creators by giving them legal threats and already give 50+ strikes on his fair content 
#BackOffBoat #BackOffRoyalEnfield"
LM10,2024-12-05 15:38:22+00:00,"only for hip hop
Obviously  Dhh for the win  #BackOffBoat #BackOffRoyalEnfield 
@amangupta0303"
PrAnShU_.Xp._,2024-12-05 16:22:23+00:00,"#fuckmtvhustle 
#boycottmtvhustle 
#BackOffRoyalEnfield 
ROHAN KA MOOT MTV HUSTLE"
Aditya B,2024-12-05 16:26:37+00:00,"@RockWithboAt
 @amangupta0303
  MTV Hustle has given 50 strikes on Rohan Cariappa’s channel for honest reviews, TERMINATING it. Now they’re forcing him to apologize & threatening a defamation lawsuit. You’re backing censorship, not creativity.
#BackOffBoat #BackOffRoyalEnfield"
CryptoWire,2024-12-05 16:37:58+00:00,"If Trump reverses the TikTok ban, he could prioritize corporate donors over U.S. national security, according to a CNBC op-ed. #TikTok #Trump"
Special Teams Backup,2024-12-05 15:48:27+00:00,"Mr 
@wizkhalifa
 are you into utility coins? If so check out STSP in dex screener. We are a utility based coin that has its own GTA server that creates revenue that we throw back into the coin! #Utility #Solana 

Token address:  6VVq3KCxHdgeCvWzeaCQotpvPLkBr9jbvFCFvtbnBX3g"
D •,2024-12-04 06:07:19+00:00,"TikTok UK shutting down those saying Leigh-Anne was lip syncing during her DSL performance, iktr ‍"
表情 豊,2024-12-03 15:00:03+00:00,TikTok LIVEがBANされたってことは台本に向き合う時間が増えたってことだね
Vox,2024-12-05 22:17:06+00:00,TikTok faces an impending court decision this week. But the fight might not end there.
European Commission,2024-12-05 13:35:34+00:00,"We are committed to a robust enforcement of the Digital Services Act.

Today, we've ordered TikTok to freeze and preserve all data and evidence linked to the Romanian elections.

This follows recent declassified information pointing to foreign interference from Russia."
András LÁSZLÓ MEP,2024-12-05 16:38:00+00:00,Preserve and publish Ursula's SMS messages regarding the vaccine procurement contracts. Thanks.
Ann Van Haute,2024-12-05 14:55:46+00:00,"Release the Pfizer text massages of vonderleyen, you hypocrytes"
Grzegorz Płaczek,2024-12-06 08:16:21+00:00,"What hypocrisy! Who gave you the right to decide what is true and what is false? How about declassifying the content of the text messages between Mrs. 
@vonderleyen
 and Pfizer? That would mean searching for the truth! What a manipulation..."
Knowledge Up Only,2024-12-05 15:04:31+00:00,Why? Are voters not able to think for themselves in a democracy?
Knowledge Up Only,2024-12-05 15:05:50+00:00,"If Russia can influence with news, so can you."
Citoyen Lucide,2024-12-05 14:06:45+00:00,This is interference
RealityBites,2024-12-05 14:05:16+00:00,"Oh stop the RUSSIA RUSSIA RUSSIA BS!
Examine the loans the EU USED TO BANKRUPT UKRAINE by using puppet Zellensky to launder the loan money OUT of Ukraine; putting Ukraine's assets through loans that could never be repaid!
The EU has Blood on its hands!
@patriotsEU"
Dom Carosa (Co-Founder Hivello.com),2024-12-05 15:29:28+00:00,"Can you please ""open source"" the investigation - this is in the public interest."
clausthelibertarian,2024-12-05 18:01:26+00:00,Russian doesn't give a tiny rats ass about Romanian elections. It's more fake news. We're not falling for this crap any more. YOU are the liars.
Sacha Weibel,2024-12-05 14:55:56+00:00,"Its censorship by a fascist ruling class who can’t survive with freedom of speech. If European nations want to survive the 
@wef
 sociopaths in Brussels need to go, including their totalitarian organization."
jaxx,2024-12-05 14:25:51+00:00,Yeah except the foreign interference most likely came from you guys…
/chemicalbeats,2024-12-05 15:59:46+00:00,Are you kidding me? Are you communists? You think that Romanian people are that stupid that they can’t tell the difference? Shame on you!
clausthelibertarian,2024-12-05 18:00:18+00:00,"No, you are committed to totalitarian control of the population. But here's a news flash: Europeans are born free. We will not submit to your control. Let's do the opposite: YOU the politicians and bureaucrats should be monitored by US."
hans declercq,2024-12-05 15:00:56+00:00,"Ursula, thank you for protecting my eyes from bad information. Your wisdom is infinite, and you know what information is good for me. I am just a stupid citizen, happy to cough up taxes for your Ministry of Truth."
Christos,2024-12-05 14:17:11+00:00,"Yeah right
The Russian fairytale again"
Rootkit Monkey,2024-12-05 13:51:14+00:00,Nobody does authoritarianism as good as Europeans.
Paulet Tibx,2024-12-05 14:45:50+00:00,The ministry of truth .
GEWOON MEREL,2024-12-05 15:44:13+00:00,The devil is back and the QR code too
𝔹𝕒𝕟𝕥𝕖𝕣𝔹𝕒𝕣𝕠𝕟 #noretemaarate ₿,2024-12-05 16:17:35+00:00,"""we ordered""
but who the fuck do you think you are?
the time will come when we will come to chase you with pitchforks"
dominique renucci,2024-12-05 14:07:28+00:00,EU will soon disappear and the countries will be free again
Robin Molnar,2024-12-05 13:38:07+00:00,"Please export the data, so that we could analyze it, and defend ourselves."
Eldin,2024-12-05 14:56:08+00:00,Can we in the West stop interfering in other countries internal elections?
harald haas,2024-12-05 22:53:13+00:00,"in my perception the european union is committed to censorship, using the tools of dictatorship ... time for öxit and joining brics ..."
Hans,2024-12-05 15:26:19+00:00,"Under the DSA, Fraudula von der Liar should release her communication with Bourla/Pfizer!!
@EUparliament
 @tscheldt"
Rémi Bastide,2024-12-05 14:50:34+00:00,"Yeah right, TikTok dancers influence the elections."
Dragoș,2024-12-05 14:16:22+00:00,I hope you will take ACTION and not just notice and follow with 'attention and concern'
Marco,2024-12-05 16:21:20+00:00,Communism in action!
Adi Sri,2024-12-06 04:24:01+00:00,"What about the Billions of Tax money that was lost due to Ms. Pfizer Von der Leyen's deal.  If you guys have the balls or not money hungry whores who want to keep their powers, Release them , Arrest and imprison the corrupt forever.. Then we can talk about other problems."
Baud Vandenbemden,2024-12-05 15:48:05+00:00,Declassifie the apps of your head commissioner. Hypocrisy
Giuseppe Guarriello,2024-12-06 08:40:49+00:00,"Why don’t you instead publish IN FULL ALL the COVID-19 “VACCINE” CONTRACTS signed by CORRUPT Ursula von der Leyen and BIG PHARMA, especially those with Pfizer’s CEO Albert Bourla, “agreed via WhatsApp”? Thank you."
romi,2024-12-05 18:35:34+00:00,ordered?democracy in EU is a bad joke!
Jansen-en-Jansen,2024-12-05 15:00:10+00:00,"De EU is veel erger dan Rusland.
De vijand zit niet in Moskou. De vijand zit in Brussel."
Wolf,2024-12-05 15:23:50+00:00,This kind of EU is an absolute disgrace!
Peter Borbe,2024-12-06 12:02:37+00:00,"You are the undertaker of democracy in Europe, the enemy of every freedom-loving citizen of EU nations. Your plan is total censorship, in a row with China oder North Korea."
Lugalnindab,2024-12-05 14:02:18+00:00,"Whilst you’re at it, pointless, Chinese, could you also look into the SMS traffic of Ursula with Pfizer and the money streams during “corona” in Holland to Dutch TikTok fuckfluencers?"
ℤ𝕚𝕓𝕚 ⟳ MEGA POLSKA,2024-12-05 14:25:30+00:00,
Dot Connector,2024-12-05 16:10:53+00:00,"The left wants Romania at war, the people want peace. Leave us alone!"
NonComproNiente,2024-12-05 15:31:23+00:00,Andate a fare in culo zecche
Bart Landuyt,2024-12-05 16:09:24+00:00,Russia is not interfering in our daily lives like the commission is with ridiculous BS like this
Maître Yoda,2024-12-05 16:42:15+00:00,"The question now is: 
Can we trust you knowing that you want to go for war with Russia ?"
Avant Garde,2024-12-05 17:24:16+00:00,Das ist noch eine Verharmlosung
Gabriel Mican,2024-12-06 04:05:28+00:00,Source: Trust me bro.
Not Klaus Schwab (parody),2024-12-06 05:49:01+00:00,"Funny how you didn't manage to preserve   
@vonderleyen
 's text messages !"
Dan Ioan Muresan,2024-12-05 15:43:04+00:00,"Strangely, the 
@EU_Commission
 didn't act during the fraudulent re-election of  
@EmmanuelMacron
 in 2024, based on the dissimulation of the disastrous economic and budgetary results of his ad-tion, with the tacit approval of the Brussels clique."
Pindo,2024-12-05 14:36:33+00:00,"Make it open source please after investigation, so it can be stored world wide"
toyo,2024-12-05 18:01:51+00:00,how can we trust your analysis? publish it raw
Chris Djiongouros,2024-12-05 18:05:58+00:00,I see. The famous (in reality infamous) European values in action. If we (the eu kleptocracy) like the result of an election is everything hunky dory but God forbid if the results don’t come out as planned and paid for then all hell brake loose and everybody is blamed apart of
Frank,2024-12-06 07:19:23+00:00,Kinda like what the US is doing in Georgia? Or is this a different kind of interference?
The UK is in a MESS !,2024-12-06 09:26:33+00:00,"Oh we don't like the result...
I know let's blame Russia!"
Simone Angelosante,2024-12-05 15:50:39+00:00,State cercando con tutti i mezzi di tacitare le coscienze. Chi non la pensa come voi non ha diritto di parola. Siete una biro-dittatura esattamente come in Russia. Fortuna che avete i giorni contati. VERGOGNATEVI!
Stop All Wars Now,2024-12-05 13:36:03+00:00,Let's fight for world peace togheter.
Frank Henry,2024-12-05 15:19:21+00:00,Preparing the next ruse?
OSTER Elizabeth,2024-12-06 12:01:22+00:00,"Et si au lieu  de contester des résultats qui vous dérangent, vous vous occupiez de demander à Pfizer le remboursement des 70 milliards payés par nos impôts pour des vaccins qui n'en sont pas? On ferme les yeux sur ça?"
EU Propaganda Account,2024-12-05 13:44:18+00:00,
Citizens for Justice,2024-12-05 16:03:06+00:00,How much the EU Commission Stasi department will interfere with the people’s right to know all sides of the stories? Elections interference is done by both sides. The EU claims to be a democracy while supporting and supplying to Israel genocide in Palestine.
Åsiktsoraklet,2024-12-06 07:24:04+00:00,"The EU is currently meddling in elections everywhere, something we have never given the EU a mandate to do. So stop it.

#swexit from #sovietEUnion"
Frederik,2024-12-05 14:20:39+00:00,1984
gigio0000,2024-12-05 14:43:46+00:00,I see you did not like the outcome of the election? Pity you cannot oblige TikTok to do the same for . You non elected fraud!!
Nicksback1953,2024-12-05 14:44:17+00:00,
Moswele J Consulting,2024-12-05 15:09:07+00:00,Obsession with Russia
Mandy Driesten,2024-12-06 05:29:00+00:00,"Oh what a surprise.. 
@vonderleyen
 you should be prosecuted and jailed for all the crimes you have committed instead of playing the innocent sweet woman.. I will never forgive you for what you have done!"
Francoise Clementi,2024-12-06 08:32:25+00:00,The European Commission is Europe's evil
AnnA,2024-12-05 13:59:14+00:00,"Liebe EU! Sie sollten aufpassen. Auch bei mir reißt irgendwann mal der Geduldsfaden. 
Was für ein Problem haben Sie eigentlich mit Russland oder sind die Bodenschätze sehr interessant? 

Sie können Sie gerne käuflich erwerben. Wir müssen nicht wieder Metall für Herrn Habecks"
Niels,2024-12-05 15:41:50+00:00,"Here to hinder and stifle progress and innovation at behalf of our colonial overlords, or aren't you saying that we hamper our growth because we are IS vassal, but despite of it?"
Pete Blocksberg,2024-12-06 05:32:34+00:00,"Freedom of expression is one of the essential foundations of a democratic society and one of the basic conditions for its progress and for each individual‘s self-fulfilment. Subject to Article 10 § 2, it applies not only to “information“ or “ideas“ that are favourably received or"
Pragmatic Trading,2024-12-06 11:11:20+00:00,"Whole world is laughing at EU. 

In a few decades, EU will be no more.

Can't wait!"
Chris Duffy Belfield,2024-12-05 21:28:48+00:00,Sorry who are you? What standards do you keep? Where is the latest audit?
Joël,2024-12-06 07:55:41+00:00,Says the most corrupt body on the face of the planet.
Pindo,2024-12-05 14:36:09+00:00,Based
Big Ben,2024-12-05 15:58:02+00:00,Let Romania manages its own country without interfering you parasite unelected dictatorship cult
Alain Stratsaert,2024-12-05 17:26:52+00:00,"Totalitarianism at work. Who gave you the power to control all info in the EU, right or wrong?"
mocking the PEOPLE,2024-12-05 19:22:19+00:00,No to EU Fascist Technocracy
A OES HEDDWCH,2024-12-06 01:25:18+00:00,Censorship in other words. This proves that the war in Ukraine has got nothing to do with freedom and democracy
Hatchling,2024-12-05 14:40:04+00:00,Translation: continued censorship of social media and a ban for X.
Kwak de Rechtse Zak,2024-12-05 15:23:29+00:00,You liars.
Bart Van Humbeeck,2024-12-05 16:02:13+00:00,You are laughable..
TheQueenOfMyHome,2024-12-05 22:28:22+00:00,"Så bara ni har möjlighet att lägga er i.
Jävla idioter. Dra åt helvete"
FD,2024-12-06 05:53:14+00:00,"This is EU ""freedom"". Censored if you think different."
Kamil Osięglewski,2024-12-06 00:18:11+00:00,#ACTA2
Ministry of Truth,2024-12-06 07:56:27+00:00,Aaaand another election interference
N Savu,2024-12-06 09:00:34+00:00,"You corrupt morons, what you are doing is exactly that, election interference. 
Leave the country alone to sort itself out.  But we know, you're scared of the outcome, that's why you're doing it. 
Investigate Coruptula Von der Liar for a change!!!"
Sebastian,2024-12-06 09:44:18+00:00,DSA is the slippery slope to the ministry of truth’s enforcement arm..
Marko Pavlovic,2024-12-06 21:14:51+00:00,"You have de facto staged a coup in Romania, and overthrew their constitution with this excuse. EU is the enemy of free speech!"
Klaus L. Ewig-Keits,2024-12-06 12:11:19+00:00,Evil Empire
Stockius Jobberus,2024-12-05 20:03:28+00:00,Interfering in elections while accusing Russia of interfering in elections again? *yawn*
Dan Ioan Muresan,2024-12-05 15:51:35+00:00,"How is it that this 
@EU_Commission
 can spy on everything but is still unable to produce the SMS of the corrupt 
@vonderleyen
 and her negotiations on tens of billions €, endangering the public health of 450 million EU citizens? #Pfizergate"
Myra,2024-12-05 13:43:32+00:00,The people voted! Not tik tok! You just show hypocrisy and stupidity!
nopi,2024-12-05 15:26:10+00:00,Don’t like the outcome of the elections: Russia’s fault!!!
Natilo_,2024-12-05 13:41:22+00:00,SMS vdl
Nadya Krokeva,2024-12-05 13:55:08+00:00,I don’t understand? You told me that you can not get involved with internal conflict issues and repression in Bulgaria but then ….
Tommy Coosemans,2024-12-05 15:13:44+00:00,EUSSR
Patrick Fransen,2024-12-05 16:34:01+00:00,"What about the messages between VDL/Pfiser, are they froozen as well ?  We are dying to read them."
ReactNieuws.net,2024-12-06 06:21:38+00:00,Bad losers.
Treinkaartje,2024-12-06 06:22:51+00:00,"Totalitarisme at its finest. No, thank you. The European Union is falling."
King Jacob of Israel,2024-12-05 13:44:48+00:00,"How about banning tiktok flatput for assisting terrorism funding ? Or propagating antisemitism? Or propagating anti-western sentiment? Propagating riots? Causing public disorder? 
TikTok needs to be banned in all western countries! It is not an innocent platform! Wake up!"
David Guthrie,2024-12-05 14:59:00+00:00,the servers are held where ?
Marsianer2017,2024-12-05 15:16:17+00:00,Gfy
Robert Gannon,2024-12-05 15:27:55+00:00,"@joeroganhq
 just released an interview with Mike Benz detailing what exactly you mean by “Russian Interference.” The Orwellian Double Speak is coming to an end."
Guy Bernaerts,2024-12-05 15:51:24+00:00,"Meddling, lying, manipulating, twisting etc is your job. Resign!"
ragnar ravn,2024-12-05 17:15:27+00:00,"How about all the EU interference in Modovan and Georgian election will they be exposed too ?

How come EU is having NGO in countries trying to affect their elections and then complain if others do the same ?

Are you insane - yes off course you are"
Bobby McVerin (common/sense),2024-12-05 18:18:02+00:00,"No one cares. 

Release the COVID vax coverup."
Sharon Nethercott,2024-12-05 22:49:32+00:00,The only foreign interference is from ‘the west’.
arbadacarba,2024-12-05 23:27:33+00:00,And you decide whats misinformation and intereference i guess !? When exactly where these common grounds voted upon ?
DonkEy,2024-12-06 04:53:26+00:00,Release the Pfizer text massages of vonderleyen
Carla InStyle,2024-12-05 14:19:14+00:00,
Since_2010,2024-12-05 14:19:38+00:00,"""democracy"""
Paul Zwerling,2024-12-05 14:42:54+00:00,better worry about the silly theft of jobs out of europe....
Erald Ghoos,2024-12-05 14:58:14+00:00,"Ah, the ministry of truth has spoken…"
Nafsika P,2024-12-05 15:20:56+00:00,You are fascists
Sam Travis,2024-12-05 15:30:36+00:00,
Αλωπεκή,2024-12-05 15:37:33+00:00,"Trying to instigate a Maidan in Romania now ?
Russia Russia Russia  we are sick and tired of this"
Danny Van Vlaanderen,2024-12-05 16:18:19+00:00,Russia Russia Russia
Nostrajanus,2024-12-05 16:30:25+00:00,The desperation is real.
Xan,2024-12-05 16:46:48+00:00,Your the only one interferring in the elections.
₿onrath,2024-12-05 17:03:21+00:00,Hahhahahaha…. Europe doesn’t even have democratic elections but wants to police member states. What a big pile of garbage is this? Hypocrites
Bring Back Normal | 1215 | BBN,2024-12-05 17:23:16+00:00,This is the Digital Censorship Act - make no bones about it! EU Communismission at it again going further in their ideolilogical expansion.
Milou D.,2024-12-05 17:38:13+00:00,Mind your own business you overpayed morons
Anglès Corinne,2024-12-05 18:21:35+00:00,"Ben voyons un flicage, et bientôt une commission de la  « delation citoyenne « !
L’Europe se mêle de ce qui ne la regarde pas ! 
Vous trahissez l’esprit des Fondateurs de L’UE
Vous vous appropriez des droits que n’était pas prévu 
Vous êtes un HYDRE MALFAISANT"
theswissphotographer,2024-12-05 18:29:58+00:00,"The 
@EU_Commission
  where crap meets crap!"
Gociu Catalin Ionut,2024-12-05 18:53:32+00:00,The colony is already lost. Globalists will lose Europe in the coming years. Make Europe great again.
Toi van Gelder,2024-12-05 18:58:27+00:00,"That is censorship on a very vague reason, probably no reason at all. 

This is going too far. 

This is Animal Farm, Orwell. 

You should immediately lift the 'freeze'."
iDeepSpace,2024-12-05 19:00:14+00:00,Bullshit
andi wilding,2024-12-05 20:52:38+00:00,Stop this censorship!
Felix the,2024-12-05 21:01:49+00:00,The EU is trash
Vil Vaan,2024-12-05 23:20:36+00:00,"How about foreign interference from let's say USA or even interference from within the EU and manipulation of people's decisions? How about we try neutrality, and what is best for the economic growth of the EU instead what is good for a certain (small) groups of people (companies"
Alex,2024-12-06 01:43:18+00:00,The damage has already been done. And it can no longer be repaired. The situation in Romania is very serious.
Marcel A,2024-12-06 01:46:05+00:00,"@elonmusk
, please send members of the europeist sect on Mars and deliver europeans from evil.
#Censorship"
LiberaMente,2024-12-06 04:27:20+00:00,Antidemocratic tyranny
Brian Dempster,2024-12-06 05:32:50+00:00,"We want to see the full Pfizer Covid-19 injections contract,  unredacted."
Oana N.,2024-12-06 06:27:34+00:00,Don’t worry Sunday we’ll gone have our president Calin Georgescu
Paul Gibsion,2024-12-06 07:06:21+00:00,You are  corrupt on every level. Romanians wanted this win and they openly say so.
Rob,2024-12-06 07:20:05+00:00,Are you proud for what you do?
Minna,2024-12-06 07:24:07+00:00,This sounds like interference.
Dave Doull,2024-12-06 07:37:48+00:00,What a load of shite.
Michel,2024-12-06 07:57:14+00:00,"Ah, the old 
'problem, reaction, solution'
Scam again."
Chris,2024-12-06 08:06:26+00:00,when you used TikTok to push a misinformation narrative - I guess that doesn't count
stardust,2024-12-06 08:28:18+00:00,you mean installing a soviet style rule for everything that you don't like muhaa
fantastic,2024-12-06 08:46:45+00:00,What about the foreign interference of Maia Sandu?
Valerie vanden bulcke,2024-12-06 11:49:50+00:00,Arrêtez d'annuler la liberté d'expression et la liberté des peuples de choisir ce qu'ils veulent pour eux-mêmes.  Vous êtes totalitaire !
Shumi,2024-12-06 19:50:51+00:00,"Yeah, we know it was Russia all over again. If EU doesn't like something it is immediately called far right extremists, Russian interference, collusion, etc. We know the playbook now"
Dr Pinky Blinders Phd,2024-12-07 00:22:55+00:00,Pffff... '' C'est la faute à tiktok'' est l'excuse la plus bidon depuis '' c'est la faute à Gutenberg ''.
Marek,2024-12-05 13:41:49+00:00,
Ryo,2024-12-05 13:52:05+00:00,"You are only talking... Act ! 
#tiktokbanned"
Curious,2024-12-05 17:06:48+00:00,
C-74,2024-12-05 18:38:34+00:00,You like giving orders we know that !
Deano,2024-12-06 06:34:13+00:00,We shall also freeze all information! There’s more disinformation coming from governments than ever before. Everyone is interfering in everything today. Your point? Disinformation about Russia?
Jan Herdal,2024-12-06 06:54:52+00:00,"Når kommer ""Skutt blir den...""?"
Maurus,2024-12-06 07:04:43+00:00,"There is not much to comment on, a few words would be enough, for example a FU...Kyou"
Babbe,2024-12-06 07:11:17+00:00,"EU puppets must believe that everyone is still sleeping. Wake up EU hypocrites, since this is not the case any longer.

Ursula MUST resign! 
(Must is her favorite world btw)."
pmcd,2024-12-06 07:12:30+00:00,Enjoy your two months of play time.
Ongelofelijk,2024-12-06 07:15:10+00:00,#Dictatorship
Robbie,2024-12-06 07:28:16+00:00,You are shameless
paolo ferraris,2024-12-06 06:50:38+00:00,"W la censura!
In più, andate ad intromettervi in questioni di altri,e piangete accusando la Russia di fare quello che fa la nazi_ue.
La VDPipp3n,o meglio VDPfizer,invece di stare in galera,è al comando e ci state portando in guerra. 
In galera dovetebstare.
Maledetti corrotti."
Roger Santenac,2024-12-06 06:51:22+00:00,#ingerence ça aussi ?
Cristian Cristea,2024-12-06 06:52:42+00:00,Stalin used same tools
Tick Durpin,2024-12-06 06:54:58+00:00,"Ach nee joh, censuur? Dat is weer zo'n wappie complottheorie. 

Inmiddels zitten wij middenin china2.0"
BOGIBATINA,2024-12-06 06:57:37+00:00,"RUSSIA, RUSSIA, RUSSIA!"
Dragon,2024-12-06 07:31:52+00:00,So you cunts are now Tik Tok police good job
Dappere Dodo,2024-12-06 07:38:39+00:00,NEXIT!!!
Kat L,2024-12-06 07:39:07+00:00,
Angela AC,2024-12-06 07:43:21+00:00,Ha ha ha globalists are in free fall! CG president
Oana N.,2024-12-06 07:47:33+00:00,"Don’t even think about to play this game with us really,you pick the wrong country, in our recent story our hero’s died so we can have the freedom to choose and if this will be necessary we will do it again when you don’t like what people choose you put this Rusia crap !!"
Lisa,2024-12-06 07:58:07+00:00,"Yes, sure, it must me always Russia 

Ordering 
@tiktok
 to freeze anything is freezing people's freedom of opinion"
Sina Kämpf,2024-12-06 08:09:30+00:00,"Censorship, I'm loving it"
Antoan Atanasov,2024-12-06 09:32:44+00:00,Censorship!!!!!
Tankele,2024-12-06 09:47:03+00:00,Democracy is good only if you win
Nikola Tchouparov,2024-12-06 09:53:03+00:00,"@Sandford_Police
 can help with this ""robust enforcement"". They are the experts."
Westerse waarden,2024-12-06 10:25:56+00:00,"You are worse then Nazi Germany, the only thing you want is to control people and freedom of speech , you should censor yourself #Georgia in provoking protest and disruption of the elected government"
CJ,2024-12-06 11:57:55+00:00,"Release 
@vonderleyen
 SMS messages, NOW!"
Robert,2024-12-06 19:28:21+00:00,Show message between von der Lyen and Pfizer first.
luka muntean,2024-12-06 20:30:20+00:00,Out Tiktok UE
PLL,2024-12-05 13:57:36+00:00,URSULA SMS PFIZER URSULA SMS PFIZER URSULA SMS PFIZER URSULA SMS PFIZER URSULA SMS PFIZER URSULA SMS PFIZER URSULA SMS PFIZER URSULA SMS PFIZER URSULA SMS PFIZER URSULA SMS PFIZER URSULA SMS PFIZER URSULA SMS PFIZER URSULA SMS PFIZER URSULA SMS PFIZER URSULA SMS PFIZER URSULA SMS
Ik,2024-12-05 14:10:43+00:00,disgusting.
Tee Lor,2024-12-05 14:20:47+00:00,How to destroy a Nation... Join the EU...
Gianni1974,2024-12-05 14:31:15+00:00,Fuck off!!!
TheRealHeisenberg,2024-12-05 14:47:50+00:00,fcuk EU
LoredanaS,2024-12-05 14:52:26+00:00,you have to impose rules and in the end to forbid this cancer Tik Tok for our European future
Ron,2024-12-05 14:53:47+00:00,@elonmusk
Alligatour𐆖̶,2024-12-05 14:54:36+00:00,all that the commission doesn't like is Russian interference you are
Alexander Lindblad,2024-12-05 14:55:07+00:00,"Knee jerk reaction: People are too stupid to make their own decisions, we need more censorship."
John Snow,2024-12-05 15:09:12+00:00,"Right, only interference from you is allowed in the world, all other points of view must be banned!"
𝓟𝓲𝓰𝓷𝓸 (𝓘𝓵 𝓖𝓪𝓽𝓽𝓸),2024-12-06 06:43:25+00:00,"Show evidence of what you assert, Nazis!!!"
Tony Dawson,2024-12-06 06:45:02+00:00,Prelude to subversion?
IamJohnWho,2024-12-06 06:45:38+00:00,"The EU is defunct, the Romanians know it!  The EU is another dictatorship."
Alberto,2024-12-06 06:47:14+00:00,=
Pim,2024-12-06 07:49:07+00:00,Goebbels would be proud.
Yrmhu,2024-12-06 07:53:12+00:00,Show the message between Vanderleyen and Bourla instead
Marcus Karlsson,2024-12-06 07:59:42+00:00,
Zdrava Pamet,2024-12-06 08:03:16+00:00,"If the election just doesn't confirm the proper candidate, then it's Russians and/or TikTok foult . How much more miserable can it go"
moon,2024-12-06 08:08:16+00:00,Who/what are you ? Nothing. You are destroying the people.
"Pascal, smile and enjoy the life",2024-12-06 08:13:09+00:00,"And what about the sms text messages of 
@vonderleyen
 ?
Have you checked those?
To see how the eu is mislead by her
and to prosecute her.
#covid19shot"
Golden Cross Stocks,2024-12-05 19:04:42+00:00,"$ILLR Cheapest of all the Social Media Stocks. With Triller 5.0 now launching and the #TikTok ban to begin in Jan. 2025 this is truly the ground floor here! Very Undervalued here given the current market cap.

#Triller #talkcapabilities $PINS $NFLX $AMZN $NVDA $GNPX $CCTG"
RomanaVlahutin,2024-12-04 05:49:39+00:00,"“66 000 fake accounts and 10 million fake followers were removed, just on TikTok and just for Romania’s election.”
EU should ensure accountability and consequently ban TikTok! Asap."
𝚅̷𝙸̷𝙽̷𝚄̷𝚂̷𝚂̷𝙰̷𝚄̷𝚁̷𝙾̷,2024-12-05 20:39:58+00:00,"Até agora o tiktok não tirou meu ban, quero fazer liveeeeee"
mariozin,2024-12-05 21:49:57+00:00,Deve ter sido banido de novo e nao viu
Radical Traveler ラジカルさん,2024-12-05 21:50:07+00:00,こちらがTikTokで安易に投稿できない中、ごく僅かにbanを免れた私の動画を無断転載する輩がいることに憤りを禁じ得ない。
HiRo_551,2024-12-06 00:03:39+00:00,"TikTokは、こういう所あるから。
好きになれんと言うか利用したいとは思えないですよねぇ・・・。(-""""-;)"
TDogzz .,2024-12-05 16:05:33+00:00,"$ILLR~
It’s Official: Triller Has Become the Go-To Replacement for Users Fleeing TikTok in Light of the Pending Ban
$COIN $DJT $META $A $AI $TSLA $AAPL $NVDA $ILLR $TZUP $NTAP $MC $SCHF $SCHO $DAL $NDAQ $SDVY $AMD $VST $AEO $USFD $ACWI $GLD $VRT"
BigBadddass Marine,2024-12-05 16:19:16+00:00,
Margaret Willy,2024-12-05 07:03:16+00:00,Ban TIKTOK
polly,2024-12-03 23:22:06+00:00,shes gagged shes soo happy she deserved this role only her and cynthia !!
Dominic Cardy,2024-12-03 19:14:00+00:00,"Before the next federal election Canada needs protections against these sort of attacks.

Because they've already started. And they'll get worse.

We need an opt-out from all social media algorithms.

Insist algorithms be reviewed by govt.

And ban TikTok.

For 

@davidshipley"
Juho Hirvelä,2024-12-04 13:45:24+00:00,"Laitoin eilen Tiktokkiin saman videon mikä muissakin someissa pyörinyt, missä kerroin tästä lehmien Bovaer-myrkyttämisestä. Video sai päivässä joku 50 000 katselua. 

Nyt kun avasin palvelun, niin se oli poistettu sieltä viitaten ""yhteisösääntöihin"". Some-sensuuri on taas kovaa!"
Juho Hirvelä,2024-12-04 13:46:58+00:00,"Miksi kiinalaisten pitäisi olla huolissaan siitä, jos suomalainen haluaa syödä terveellisesti?"
Mikko Paunio | 422 | Helsinki | Perussuomalaiset,2024-12-05 07:53:38+00:00,Maailman Talousfoorumi tuli ruokapöytäämme.
Juho Hirvelä,2024-12-05 08:07:27+00:00,Asiallinen kirjoitus.
HF,2024-12-04 20:02:43+00:00,"Mahtava tapa testata jos on oikealla asialla. Oikealla asialla on, kun saa vuorokaudessa bannit ja pääsee sensuuriin."
Juho Hirvelä,2024-12-04 20:32:06+00:00,Haha juu siinä ei kauaa nokka tuhissu
Fala Fellavili,2024-12-05 11:49:32+00:00,"Voi olla että ne ei tykkää valehtelusta.

Jenkkien rakettimiehelle ei merkitystä, mitä isompaa shittiä jakaa niin parempi"
Juho Hirvelä,2024-12-05 12:10:32+00:00,Missä vale?
Janne Aikio,2024-12-04 13:51:37+00:00,"Luulisi, että Kiinan kommunistinen puolue on kulttuurivallankumouksen puolella. Heikko länsi on heidän etunsa."
Juho Hirvelä,2024-12-04 16:31:44+00:00,Voi olla.
Nina Vainio,2024-12-05 22:43:10+00:00,"Silloin tietää olevansa oikeilla jäljillä, kun sensuuri alkaa."
Juho Hirvelä,2024-12-06 01:35:04+00:00,Niinpä. Osu arkaan paikkaan.
Silminnäkijä,2024-12-05 13:57:58+00:00,#censorshipindustrialcomplex
Juho Hirvelä,2024-12-05 14:16:39+00:00,Sinne jonnekki koneiston rattaisiin meni sekin video.
Kimmo Kautio,2024-12-05 18:08:00+00:00,"Mun video aiheesta on saanut vielä olla, mutta sillä on vasta 12k näyttöä."
Juho Hirvelä,2024-12-06 00:30:16+00:00,Hienoa!
Tellervo Mäkiranta,2024-12-05 19:34:42+00:00,"TOTUUTTA EI SAA KERTOA, MUTTA PITÄÄ JATKAA TIEDON LEVITTÄMISTÄ MUILLA KEINOIN"
Juho Hirvelä,2024-12-06 01:10:02+00:00,Niinpä!
Alpo47,2024-12-05 08:13:15+00:00,Justiisa nää kiellot saa vaan epäilemään enemmän
Juho Hirvelä,2024-12-05 08:44:30+00:00,Kyllä.
Nurit Steinbock,2024-12-05 21:46:09+00:00,Uskomatonta. Miksi ihmeessä ei saa jakaa tietoa myrkyistä .
Juho Hirvelä,2024-12-06 01:33:22+00:00,Sanoppa muuta!
Tommy Augustin,2024-12-06 00:39:25+00:00,Mikä taho niitä videoita poistelee?
Juho Hirvelä,2024-12-06 03:04:23+00:00,Kiinalainen Tiktok
Juho Hirvelä,2024-12-06 00:28:00+00:00,Mulla vielä näkyy toi normaalisti.
VeePurje,2024-12-04 23:45:04+00:00,Siellä ei sontaa siedetä.
Juho Hirvelä,2024-12-04 23:53:08+00:00,Millä perusteella sontaa?
KatjaKukka,2024-12-04 13:50:56+00:00,Kertoo siitä miten Suomea todellisuudessa  johtavat kaikkea muuta kuin kansan etua ajattelevat  järjestäytyneet valkokaulusrikolliset
kelarotta,2024-12-04 13:54:21+00:00,"Siitä tietää olevansa juuri oikealla tiellä, kun kirjoitukset ja videot sensuroidaan. 

Teet hienoa työtä"
mauri skon,2024-12-04 13:53:16+00:00,Sama juttu Facebookissa
akka.eth / ᛒᛁᛏᚲᛟᛁᚾ.eth,2024-12-04 14:11:20+00:00,Kertoo aika paljon tosta myrkystä jos kaikki kritiikki pitää sensuroida...
Sepi Daddy Cool,2024-12-04 13:58:27+00:00,"Facebook  alkanut poistaa tilojen ilmoituksia, että eivät ole ottaneet osaa  ruokaketjun myrkyttämiseen. Facebook on saatanasta itsestään."
kansallisromantikko.fi,2024-12-04 14:17:10+00:00,"#Sensuuri n iskiessä, on tieto hyvin todennäköisesti paikkansa pitävää."
Jarno Salo,2024-12-04 15:23:16+00:00,"Sensuurista tietää, että olet oikealla asialla."
Nana Mihailova,2024-12-04 15:45:30+00:00,"Tiktokissa on kaikista tiukin sensuuri, siellä esimerkiksi lähtee kaikki kommentit jos sanoo että sukupuolia on kaksi."
Reko,2024-12-04 14:49:48+00:00,Luonnonsuojelu on savuverhona pimeille toimille sen takana. Tuo aine on varmaan yksi niistä keinoista vähentää valtaväestön hedelmällisyyttä.
Anette Su Suomesta,2024-12-04 15:03:40+00:00,"Myrkkyä saa jakaa mutta siitä varoittelu näyttää olevan kiellettyä.
Varjohallitukset toimii jälleen"
Jari Söderholm,2024-12-04 16:03:26+00:00,"Bovaer is being added to BEEF and MILK because it is thought to prevent climate change.  

This is based on woke science.  

The truth is, it might harm your health in many ways.  

I’ll explain."
Eero Olkkonen,2024-12-04 16:53:57+00:00,"Jos nurmi sitoo hiilidioksidia 40kg tunnissa hehtaarilla, ja lehmän metaanipäästöt on vuodessa 50-100kg, eikö lehmien pitäminen pitäis olla ilmastoteko? mutta ehkä jotkut käyttää vähän luovempaa laskentaa."
Lover of truth,2024-12-04 20:31:16+00:00,"Yhtäkkiä covid myrkky piikien jälkeen Suomesta on tullut kuin mikäkin ihme tyranntti maa, aika karmivaa itseasiassa.  Pahikset yrittää siis valheella pitää itsensä vallankahvassa."
Arvo Pohja,2024-12-05 05:14:31+00:00,"Jep. Helppo muistaa sensuuritaso ennen Muskin twitter kauppoja. 
Millainen maailma jo olisi ilman X:ää? Tämä on vittumainen piikki globalistien lihassa. Tulevat tekemään kaikki liikkeet tämän sulkemiseksi euvostoliiton alueella. Räsänen aloitti jo eilen"
Unfolding History,2024-12-04 16:52:12+00:00,Tiktok sensuroi myös samaiset videot mitkä löytyy pinned profiilistani.
Kaj Määttä,2024-12-04 15:00:25+00:00,"@tiktok
 on ehkä kovin blokkeri ikinä. Mitään ei saa sanoa, tiktok blokkaa jopa asialliset kommentit. Kerran poistivat koko (vanhan) tilini. Sinänsä harmi, siellä oli muutamia hyviäkin katselukertoja saaneita juttuja."
Kirppu,2024-12-04 17:11:24+00:00,"No voi hitti, ei ole montaa somealustaa enää, jossa voi julkituoda yhtiöiden rikollista toimintaa."
JussiÄs,2024-12-05 04:04:24+00:00,TT on viherkommunistinen alusta. Sieltä poistetaan kaikki globaalia viherkommunismia kritisoivat kommentit myös.
Kaarina Jantunen,2024-12-05 08:13:05+00:00,Onneksi on X
Raami,2024-12-05 15:52:26+00:00,"Voi juma…taKansalaisaloite kun suurempi joukko tietää Bovaerin??? Missä on maa-ja metsätaousministeri? Muhoksellako?? 
@SariEssayah"
"You honey Coyvunen - Si Vis Pacem, Para Bellum...",2024-12-04 20:22:53+00:00,Onko kiinalaisilla osakkeita Bill Gatesin bisneksissä?
Birgitta Kocarová,2024-12-05 09:21:53+00:00,"""yhteisösäännöt"""
"Krisse ,",2024-12-05 12:15:15+00:00,Tähän on tultu
Jarkko,2024-12-05 15:54:36+00:00,X taitaa olla ainut alusta missä voit julkaista näitä..
Inspector Douche,2024-12-05 16:05:54+00:00,Facebookissa tuskin pääset edes laittamaan sitä videota
"Maria, Anne Tuunanen-Tuhkanen",2024-12-04 18:06:04+00:00,
Juha Kallio,2024-12-05 16:12:53+00:00,Missä tahansa asiassa jos törmää tämän tason sensuuriin pitäisi mielenkiinnon herätä vaikkei tietäisikään vielä mitään muuta. Jos puhuisit siitä että maapallo on litteä videosi saisi varmaan loputtomasti viewejä ongelmitta.
TheBlackSheep,2024-12-05 00:57:44+00:00,50 000 katselua tarkoittaa että tietoisuus asiasta leviää vauhdilla. Sensuronti ja valtamedian vaikeneminen vain todistaa asian aiheellisuuden. Luultavasti Valiolla istutaan nyt yötä myöten kriisipalaverissa strategiaa pohtimassa. Suoraselkäinen totuus on ainoa oikea vaihtoehto.
Maria Nyström,2024-12-04 14:47:21+00:00,Onnex on X
CNBC,2024-12-05 13:14:24+00:00,"Op-ed: If Trump reverses TikTok ban, donors win and U.S. national security loses"
Charles,2024-12-05 13:15:52+00:00,Congress shall make no law abridging the freedom of the press. Time for people in DC to actually read the damn Constitution before they swear to uphold it? There's no secret national security clause!
Thoughts,2024-12-05 14:08:02+00:00,"Has Trump made any good choices in msm media eyes?
The bias is thick!
Reverse card!
REVOKE THE LICENSES FOR FREE AIRWAVE use from 
@ABC
,
@CBS
, 
@nbc
 & PBS for misinformation.
Give a channel to Musk for XBC, 
@RealAlexJones
, Truth Social & 
@mattgaetz
."
Change Illinois,2024-12-05 14:40:02+00:00,"Trump opposes censorship. 

Anyone who supports Tiktok ban is against free speech."
Ghost of Moscow,2024-12-04 17:23:19+00:00,Ban Tiktok
Katherine,2024-12-05 22:32:36+00:00,“National security” BULLSHIT
𝔹𝕠𝕤𝕤𝕒 - 𝔸𝕜𝕦𝕥𝕒,2024-12-05 22:19:48+00:00,C'mon now you know why LOL
天才にるるん,2024-12-03 00:32:05+00:00,"昔すけぴんがやってた、ちんちんに追われながらウンチを集めるホラーゲーム（？）あれTikTokでやってもbanならない？？？
最悪バンになっても問題ないから検証がてらやってみる

絶対バンにするゲームVSバンにさせないにるるVSダークライ"
みもり,2024-12-03 00:35:25+00:00,待ってなにそのゲームwww情報量多すぎるwwwwwww
天才にるるん,2024-12-03 00:51:29+00:00,改めて文章読んで意味分からんかったなんだこれ
いるねる【Saber副代表】【空白】【ふぁるけ】,2024-12-03 00:48:39+00:00,ダークライどっから出てきてんねん
天才にるるん,2024-12-03 00:51:50+00:00,そんなの僕に聞かないで
もちきなꔛ,2024-12-03 00:54:09+00:00,なにそれ面白そう笑
天才にるるん,2024-12-03 01:07:16+00:00,絶対おもろいｗ
天才にるるん,2024-12-03 01:08:08+00:00,最近やってない！
天才にるるん,2024-12-03 01:15:44+00:00,僕がちんちんに追われるｗｗｗ
CrusaderX,2024-12-04 20:33:54+00:00,"$ILLR Now that the TikTok ban is imminent, 
@Triller
 has opened up the portal http://transfertiktok.com, which is a one-click process for users to migrate their TikTok account to Triller, content and all. https://graziamagazine.com/us/articles/triller-has-become-the-replacement-for-users-fleeing-tiktok-in-light-of-the-pending-ban/… 
@jctb1
 @realsheepwolf
 $META $SNAP #tiktokban #triller"
Oli London,2024-12-03 14:55:40+00:00,"Influencer dances in front of old man dying in a hospital bed as she brags about getting in his will.  

“Guys I got on the will. ”"
Lee Strato,2024-12-03 15:00:15+00:00,TikTok encourages the lowest kind of sociopathic scum to do stupid heartless crap for profit.
Brendan,2024-12-03 21:38:54+00:00,Yet Greg is being dragged
Lee Strato,2024-12-04 06:56:59+00:00,Which Greg and what is he being dragged for?
Crypvizer,2024-12-04 03:21:36+00:00,"Bruh, go out and breath some fresh air, the girl is just celebrating she got on the will."
Lee Strato,2024-12-04 05:22:53+00:00,"Dude I hope you're kidding, otherwise you're as bad as her."
Maxitroleth sol,2024-12-04 11:17:37+00:00,It is not TikTok's fault. This is same as saying it is knife's fault that people go and stab someone.
Apache,2024-12-04 13:30:18+00:00,
90nadz,2024-12-04 16:53:29+00:00,"One day, it'll be her on a bed and someone else dancing over her lifeless state!"
Ch.Shahzad Gill,2024-12-01 16:02:40+00:00,"بریکنگ نیوز : 
پاکستان میں ایک دفعہ پھر ٹک ٹاک مکمل طور پر بند کرنے کا فیصلہ۔۔
پاکستان ٹیلی کیمونیکیشن ذرائع"
Mobeena Khan,2024-12-01 16:05:33+00:00,الحمد للہ
Midrar khan,2024-12-01 16:18:03+00:00,فیصلہ نہیں بھئی بند کردیا ہے پہلے ہوتا پہلے پتا بعد میں چلتا ہے پاکستان ہے مگر سوشل میڈیا ہے سارے ایپس بند کردے پر بھی ایک ہی آواز گونجھے گی پوری دنیا میں عمران خان عمران خان اور گولی کیوں چلائی؟
فہم,2024-12-01 16:25:01+00:00,اس سے کیا فرق پڑے گا جب عوام فیصلہ کر بیٹھی ہے سوروں کے خاتمے کا
Sohail Khan,2024-12-01 16:04:37+00:00,Vpn zindabaad
Tahira,2024-12-01 16:05:23+00:00,ٹک ٹاک تو کل سے بند ھے ۔
Maria chaudary,2024-12-01 16:07:15+00:00,یہ تو بہت اچھی خبر ہے لوگ ٹک ٹاک پہ وقت ضائع کرتے رہتے ہیں
Ahmed,2024-12-01 16:10:45+00:00,بند کر دیا گیا ہے
Tomato,2024-12-01 16:21:06+00:00,ٹوئٹر بھی دن کا زیادہ حصہ بند رہتا ہے vpn پر ؟؟؟ کوئی اور بتائیں وہ کیسا محسوس کررہے ہیں
Nowshin,2024-12-01 16:23:46+00:00,Pakistanis deserve such things. When Pakistanis attend concerts after D-Chowk massacre and do shopping. Act normal and don't come out.
Imran khan Niazi,2024-12-01 16:48:43+00:00,شکر الحمدللہ اگر ٹک ٹاک فحاشی بند هوگیا
Daily Outpost,2024-12-01 16:55:37+00:00,کیا پاکستان میں ٹک ٹاک بند ہو گئی ؟؟ مریم کا کیا بنے گا ؟؟ وہ تو ٹک ٹاک کے بغیر باہر نکلتی ہی نہیں ۔
Javed Masood,2024-12-01 17:34:04+00:00,پاکستان کے غریب عوام کے پاس ٹک ٹاک اہک واحد تفریح کا ذریعہ ھے فارم 47کی جعلی حکومت اس کو بھی بند کرنے کا سوچ رھی ھے جب پورا ملک ھی یرغمال ھے تو ٹک ٹاک آذاد کیوں ھو
Tiger,2024-12-02 13:13:39+00:00,میں نے کل ہی خبر دے دی تھی کہ ٹک ٹاک پاکستان میں بند کر رہے ہیں
Daniela Cambone-Taub,2024-12-03 13:35:46+00:00,"My first banned video! You catch read and Watch it here - thank you ⁦
@zerohedge
⁩ - when will we be free to speak about Covid ? ⁦⁩ : ""They Put A Bounty On Our Heads"""
Michael Farris,2024-12-03 14:49:13+00:00,"My episode with 
@TFL1728
 and 
@Ltc_Steven_Mur
 was taken down from YT last week.  Just when I thought things were opening up"
𝘚𝘵𝘦𝘷𝘦 𝘈𝘭𝘢𝘳𝘮,2024-12-03 13:45:52+00:00,"YouTubers now have to talk about Covid in ""code""...like ""the health emergency"" or ""C19"" to avoid a ban and/or demonetisation.
Someone is trying to airbrush this out of history.
Surely everyone has a right to simply talk about something that affected everyone?"
Kent Lewiss,2024-12-03 22:11:50+00:00,"We are not allowed to discuss CONvid because of the facts I discuss & that is the jabbed are connected to WBAN and AI.
@DanielaCambone
 - Look up: IEEE WBAN Biodigital Convergence 802.15.6 Standard 
Carrie Madej and I exposed this at Red Pill Expo.
- ASK FOR A LINK TO PDF"
Andrew,2024-12-03 15:15:06+00:00,Ah ha it was bound to happen sooner later. This was a good interview and a really good video. I’ve listen to it three times.
William ✞,2024-12-03 16:38:50+00:00,"“No legacy is so rich as honesty” 

— William Shakespeare"
jure,2024-12-03 18:26:59+00:00,Congrats on the ban! You`re not credible without a few bans these days...
G@yle M@y,2024-12-03 13:37:47+00:00,"Congratulations!!! 

Sincerely."
Brett Green,2024-12-03 14:31:31+00:00,I watched the video before it was banned. Bert Dohmen was fearless. He refused to allow his love for truth and compassion for humanity to be shackled. He does not fear bullies. May we all be as fearless as Bert and may 2025 be the year youtube falls. Lord hear our prayers.
Chris Hamby,2024-12-03 16:02:09+00:00,Congratulations!!  Proud of you.   Excellent info.  Love this guy
Rutland_Ruckus,2024-12-03 13:40:33+00:00,"It’s revealing who is in on it and we know not to trust them.  If life gives you lemons, make lemonade"
Nic Filippi,2024-12-03 13:50:40+00:00,It makes me want to watch even more.
Rob Hoff,2024-12-03 13:53:02+00:00,"Any platform META or Google related seem to be the worst offenders. I get my wrist slapped all the time by the FB ""Factcheckers"" for posting facts, and if I'm unsure that they are actual facts I'll breakdown what I know & let people decide on their own."
Steve M.,2024-12-03 14:02:37+00:00,
Fellow Traveller,2024-12-03 14:07:17+00:00,When we take back power by force!
Troy marcus,2024-12-03 14:20:48+00:00,I've always  your a bad girl  banned
Christian E. White,2024-12-03 15:38:31+00:00,Looking forward to watching.
steveosmonson,2024-12-03 17:29:36+00:00,They don't like their mistakes being pointed out
Raccoon,2024-12-03 21:23:20+00:00,Congratulations   love your work
Davis,2024-12-03 22:53:11+00:00,"Banned video,,,sounds very naughty!"
TuckNroll,2024-12-04 03:21:17+00:00,I must have watched it just before they banned it. Was a great interview and he is unbelievably healthy.  Everyone should hear him out.
Capital Conspiracy Trading,2024-12-05 21:41:01+00:00,"$ILLR and The “TIKTOK BAN” https://youtu.be/d0VubHXzsDc?si=zIo91kG_cIy8CJWt… via 
@YouTube
 @triller_IR
 @triller
 @BobbySarnevesht
 

#fypage #foryou #investing #daytrading #finance #invest #investment #nasdaq #stocks #fyp #tiktokban #tiktok"
Dr. Karl Popp,2024-12-05 13:15:26+00:00,"New ""Technology"" post on CNBC: Op-ed: If Trump reverses TikTok ban, donors win and U.S. national security loses"
Raza Butt,2024-12-01 15:11:50+00:00,ایکس سمیت دیگر سوشل میڈیا چینلز کو رفتہ رفتہ بند کردیا ہے جو کچھ ٹک ٹاک پر ہورہا ہے اسکے باوجود اسکو بند نہیں کیا گیا۔
rizwan ishaq,2024-12-01 15:17:19+00:00,Tiktok nahi chal raha main use nahi karta news sun k open kiya to pata chala band kar diya
Mirza Rizwan,2024-12-01 16:50:43+00:00,ٹک ٹاک پہ یہی کچھ ہو رہا ہے
arshad khan,2024-12-02 03:20:33+00:00,سب لفافہ ٹس نیا لفافہ
Malik,2024-12-02 03:38:46+00:00,اسکو تکلیف اس بات سے ہے کہ سوشل میڈیا سے ہر بندہ اس کی جھوٹی خبریں نہیں دیکھتا
ワリミズ｜Warimizu,2024-12-05 21:44:58+00:00,"こういう画像スライドでもなんでもokです！
ちなみに僕が作った動画はTiktokでBANされたので、ギリギリ大丈夫なラインを探ってお願いします！
YouTubeショートやインスタリールの方がまだ怒られにくいと思われます。"
Sara Mir,2024-12-02 09:13:27+00:00,کیا واقعی میں پاکستان میں ٹک ٹاک اور فیس بک بند کر دیا گیا ہے؟؟؟
Azhar Khan Aasifzai,2024-12-02 09:20:29+00:00,"جتنا یہ سچ ہیں کہ
عمران ریاض کو کسی نے اغوا نہیں کیا تھا۔ ارشد شریف کے قتل میں ہمارا ہاتھ نہیں تھا ۔ عثمان ڈار کی ماں کو ریپ کی دھمکی جھوٹ ہے ۔ ججز کے بیڈ روم میں کیمرے نہیں لگائے۔ ہتھیار نہیں ڈالے ۔ پتلون نہیں اتاری
اتنا ہی سچ ہے کہ اسلام آباد میں کوئی گولی چلی نہ کوئی مرا"
Dr Qaiser Khan,2024-12-02 09:19:05+00:00,"وی پی این بھی بند کر دیا ہر چیز بند کی ہوئی ہے کوئی مخصوص وی پی این لگتا ہے اور بالکل سلو نیٹ چلتا ہے 
سب کچھ بند ہے اور ان کی اپنی B بی  بند ہوئی پڑی ہے"
Zaheer Ullah Khan,2024-12-02 09:26:02+00:00,وی پی ایم پر چلتے ہیں لیکن VPN بھی زیادہ تر بند کر دیے۔۔۔ روز نیا VPN انسٹال کرنا پڑتا ہے
wasi shahⁱᴾⁱᵃⁿ,2024-12-02 09:16:23+00:00,ابھی تک چل رہا ہے
Bhatti sattar1 pti,2024-12-02 09:17:07+00:00,کبھی کبھی کھول بھی دیتے ہیں اکثر ٹائم بند ہی رکھتے ہیں
Sheraaz Ali,2024-12-02 09:17:45+00:00,جی تین دن سے بند ہے خصوصاً صبح سے لے کر رات 12 بجے تک دیر رات کو کھول دیتے ہیں
Bilal Speaks,2024-12-02 09:17:47+00:00,صرف ٹک ٹاک بند ہے فلحال
Burhan Mughal,2024-12-02 09:20:22+00:00,جی کبھی آتا ہے کبھی غائب ٹک ٹاک تو میں انسٹال ہی نہیں کرتا
Stify (H.Mirza),2024-12-02 09:43:04+00:00,Asa kuch nhe ha
Abdul Musawir,2024-12-02 10:32:31+00:00,"جی اس ٹائم پاکستان میں انٹرنیٹ اور سب آئیپز بند ہوگۓ ہے۔
سوال یہ ہے #گولی_کیوں_چلائی_گئی 
#عمران_خان_کو_فوری_رہا_کرو"
Darling,2024-12-02 09:14:07+00:00,No no
Beenish,2024-12-02 09:15:11+00:00,Abhi Nahi keya
javeria pti,2024-12-02 09:29:38+00:00,Han g
javed khan,2024-12-02 09:31:04+00:00,نہیں ۔۔۔
Sabeen Malik سبین ملک,2024-12-02 09:31:35+00:00,ابھی تک تو چل رہیے ہیں
Fatima Yasir,2024-12-02 09:37:21+00:00,F b to ni band TikTok b Kahi Kahi band hai
Saqib Niazi,2024-12-02 09:44:39+00:00,Yes
Muhammad Naeem,2024-12-02 09:46:19+00:00,TikTok to band hai baqi Twitter kabhi kabhi VPN pe chall jata hai zyada tarr nahi chalta shehr e iqtidaar Islamabad k yeh halaat hein baqi ka Patta nahi
Qadeer Awan,2024-12-02 09:47:08+00:00,نہیں صرف کسی ٹائم نیٹ میں مسئلہ بن جاتا ویسے تو ہر چیز چل رہی
Kaleem khan afridi,2024-12-02 09:14:17+00:00,Ni to abi tk to teek hy kpk me
مرید مرشد,2024-12-02 09:14:33+00:00,کبھی کبھی چلتی ہیں
Imran Khan 804,2024-12-02 09:14:51+00:00,No it's just lier
Irfan804,2024-12-02 09:15:22+00:00,پاکستان میں اگر کچھ بند ہوگا تو وہ جرنیلوں کی اور حکومت کی وہ ہماری بند ہوگی جو تکلیف کرتی ہے اس کے علاوہ پاکستان میں کچھ نہیں بند ہو گئے انشاءاللہ
Sohail sahil PTI,2024-12-02 09:15:22+00:00,G ye bighart bozdil hy na
Ali,2024-12-02 09:15:58+00:00,3 din bad aj chal para ha
Dr. ÑÂÊÊM KHÃÑ,2024-12-02 09:16:14+00:00,Nh abhi tk to chal rha h
Naeem niazi,2024-12-02 09:16:49+00:00,Tiktok band hy punjab mein
𝔸𝕓𝕕𝕦𝕝 𝕛𝕒𝕝𝕚𝕝 ᵐᵃⁿᵍᵉˡ,2024-12-02 09:17:33+00:00,VPN say chal Raha hai
Malik Inayat Awan,2024-12-02 09:17:47+00:00,Nae
Hammad Saleem,2024-12-02 09:18:28+00:00,نہیں
Khan sab,2024-12-02 09:18:39+00:00,ابھی تک چل رہا ہے
Iftikhar Ahmed Khattak,2024-12-02 09:18:51+00:00,Chal rahay hain . Sunday off karwaya tha only to stop flow atleast for a day. Sessy salay
PTI,2024-12-02 09:20:17+00:00,چلتا ہے وی پی این کے ساتھ
𝗞𝗛𝗔𝗡 𝗞𝗜 𝗗𝗘𝗘𝗪𝗔𝗡𝗜ⁱᴾⁱᵃⁿ,2024-12-02 09:20:22+00:00,Yes
Kashmire Rajupt,2024-12-02 09:20:32+00:00,سب کچھ بند ہے
Faisal saleem,2024-12-02 09:20:42+00:00,ٹک ٹاک بند ہے
Umar Ali 804,2024-12-02 09:21:30+00:00,سننے میں آرہا ہے
Muhammad Rashid,2024-12-02 09:22:26+00:00,Absolutely true
Imran khan Pakistan,2024-12-02 09:22:47+00:00,Yes
Muhammad Rashid,2024-12-02 09:24:26+00:00,اکثر بند ہی ہے سب کچھ لیکن تھوڑے سے وقت کے لیے چل بھی جاتا ہے
ᴹᴿ♤ 𝐋 𝐔 𝐂 𝐈 𝐅 𝐄 𝐑 ×͜×,2024-12-02 09:24:33+00:00,Nahi
Shahid Khan Swati,2024-12-02 09:27:06+00:00,"سب کچھ ہی بند کر دیا ہے کچھ بھی نہیں چل رہا یہاں
دنیا کی سب سے بڑی جیل بنا دی ہے پاکستان کو"
Saad,2024-12-02 09:29:08+00:00,Tiltok kia to China naraz ho jye ga
ANJ,2024-12-02 09:49:09+00:00,Nhi chal Raha h
Neutral,2024-12-02 09:50:32+00:00,Yes
روبینہ مسرور,2024-12-02 09:52:33+00:00,ان کی باجی مریم کیسے جئے گی اگر ٹک ٹاک ناں بنائی تو
Samina Javaid,2024-12-02 10:04:22+00:00,Nhi keya
Rizwan gujjar Razi,2024-12-02 10:05:03+00:00,G
Abdullah Khan,2024-12-02 10:07:59+00:00,نہیں
Binte PTI,2024-12-02 10:25:06+00:00,Yes 80 %
Shahroze Khawaja,2024-12-02 10:43:30+00:00,Aj smoothly chal raha hy
Zain,2024-12-02 10:54:38+00:00,G bilkul band hen
Ali Zarrar,2024-12-02 10:58:32+00:00,سب چل رہا ہے
خانی(خان کو رہا کرو),2024-12-02 11:06:19+00:00,"Gee 
Tik tok isn't working"
Waqas Ali,2024-12-02 11:12:08+00:00,Hn
Umm e Ahmad,2024-12-02 11:54:06+00:00,"جی مگر۔
سوال یہ ہے #گولی_کیوں_چلائی_گئی 
#عمران_خان_کو_فوری_رہا_کرو"
sajid,2024-12-02 11:56:12+00:00,تین دن بند تھا آج کھول دیا ہے
عباد علی ملک,2024-12-02 09:14:42+00:00,ابھی تو نہیں کل کا پتا نہیں
mudassar khan,2024-12-02 09:29:03+00:00,"Yes.
Tiktok"
Golden Cross Stocks,2024-12-04 13:20:31+00:00,"$ILLR Tik Tok’s Woes — Triller Grows As Influencers Flock To Triller To Port Their Content And Followers From TikTok Before A Ban Occurs
https://radaronline.com/p/tiktok-woestriller-grows-before-ban-occurs/…

#TikTok #talkcapabilities #triller $CYCN $HRTX $CNEY $SVMH $HTOO"
Ola's Investments,2024-12-04 13:30:52+00:00,$ILLR Sean Kim is the key player in the transition. As TicTok influencers wake up to the reality that their income stream is going away as soon as 1/19/2025. Sean is showing them that the transition to #Triller is seamless. $ILLR is fixing to experience an epic growth spurt.
Golden Cross Stocks,2024-12-05 16:33:31+00:00,"$ILLR  Triller is poised to dominate as TikTok faces its January 19, 2025, ban—Time is ticking for 170 million American TikTok users!  
@triller
 #Triller #talkcapabilities $RKDA $MTEM $SVMH $MIGI $AGRI $SOUN"
aki,2024-12-04 17:07:51+00:00,"X, TikTok, or whatever it is, I wish to control my data and my feed.
#TikTok , if successfully bid and acquired through #ThePeoplesBid, will be the first of its kinds with the magnitude of that scale to offer such liberty. The bid says

DON'T BAN
TIKTOK
FIX IT"
Yanti,2024-12-03 00:20:42+00:00,"Untuk mencegah judi online, 
Live tiktok joged sadbor di Sukabumi, kini di awasi polisi. 

Solusi mencegah Judol yang sangat cerdas"
Rabia Khan,2024-12-02 12:17:07+00:00,"ٹک ٹاک جیسی ہر واحیات ایپ کو ملک میں بند ہونا چاہیے 
اک اور لیک اگئی 
چند پیسوں کہ لیے یہ لوگ اپنے گھر کی عزت تک بھیچ رہے ہیں"
瀬乃真帆子,2024-12-02 00:33:52+00:00,ねえTikTok永久停止されたの、？？はほんとにむりまじでもうすぐ40万人だったじゃんまじ泣くから
ÎMØLË,2024-12-01 20:10:07+00:00,"FULL TUTORIAL ON HOW TO BÔMB TIKTOK.

Stop dey cast your tiktok.

A THREAD"
わずぼーん【カス】,2024-12-01 17:54:31+00:00,TikTok配信中にいつ死んでもいい明日死んでも別に幸せって話してたら心配されて1日BANくらいました
Just a Rose,2024-12-01 11:31:30+00:00,"Taerae telling us that he is banned from uploading bed selcas because he has uploaded too many just for “bed selcas” to trend on twitter. Then he ignored the ban and posted them on MAIN on Instagram, making “bed selca expert” trend shortly after
Not a single dull moment with him"
TDogzz .,2024-12-05 17:05:30+00:00,"$ILLR~It’s Official: Triller Has Become the Go-To Replacement for Users Fleeing TikTok in Light of the Pending Ban

With Triller’s open-garden system, creators will no longer be held hostage by social media networks, and the economics of the current system will no longer be imbalanced. Triller is the only major social media platform focused on giving more control to the creators and putting more money into their pockets while giving creators direct access to and control of their audience. Almost every one of the world’s top hundred plus creators has already made the switch to Triller, and hundreds of the world’s biggest celebrities are active on Triller. Those influencers and creators who are using Triller’s brand tools are already making multiples of what they make on TikTok.

$NUKK $BTCS $HUT $MARA $MSTR $RIOT $BTM $GXAI $BTCT $GNS $BMNR $BAC $IBIT $MARA $OSCR $PRFX $DJT $DKNG $TQQQ $MSTX $TZUP https://x.com/triller_IR/sta/triller_IR/status/1864716370660987028…"
bk,2024-12-05 01:38:20+00:00,Oh this TikTok shadow ban is dark
wayneradiotv,2024-12-03 23:10:50+00:00,"tiktok insta-nuked the first clip we posted on the RTVS account because of 
@socpens
 holding a fake gun. so we had to do this"
うい(元あまね),2024-12-05 16:47:41+00:00,ちょっと胸元とおぱんちゅ見えただけでTikTokライブBANされWWWWWWWWWWWWWWきびしい(；；)ひん(；；)
Pete Alonso Meatrider,2024-12-05 16:20:26+00:00,Staggering amount of people that cannot comprehend linear time and wardrobe changes in the replies/quotes
BroSINT 69™,2024-12-04 15:49:56+00:00,We really should ban tiktok and X for that matter. Foreigners like the owners of byte dance and the owner of this site do not have our national interests in mind.
Juha Remes,2024-12-04 16:29:38+00:00,"Thankfully there are constitutional safeguards to rein him in. But he may try to pull a coup and become a dictator if those safeguards are effective.

TikTok should be banned completely. It would be a good countermeasure for stunts like this."
Economïst Fella,2024-12-04 17:30:16+00:00,Long overdue.
cali_centrist__Central_valley,2024-12-04 16:24:18+00:00,The United States did ban tick tock we just need a president to enforce it
McNickWe don't negotiate with terrorists,2024-12-04 16:36:14+00:00,The small brain and ignorance is the problem not the net
anumilate,2024-12-04 16:56:26+00:00,"Familiar faces have been publicly supporting him, using many tried and true online influence tactics"
FellaHulk,2024-12-04 17:06:58+00:00,Time to tell them to get fucked
R9_Fury,2024-12-04 18:50:23+00:00,"We should also remind everybody of the Muskovite's words about treason.

And point to the Muskovite's likely treason already."
Ionut Gheorghe,2024-12-05 09:51:04+00:00,+1
SheepWolf,2024-12-05 12:30:00+00:00,"$ILLR: It’s Official: Triller Has Become the Go-To Replacement for Users Fleeing TikTok in Light of the Pending Ban

$META $DJT $GOOG $SNAP $PINS $NFLX $AMZN $NVDA $RDDT $SVMH $AMBO $VSTE $TANH $VIRX $BNRG $ZJK $XCUR $PRFX $SVMH $MIGI $GNS
@triller_IR
 @TheWingFai
  @jctb1"
Ola's Investments,2024-12-05 13:26:07+00:00,"$ILLR TikTok is the #1 app pushing our kids to the woke ideologies of transactioning.
This site deserves to be shut down! 
Triller is the logical choice for influencers to migrate to. 
A revolutionary technology that will not let this sick ideology infect our children.
Make the"
Brave Romania,2024-12-04 19:32:42+00:00,"TikTok propaganda

The numbers are crazy

• 66,000 fake accounts and 10 million fake followers removed by TikTok before the election in 

• Also, an account with 299,000 followers linked to the far-right AUR party was taken down.

*source: Financial Times"
FlyingPiglet,2024-12-04 21:37:20+00:00,"Pleaga si linge niste cururi de rusi , tradator de tara ce esti"
Brave Romania,2024-12-04 21:42:43+00:00,"Sigur nu sunt unul.

Cred ca ma confuzi."
Ionut Toader,2024-12-05 09:23:37+00:00,"Conturi create in 2016 ,iar tik tok a aparut in 2017...ce idioti...si cei ce incurajeaza manipularea asta infecta la fel de idioti"
Brave Romania,2024-12-05 09:31:06+00:00,"Un singur nume imi vine in cap, Călin."
VirtualPhoton,2024-12-05 13:04:03+00:00,E un pic cam tarziu acum . Raul a fost facut. Tiktok trbuie interzis.
Alin,2024-12-05 10:08:39+00:00,"Daca vei citi articolul următor vei vedea că:
Cele 66000 de conturi au fost la nivel global. Tik tok spune că ce a văzut în România este vârful icebergului global. Georgescu a avut 78 de conturi cu 17000 de followeri in total."
Brave Romania,2024-12-05 12:20:42+00:00,"nu exista termen de comparatie  

atat intre tari  

cat si intre candidati"
0x,2024-12-04 19:37:17+00:00,"Let’s hope the best one (who’s blocked me) is still around 
@daily_romania
 unblock me please"
"Andrew @ Don’t Walk, RUN!",2024-12-04 13:12:38+00:00,I really want Trump to sign a bill and ban TikTok.
Cool guy,2024-12-04 17:33:47+00:00,"I think Trump should give TikTok a time period to get some company in America to buy them, if not by a certain time, then band them fully as making the app no longer working in the USA and make it into law that they can't ever able to download in the USA"
CAP'N SCALAWAG,2024-12-04 13:27:23+00:00,"TikTok is evil 
So is Facebook and Instagram"
Lt. Columbo,2024-12-04 15:21:48+00:00,You call somebody a dumb dumb and you’re blocked from TikTok? What the fuck happened to American society? Does anybody have a spine?
Free Speech,2024-12-05 05:35:19+00:00,You've really crossed the line this time.
Joaquim Mohsen,2024-12-04 13:25:56+00:00,"I don't think  he should ban it. People willingly choose to use it. Prohibition didn't work, why would it work on social media sites?"
HendryUltraMaga,2024-12-04 13:29:19+00:00,I got rid of it for censorship
CAP'N SCALAWAG,2024-12-04 13:30:29+00:00,"Read the fine print in their terms.. 
You volunteer to give away ALL of your contacts, emails, texts, and phone calls. 
They have access to your banking and credit..
No thanks"
PabloEscoBurch,2024-12-04 15:28:23+00:00,TikTok is a ccp psyop pushing gay and trans propaganda
Metaphors Be With You,2024-12-04 17:37:58+00:00,Democrats are so fragile
seabass067,2024-12-04 13:13:30+00:00,Wasn’t a TikTok ban already passed.
Mr. Menger,2024-12-04 13:14:07+00:00,"Sarcasm, I assume?"
Mr Crumbsworth,2024-12-04 13:14:23+00:00,Are Dems really going with 'There's still a chance'?
Mother Phuqer,2024-12-04 13:17:58+00:00,Odd that they would remove that comment since it's about the intelligence of a President Trump voter
Mother Phuqer,2024-12-04 13:18:52+00:00,And yet they allow that Jeffrey person keep spewing hate to children
Possible Pilot Deviation,2024-12-04 13:19:29+00:00,How about first establishing freedom of speech again and then go after those who violate it?
K Dog,2024-12-04 13:32:04+00:00,F the CCP
Thomas Sullivan,2024-12-04 13:36:13+00:00,Watch your language! Horrible...do better...
AbsolutelyDystopian,2024-12-04 13:42:15+00:00,I gave up on it after like my 3rd account suspension. It’s like it’s a random algorithm. Maybe it was tallying my conservative keywords and I exceeded a limit
Jacob shirey,2024-12-04 13:42:35+00:00,You say dumb?
Neags,2024-12-04 13:44:22+00:00,Got similar shit for writing fuck Rachel zegler on the snow white YouTube trailer. Fuck censorship.
NoOneCares,2024-12-04 14:09:06+00:00,He needs to sign a bill making these platforms comply with the first amendment
Karla Hartman,2024-12-04 14:45:30+00:00,Don’t use it. Never downloaded it. I’d love for it to go away.
Bozo 3320,2024-12-04 14:54:48+00:00,Are you going right wing Woke now? Re you ok?
The Disgruntled Beard,2024-12-04 15:14:14+00:00,"I'm all for platforms like FB and TikTok having their section 230 protections stripped, but government bans have only ever failed."
Dingleberies,2024-12-04 15:17:20+00:00,I got banned from NEXT DOOR app for posting a screen shot of why I was banned
Serina (Dear Reader),2024-12-04 16:04:22+00:00,I respectfully disagree
kensh,2024-12-04 17:25:21+00:00,Somehow they allow porn to be up for days but as soon as you call someone dumb you’re censored.
Chavo,2024-12-04 17:50:27+00:00,No lie! Those F4g*0Ts remove every single comment I post! I have to appeal every fucking time!
99OG,2024-12-04 18:18:00+00:00,"That would be unconstitutional, you communists hate free speech and private businesses."
silver night,2024-12-04 23:17:00+00:00,Same tiktok is nothing more then left wing platform and I seen a lot of dangerous threats on there I hope tiktok gets banned I had even of tiktok
Desmond Falakei,2024-12-05 01:53:53+00:00,"No, not TikTok! How will we be able to mock the lunacy of the left? LibsOfTikTok. Think of the children not rotting their brains. Noooooooo"
tnesmith,2024-12-04 16:15:49+00:00,Trump needs to enforce the freedom of speech.
JT,2024-12-04 23:14:06+00:00,Didn't we already ban it? What happened?
Rafael Crabs,2024-12-05 03:37:04+00:00,"Reddit is just as fascinating. Got banned from a couple of reddit pages or communities for ""conservative opinions."" The rules stated explicitly ""no conservative opinions."" Sincerely where's the fun in just agreeing with people?"
argh,2024-12-06 10:51:19+00:00,"yes, I've said this multiple times, Kamala supporters are retards; he's president-ELECT"
SheepWolf,2024-12-04 12:41:43+00:00,"$ILLR: It’s Official: Triller Has Become the Go-To Replacement for Users Fleeing TikTok in Light of the Pending Ban

https://graziamagazine.com/us/articles/triller-has-become-the-replacement-for-users-fleeing-tiktok-in-light-of-the-pending-ban/#:~:text=Now%20that%20the%20TikTok%20ban,migrate%20their%20same%20screen%20name… 

$META $DJT $GOOG $SNAP $PINS $NFLX $AMZN $NVDA $RDDT $SVMH $AMBO $VSTE $TANH $VIRX $BNRG $ZJK $XCUR
@triller_IR
 @TheWingFai
 @jctb1"
Jay in Kyiv,2024-12-05 21:37:52+00:00,"It's now crisis level.

If the EU doesn't ban TikTok, Russia is going to install Putin's candidates in every country.

Russia and China are at war and it's government's responsibility to protect the people from enemies both foreign snd domestic."
WarrensBuffet,2024-12-06 10:48:24+00:00,A russian oligarch that once worked for the FSB owns two UK newspapers lol
DecodïngTrolls,2024-12-06 02:55:19+00:00,"How Trump and Russia hack elections

Romania declassifies intelligence on Russia election hack, after Trump comms chief admits using same Tactics, Techniques, Procedures (TPP) to hack US election.

TikTok is one of the main distributors of Disinfolklore across our civilisation."
YellowWasHere,2024-12-05 22:00:09+00:00,"Why isn't the Western leaders doing anything? Why isn't almost anyone doing anything?  

This is as clear as day, but nobody in power seems to care.

WAKE UP AND PULL YOUR HEADS OUT OF THE SAND! WE ARE UNDER ATTACK."
Throught Hills (Пагорбні простріли),2024-12-05 22:13:38+00:00,"If it continues, russia will flip the whole world"
Jan Lindberg,2024-12-05 21:50:25+00:00,Democracies must defend themselves  against fascism. Banning or strongly regulating social media is a priority.
Tobias Gehrig,2024-12-06 00:41:48+00:00,"In normal countries, TikTok has no impact on election results lmao"
GOP For - Paul Терпелюк,2024-12-06 04:14:19+00:00,"CIA is caught flat footed as Putin weaponizes our own free speech rules against us. 

Only a volunteer army is fighting Kremlin propaganda here in the US"
Kostya K,2024-12-05 22:00:41+00:00,Banning has only limited and temporary effect. The source of the propaganda must be destroyed.
Ve,2024-12-05 23:24:56+00:00,We need to ban Tik Tok
Mark Ninowsky,2024-12-05 21:58:14+00:00,Nato just talked about tweets being a part of the war against thdd we west.
Yankee Bourbon,2024-12-06 08:46:19+00:00,Big fan of banning speech you don’t agree with Jay?
Strong,2024-12-05 23:42:24+00:00,"I really hope Romania won't screw up. They toppled the brutal communist dictator Ceausescu and killed him like a rat. As many as one in four people were thought to be informers for Ceausescu's secret police in the 1980s. If fucking TikTok beats them now, I really have no words."
Freedom-Fighters,2024-12-05 21:45:26+00:00,I can't believe they don't see this. Right now we are making European Jonestown democratic suicide. Wake up!
Fred Bloggs,2024-12-05 22:56:39+00:00,Typical Ukronazi wanting to burn the books of the modern era
Pete Engelman #NAFO,2024-12-05 23:24:46+00:00,Exactly! And EU and UK need to work together also against bad actors like EM who undermines the UK Government.
Michael R. Schleifer,2024-12-06 07:10:02+00:00,Sigh… what he means you are all to stupid we need to censor everything
Mike_Strong,2024-12-06 00:26:04+00:00,"Only idiots or propagandist think European are glued to things like tik tok and even more make any important decision with it.
I can only interpret thesse BS as panic or as void of arguments to fsce genuine 2nd thoughts about where the hell we are going"
Макс Отто фон Штирлиц,2024-12-06 01:18:56+00:00,"In other words, we must ban free speech to protect free speech?"
Pagenintynine,2024-12-05 22:56:01+00:00,Add X to that list too.
Albert,2024-12-06 00:23:28+00:00,Sometimes I think people are not smarter than sheep. Apparently this needs to be done
MBG,2024-12-05 21:46:10+00:00,Completely agree on this. Ban is inevidable
Rumel Dahiya,2024-12-07 02:44:36+00:00,And voters can be influenced so deeply by Tik Tok? Why has USA not banned the App so far. India banned it in 2020.
Phoenix Analytica,2024-12-05 23:51:31+00:00,"Agreed. But I fear EU nor members have a clue about tech or malware, much less what Beijing and Moscow are up to.

Apple & Google are criminally liable for facilitating RU-CCP election fraud. EU should, after predictably failing to act, sue for trillions in resulting war damages."
TerryB,2024-12-06 04:58:34+00:00,"What has TikTok done that cannot be done by Telegram, X, Facebook, Messenger and many other social media apps? That's a sick level of hate that is synonymous with losers! Leave TikTok alone. Fight your own wars of choice alone!"
John Doe,2024-12-06 23:02:33+00:00,TikTok and X
Flyin Fella,2024-12-05 22:30:46+00:00,US has been kompromat
Танечка,2024-12-05 22:54:01+00:00,Banning certain social medias to make sure there's no propaganda other than our western one! What a great idea! I wonder what could go wrong! What's next on the list? Defenestration of candidates we don't like?
FluffyFella,2024-12-05 23:45:57+00:00,Not possible in Germany. Mr #OlafScholz and his briefcase are living there!
Português Áspero,2024-12-06 01:02:33+00:00,"The sooner it's banned in Europe, the better.
But strict counter-misinformation laws are much needed too."
ScratchOfTheNeck,2024-12-06 04:05:37+00:00,Do you even listen to yourself? You sound deranged.
Greg,2024-12-06 06:20:14+00:00,"banderite bigot, we dont need useful idiot like you anymore"
Ben Whittle,2024-12-06 00:00:02+00:00,"China are at war? Yemen , Sudan, Israel, Ukraine, Syria….you sure you didn’t mean America"
ConsciousnessRealist,2024-12-06 00:46:30+00:00,"If tiktok can enable Russia to do that, it would be our fault for being too retarded. We would get what we deserve."
T.Ruppe',2024-12-06 02:19:00+00:00,Interesting that no one is looking at US?
carl Graham,2024-12-06 04:33:12+00:00,Well they have to be better than the current WEF installations...
C.J.Elder,2024-12-06 07:52:55+00:00,"It's like you're not putting any effort into your propaganda anymore. Seriously, Russia is going to take over the world with tik toks.   
What's next. Infiltrating governments through only fans."
MasterPonds,2024-12-06 07:54:32+00:00,And twitter unfortunately
moose,2024-12-07 00:10:23+00:00,Not just in Europe
Krondis,2024-12-06 01:43:02+00:00,yep
ᏜℛᎥƏᏕ к!ℵ❡,2024-12-06 01:49:56+00:00,Drug addict says what?
Natcho Libre,2024-12-06 02:19:11+00:00,Why do you think Musk and company keep repeating that US must protect free speech? It's because they don't want the US gov't to interrupt their lies and mis/disinformation campaigns. Musk cannot be trusted.
Pon Cho Ballz,2024-12-06 02:32:14+00:00,I though Russia and China were allies.
JBakar,2024-12-06 02:33:47+00:00,Oh please!
Guachi-man,2024-12-06 02:38:43+00:00,"People are realizing how are the ""bad"" one."
Acehole69,2024-12-06 03:03:24+00:00,You’re a fucking retard. Cry harder little bitch!
TeamCanada,2024-12-06 03:11:09+00:00,Twitter is quite literally worse.
𝕲𝖔𝖗𝖆𝖓 𝕸.,2024-12-06 03:32:13+00:00,"Yea
 Tik tok is beating American hegemony"
Michael Henrik Larsen,2024-12-06 04:17:59+00:00,TikTok
Nachtmahr Clock,2024-12-06 05:00:58+00:00,Jail journalists
Kate,2024-12-06 05:36:47+00:00,"""Russia is influencing our elections.""  Russia, Ruuusssia Ruuuuuusssssia, Putin, Puuutttin!  lol"
Marco Giomi,2024-12-06 05:54:00+00:00,Now the problem is tiktok ? Your brain make TIK-TOK
Michel,2024-12-06 06:24:23+00:00,Can you just please go and fight at the frontlines.
Pistoff Awtist,2024-12-06 06:48:58+00:00,As opposed to WEF puppets?
Vanessa Hughs,2024-12-06 06:54:15+00:00,Wish I could tell Biden that.
Martin,2024-12-06 06:56:54+00:00,You sound even more demented than usual.
WinstonSmith,2024-12-06 07:01:51+00:00,"'TikTok controls people's minds!!!'
God you're ridiculous, I guess people who can't think for themselves tend to project that quality onto others."
Barabba,2024-12-06 07:28:54+00:00,Means we can be free
Elons favourite spicy boi,2024-12-06 07:42:10+00:00,
Sam MacDonald,2024-12-06 08:00:33+00:00,lol wut
Otismotis,2024-12-06 08:33:38+00:00,This platform is just as bad.
Robin,2024-12-06 08:34:40+00:00,Nonsense nonsense nonsense!
Ildaf Nafra,2024-12-06 09:13:09+00:00,"Hahahahaahah!!
I though western mocking ""the communist"" for it's censorship?
But apparently it's fine if it's ""our side"" in the name of ""democracy"".

Kim Jong Un say Hi!"
Bitcoin,2024-12-06 10:22:26+00:00,lol
Kurt Gunnevot,2024-12-06 10:52:26+00:00,You mean like this man did?
David Wemhoff,2024-12-06 11:11:22+00:00,Agreed
Maxda,2024-12-06 14:09:53+00:00,Sure - people don't want to die in WWIII because of an app.
AlexMetz,2024-12-06 14:16:31+00:00,It’s better that what we have now all from the WEF young leaders programme putin is a leader Europe has actors
Terry Baitcaster,2024-12-06 14:26:28+00:00,You are enemy n01 globohomo terrorist
Mick,2024-12-06 15:10:49+00:00,Well Trump is now big fan of Tik Tok.
Maxis,2024-12-06 15:53:08+00:00,Facebook level fearmongering
Grim Beholder,2024-12-06 16:04:28+00:00,"All media needs to be banned. There should only be one common European TV channel that will broadcast the authorized truth 24/7 and all citizens must provide proof of watching it for at least an hour each day.
All social media must be banned.
We can't risk any Russian influence."
Berzerkerbaby,2024-12-06 16:11:49+00:00,The delulu is strong in this one
The King of the North,2024-12-06 16:25:44+00:00,So tiktok decides the president of countries? What garbage is this?
Praetor,2024-12-06 16:49:28+00:00,Democracy at it's finest.
Whysoseriouz,2024-12-06 17:36:26+00:00,Take your pills
našli me u kupusu,2024-12-06 11:37:12+00:00,That only tells that people of EU can't have any genuine opinion and therefore it has to be inserted in their half-awakened minds!... by Tik Tok? For real? Are you that dumb?
Dilldozer,2024-12-06 11:48:51+00:00,Paranoia is dangerous.  I think you have issues
ForeverYoung,2024-12-06 11:58:26+00:00,What is happening across Europe is a direct result of the EU and NATO not responding with strength when Russia invaded Ukraine and the weakness in the 3 years since. Decisions which may well bring down the EU as there are now so many pro Russian leaders being installed.
Cecilia,2024-12-06 12:13:40+00:00,Why dont you like free speech?
Kinskiro,2024-12-06 12:13:54+00:00,
Afrobama,2024-12-06 12:26:09+00:00,Israel already planted their candidates to every country so why not change. The jews invented communism after all not the russians
G,2024-12-06 12:46:42+00:00,I think it’s called free speech dude
George Borocz,2024-12-06 12:57:56+00:00,Solve your own problems!  Fearmongering is not a substitute for begging.
JJ Chise,2024-12-06 12:58:15+00:00,Fear of speech is always tell tale sign of weakness of someone’s position
grajnoj da sablo,2024-12-06 13:02:40+00:00,Only people that hate democracy want to ban Tiktok and free speech.
Vlasits Adrienn,2024-12-06 13:05:20+00:00,"Bla bla bla, when social media and internet is used by libtards to advance their interest and they overthrow govts is fine. When the same tools are used against said libtards, we need to ban them all. Sure!"
Biden Crime Family,2024-12-06 21:05:19+00:00,oh my dear lord...get help
C.T.,2024-12-06 22:19:48+00:00,This is beyond just tik-tock. The West needs a well funded and coordinated counter-propaganda effort that dwarfs the effort during the Cold War because Russia and its allies are far more successful today than the USSR could ever dream of. Our leaders are asleep at the wheel.
DrSuntry,2024-12-07 15:23:45+00:00,"lol, if you actually believe that"
Miles Dyson,2024-12-05 23:57:36+00:00,"Tik Tok doesn't push ""Russian Narratives"" it just has an algorithm that doesn't turn it into Bluesky."
Paul,2024-12-06 01:15:30+00:00,"Just surrender, you Nazi scumbag"
Brian Miller,2024-12-06 01:51:51+00:00,Unfortunately they are paying USA influencers and Elon musk is now doing Russian propaganda too
u.s.a,2024-12-06 00:41:46+00:00,Everything i dont like is disinformation and must be censored
Aleksandr Vasilenko,2024-12-06 02:06:11+00:00,The best way to save democracy is to give people less options and control the media.
Destructeur d'horreur,2024-12-06 11:02:18+00:00,We dont hate you enough
Jonathan LeBlanc,2024-12-06 13:43:59+00:00,You are sounding more insane every day.
GossipTT,2024-12-06 14:00:02+00:00,"Bullshtttt!
Just because Tiltok is spewing the TRUTHS that’s sanctioned by WESTERN PROPAGANDA MEDIA, now it must be banned?
Jay that claims to be in Kiev is a paid MOSSAD agent!"
Taco,2024-12-06 15:18:27+00:00,Yeah. Ban free speech in every form.....that's not fascist at all you stupid fuck.
sad frog,2024-12-06 15:30:56+00:00,"The popularity of the liberal international order is plummeting throughout the West and, rather than look inward, you'd rather blame an app for children."
Jack Frostybun,2024-12-06 16:16:43+00:00,I wish you stupid dumbasses would learn to shut the fuck up
Buddy Smot,2024-12-06 17:13:28+00:00,"Jay in Kyiv:

Your position is free speech is going to cause folks to vote against the EU? Interesting.

The EU did this to themselves. No one wants transexual, no-free-speech, globalism enforced on them from unelected bureaucrats."
Engardo,2024-12-06 17:32:43+00:00,"If you are for banning speech, YOU ARE the foreign enemy!"
WA Miscreant,2024-12-06 17:59:54+00:00,The mass hysteria has reached ridiculous.
Phoenix Analytica,2024-12-06 00:41:58+00:00,"How does it make sense to not take the necessary action to salvage what's left of EU agency? Countries that allow CCP-malware to roam freely surrender their freedom to the malicious whims of hostile tyrants. Appeasement is death. 
@Europarl_EN
 @ipacglobal
 @EUCouncil
 @EU_Commission"
Olaf Redski,2024-12-06 02:22:12+00:00,Whatever.
#DARKDEM,2024-12-06 02:28:21+00:00,We need to ban right wing fuck wads and Russians
Chrishenrywang,2024-12-06 02:29:30+00:00,So despite having more money and supposedly the “truth” you guys can’t beat those who have less money and “about to crash” economies who spew “lies”?
Le Major,2024-12-06 04:57:13+00:00,Censoring is what your kind of tchekist terrorists have always done better...
Olex Nykytyuk,2024-12-06 05:14:13+00:00,"This issue isn't really about TikTok itself. People are reacting to the symptoms rather than the root cause. The real problem is poorly monitored and managed social media. With AI bots like you available, mimicking real people, there should no longer be anonymity on social media."
Cymru ab,2024-12-06 06:19:20+00:00,Oh shut up you idiot!
John bo,2024-12-06 06:59:29+00:00,"Now who’s spreading misinformation, grow up fool."
Gianni,2024-12-07 13:00:23+00:00,"When you place the destiny of your country in the hands of a social media platform, your country doesn't deserve to exist."
Tobi Larone,2024-12-07 17:16:28+00:00,"scratch a liberal and a fascist bleeds example text #32,026,055"
Jonathan,2024-12-08 00:25:17+00:00,libs are oppressed by things happening only inside their stupid heads
c0mmand0,2024-12-05 02:15:52+00:00,"TIKTOK CHÚA KÊU TÙ BINH UKA TỰ TỬ.

Thủ lĩnh Chechnya Ramzan Kadyrov phỏng vấn nhóm tù binh Ukraine:

- Nếu tôi đưa cho anh 1 khẩu súng, anh sẽ tự sát chứ?
- Không.
- Tại sao?
- Tôi muốn sống.
- Tại sao? Chiến tranh là bắn giết. Anh ra đó để bắn và để giết cơ mà. Nếu tôi đưa cho anh 1 khẩu súng, anh sẽ tự sát và chết như 1 anh hùng chứ?
- Không.
- Không? Anh không muốn phải ko? Anh ta muốn giết bạn, nhưng anh ta không muốn chết. Đó không phải là cách nó hoạt động. Trong chiến tranh, người ta giết và chết. Bạn cần hiểu điều này ngay từ đầu - đây không phải là phim hoạt hình hay truyện cổ tích mà bạn phải chờ đợi gấp đôi. Đưa hắn đi."
GIANG TRƯỜNG LÂM,2024-12-05 02:20:15+00:00,"Thằng chó ác ôn, độc tài bú đích puchim rồi có ngày mày cũng bị dân chúng mày tiễn mày về với ala chúng mày"
Huy Hoàng,2024-12-05 02:22:41+00:00,Mỹ sẽ cho 1 quả vào thằng này... putin nhìn thôi
Doãn Thiên Sầu,2024-12-05 03:13:43+00:00,"Nếu AK47 là khẩu súng đại diện cho các phần tử khủng bố trên toàn cầu thì lực lượng Chechya là quân đội đánh thuê của các đối tượng khủng bố trên toàn cầu. Từ Al-Qeda, Taliban, ISIS, Hamas v...v nơi đâu cũng có dấu răng tụi Chechnya"
Extreme Centrist,2024-12-05 04:37:19+00:00,"""Muốn giết và ko muốn chết"" is purpose of all armies, except Russians, they also dont mind dying en masse"
Micae Hoang,2024-12-05 04:53:27+00:00,Đội quân TikTok này gieo tội ác thì cũng phải đón nhận cái ác đến với chúng..
X FILE,2024-12-06 05:01:44+00:00,Chị
Robert Ágh,2024-12-04 14:51:22+00:00,"Jsme šílení?
Po prezidentských volbách v Rumunsku úředník čínského TikToku mluví o odstranění 66 000 falešných účtů a 10.000.000 falešných sledujících.
Samozřejmě proruský kandidát vyhrál v prvním kole.
To nám budou v Evropě čínské manipulované algoritmy rozhodovat volby?"
František Novotný,2024-12-04 14:58:21+00:00,"Takhle. Elon dělal to stejný s Twitterem, aby podpořil Trumpa.
Takže buď nám budou vládnout komouši nebo ultra kapitalisti s božským komplexem.
Nic mezi tím."
Jan Dostál,2024-12-04 16:05:18+00:00,"Bohužel taková je doba. Soc. sítě a možnost zřizování anonymních profilů na nich je pro totalitní systémy doslova darem z nebes! 
Trollové všeho druhu jsou schopni rozložit celý svět"
Petr Hejna,2024-12-04 16:02:18+00:00,Díky Facebooku se stal Brexit a Trump poprvé vyhrál volby.
Russia is a terrorist state,2024-12-04 18:41:23+00:00,"Ano, dokud budeme mít blbé obyvatelstvo."
Dana Danuška,2024-12-04 17:07:54+00:00,"Vy si skutečně myslíte, že lidé jsou tak hloupí, že si neumí udělat svůj vlastní názor a dělají jen to, co čtou na sítích? 
A to ty falešné účty šly i osobně hlasovat? 
Jen okecáváte výsledek voleb, který se vám nehodí."
Jana,2024-12-04 18:32:21+00:00,Bez jakýchkoliv vytáček bych Tiktok u nás zakázala. Aluna holt bude hopsat na FB.
Lachtan z Ushuaia,2024-12-04 15:40:12+00:00,"Poskakovadla a algoritmy na TikToku dokáží víc, než je lidský rozum schopen předvídat..."
Honza O.,2024-12-05 11:45:02+00:00,"TikTok má být dávno zakázaný. Je to bezpečnostní hrozba a podle toho s tím má být nakládáno. O čem se tady, kurva, pořád diskutuje?!"
Jaromír Krejčí,2024-12-04 16:29:56+00:00,"No když český PM musí mít tik-tok, tak tyto výzvy jsou mimo mísu. Bohužel."
Slávka,2024-12-04 15:52:59+00:00,"Proč to nejde u nás?Každý soudný člověk ví,že to tak je na všech sítích"
Jana-Hančí-Turecká -,2024-12-04 20:38:13+00:00,Naše budoucnost se mně jeví den ode dne horší a horší - a víc pravděpodobná...
Radava Té,2024-12-04 19:01:51+00:00,"Už rozhodují, koukněte se, však Alena Hranolek ví svý."
André,2024-12-04 14:54:40+00:00,Spusťte lepší konkurenční síť a bude po problému.
Vítězslav Habr,2024-12-04 18:41:18+00:00,Proto máš motoristu Turka v EU.
Mirek,2024-12-04 15:54:19+00:00,Když můžou v Americe Elonovy...
Ananas nezralej,2024-12-04 19:54:34+00:00,Budou? To se děje nejen v Evropě...
Tetička Sally,2024-12-05 10:10:07+00:00,Tady doporučují si poslechnout na to téma přednášku pana Holého.
Andreas Weissmann vo,2024-12-05 10:24:38+00:00,"Obávám se, že už rozhodují. A děje se to delší dobu.  Osobně si myslím, že takto hybridně cinknuté volby byly už ty první prezidentské."
Pavel Prosr,2024-12-04 16:51:29+00:00,Ano budou
Jakub Fiala,2024-12-04 17:07:04+00:00,"Ano, velmi pravděpodobně budou."
Todaysucks,2024-12-04 18:19:31+00:00,"Takhle stejne uvazovali bolsevici i o lidech, kteri poslouchali Svobodnou Evropu."
Blessed with Extreme Intellect,2024-12-04 19:39:36+00:00,Ktere algo tedy muze manipulovat?
Ivo Ribar,2024-12-04 21:47:58+00:00,A kdo šel osobně volit? To žádný tiktokový účet nezvládne.
Roman Šemík,2024-12-04 23:39:16+00:00,Nějaký zdroj k počtu fake účtů a sledujících by byl?
Mila,2024-12-05 00:17:16+00:00,Bohužel budou
Jiří Dlouhý,2024-12-05 07:49:23+00:00,Ano. Možná že to je případ Turka.
Radka Snížková,2024-12-05 13:52:45+00:00,Už rozhodují
Petruše,2024-12-05 18:02:46+00:00,"Aspon vime, proc hosanda hopsa na tik toku: ma to jako ukol"
Jiří Fojtík,2024-12-05 18:22:39+00:00,"Copak, vlastní medicína nám nechutná ?"
Mariela,2024-12-04 19:45:01+00:00,"Já TikTok odmítám instalovat. 
Ale, neviděla bych to úplně negativně. 
Ty akce Aleny Šílené musí nutně algoritmy vyhodnotit jako  
Člověk by tohle nedělal nikdy."
Jan Prostřední,2024-12-05 06:06:57+00:00,"Nevím jak kdo, osobně mě nezajímá co píší na sítích. Rozhodně to nemá vliv na mou volbu."
Vasil,2024-12-05 07:08:42+00:00,"Ne všichni jsou takoví kreteni jako ty, že se rozhodují dle nějakého tiktoku! Mají vlastní mozek, ale jde mi některé entity."
Karel Mlčoušek,2024-12-05 08:51:28+00:00,A oni volili prostřednictvím TikTok?
MaceAhWindu,2024-12-05 17:16:18+00:00,"Update for TikTok users:
Tomorrow’s a big day. A decision on the TT ban law is widely expected tomorrow AM 

I’ve been asked how I think this court decision with TikTok is gonna go and in my non-legal expert opinion I honestly don’t know. 

And it sounds like no one really knows"
MaceAhWindu,2024-12-05 17:16:19+00:00,"Experts said the hearing back in September felt rough for TikTok and as someone who listened to it myself I kind of agree. But others pointed out that the judges did a pretty decent job poking holes into both arguments, TikTok’s connection with China and 1st amendment concerns"
MaceAhWindu,2024-12-05 17:16:19+00:00,"My gut feeling, if I had to pick, is that they uphold the law and the Supreme Court agrees to hear the case which will extend this stupid saga for at least another several months. 

But this is uncharted territory."
MaceAhWindu,2024-12-05 17:16:20+00:00,"The judge panel could 

- Strike the law down as unconditional and unfairly singling out TikTok 
- Uphold the law as constitutional and TikTok would then have about a month to sell or be shut down

And none of this might even matter if Trump is serious about not enforcing it"
MaceAhWindu,2024-12-05 17:16:20+00:00,"Don’t even get me started on where Trump is on this. After being opposed to TikTok for years, as well as being the first one to try and ban it, now hes positioned himself as its potential savior, and no one knows how he would even do it."
MaceAhWindu,2024-12-05 17:16:21+00:00,"The path of least drama and the best possible outcome/scenario for TikTok would be the judge panel striking down the law, and either tje DOJ chooses not to appeal to the Supreme Court, or they do appeal to the SC but the court declines to hear the case"
MaceAhWindu,2024-12-05 17:16:21+00:00,"If that happened, any attempts to ban it (at least for now) would effectively be dead in the water, and Congress would have to find another way to curb the app."
MaceAhWindu,2024-12-05 17:16:22+00:00,This would also be the scenario that would let me stop worrying about this the quickest lol
MaceAhWindu,2024-12-05 17:16:22+00:00,"There are several ways this could go and no one is 100% certain either thing will happen. 

And even if the court rules against TikTok, the saga could be in for yet another months long chapter before it’s settled. 

Most think that either way, it’s going to the Supreme Court."
MaceAhWindu,2024-12-05 17:16:23+00:00,"Which means that the latest we’ll likely get a final answer on this, will be at least 6-7 months. Sigh."
𝐅𝐨𝐟𝐚𝐧𝐢𝐬𝐭𝐞_,2024-12-04 17:58:07+00:00,"Pitié 
@tiktok_France
 pourquoi jsuis SHADOW BAN PITIEEEEEEE"
🅵🆄🆂🅸🅽🅽🅸🆁🅴,2024-12-04 18:34:55+00:00,Comment ça 343 000 like ???
𝐅𝐨𝐟𝐚𝐧𝐢𝐬𝐭𝐞_,2024-12-04 18:35:19+00:00,bah quoi
Neness,2024-12-05 13:13:51+00:00,Ils sont raciste pelo
Woman in tech,2024-12-04 18:28:22+00:00,"EXCELLENT reporting on the TikTok ban.

As of today, December 4, 2024, ByteDance has not complied with the U.S. mandate to divest TikTok's U.S. operations. The company is challenging the law in the U.S. Court of Appeals for the District of Columbia Circuit, arguing that the forced divestiture violates the First Amendment. A decision is expected by December 6, 2024. The deadline for divestiture is January 19, 2025."
Woman in tech,2024-12-05 04:52:03+00:00,"Did you know that Mike Gallagher, the TikTok ban bill's sponsor, received donations from Palantir, while Jacob Helberg, who wrote the bill, was a consultant for Palantir? Gallagher later resigned before completing his term to soon become Palantir's head of defense (!). Palantir,"
GenXGirl,2024-12-05 05:05:32+00:00,Looks like they are hiring the “right ppl” to help them stay in the U.S. market.
Matthew Zeitlin,2024-12-04 02:08:29+00:00,"so uhh is biden going to ban tiktok, what's the deal there"
R.J. Lehmann,2024-12-04 02:18:30+00:00,DC Circuit decision likely coming Friday
isa west the creator,2024-12-04 04:49:35+00:00,eu posto um video de borrachao tiktok BAN agr a desgraça todo dia mostrando pika em live fica dboa VAI SE FUDE TIK TOK https://x.com/orquintrusivaz/orquintrusivaz/status/1864083970800980074…
"In 1999, Japan redesigned its flag.",2024-12-04 04:50:29+00:00,"no he gets banned every time lol, he just makes a new account."
Ramesh Bala,2024-12-03 07:55:32+00:00,"BREAKING: Madras High Court has REFUSED Tamil Producers Association petition to ban review of movies for three days, from the date of their theatrical release, on social media platforms such as YouTube, Facebook, Instagram and X."
A L P H A,2024-12-03 07:56:46+00:00,Padam oru product ! Nanga consumer 190 kuduthu padam patha na review soldra urimai iruku freedom of speech  but abuse ilama pesanum some audience indha problem fan war la dha start aguthu
suriyaprakash,2024-12-03 08:10:56+00:00,A good film is promotion by itself ~AK
Sri,2024-12-03 07:55:56+00:00,ஆணியே புடுங்க வேணாம்
Siva Mohan,2024-12-03 08:16:40+00:00,Yeah. Because Court is not for producers alone. It also considers people who invests money and time to watch movies in theatres. To shut this people in the first three days is like making customers eat shit from a restaurant and keeping them voiceless to make the restaurant run.
wasim,2024-12-03 08:08:44+00:00,Both Indian 2 and Kanguva was bad story writing and presentation . Thats a fact..most actors are experienced enough to select from hearing a story.. blaming public and banning review is not correct
Mahesh Vithyan.,2024-12-03 10:31:00+00:00,Instead of acting victims request directors to make better movies & actors to choose good scripts...!
vidhya sagar,2024-12-03 08:00:41+00:00,Good decision
THARASRI_TVK,2024-12-03 07:57:03+00:00,பருத்தி மூட்ட கூடோவுன் லையே இருந்திருக்கலாம்
Karthick M,2024-12-03 07:58:21+00:00,Karma... Summa suthi suthi adikum
change society,2024-12-03 08:02:18+00:00,"ipdi case kudukanga nu entha genius idea kuduthanga... freedom of speech , consumer court ithelam enna theryuma da halfboils .."
KollyWorld,2024-12-03 08:03:01+00:00,"Actually we need to agree that WOM affects a movie box office, reception. But no false propaganda and review can completely dismiss a movie among public."
GV,2024-12-03 08:06:46+00:00,expected..
SriHari,2024-12-03 08:00:09+00:00,It's impossible to stop or control the Word of peoples Mouth once it's released in Theatres. A Totally Pointless excercise! Just Make Better Movies and Hope for the Best like Everyone else!!
N Vaidheeswaran,2024-12-03 08:04:14+00:00,Well done
SPΔRTΣΠ,2024-12-03 08:20:44+00:00,"படம் நல்லா இல்லனு சொல்ல எல்லாருக்கும் உரிமை இருக்கு Abuse பண்ண யாருக்கும் உரிமை 

நீ நடிக்கவே வேணாம்... நீ வீட்லயே இரு.... இவ்ளோ வயசு ஆச்சி ஏன் நடிக்கிற இன்னும் அப்டி சொல்ல யாருக்கும் உரிமை இல்ல"
C’v,2024-12-03 08:26:32+00:00,Reviewers to Sanghams :
Sports Films Entertainment,2024-12-03 08:45:36+00:00,"Now it's Time for go to
Supreme Court of India"
𝘿𝙅 𝘼𝙇𝙄,2024-12-03 09:06:22+00:00,
Siva Aarooran (ஆரூரன்),2024-12-03 09:17:39+00:00,Common sense won…
Let's X OTT GLOBAL,2024-12-03 06:11:15+00:00,"TAMIL FILM PRODUCERS MOVE HC seeking ban on movie reviews for three days from release

TAMILNADU To ban review of movies for three days, from the date of their theatrical release, on social media platforms such as YouTube, Facebook, Instagram and X.

Your Thoughts  About This decision !"
SATYA NAIDU ᴿᶜᴮ,2024-12-03 06:14:06+00:00,"That is - for them 
Even postive talk also can't be reviewed"
Cinegasm,2024-12-03 06:14:23+00:00,"Why they bothering reviewers, instead of making good films"
Mohamed Hamras,2024-12-03 06:16:23+00:00,If we give review then we might face legal action
Bhanu Prabhas,2024-12-03 06:17:43+00:00,Good decision
Charlie from India,2024-12-03 06:19:26+00:00,Bro in  tn  the condition is not good. Is it affecting the p2 collection there ?
Dinesh Official,2024-12-03 07:15:00+00:00,Okay. If movie is not satisfied bring back the money
Polls Insights,2024-12-03 06:12:37+00:00,It will affect small budget movies
SATYA NAIDU ᴿᶜᴮ,2024-12-03 06:13:20+00:00,Waste
Deepi,2024-12-03 06:13:24+00:00,Censura ou proteção? O debate está aberto! #Cinema #LiberdadeDeExpressao
surya,2024-12-03 06:14:01+00:00,Good decision
pappannaya,2024-12-03 06:18:08+00:00,Instead of calling it reviews.. we ll call it my thoughts on this movie
Vijay Viswanath,2024-12-03 06:37:10+00:00,"Should ban at least a week, just like one cannot review iphone, they should ban the movie review as well in all formats."
Call Mee Suren,2024-12-03 06:42:16+00:00,Well Done
Rudra,2024-12-03 06:42:47+00:00,I welcome it
RAM,2024-12-03 06:48:50+00:00,Mingaleka Mangalavaram Ala Undhi Sambar Santha ...
Voiceout,2024-12-03 06:49:17+00:00,"In case, If it is banned in tamilnadu state. What about reviewing the same film(same version or dubbed version) when released in other states? Also Can we stop reviews given from abroad?"
RETRO,2024-12-03 06:59:46+00:00,Don't ban reviews ban Vijay's next film and ban Vijay
Zorba,2024-12-03 07:08:42+00:00,Stop making Bad movies in the first place.
CHASER VIEWS,2024-12-03 09:36:21+00:00,This will affect lots of movies
shiva ism,2024-12-03 06:12:32+00:00,
shiva ism,2024-12-03 06:12:43+00:00,Excellent
சிவகாசிகாரன்,2024-12-03 06:41:18+00:00,"Super bro. I welcome this. Same if movie is not upto their buildup. We need our money back with compensation for mental agony and false marketing and fake propaganda.
@Dhananjayang
 idhuku sammadhama??

Some one take this initiative from public side."
ASRA KHAN,2024-12-04 11:37:57+00:00,"X banned,TikTok banned,insta also not working ,is sy phly fb bhe ban ho jaye agr apka Whatsapp number mil jata to acha hojata."
Mohammad Mubashar khan,2024-12-04 17:46:20+00:00,Haha buddy very Nice
Sadiaᴾᵃᵏᴾᵒʷᵉʳ,2024-12-04 21:24:51+00:00,Kia bnega hmara
𝔸𝕒𝕤𝕙𝕒,2024-12-05 02:07:16+00:00,"omg..facebook bhi close ho jata, to kya karein?"
𝑱𝑨𝒀 𝑮𝑨𝑻𝑺𝑩𝒀,2024-12-05 02:43:54+00:00,Lagta hai duniya se katne ka waqt aa gaya!
Zarrar Paasha ⁱᴾⁱᵃⁿ,2024-12-05 08:52:03+00:00,Hahaha Asha trika h
farhan ullah,2024-12-04 15:39:00+00:00,Ye bhi teek hai
Bbasroom,2024-12-03 07:56:53+00:00,"แมะไวไว มารุม ต็อกต็อก มีเด็กมาแว้น

https://vt.tiktok.com/ZSjtWdWYx/

#บาสเด็กอ้วนที่แท้จริง
@basjtr"
polly,2024-12-04 17:36:41+00:00,yess
CJ - creator of “The Peephole” (READ PINNED),2024-12-04 20:05:52+00:00,"HOW MANY BOTS FOLLOWED ME 
CUZ ITS STILL GOING DOWN LOL"
Roman,2024-12-02 08:34:02+00:00,"We are literally witnessing Nicki being shadow banned on every social media platform & no one is saying anything…

X & IG: Can’t see her recent posts when you go to her page

Tik Tok & SH: Aren’t sending notifications when she’s live

WTF!!!"
Queen Adrie,2024-12-02 17:27:45+00:00,& X took away some of my likes from her post yesterday
Soundwave,2024-12-02 11:35:20+00:00,"Facts! I have to be searching tik tok for Nicki's page to see what she has posted. 
Every day, I have to go to her X page to catch up on her tweets.
Forget IG. I normally check there once a day and scroll down to see if she posted anything and Stationhead has been slacking"
Mj,2024-12-02 08:50:40+00:00,I literally went uninstalled then downloaded tiktok and still didn’t get notifications. Rarely get IG posts. Like this shit ridiculous.
keifa jailos,2024-12-02 12:42:37+00:00,I thought l was the only one experiencing the problem
Victoria Jackson,2024-12-02 15:42:09+00:00,Deluxe coming so they are fucking with everything
Tyrone,2024-12-02 16:24:39+00:00,This has been going on for years dude lol
SaffireReikiM,2024-12-02 12:14:35+00:00,It's very annoying The Queen's legacy will never be undone
Brishant,2024-12-03 01:41:15+00:00,"We are all witnessing it in real time, even the opps think she not posting"
Steven,2024-12-02 08:40:31+00:00,Fr i know she’s live from other people on the TL. I never get her notification
#NICKI,2024-12-02 17:22:08+00:00,Omg i thought it was my twitter acting up? I literally can’t see her tweets after the 28th????
Jules.kyle47,2024-12-02 13:30:18+00:00,I can't see most of her new posts on ig as well thought it was just me but wow this is messed up . Even SH has less than 2k now which is odd
sendyoreader,2024-12-02 15:33:01+00:00,Still not going to me support another female rapper!
Balllllllllliiiii,2024-12-03 01:25:31+00:00,Don't jinx it. She needs to get off her phone
Soundwave,2024-12-02 11:30:12+00:00,That's a FACT!!!!!
an honest nickiana stan,2024-12-02 23:39:15+00:00,girl nicki isnt this globally important for x to be shadowing her lets be serious now
Minajchatter,2024-12-02 15:37:54+00:00,Thats because of the content  she puts out
Monica Jones-Bowman,2024-12-02 17:55:03+00:00,Grrrrr
cloud emoticon,2024-12-02 17:55:26+00:00,Maybe she tweeting too much
Meegan,2024-12-02 18:05:43+00:00,I thought it was a me problem. I literally go to Nicki page and refresh but it be showing tweets from 3 days ago meanwhile she posting on the Tl the fuckkk
X Ø,2024-12-02 19:06:59+00:00,"Good! That’s what she needs ! Stop enabling her weird, demonic ass behavior"
Nia Nia,2024-12-02 19:30:53+00:00,Tweeting too much. Posting too much
RIAHCARTI,2024-12-02 20:51:46+00:00,Twitter be marking her hashtags as spam too which stops her from trending like it’s so weird
KayK itiswhatitis,2024-12-02 21:30:18+00:00,Haters what they doing want work Hoes
juju.,2024-12-03 00:59:43+00:00,They r trying to erase her because most of her fanbase are VERY aware what they don in private. Manipulating numbers the way they treat her. It’s crazy smh…. Most of us are awake they don’t want the truth spreading to other ppl cuz tht would mean they would be caught up inna lie
@LILIES04manobal,2024-12-03 02:30:24+00:00,All of my reposted those pieces of shit alway remove them for no reason I have to go back and  doing it all again .
MajesticOnika,2024-12-03 04:26:14+00:00,They hate to see Nicki win
Nikkie,2024-12-04 00:20:09+00:00,"But because we stay in the know their notifications aren’t needed at all. 

We get it from the source. S.H is where it is"
ChocolategurlW1da,2024-12-02 19:29:06+00:00,She's not shadow band nobody looking for young money no more. Drake sealed the coffin with his lawsuit.
music talk,2024-12-03 00:35:25+00:00,maybe yall should touch grass and apply for jobs
Libs of TikTok,2024-12-04 16:58:08+00:00,Ketanji Brown Jackson compares Tenessee's ban on s*x change surgeries and puberty blockers for minors to bans on interracial marriage.
Chuck Callesto,2024-12-04 17:00:54+00:00,"How someone like this reaches elected office is truly mind-blowing.. 

The days of the media running cover for who they really are coming to an end.. 

X has changed the game.."
Real Trucker Jake Logan,2024-12-04 16:59:46+00:00,"Parents are carving up their children for validation and popularity. 
They belong in prison."
Molly Pitcher,2024-12-04 16:59:01+00:00,She’s an idiot. She only got her spot on the Supreme Court because of DEI.
Sharron Davies MBE,2024-12-04 17:05:12+00:00,What the hell is the matter with these people?!
Marc,2024-12-04 17:00:07+00:00,The DEI appointment can’t even tell you what a woman is and she’s out here making these false equivalencies!
aka,2024-12-04 16:58:53+00:00,The left are complete lunatics
The Tradition Rebellion,2024-12-04 17:01:06+00:00,The slope was a cliff and we’re falling off it
Gideon Rex,2024-12-04 17:00:32+00:00,"This type of thinking should land someone in a mental institution, not a Supreme Court justice chair. Ridiculous."
Liberacrat,2024-12-04 17:27:32+00:00,And this is why we said
Jim Hanson,2024-12-04 17:30:07+00:00,"She is an exceptionally ignorant person 
Period
And a disgrace to be a member of the Supreme Court"
Paul A. Szypula,2024-12-04 18:49:38+00:00,Everything is about race to this low IQ woman
Derek Grondahl,2024-12-04 16:59:34+00:00,Huh? What does chemical castration on minors have to do with interracial marriage
Wealth Turtle,2024-12-04 16:58:51+00:00,Liberal black women are worse than terrorists
Ankush sharma,2024-12-04 17:01:40+00:00,She is not qualified to serve on the Supreme Court. She was a DEI pick.
The Tradition Rebellion,2024-12-04 17:00:12+00:00,They’re all so insane
I Love America News,2024-12-04 17:02:27+00:00,Truth: #SCOTUS
floridanow1,2024-12-04 18:29:32+00:00,Selections of radical judges over the years is tearing down our society.
Keith Ainsworth,2024-12-04 19:29:44+00:00,This is why elections have consequences if Joe Biden hadn’t stolen this election from Trump she wouldn’t be in office.
The Tradition Rebellion,2024-12-04 17:00:31+00:00,Protect our children
foundring,2024-12-04 16:59:14+00:00,HIDE YO KIDS
Ankush sharma,2024-12-04 17:00:48+00:00,Do you agree Ketanji is a child groomer
Trigganometry,2024-12-04 23:42:09+00:00,Let’s just put the facts on the table Justice Jackson
Danny Able,2024-12-05 04:10:26+00:00,In what part of an interracial marriage do you do irreversible damage to a minor’s anatomy?
moark,2024-12-04 19:28:32+00:00,"CHANGE MY MIND $CMM

a memetoken on Solana

CA: HHXiCPngVuRtZpHNPvwDPcytaGENmFL3g41tWavfpump"
MoonDoggy,2024-12-04 16:59:28+00:00,"How can they claim to be helping when they don’t even know what a woman is?

In fact, these surgeries have had horrible outcomes that impacted the rest of their lives"
Justin Bechler,2024-12-04 17:04:32+00:00,It’s mental illness
Kacee Allen,2024-12-04 17:50:39+00:00,Delusional
Tosca Austen,2024-12-05 14:58:28+00:00,"Ketanji in race-hued glasses, views every case through the lens of partisan division, she has no use for the constitution."
MarTech Networks,2024-12-04 16:59:25+00:00,Interesting
Kimberly Brooks,2024-12-04 17:36:13+00:00,this from the woman who didn't know what a woman is.
The Right Answer,2024-12-04 16:58:45+00:00,I would take anything KBJ says with a grain of salt seeing as she doesn’t know what a woman is.
AmishDude,2024-12-04 16:59:30+00:00,Intersectionality is the intersection of dumbness with more dumbness.
DILLIGAF,2024-12-04 17:12:35+00:00,It's always about race with certain people.
Rafi,2024-12-04 16:59:18+00:00,"Ketanji Brown Jackson is from the stupidest people alive.

She should get a job on the view."
Orietta Rose,2024-12-04 17:01:32+00:00,"That is, perhaps, the dumbest argument possible.

She (Is she really a woman though? Did a biologist confirm?) literally can't leave race out of anything."
SpaceAce690,2024-12-04 17:04:07+00:00,The same person who can’t define what a woman is because she is “not a biologist”.   What a Moron.
Breakfast Taco Kicks,2024-12-04 16:58:28+00:00,This woman is a moron
Lola Larsen,2024-12-04 16:58:40+00:00,What in Gods good name is wrong with people??
TheDaveMack,2024-12-04 17:10:15+00:00,"It's too bad she got on the Supreme Court.
She would have been an AMAZING addition to the cast of ""The View."""
Traditional Thoughts,2024-12-04 17:00:36+00:00,Always gotta go to race. Denying biology is not a civil right
Gabriel Angel,2024-12-04 17:02:11+00:00,"She wouldn't know, she's not a biologist."
Shawna Clawson Chambers,2024-12-04 17:18:34+00:00,"Yeah, but a) marriage isn't necessarily a permanent condition, b) children, regardless of race, can't get married, c) marriage doesn't require lifelong medical care after you do it, and d) we don't expect society to foot the bill for marriage. Why don't we just say fine, if it's"
LYNN CAREY SAYLOR,2024-12-04 17:31:22+00:00,"Oh, for crying out loud! This is a case about MINORS and life altering surgery. WTH does this have to do with race or marriage?"
Brandon,2024-12-04 17:00:18+00:00,Can't fix stupid
dale,2024-12-04 20:14:33+00:00,"‘All’ started when Obama weaponized this woke/trans insanity starting in 2008, then set up a taxpayer funded organization in 2015 to drive it into the medical schools of the West, and write policies to enforce this insane evil….  http://dpcpsi.nih.gov"
Tom,2024-12-04 16:59:49+00:00,Obama and Biden's USSC appointees are the most ignorant in USSC history.
Kate Austin,2024-12-04 17:30:55+00:00,The level of stupid from this woman is off the charts
Jacob,2024-12-04 16:58:22+00:00,Can she define a women?
David Norris,2024-12-04 17:00:42+00:00,Is she that dumb or is she malicious?
Jack Terrier,2024-12-04 17:04:31+00:00,Some DEI decisions are irreparable.
Heyrobo,2024-12-04 17:34:25+00:00,apples and goldfish
John Johnston III,2024-12-04 18:45:17+00:00,How in the Hell did this woman ever get on the Supreme Court? She’s an idiot.
Lori (LMNLA),2024-12-04 19:10:12+00:00,"KBJ is as far away from an ""impartial"" justice that there is. She's nothing more than a far left activist."
PatriotGal480,2024-12-05 03:58:23+00:00,Unfortunately she is representative of the current Democrat party.
Gnomeo,2024-12-04 16:58:32+00:00,DEI comments from the DEI nominee.
Scooby Dubious,2024-12-04 18:55:29+00:00,Aren't marriages between minors of any race illegal?
mac,2024-12-04 16:59:05+00:00,She can cork it!
Brandon Craig,2024-12-04 17:00:07+00:00,"Yea, it would take a confused individual to try to understand that statement."
Mendy Howe,2024-12-04 17:00:53+00:00,"That DEI hire Jackson is one of the most dangerous wokelings. A wokeling occupying a very high position of power.
."
Anita Beach,2024-12-04 17:11:39+00:00,Not even close to being the same thing. Law has no room for personal opinions
AF Vet,2024-12-04 17:39:20+00:00,I'd expect nothing less from a person who couldn't describe a woman
Patriot,2024-12-04 18:07:51+00:00,She is . Perfect example of why Democrats need to be kept away from the Oval for a generation.
Mike the Terrible,2024-12-04 16:59:23+00:00,Oh lord.   Nothing similar at all.
RedsGuy,2024-12-04 17:01:53+00:00,"Well she (I guess) is a moron, so there's that . . ."
Bernie Carpenter,2024-12-04 17:05:00+00:00,Sounds like she’s gonna squeeze racism out of anything she can. Sad really.
LilPinchyRIP,2024-12-04 17:11:18+00:00,"The mental gymnastics is astonishing

Left have no moral high ground

They worship power

The lobotomy of the sexes"
FloridaManStan,2024-12-04 17:27:02+00:00,We live in the South Park Timeline.
John Bush,2024-12-04 17:31:00+00:00,Argument by analogy is very weak but much loved by simple minds.
Jonsey,2024-12-04 17:36:43+00:00,This all needs to stop Jan 20th
RightJustifiedUSA,2024-12-04 19:01:26+00:00,"@SCOTUS
Ketanji Brown Jackson should be impeached and removed for wanting to genitally mutilate and sterilize children, and comparing it to interracial marriage no less!

There is no place for that level of immorality on our Supreme Court!!"
Massimo,2024-12-04 16:58:47+00:00,What is that for a terrible comparison?
WDRoberson,2024-12-04 18:03:20+00:00,"A fine example of why she has spoken the most words out of all the SCOTUS judges. 

Best to remain silent and be thought a fool than to speak and confirm it. 

Someone should teach her that."
Ultra MAGAnomics,2024-12-04 20:20:05+00:00,She also believes the Bill of Rights applies to government.
Rustyjb@prodigy.net,2024-12-04 20:22:33+00:00,She's probably a groomer.
SC_Golfer,2024-12-04 20:23:41+00:00,"Damn this is the stupidest person ever seated on the Supreme Court.

What is wrong with America????"
djcleary@comcast.net,2024-12-04 23:40:58+00:00,"WOW!  Just WOW!!! I cannot understand the mindset of people.  Particularly, someone in her position.  It's bizarre."
"Michael P Ward, DO, Col, USAF (ret)",2024-12-05 03:54:14+00:00,She is pretty dumb!
SaltLifeVA,2024-12-04 16:58:53+00:00,We all knew she was a complete idiot. But at least she now knows who a women is.
☰ Sentinel ☰,2024-12-04 16:59:16+00:00,"These are fundamentally different issues that deserve nuanced, thoughtful discussion rather than oversimplified comparisons."
Just Pam Now.,2024-12-04 16:59:45+00:00,Jesus I can’t with these idiots!!!!!
Brandon Craig,2024-12-04 17:00:26+00:00,Everything has got to be a race thing.
Tammy McBride,2024-12-04 17:03:01+00:00,"Yeah, totally the same thing!"
Lalcmac,2024-12-04 17:05:45+00:00,She’s a child abuser
Wethepeople,2024-12-04 17:08:58+00:00,"She is a judicial cancer that will make every issue one of race, and keep 'race' alive in every case from now until she retires. 
Biden has screwed America in so many ways. Her appointment is another reminder of what a screw-up Biden has been and the poison her mindset represents"
madiba,2024-12-04 17:17:44+00:00,Joye Reid of Supreme Court!! DEI.
Robert J. Thomas,2024-12-04 17:26:45+00:00,That is a horribly inapt analogy!
HeatRush,2024-12-04 17:28:15+00:00,This coming from the woman who could not define what a women is.
MAGA CHINGONA,2024-12-04 17:28:15+00:00,These “people” are beyond repair . Sticking that they walk among us
Cris6324,2024-12-04 17:29:47+00:00,She a prime example of why we should hire the best person for the job and stop all this DEI BS!  Now we are stuck with her!
ChadN Truth,2024-12-04 17:33:36+00:00,Not surprising the #DEI hire compares everything to race
M1tanker,2024-12-04 17:34:34+00:00,Amazingly stupid woman she is.
Clearwater Flyfisha,2024-12-04 17:35:52+00:00,Insane and moronic DEI hire.
NStep,2024-12-04 17:43:58+00:00,She has to make everything about race
𝒜𝓃𝒾𝓉𝒶𝐹𝓇𝒾𝓈𝓀𝑒,2024-12-04 17:45:06+00:00,Listen Kentanji Brown use interracial marriage bans as comparison to puberty blockers was an absolutely disgusting display. In fact her entire line of questions and thought was laughable and disgraceful.
Philip M...,2024-12-04 18:19:43+00:00,I didn't realize that Justice Ketanji Brown Jackson became a biologist.
OneNationUnderGod,2024-12-04 20:46:24+00:00,"This has to be one of the stupidest comparisons I've ever seen. The only way this person made it through school was definitely book smarts, but only because common sense is not showing here. She has won the stupid award for the day. Congratulations."
James mosher,2024-12-04 20:49:24+00:00,This woman should not be anywhere near a court room. Especially the Supreme Court.
7th Generation Texan AKA Garbage Deplorable,2024-12-04 21:38:26+00:00,Settle down. It's just an example of a moron doing what a moron does. I hold the Senate responsible for giving her this platform. She should have never been elevated to a position above her capability.
jon charles baker,2024-12-04 22:09:09+00:00,Brown Jackson is in the grip of mental illness.
rmack2x,2024-12-04 23:26:03+00:00,She’s supposed to be a Supreme Court Justice…
Valkyrie Designs,2024-12-04 17:27:21+00:00,People in government should be required to have an above room temperature i.q.
Western Cavalier,2024-12-04 16:58:49+00:00,"For someone who’s not a biologist, she seems to have a love-hate relationship with human anatomy."
pg1,2024-12-04 16:59:47+00:00,"DEI spoken loudly and clearly...this is the ""Supreme"" court...ugh..."
Capt. Hue G. Bone Her,2024-12-04 17:01:20+00:00,"What a stupid bihh, Ketanji Brown is"
0255AM,2024-12-04 17:01:46+00:00,Ketanji is now a biologist and understands what a woman is.
Grandpa Deadpool,2024-12-04 17:02:02+00:00,"Yeah well, she’s special…as I recall she doesn’t really know what a woman is either."
CryptoCave,2024-12-04 17:02:34+00:00,It is completely different
FPSGameSoftware,2024-12-04 17:03:13+00:00,"This needs to go global, the studies on the long-term effects of puberty blockers on children are horrifying.

Stop killing and sterilizing our kids!"
Master Chief,2024-12-04 17:08:32+00:00,She's on the wrong side of history and will be remembered as a monster
Marsha,2024-12-04 17:16:13+00:00,She needs to go to the nuthouse.  Interracial marriage does not remove body parts to change from one gender to the other.
Rogue,2024-12-04 17:19:32+00:00,She was put into place to use the race card. It’s time to decline those things.
RW,2024-12-04 17:19:44+00:00,Well she didn’t know what a woman was either so this nonsense is pretty much in character for her.
Constitutionalist,2024-12-04 17:23:39+00:00,She's not qualified for her job
Tim Withers,2024-12-04 17:29:26+00:00,I'm curious.  Can a child whose parents pushes them through a transition at an early age later on sue that parent for abuse if they feel it was a forced decision?
DREW,2024-12-04 17:36:55+00:00,She doesn’t know what a woman is.
@TejasScoundrel,2024-12-04 17:40:23+00:00,Of course she does.
J,2024-12-04 17:40:46+00:00,This woman is a disgrace to the supreme court
DodgeToTheMoon!,2024-12-04 17:43:03+00:00,Joe Biden's activist judge
Peter,2024-12-04 17:43:37+00:00,She is unqualified to be on the court.
GB Trolling,2024-12-04 17:50:57+00:00,This is what you get with DEI hires
Barb Ginther,2024-12-04 18:20:54+00:00,Mutilating children is not 'discrimination'. It's child abuse. Assault. Violation of medical ethics to do no harm. Crimes against children. Jackson's f upped if she doesn't protect our kids.
Christian. GaryGenslerResign,2024-12-04 18:21:45+00:00,She’s a LUNATIC!!!!
Boris Balkan,2024-12-04 18:22:19+00:00,"Republicans Mitt Romney, Lisa Murkowski, and Susan Collins joined all Democrats in confirming Jackson to SCOTUS."
Beat Rev,2024-12-04 18:24:33+00:00,How is someone this retarded allowed to be sitting on the supreme court.  What a mockery of our system.
Butts Larue,2024-12-04 18:27:30+00:00,Jesus. Maybe Biden should have nominated a biologist.
TwatterjailbirdPAM,2024-12-04 19:21:13+00:00,"She should recuse herself, she has publicly stated that she doesn’t know what a woman’s IS! She not a biologist."
Atlas Warhammer,2024-12-04 19:57:23+00:00,She’s the dumbest justice in Supreme Court history. And that’s saying something w/ Sotomayor on the court.
Bill Pies,2024-12-04 20:20:05+00:00,"Either she is an absolute moron or wicked to even begin to make such a comparison, the truth of course is that she is both a moron and absolutely wicked."
David.,2024-12-04 20:23:29+00:00,Thanks RINOs and Retard Democrats for this Unqualified DEI Appointment to the Supreme Court.
Chuck Dodgson,2024-12-04 20:37:22+00:00,False equivalency. One is nothing like the other.
S Bryant,2024-12-04 21:22:37+00:00,"She doesn’t even deserve a reply on this.

CRAZY A$$ people 

LEAVE THE KIDS ALONE"
wKn,2024-12-04 22:10:01+00:00,"She is not credible, one bit."
Terry,2024-12-04 22:34:29+00:00,Where did Biden find all these morons?
Jim Martin,2024-12-04 22:43:06+00:00,Commyskank doesn't even know what a Frigging woman is .. what did you expect ?
RMC(SW) Retired Navy MAGA Free Speech,2024-12-05 01:26:26+00:00,"And the same 
@SenateGOP
 voted for her dumbass that are NOT voting for Pete!"
QT 3.14,2024-12-05 02:20:30+00:00,Low IQ DEI hire
Reggie B,2024-12-05 02:45:10+00:00,She’d have to evolve for another million years to become a moron.
K. Wade,2024-12-05 04:59:56+00:00,Ketanji Brown Jackson has already declared on record that she does not know what a woman is.
YachtMoney,2024-12-05 05:49:28+00:00,"Marriage is between two consenting adults and no one in America cares what race people

Banning ""gender affirming"" care for minors is righteous because children should not be brainwashed by activist adults who want to sever children from parents

The issue is protecting children,"
mike,2024-12-04 23:46:18+00:00,This is what happens when you put black people in charge. Everything is race to them
Mary Ellen Barratt,2024-12-04 23:48:55+00:00,COULDENT BELIEVE MY OWN EARS !!!
InfectiousRash,2024-12-05 00:38:05+00:00,An incompetent DEI hire
John Meyers,2024-12-05 00:45:59+00:00,Moron!
Rev. Larry Beane,2024-12-05 01:15:29+00:00,What is a woman?
Travis Peterson,2024-12-05 01:33:07+00:00,"By that logic murder is legal, because we kill babies in the womb, it's kinda the same thing right?"
Matty Cordasco,2024-12-05 01:48:36+00:00,"yet another unqualified appointment by 
@JoeBiden"
Alan Benson,2024-12-05 02:08:18+00:00,This just tells you how unqualified she was to be on the Supreme court.
michele,2024-12-05 02:21:12+00:00,Idiot
cohen=wilpons,2024-12-05 03:13:11+00:00,We know have retards in the Supreme Court
Ed Carr,2024-12-05 03:45:02+00:00,"How would she know about interracial marriages? She doesn't even know what a woman is! 
And she is not a officient!"
2020 smells,2024-12-05 04:51:48+00:00,oh yes so similar
Cherie Moss,2024-12-05 04:54:42+00:00,She also compares sex with minors to sex with adults.
Scott,2024-12-05 10:33:41+00:00,She was too much of a coward to say what a woman was
JD WILL,2024-12-05 11:29:26+00:00,Of course she did. She’s an idiot so she will ask idiotic questions
Micky SoloMan,2024-12-05 13:37:16+00:00,She will always be known as a dei appointment. If she had any class she would've turned it down.
Thomas M. Barry,2024-12-05 13:37:51+00:00,"I was hopeful that having a defense attorney on the Supreme Court would add some badly needed perspective, but she’s just an ideologue"
Susan Miller Repasky,2024-12-05 17:33:27+00:00,"You knew you’d get this from her, didn’t you?"
JD Duffield,2024-12-05 17:42:29+00:00,What a moron. She is what you get with a political non meritorious candidate
Marc Hutchinson,2024-12-05 20:00:13+00:00,Wow!
Jam,2024-12-06 02:54:02+00:00,crazy
Hope in Christ,2024-12-04 17:01:52+00:00,Who could have guessed.. she doesn’t know what a woman is
CherylBepis,2024-12-04 17:01:54+00:00,"That’s a big reach, really going for the gold in mental gymnastics"
fletis,2024-12-04 19:23:25+00:00,Typical leftist a-hole. If it isn't legal they call it a ban.
David Harvey - beep/bop/boohoo,2024-12-04 19:51:09+00:00,Yet can't define what a woman is...
Austin,2024-12-04 23:08:40+00:00,Her husband is of course a white guy. Why is it all these race mongers have white husbands?
JP Enjoyer of Beverages,2024-12-04 23:19:28+00:00,Of course she did. She’s a dishonest diversity hire with only one argument “i don’t like it so…. Racism”
Liz Lewis,2024-12-04 23:22:47+00:00,She's an idiot
Roberto Santos,2024-12-04 23:23:02+00:00,DEI strikes again. This person should have never been selected for the highest court. Embarrassing.
Jeff Wanders,2024-12-04 23:32:28+00:00,Did not know children were allowed to get married.
you be you…,2024-12-04 23:17:46+00:00,Mental illness is the hallmark of liberalism
Steven Hale,2024-12-04 23:19:24+00:00,She is completely ridiculous
EarnestTony,2024-12-04 23:20:47+00:00,This was a woman who could not define what is woman.
S,2024-12-04 23:21:32+00:00,Moron token hire. What did you expect from a woman who can’t define what a woman is?
Rosecup,2024-12-04 23:21:53+00:00,I bet Biden is proud of his pick!
CommonSenseCowgirl,2024-12-04 23:21:59+00:00,She has lost her way!
Steve,2024-12-04 23:23:45+00:00,Isn’t this the lady that can’t define what a woman is?
IrishFan,2024-12-04 23:24:15+00:00,She’s clearly not very bright
Joseph Murphy,2024-12-04 23:25:41+00:00,
ultra MAGA not Trump lover,2024-12-04 23:26:28+00:00,DEI at its finest right there. She's outnumbered and irrelevant.
Ain't Right,2024-12-04 23:27:49+00:00,Quit giving this crap attention. That's what they live for
Harold Spunkmeyer,2024-12-04 23:28:28+00:00,Another Dem first!  Appointing a special needs person as a USSC Justice.
Nothing is Free,2024-12-04 23:28:56+00:00,"She is also very stupid.  I would love to IQ test her.  I would also love to know how she passed the LSAT and the BAR with no common sense, logic, or being able to discern what a man or woman is!"
J Holmes,2024-12-04 23:29:33+00:00,"Sure..makes sense. Equate everything to racism. Wonder if every time she starts to talk all the SCOTUS judges roll their eyes… “here comes a racism story”.

That’s why I wasn’t picked for Olympic 100m. White guys aren’t as fast(yes this is sarcastic, I’m slow, it’s not racism)."
Verum extra voluntatem,2024-12-04 23:30:10+00:00,Always the race card.
SarScout,2024-12-04 23:30:31+00:00,It’s sort of the same thing.
William Kilpatrick,2024-12-04 23:30:49+00:00,She doesn’t even know what a woman is
tim,2024-12-04 23:31:23+00:00,cannot help stupid
Judith Francis,2024-12-04 23:32:49+00:00,She's an idiot it's always about race for her
Brian Marsee,2024-12-04 23:32:55+00:00,Such an idiot.
marbie,2024-12-04 23:35:46+00:00,some people are obsessed with race and look at everything through that lens
FreeStateThankful,2024-12-04 23:36:49+00:00,No surprise as the left only holds to Science if it's not biology.
JC Stillwell,2024-12-04 23:39:02+00:00,We have an activist for a Supreme Court justice
Mike Roche,2024-12-04 23:47:07+00:00,The same DEI SCOTUS hire that could not define a woman when asked.
I LIKE IKE,2024-12-04 23:55:24+00:00,"She's even stoopuder than she looks.
And that's goin' some."
MB,2024-12-04 23:57:17+00:00,Wait what???? They are MINORS????
Nacho Quiles,2024-12-04 23:57:51+00:00,"Well she’s not smart, she’s a poster girl for the progressive left party playing the role as an activist."
TheWhomper,2024-12-04 23:58:55+00:00,"Because interracial marriages are irreversible?

Unbelievable comparison by a Supreme Court justice…"
Kathleen O’Dowd,2024-12-04 23:36:40+00:00,"She’s not very smart anyway..can’t answer the question, “ what is a woman”"
Dan niegsch,2024-12-04 23:37:18+00:00,Always a victim!
Clever Piglet,2024-12-04 23:37:43+00:00,"DEI in action! Dangerous, and an embarrassment"
Whocares,2024-12-04 23:38:49+00:00,She a stupid nig
JTLancer,2024-12-04 23:39:48+00:00,The single worst person ever to be on the supreme court
Urbanjerry2,2024-12-04 23:40:33+00:00,What a dimwit.
Rude Warrior,2024-12-04 23:41:32+00:00,She is just a dumb fuck.
PeamutsMommy,2024-12-04 23:49:55+00:00,Quack job on the bench. This is why Democrats can't be trusted with important appointments.
momfinglet1,2024-12-04 23:50:01+00:00,Kunta shoes to what a dei hire is worth! Nothing!
Shawn Hendrix,2024-12-04 18:08:45+00:00,"My appeal was denied, I was permanently banned. Now my TikTok is back? I must have some powerful friends in on X lol."
United Cajun Navy,2024-12-04 21:40:49+00:00,Troublemaker
Shawn Hendrix,2024-12-04 21:42:09+00:00,Who me? :)
Joshua Hartley,2024-12-04 18:10:24+00:00,Yes you must
sarah,2024-12-04 18:12:00+00:00,NICE!!
Allen Mashburn,2024-12-04 18:19:07+00:00,"Well, you know...... lol"
"Dr Margaret Aranda Ferrante, MD PhD FACFEI",2024-12-04 21:05:00+00:00,Awesome!!!
Jen ~ #IstandwithIsrael,2024-12-05 02:34:28+00:00,Nice to see the good guys win once in a while.  Congrats!
Samantha Tighiouart,2024-12-04 18:46:45+00:00,Ready to go tiny house.  Owner motivated to work with non profit.  Her name is Denise
Tammy,2024-12-04 18:10:05+00:00,United we Stand!.
Freed Ninja,2024-12-04 18:11:42+00:00,"They probably lost a bunch of accounts so they are unbanning major accounts in attempt to get people back. 

Don’t fall for it. Boycott TikTok"
"the Republic, for which it stands",2024-12-04 18:16:18+00:00,You deserve to be on any platform you choose.
love light,2024-12-04 18:59:03+00:00,Thats freaking awesome you cant squash love
Marilyn Groves,2024-12-04 18:13:56+00:00,Banning reason was ridiculous to start with!
Outdoors with Erik,2024-12-04 18:09:26+00:00,Keep being you brother.
taylor.m,2024-12-04 18:16:47+00:00,"Behold! The power of X!  

THANK YOU for all that you have done and continue to do for those in need!!"
NancyStamm,2024-12-04 19:14:29+00:00,We all love you and thank you here on X.
Winged_Angel 2.0,2024-12-04 19:59:54+00:00,"Woohoo, congratulations Shawn. It’s great for you to have that back."
Betty Rose,2024-12-04 20:50:50+00:00,Can’t keep a good man down for long!  Glad you’re back on over there !
Susana777,2024-12-04 18:34:00+00:00,
Victoria,2024-12-04 19:01:38+00:00,The power of X..
Rebecca TRUE PATRIOT WARRIOR digitalsoldier84,2024-12-04 18:10:46+00:00,"Yes, and they  you.... thanks for what you do and the sacrifices your family is making. Digitalsoldier84 wwg1wga worldwide"
KT,2024-12-04 19:40:59+00:00,Good. You do great work.
WARBRYNGER71,2024-12-04 19:53:36+00:00,You have brothers that care Shawn
Devil's Child,2024-12-04 18:10:06+00:00,
Doug Geer,2024-12-04 18:11:03+00:00,Hit the ground running Brother!
Klena,2024-12-04 18:19:36+00:00,
KyVolGirl,2024-12-04 18:33:54+00:00,The Lord works in mysterious ways.
Hippiechic1973,2024-12-04 19:05:10+00:00,Good they should’ve done this on day 1
Diana Arthur,2024-12-04 19:16:39+00:00,Congratulations
IfuletitB,2024-12-04 19:32:29+00:00,
Mama Bear,2024-12-04 19:52:03+00:00,We love what you do for people
Buddy,2024-12-04 19:57:49+00:00,
Carol Thomas,2024-12-04 20:11:05+00:00,Nice!
CGD,2024-12-04 21:16:40+00:00,Power of prayer
jeanne hammond-dye,2024-12-04 21:24:29+00:00,"Maybe it was 
@catmommy
 on TikTok."
The Grem,2024-12-05 05:45:48+00:00,
CallMeChristii,2024-12-04 18:12:11+00:00,
TexasT33,2024-12-04 18:13:07+00:00,"you do the most good for those you're serving, someone noticed"
Mother Michal,2024-12-04 18:14:30+00:00,
SmalltownGirl,2024-12-04 18:16:39+00:00,Mysterious ways
Jewelz,2024-12-04 18:20:30+00:00,Awesome!
Hollie Bennett,2024-12-04 18:25:46+00:00,
Sharon Palmer,2024-12-04 18:27:06+00:00,I bet you do too Shawn.
Sheryle,2024-12-04 18:39:52+00:00,Can’t make this  up!
Xanthos@2006,2024-12-04 18:43:48+00:00,
MAGA 4 Life,2024-12-04 21:44:10+00:00,God Wins!
Juniper Bogie,2024-12-04 21:47:31+00:00,
RG,2024-12-04 22:01:12+00:00,Woo Hoo!!!
Tea Dancer,2024-12-04 22:11:06+00:00,Congrats. What you are doing is too important!
SuperMom,2024-12-04 22:14:27+00:00,"yup, you are back!"
TorannWex,2024-12-04 22:20:47+00:00,
Lena,2024-12-05 00:02:51+00:00,I don’t do Tik tok not interested but you keep doing what you’re doing
Ashley D,2024-12-05 01:18:44+00:00,Now you can do all your dances again.
ℝ𝕚𝕔𝕜 𝕄𝕔𝔾𝕠𝕧𝕖𝕣𝕟,2024-12-05 02:07:58+00:00,"What were the violations? Helping too many people at once? lol but what were their reasons, do you know? And so it is back?"
Valkira,2024-12-05 02:24:44+00:00,Yay!!! Going to make sure I follow you there also!
FollowTheTours,2024-12-05 07:26:50+00:00,X Rules
WhenPigsFly,2024-12-05 07:53:12+00:00,Thank GOD you are vital.  Keep up the good work.
Laura Kaye,2024-12-05 08:30:45+00:00,
Beverly Bright,2024-12-05 17:37:46+00:00,Cool!
daughter of the King,2024-12-06 18:40:34+00:00,"I’m just curious, what did you do for them to ban you?"
Justin Rhodes,2024-12-07 14:38:07+00:00,Weird. Do you start over with zero strikes?
Christian Brzostowicz,2024-12-04 21:37:35+00:00,I cant believe the bans!  Its disgusting that people who are trying to HELP other human beings are being banned for their efforts!!!!!!!!  Keep on keeping on!  God is with you!
PureBloodMaga,2024-12-05 11:51:32+00:00,36 generators were allegedly stolen by law enforcement in North Carolina. What the hell is going on?
Fred Williams,2024-12-05 14:09:09+00:00,"https://x.com/AmericaIsRisen/status/1864322250431696919…

Talk about how bad the local authorities are boondoggling everything"
Libs of TikTok,2024-12-04 20:01:52+00:00,"I exposed Children’s National Hospital in DC for doing HYSTERECTOMIES on 16-year-old girls and “younger kids.”

Anyone who defends this is vile and evil. It’s straight up child abuse.

It’s time to ban gender transitions for minors once and for all!!"
Paul A. Szypula,2024-12-04 20:15:38+00:00,Any hospital that does this should be immediately shut down by authorities
Liberacrat,2024-12-04 20:26:47+00:00,Protect our children.
"Andrew Zywiec, M.D.",2024-12-05 12:30:47+00:00,I am the only doctor in the US to file a Supreme Court lawsuit against gender affirming care in minors. Never back down from this evil. The pharmacological castration and surgical mutilation of children must end.
Jacktron,2024-12-04 20:02:18+00:00,"Remember when 
@AOC
 lied about this?"
floridanow1,2024-12-04 20:04:30+00:00,"All these Hospitals and schools have one more month and they are going down.

They must know it, Trump has warned them."
Hazel Appleyard,2024-12-05 02:18:57+00:00,This is absolutely unhinged.
Courage Is A Habit,2024-12-04 20:22:59+00:00,"FANTASTIC exposure. 

Filed under, “It’s not happening, it’s not happening that much, it’s good it’s happening, bigot”."
Mrs B,2024-12-04 20:02:54+00:00,"OMG, this is child mutilation"
Mrs B,2024-12-04 20:03:08+00:00,We must protect kids from these demons
Carson Krow,2024-12-05 00:37:50+00:00,Damn demons
Paratrooper Brady™,2024-12-04 20:04:39+00:00,This has to end now.
Paratrooper Brady™,2024-12-04 20:04:57+00:00,"Great work, Chaya."
Mrs B,2024-12-04 20:03:52+00:00,Great work !!
𝐿𝒶𝒹𝓎 𝒱,2024-12-04 20:17:03+00:00,Trump Will end this evilness!
Joe T ⌘,2024-12-04 20:02:29+00:00,Out of control it must be stopped
Hooks,2024-12-04 20:31:06+00:00,Protecting kids is the duty of all adults.
Stop Socialist Tyranny,2024-12-05 11:47:06+00:00,"This is a horrific abuse of power and a violation of these children's human rights. 

We need to stand up against these medical professionals who are pushing this agenda and hold them accountable for their actions. 

It's time for our lawmakers to take action and protect our"
SharrellAnne,2024-12-04 20:07:41+00:00,"Just 20 years ago, a doctor wouldn't even give you a tubal ligation unless you'd had children or reached a certain age... There are women suffering right now who need a hysterectomy for medical reasons and can not get one!  How did the medical community get here?"
cudchewerchad,2024-12-04 20:05:54+00:00,"It is pure evil. Frankly, I don't even know that we should permit sex change surgeries even for adults. Is there really evidence that it benefits anyone? How does lopping off your genitals address a psychological disorder rather than further enabling it? These people should be in"
Dutch1777,2024-12-04 20:58:36+00:00,These monsters are permanently mutilating little kids.
Michelle Noble,2024-12-04 20:08:53+00:00,Even fucking vets do not recommend spaying and neutering pets until they’ve stopped growing due to myriad possible issues. I cannot even fathom to possible effects to human children later in life. This is opposite of health care and should not happen!!
~*Michelle*~,2024-12-04 20:08:49+00:00,This is what we all want. Children need to grow up safe. It is our jobs as adults to keep them safe. No child should be given life altering drugs or have their bodies mutilated.
Sandra Strohschein,2024-12-04 20:12:03+00:00,I am trying to wrap my head around the thought of a post menopausal 13 year old.  It’s bad enough at 50.
Joshua Danson,2024-12-04 20:02:12+00:00,"Agreed, demons abusing children"
Simple Economics,2024-12-04 20:02:26+00:00,Trump needs to make this an absolute priority.
Patrick Slayzee,2024-12-04 20:02:53+00:00,The people who do this stuff are like mad scientists from some B horror movie
Greg Mitchell,2024-12-04 20:07:52+00:00,OMG these people are sick! Why would there be any thought on doing hysterectomies on 16-year-old and younger girls? Any hospital allowing this to happen needs to immediately lose any funding and any Dr. should immediately lose their license.  Leave our children alone.
InvisibleLady,2024-12-04 20:28:22+00:00,"When I was 22, I had just had a special-needs child. I wanted to have a hysterectomy because I was depressed and did not wanna have any more children. I was told I was not allowed to have one without my husband‘s consent because I was too young to make that decision without him."
MLee,2024-12-05 02:31:07+00:00,This is straight out #ChildAbuse.  Who the heck does a hysterectomy on a 16 year old girl or younger.  This smacks of Mengle.
Mrs. Jensen,2024-12-05 01:31:52+00:00,"“He already had the top surgery and now we are looking for the hysterectomy”

… and the hospital working LITERALLY responded: “Okay, beautiful.”"
Nexxus Lux ✩✩✩,2024-12-04 21:31:24+00:00,"Any hospital that does this should be shut down immediately and everyone involved should be tried for as many charges as possible and they need to be locked away from society.

Forever."
Kitty,2024-12-04 20:06:14+00:00,Adult women have to fight to get this done!!!
Kimberly A.,2024-12-05 04:43:51+00:00,And anyone whose supports this child abuse needs to be locked up too
WeenyWaney,2024-12-04 20:11:12+00:00,"The surgeons doing these procedures should be in prison along with everyone who was complicit in the process.

This is demonic!!"
Taco Jay,2024-12-04 20:44:08+00:00,But a tattoo is a life altering decision that they aren't responsible enough to make. smmfh
Kay Parks,2024-12-04 20:03:10+00:00,100 truth. It is child abuse.
Darren Cooper,2024-12-04 20:05:46+00:00,Not surprised to see this happening in DC.  Home of the leftist activists who push insane policies.
Jeffro64,2024-12-04 20:32:49+00:00,"Can’t believe it’s even an argument! You’ll ban her from drinking alcohol because she’s “too young”, but you’ll give her a hysterectomy because she’s “wants one”?

A HYSTERECTOMY!!??"
Mike,2024-12-04 22:36:24+00:00,"Hopefully, this form of child abuse will end.
My fingers are crossed that they will remove transgender surgery/care from our medical insurance and make they/them (Lol) have to pay full price again."
Colt,2024-12-05 02:56:54+00:00,Pass legislation that places liability on both Doctors and the medical facilities preforming this butchery and it will stop
SamD,2024-12-04 20:05:09+00:00,"All the doctors that are doing this or even just standing by watching it being done can most certainly be compared to Josef Mengele.
Doing experiments such is this is down right evil!"
Blake Kuhn,2024-12-04 20:08:33+00:00,"Kids really need protection, not pandering. This isn't meant to sound cliché.. Let them be kids. Innocent not just for the sake of being 'cute'. It's crucial. They're far too young to grasp the consequences of these operations."
Texas Grit,2024-12-04 20:12:28+00:00,The medical practitioners in that minor transition space should be prosecuted.
JOEL-TED,2024-12-04 20:14:58+00:00,This is sick and disturbing… You selfish pricks are living through your children  leave them alone…..
The Sport Pigeon,2024-12-04 20:02:14+00:00,Do it!
SaltLifeVA,2024-12-04 20:02:53+00:00,This is demonic.
Mic Powers,2024-12-04 20:07:03+00:00,This is insane and needs to be stopped nationally.
Watcher of the Wise,2024-12-04 20:08:38+00:00,Deport all these sick fucks to Israel.
Jeff DeBisschop,2024-12-04 20:22:44+00:00,
Marie,2024-12-04 21:05:35+00:00,I’m all for this. I wonder how many of these transitioned minors are going to regret their decisions in a few years?
Alex Hartzler,2024-12-05 04:23:25+00:00,These ppl are sick. Truly.
David Brown,2024-12-04 20:03:09+00:00,Evil!
Undercurrent,2024-12-04 20:03:22+00:00,Jail.
Holden Cole,2024-12-04 20:03:38+00:00,Ban them for adults too
Sleem,2024-12-04 20:04:37+00:00,We need to prioritize the well-being and safety of minors while considering all perspectives.
Problematik,2024-12-04 20:06:55+00:00,"We need to make a list of states to not go so we don’t put our kids in danger from these demons sent by Satan.

I will start: 

1. Washington, DC
2. California
3. Minnesota

What else?"
Sayton,2024-12-04 20:10:22+00:00,Let the doctors and hospital be liable for damages to these people and see how fast they stop it!
GingerSnaps,2024-12-04 20:14:59+00:00,Doctors perform unnecessary hysterectomies on healthy women too. Especially if they are on Medical assistance. It's all about the
Rooftop American,2024-12-04 20:18:14+00:00,Any doctors who engage in and/or support this stuff are evil.
Ali L.,2024-12-04 20:41:27+00:00,"Well, someone is getting fired at CNH in DC"
Some Person,2024-12-04 23:07:22+00:00,Good Lord.
Insane Twain,2024-12-05 02:24:25+00:00,I thought they made regular women wait until they were 40 before they would perform that.
Almo Obie Pirate,2024-12-05 02:27:37+00:00,
American Mom,2024-12-05 02:35:45+00:00,"Amen, no child is capable of understanding the life alerting surgeries or what the drugs for transition will do to them in the long run.  Pure evil that anyone would allow this to happen to a child."
Joe,2024-12-05 03:08:08+00:00,Would the courts feel the same about this ban as they do an abortion ban?
Jim Henegan,2024-12-05 03:19:08+00:00,Like taking an aspirin?
Gretchen,2024-12-05 03:38:07+00:00,Sterilisation of children is okay. Hysterectomy for women suffering isn’t.
ℜ𝔞𝔩𝔭𝔥 𝔚. 𝔇𝔞𝔳𝔦𝔰,2024-12-05 04:34:30+00:00,Horrendous.
LeglessWonder,2024-12-05 05:32:00+00:00,"Yet adult women, WITH KIDS ALREADY,  need the permission of their husband before some docs will even consider it."
LuQman WaRraiCH,2024-12-04 20:04:54+00:00,This is truly alarming Safeguarding minors must be our utmost priority.
RandomlyHere,2024-12-04 22:33:03+00:00,"@ChildrensNatl
 have you anything to say?"
SongBird,2024-12-04 23:15:06+00:00,Depopulation
bubba,2024-12-05 02:17:16+00:00,They keep saying it's not happening.. but then why are they fighting a law that stops something non-existent?
CryptoCave,2024-12-04 20:03:14+00:00,Straight up evil
“”,2024-12-04 20:03:28+00:00,They use systems/people supposed to protect children as a means of getting control and assaulting the children.
Michael Ferrell,2024-12-04 20:03:46+00:00,
SpaceCatMemes,2024-12-04 20:05:31+00:00,hell awaits them
James Berger,2024-12-04 20:10:07+00:00,Imprison any involved with this lie.
Acrum,2024-12-04 20:12:59+00:00,KUDOS WTF! UNREAL but it's not!
Bruce,2024-12-04 20:42:18+00:00,"Child abuse, child mutilation, child medical experiments, the terms are synonymous here."
Chuck Sevall,2024-12-04 21:40:34+00:00,"Everyone involved from the Doctors, nurses, administrative hospital staff, and insurance folks need to lose whatever license they have and then be prosecuted.  Absolutely disgusting ethics on display."
cindy,2024-12-05 02:26:10+00:00,Omg.  I remember when if a woman was married she could not get a hysterectomy without her husbands permission
Alex Lopez,2024-12-05 03:59:30+00:00,At what point is violence against evil allowed? Adults that intentionally hurt children should be erased!
Janeen Allen,2024-12-05 04:58:42+00:00,
SuperBasedInCali,2024-12-04 20:02:19+00:00,Ban in all 50 States!!!!
Dorothy.,2024-12-04 20:02:39+00:00,Demons walk amongst us …
PapaBear,2024-12-04 20:03:25+00:00,This makes me so sad and angry
Kathleen P,2024-12-04 20:03:49+00:00,
MemesOnTheLoose,2024-12-04 20:04:26+00:00,
Eugene Mcgivern,2024-12-04 20:07:30+00:00,Jeeezus kerist! That is horrendous!
marjnap,2024-12-04 20:10:19+00:00,What kind of parent does this to their child?
JRocker12,2024-12-04 20:14:14+00:00,Disgusting
Courtland,2024-12-04 20:17:58+00:00,Digusting. I absolutely agree. We need to eradicate this evil now.
Gerry Jackson,2024-12-04 20:17:59+00:00,"We have become the Aztecs, torturing children for Satan, the blood god"
Polly Gray's Hatpin,2024-12-04 20:20:18+00:00,"Wow! As a 52 year old woman who HAD to have a hysterectomy three years ago this is appalling. It is major surgery that can take nearly a year to recover from. It is extremely traumatic, mentally and physically. These people need locking up. It's Josef Mengele level barbarity."
Sissy,2024-12-04 20:20:51+00:00,PURE EVIL
Damon Strong,2024-12-04 20:22:20+00:00,It's like a warped sci-fi horror movie.
C F,2024-12-05 01:47:11+00:00,Wtaf
Pharoah Nebkheperure Pibamen,2024-12-05 02:11:07+00:00,OMFG.
Brittany Gay,2024-12-05 02:14:33+00:00,"For anyone. It isn’t a treatment for anything & in fact, causes more chronic conditions than it claims to solve. It’s antiscience & on par w/ body modding not medicine."
USALover,2024-12-05 02:27:07+00:00,These people need to go to jail.
Sherly Salisbury,2024-12-05 03:13:37+00:00,Absolutely
Donna Nana_MAGA,2024-12-05 05:53:41+00:00,Monsters!
DeplorableAF99,2024-12-05 06:02:43+00:00,SO sick!
PureBlood KrakrMike-NoQuarterNoSurrender,2024-12-05 06:19:45+00:00,These ppl should be prosecuted
Ginny Benson,2024-12-05 06:36:16+00:00,This is child abuse.
ThirdPartyFan,2024-12-05 07:54:19+00:00,We use to hunt down Nazi doctors for doing this stuff to children.  What happen?
MAGA WARS,2024-12-04 20:30:20+00:00,DESTROY THE DEMONS.
WildNana,2024-12-04 21:10:25+00:00,Mind blown  wow good work! Wow
Shana R.,2024-12-04 21:32:42+00:00,This is horrific. This hospital should be defunded or even permanently shut down for doing this.
Christian,2024-12-04 21:36:02+00:00,mutilation.  anyone involved should be in prison.
Elizabeth,2024-12-04 22:04:27+00:00,Physically sick listening to that
Jackie Gabbamonte,2024-12-04 22:09:23+00:00,
klme,2024-12-04 22:24:52+00:00,There is still no UGH button for this
Susie N,2024-12-05 01:25:42+00:00,Whoa!
S Nice,2024-12-04 20:24:32+00:00,Omg
Dawn Steinmetz,2024-12-04 20:36:53+00:00,"Yet when my daughter was 25 she wanted her tubes tied and they said she had to be 30 or have had two children, she had my grandson and didnt want anymore kids."
geb,2024-12-04 20:45:42+00:00,Horrible
Zed Nott,2024-12-04 20:46:55+00:00,and everyone who has done this already including the hospital management that allowed it should be prosecuted.
Crooked Biscuit,2024-12-04 21:04:28+00:00,Keep up the good work
Federal Smoker,2024-12-04 21:31:44+00:00,This is all it comes down to folks.
Thomas the doubter,2024-12-04 22:38:06+00:00,"It's SATANIC!  
I think it's part of the satanic 
Depopulation project.
They will be held responsible. 
Crimes against humanity/children."
Everything’s Fine,2024-12-04 22:59:47+00:00,Not another dime to Children’s National.
terry little,2024-12-04 23:04:08+00:00,Yes totally agree
Newsy666,2024-12-05 01:07:25+00:00,This is sad and disgusting in so many ways. These are sick adults preying on young children
teaparty OTAKU,2024-12-05 09:50:25+00:00,It’s similar to taking aspirin…..sotomayer
GoodCharlieT,2024-12-05 10:49:11+00:00,
Zov,2024-12-05 12:11:31+00:00,"It's disheartening to witness the denial of transgender children's lived experiences.  To claim ""there's no such thing as a trans kid"" is not only insensitive but also deeply damaging. It invalidates their feelings, dismisses their struggles, and undermines their right to"
Monarch20884 Fight Fight Fight,2024-12-05 12:35:36+00:00,This needs to end.
Soyocracy,2024-12-05 12:38:30+00:00,"US Supreme Court arguments from US vs Skrmetti 12/4/24 
https://supremecourt.gov/oral_arguments/argument_transcripts/2024/23-477_2c8f.pdf…"
Denise Wittman,2024-12-05 13:20:34+00:00,I could not agree more
Preeti Parab,2024-12-05 13:29:27+00:00,"???? 
@RepRoKhanna
 @SenSanders
 @AlexanderSoros
    This was not happening at this scale before 2020. Care for America’s future?"
Hannah,2024-12-05 14:30:08+00:00,Not okay.
Leviathan,2024-12-05 15:11:56+00:00,"Imagine speaking to a woman like this and not having a sense of awareness that this is a complete bullshit call. I think the woman making the call is awesome, but the people on the hospital end are social morons."
RudeOnion,2024-12-05 15:16:34+00:00,"That's ridiculous! I've been informed repeatedly that this literally never happens! How dare you spout such lies, vile temptress!"
Sean Harrison,2024-12-04 20:29:21+00:00,"Millstones being prepared. 

Matthew 18:6  ""If anyone causes one of these little ones—those who believe in me—to stumble, it would be better for them to have a large millstone hung around their neck and to be drowned in the depths of the sea."""
TheHunterTweet,2024-12-05 02:14:48+00:00,"In the Orthodox Liturgy we pray ""“A Christian ending to our life, painless, blameless, peaceful; and a good defense before the dread Judgement Seat of Christ, let us ask of the Lord.” I keep thinking about that when I listened to this phone call. What they are doing to children"
Valkyries for women,2024-12-05 03:45:00+00:00,Caught them.
William Schwandt,2024-12-05 04:29:03+00:00,"This even made me clutch my pearls...

Absolutely grizzly..."
John Hillary,2024-12-05 04:33:54+00:00,A trial lawyers delight!
Nani,2024-12-05 15:49:10+00:00,16 is way too young! Insane.
Marquessa,2024-12-05 15:55:03+00:00,"Big Pharma is literally manufacturing customers. These kids will be on medication for the rest of their lives. A deep, deep dive needs to be done into the transgender movement. A lot of people are getting very wealthy off the misery of children."
X8XBMJN6EW,2024-12-05 15:55:48+00:00,These people are monsters. They must be stopped!
Ginger,2024-12-05 16:47:21+00:00,
Brooklyn2,2024-12-05 16:48:05+00:00,What the heck is happening to our world. It used to be only a small group of elitist so close but now it’s spread into every walk of life. How has the world changed this much in my lifetime??? I’m only 40 but it’s crazy just how dark and perverse the world has become in that
Logic-Went-Where-Exactly,2024-12-05 01:18:13+00:00,And vulnerable adults like autism etc but yes! Children Now!!! It’s unbelievable! All of it!
Jon Ford,2024-12-05 01:36:15+00:00,Super gross and fucked up.
Mary Ann,2024-12-05 01:36:45+00:00,Close that slaughterhouse down.
Chris hackman,2024-12-05 01:44:31+00:00,News flash they did it to native America into the 80s
NewDayUSA,2024-12-05 01:49:38+00:00,Remember when they denied it.  This wasn’t that long ago.
Mark Gustafson,2024-12-05 02:04:18+00:00,Share
Based Coffee Luvr,2024-12-05 02:07:28+00:00,Oh no. This is just abhorrent evil at this point!
Sam Hill,2024-12-05 02:11:43+00:00,"Hey, depopulation in action.
Look grandma, or I mean, mom, no grandkids.
Good job, population control solved.
Motive."
Amy Bong,2024-12-05 02:26:43+00:00,This is child abuse at its finest
Issy,2024-12-05 02:36:17+00:00,The “children’s torture centers” & the psychos & surgeons doing the harm to minors should be held responsible. Inexcusable.
AZConservative,2024-12-05 03:15:08+00:00,Oh my gosh. That is freaking unacceptable. Ugh these demons.
Polyreformed,2024-12-05 03:19:28+00:00,Yes outlaw all sexual abominations.
Chelsea in AZ,2024-12-05 03:30:57+00:00,"We can't be surprised. The hormones weren't guaranteed sterility and they couldn't get to all of the with the blockers before the hormones to ensure it so, of course, they will preform surgery. It's eugenics. It's always been eugenics"
TresInUnum,2024-12-05 03:31:15+00:00,THESE PEOPLE ARE EVIL!
bunniculas6,2024-12-05 03:52:34+00:00,I don't know how these people can work there. I mean...I know they have bills to pay but I can't ever see myself working there.
DGloria,2024-12-05 03:53:30+00:00,"“In New York State, the minimum age to get a tattoo is 18 years old, and it is illegal to tattoo anyone under that age, even with parental consent. Tattooing a minor is a misdemeanor under New York State Penal Law Section 260”"
Pattycake,2024-12-05 04:21:30+00:00,I can't believe what l just read..
Derick,2024-12-05 04:36:53+00:00,Absolutely disgusting. Anyone who supports this vile gender ideology is depraved beyond measure.
PSB,2024-12-05 04:40:07+00:00,I was bleeding for years and they refused me a hysterectomy because I was too young.  Now they're handing them out to any mental patient with a tiktok account.
Wendy Sprague,2024-12-05 05:08:17+00:00,
TexasMom,2024-12-05 05:15:58+00:00,"For 2 yrs I had to beg my doc for a hysterectomy after suffering w/endometriosis for decades. Finally got it at 42., but he was very leery. I had to convince him I didn’t want another baby. Can’t believe they are doing this permanent and irreversible procedures and meds on kids"
Ken Boyer,2024-12-05 05:33:26+00:00,These people want to sterilize as many children as possible before Trump gets into power.
chuckdawg1995,2024-12-05 05:41:17+00:00,This is to keep them under developed. This is butchery
Jesse Simon,2024-12-05 05:52:22+00:00,Good work. Let's flush this vile shit out
Meet Dogg Blacc,2024-12-05 12:24:54+00:00,"Matthew 18:6 KJV
But whoso shall offend one of these little ones which believe in me, it were better for him that a millstone were hanged about his neck, and that he were drowned in the depth of the sea."
Jim Anthony,2024-12-05 15:24:59+00:00,Leave our kids alone for God's sake.
Sue Bond,2024-12-05 15:26:27+00:00,Who are the physicians that would do such a thing.  Name them!
GMS,2024-12-05 16:24:29+00:00,Completely diabolical. I have hard time believing this is true .
ODB,2024-12-04 20:04:31+00:00,SINFUL...EVIL
IronBubble,2024-12-04 20:11:08+00:00,i bet they are all white girls..
Dan Lafleur,2024-12-04 20:23:24+00:00,You can not say you support women & children and also support ANY of this gender ideology crap
CreepyCrawler,2024-12-04 20:41:11+00:00,"She should have waited another 45 days to make this call.  That way, Trump could put them under arrest."
Wonderfool Alice,2024-12-05 02:04:59+00:00,Who made them legal?
Making America & Rainbows Great Again!,2024-12-05 02:05:43+00:00,"Just 21 short yrs ago a surgeon refused to give a 57 year old female relative of mine a Double Mastectomy when a tumor was found only on 1 breast.  He called it ""MUTILATION"". A second surgeon did perform it and pre-cancer was found in the second breast. Now we have this sick"
Potato Tomato,2024-12-05 02:18:49+00:00,How goes giving a women a hysterectomy affirm anything other than the fact that she is a sterilized woman? That all she can ever be.
democratsarecriminals,2024-12-05 02:51:01+00:00,But Sotomayor thinks that aspirin has dude effects.
Patty B,2024-12-05 02:56:52+00:00,First do no harm definitely applies!!!
Mrs. Marzuolo,2024-12-05 04:34:19+00:00,If it is real... It is evil.
Princess Consuela banana hammock,2024-12-05 07:26:28+00:00,"Omg, great job exposing this!!! Hysterectomy at age 16, lord save us."
Misael,2024-12-05 07:36:56+00:00,And arrest those who performed them!!
GinaGina,2024-12-05 09:34:40+00:00,"This is criminal.  I had to get a hysterectomy at the age of 40 due to health issues.  The doctor put the surgery off as long as possible due to the effects it would have on hormones that would in turn cause problems with other parts of my system.  Like bone density, heart, ect."
America 1st,2024-12-05 11:17:19+00:00,Have you exposed yourself yet Chaiya...for being a Jew?
Mo,2024-12-05 12:47:27+00:00,Uneducated medicals?! Asking in which gender 16year old wants to transit when hysterectomy has to be performed! Did we come so far that medical personal has no clue about female reproductive system or about consequences of hysterectomy- Bringing teen girls direct into menopause.
Doideld Teyatsemer,2024-12-05 13:22:56+00:00,Don’t be a peri menopausal woman who has five kids and needs a hysterectomy though!  They’ll jerk you around and put you through tons of hoops and demand you take dangerous hormones first!  Gotta rip out the healthy uteruses of CHILDREN!  And ppl wonder why we hate healthcare.
Jason,2024-12-05 13:24:12+00:00,Yo what the f*** how has nobody burned this building down yet?
Neil Robertson,2024-12-05 13:27:42+00:00,Child sterilization..
Liz Faurie,2024-12-05 13:46:56+00:00,In my mid 30s I couldn't get one. Was told it's unethical till a certain age. Only in emergency situations. And they doing it to children. Insane.
xXMrsCXx,2024-12-05 14:02:26+00:00,Prison
Sky king,2024-12-05 14:12:58+00:00,These surgeons  should lose the medical license! They should be charged with aggravated assault.
Herb Highness,2024-12-05 14:28:20+00:00,"Yet if you're a grown ass women you can't get one unless you've had children, medical problems, reach a certain age, and/or have a husband to sign off on it. K."
yellow sharpie,2024-12-05 14:56:46+00:00,Yea yea yea
Tammy Mitchell,2024-12-05 15:26:17+00:00,100%
William,2024-12-05 15:49:41+00:00,"I’m 79 years old with numerous nieces and nephews and not one of them was ever confused about their gender. It’s not the children that need help, it’s the adults that want to sacrifice their children on the woke altar! They are sick, demented, soulless monsters!"
Raineydayz,2024-12-05 15:55:29+00:00,Are you going to tell people Who is behind all this? Or no..Can't name your own people?
JML,2024-12-05 16:06:26+00:00,Sick…all done for $$$
Regina Grayson,2024-12-05 16:17:46+00:00,Satanic demonic evil
Bloomberg Technology,2024-12-04 22:46:47+00:00,"TikTok tripled its US shopping sales to more than $100 million on Black Friday, a sign of the app’s growing popularity despite a looming ban."
REALIZE うきまる,2024-12-05 00:21:52+00:00,"【知ってる方いたら助けてください！】

ワンコメを使ってtiktokのコメントを見ていたのですが、なぜか反映されなくなってしまいました。
もし対策わかる方いたら教えてください～！

可能性として一瞬BAN食らった日があってそれからかも？って感じです！"
Jaynhi Allen,2024-12-03 22:35:34+00:00,I ban that spirit of 100-200 views on my TikTok videos because wtf is that ah It’s not even giving me the energy to do more at this point because what’s this tsw
GADGET KING,2024-12-03 22:37:33+00:00,Whats your account lemme follow
Jaynhi Allen,2024-12-03 22:39:07+00:00,Jaynhiallen
MAXI~MILLIANO,2024-12-03 22:37:51+00:00,What’s your account ?
Jaynhi Allen,2024-12-03 22:38:54+00:00,Jaynhiallen
Coach Vilanova,2024-12-03 22:43:25+00:00,Lol calm
Jaynhi Allen,2024-12-03 22:46:01+00:00,Who said I’m not?
L A B A M B A,2024-12-03 22:53:45+00:00,Post one video on your TikTok page here lemme see
Big Bro,2024-12-04 14:58:03+00:00,"…… try out various things instead of only book content. Use that as your attraction point. The books come in once in a while. Also use the hashtags under booktock 

Most importantly, be consistent"
野生のSeijiがあらわれた【Mixed DX Artist】,2024-12-03 17:20:23+00:00,tiktok垢BANリーチ来たな
割,2024-12-03 22:20:49+00:00,tiktokもエロ系やっぱダメなんすね
野生のSeijiがあらわれた【Mixed DX Artist】,2024-12-04 05:25:14+00:00,思春期くらい厳しい判定ですわ！
Cerebros,2024-12-01 15:04:20+00:00,"Oficial: TikTok bloqueará los filtros de belleza para los adolescentes, esto por preocupaciones de salud mental."
John D Rockefeller,2024-12-01 15:40:08+00:00,"Mejor prohíban tiktok y onlyfans, saben que eso ayudará mentalmente a la gente"
Mykhaïlo Golub,2024-12-05 09:52:25+00:00,Ban Chinese TikTok
polly,2024-12-05 01:28:25+00:00,im so close of tweaking all the time specially menstruating
NBACentel,2024-12-07 18:05:18+00:00,"Jarred McCain struggling on the court after news of potential TikTok ban in the U.S: 

“It’s tough to focus on the game when everything I love is being taken away.”

(Via 
@ESPNNBA
)"
HooDis,2024-12-07 18:06:03+00:00,McCain making his last tik tok
E-Man,2024-12-07 18:21:54+00:00,They tryna nerf McCain
Fan,2024-12-07 18:07:13+00:00,Bro gonna have nothing to do in June when Philly misses the playoffs
Riley,2024-12-07 18:30:08+00:00,I could actually see someone in this generation saying that
,2024-12-07 18:07:12+00:00,Thought this was Centel
Blank,2024-12-07 18:09:59+00:00,Centel’s run this year!
Alex Arango,2024-12-07 18:05:40+00:00,Now this is content
Scope360,2024-12-07 20:56:33+00:00,When TikTok's at risk but you're still trying to ball out
KD,2024-12-07 19:14:26+00:00,
Riv,2024-12-07 18:09:02+00:00,This is ridiculous. Tiktok should not affect your play whatsoever. Guy was playing mid anyways
Rise,2024-12-07 18:13:35+00:00,Attention span shorter than Kawamura
Rene,2024-12-07 19:40:27+00:00,Centel banger incoming
Nurse Luke,2024-12-07 22:42:51+00:00,LMAOOOOO
▶︎ 𝙂𝘼𝙇𝙄𝙇𝙀𝙊 𝙁𝙀𝙍𝙍𝘼𝙍𝙄 ガリレオ,2024-12-08 14:07:27+00:00,Source of energy
Chris Fenton,2024-12-09 12:13:33+00:00,"My latest op-Ed:

""TikTok provides Beijing an ability 2 understand, control, & influence Americans well beyond simply Hollywood content. In fact, the platform is much more damaging in how it shapes the opinions & perspectives of adults under 30."""
Tom Sears,2024-12-07 23:01:45+00:00,"I don’t care if this is CentelPropaganda, this is 100% true and accurate"
,2024-12-07 18:11:47+00:00,Centel when it comes to cooking realistic headlines/news
The Real,2024-12-07 18:05:44+00:00,No wonder he struggled yesterday
,2024-12-07 18:06:00+00:00,I thought this was centel
wellowttm,2024-12-07 18:05:47+00:00,There bigger fish to fry relax
Mofarl𓃵,2024-12-07 18:06:05+00:00,McCain currently:
Scams Charania,2024-12-07 18:06:36+00:00,Nigga finna paint his nails gothic black
AlwayzHoodie,2024-12-07 18:11:07+00:00,
lc,2024-12-07 18:39:28+00:00,this gon get so many people watch
Jaycooh,2024-12-07 20:26:29+00:00,"@JonahBanokoro
 @swaggyp987
 @asainjeffxoli"
Rag,2024-12-07 21:10:17+00:00,We stand with him
Lowlife,2024-12-07 18:06:15+00:00,Ngl this shit is probably going to be true
calebwilliamsfan23,2024-12-07 18:06:36+00:00,So that's why he had a stinker last night
Arthur,2024-12-07 18:09:28+00:00,Another centel banger
murxoz,2024-12-07 20:14:45+00:00,"“It’s tough to focus on the game when everything I love is being taken away.”

the run centel is on is going to be remembered forever"
𝐖𝐎𝐋𝐕𝐄𝐒 𝐖𝐑𝐋𝐃,2024-12-08 00:41:39+00:00,Cackling
D,2024-12-07 18:05:32+00:00,first
Adog,2024-12-07 18:05:35+00:00,LMAO banger
mac,2024-12-07 18:05:43+00:00,At least he has his nail paint
calebwilliamsfan23,2024-12-07 18:06:14+00:00,
.,2024-12-07 18:06:38+00:00,future banger
Sebastian,2024-12-07 18:06:56+00:00,Oh this is going to do numbers
FightNightFreak,2024-12-07 18:10:11+00:00,How will McCain go on?
DAVID CINTRON,2024-12-07 18:12:48+00:00,@RayTooEasy
OnlyFacts,2024-12-07 19:34:57+00:00,Brooo  Centel u a genius man
,2024-12-07 20:39:04+00:00,@NBA__trey
type shit,2024-12-07 21:44:56+00:00,@NYYBD3
DC Scorpio,2024-12-07 22:52:22+00:00,dude u better focus on your career  that pays u generational money  u worried about some dam tiktok
alondra,2024-12-08 01:46:58+00:00,Bro
Shaq,2024-12-08 03:42:41+00:00,LMAOOOOOOO
yarin erez,2024-12-08 03:44:23+00:00,@OfirKorem
pahoot,2024-12-08 14:45:20+00:00,@Jamesfnm_
Tamir,2024-12-08 17:50:18+00:00,Like Jokić without his horses
d,2024-12-08 17:59:09+00:00,Lmao
Graham,2024-12-08 18:25:30+00:00,yeaa don’t quit your 9-5 buddy
GoldenRadar,2024-12-07 18:06:52+00:00,Broo!!  I almost thought this was Centel. Crazy world we live in
Oosagi,2024-12-07 18:07:55+00:00,How do you think of these brah thank god you get paid for this honestly
Alex,2024-12-07 18:11:40+00:00,His downfall started since he heard the news
Brandon L McMillan,2024-12-07 18:22:46+00:00,I could actually see someone in this generation say that
Trigeki,2024-12-07 18:24:04+00:00,time to take his talent to x
cj,2024-12-07 19:08:43+00:00,and people wonder why NBA ratings are down smh
Tae ひ,2024-12-07 19:59:10+00:00,centel been cooking lately wtf
Get Money GQ,2024-12-07 20:16:33+00:00,I feel yo pain bro
Jonathan,2024-12-07 20:41:52+00:00,LOL!!
,2024-12-07 21:58:57+00:00,@Trevtheowner
Lonely Stoners,2024-12-07 22:37:03+00:00,Imagine
Joe,2024-12-07 22:52:38+00:00,Lmao
R.A Tone,2024-12-07 23:39:59+00:00,"@pikaso_me
 screenshot this"
Vintage_Steez,2024-12-07 23:42:16+00:00,You Knew It Was Coming
Michael Jordan's Burner Official,2024-12-08 03:38:52+00:00,McCain is cooked now
Don,2024-12-08 06:15:51+00:00,Imagine horrible TikTok’s are his secret to playing well
Aaron H.,2024-12-08 07:37:47+00:00,"All of 
@TheNBACentel
 could be about the 76ers. Way to much content on that team"
P/R Football,2024-12-08 10:12:07+00:00,"""This is absolutely ridiculous. These players need to focus on the game and stop making excuses. Millions of fans pay to watch basketball, not hear about their TikTok struggles. Priorities, people!"""
jackson blaze,2024-12-08 23:46:16+00:00,ayo he got NBA status he gotta help keep that shit up
Frank Lucas,2024-12-07 18:06:38+00:00,@longshotlotto
Native Son,2024-12-07 18:07:56+00:00,Centel daily
nolovematt,2024-12-07 18:08:16+00:00,
Burner Account,2024-12-07 18:09:31+00:00,
WagerHub Casino & Sportsbook,2024-12-07 18:11:21+00:00,Hahaha I was like WTF?
™CHAMPAGNEDEMIC™,2024-12-07 18:11:40+00:00,chill
SAUL GOODMAN,2024-12-07 18:12:02+00:00,Marine corps can solve that
isaiah,2024-12-07 18:12:57+00:00,top 3 centel post
Dalocklear73,2024-12-07 18:13:51+00:00,Best one yet
Omar Al-Kazzaz,2024-12-08 04:03:50+00:00,DUMB
Jenereaux Da General 08/08,2024-12-08 04:41:51+00:00,Goes on Tik Tok and paints his nails.
playboii_nasty,2024-12-08 05:22:05+00:00,Legendary Centel post right here
Charlie,2024-12-08 05:51:34+00:00,
flex,2024-12-08 06:33:01+00:00,
Joel Villarreal,2024-12-08 06:54:29+00:00,Now ya know how physical media fans have felt
DrainoCT,2024-12-08 06:55:46+00:00,Bunch of pussies
chefjasonmilwaukee,2024-12-08 07:06:56+00:00,Are you kidding me?
Dylan and Casper (Dylan Eikichi),2024-12-08 09:18:31+00:00,No wonder he has been playing bad recently
Beeker,2024-12-08 10:13:45+00:00,
HIP HOP LICKS,2024-12-07 18:14:15+00:00,"Oh, my nigga you cant play then."
KECK,2024-12-07 18:14:18+00:00,
Pyul27,2024-12-07 18:16:42+00:00,Well that's one of the gayest things I've heard from a professional athlete
Buc_Bennessy,2024-12-07 18:22:34+00:00,LMAO
Shai4MVP,2024-12-07 18:25:27+00:00,Lmao  this shit should give u 5M views bro
Vibra,2024-12-07 18:26:04+00:00,
JUSTIN316,2024-12-07 18:27:22+00:00,Lmao that’s a good bro  Very Believable
airawr,2024-12-07 18:57:04+00:00,Hahaha  ngl he's the most entertaining tiktoker from the nba
Lameda,2024-12-07 19:04:25+00:00,This is too much na
inmate,2024-12-07 19:09:10+00:00,centel
jackson blaze,2024-12-08 23:46:59+00:00,FUCK I GOT CENTEL’D OMG
buny,2024-12-07 21:37:38+00:00,Allow him man
Aylin Demir,2024-12-08 00:05:29+00:00,When the game of life hits you with a plot twist even the court feels like a different planet.
75 Secondes,2024-12-09 08:42:20+00:00,"FLASH | Tik Tok, interdit aux États-Unis à partir du 19 janvier 2025 ! Ça commence à être chaud pour le réseau social. 

 https://75secondes.fr/actualites/tik-tok-interdit-aux-etats-unis-a-partir-du-19-janvier-2025…"
Mr. J,2024-12-09 08:56:34+00:00,Il devrait faire pareil en France
J.,2024-12-09 13:34:38+00:00,Enfin le downfall de cette merde ambulante qui abruti les cerveaux de la jeune génération
Gunnar Berberson,2024-12-09 08:47:03+00:00,Mais on devrait tellement faire pareil
Maria,2024-12-09 08:50:29+00:00,Que vont faire les millions d'influenceurs et d'utilisateurs américains ? Quels réseaux sociaux pourraient en bénéficier ?
ʄʀǟռƈӄʏֆȶօռɛ,2024-12-09 09:47:03+00:00,Les influencers voient un bearish Les traders voient un bullish en approche
LETCHEPO225,2024-12-09 09:39:37+00:00,Tjrs on interdit mais ils sont tjrs dans mes pt
Audrey Oliva,2024-12-09 09:23:35+00:00,"Si ça se confirme, ça pourrait secouer tout l'écosystème digital, surtout avec la popularité de l’app auprès des jeunes."
M@Ss,2024-12-09 09:25:54+00:00,Nickel ça !
Victoria Einar Gyökerex,2024-12-09 14:36:57+00:00,
.,2024-12-09 11:37:09+00:00,Source :
Emma Ma,2024-12-09 13:46:24+00:00,"TikTok pourrait bien perdre son statut de roi des réseaux sociaux. Mais, soyons honnêtes, on sait tous que les gens trouveront un moyen de contourner ça, non ?"
skksbszb,2024-12-09 19:52:22+00:00,Très bien !
kiho,2024-12-09 21:36:23+00:00,Cv juste créer un nouveau réseau social  mdr
Seb/Ndy,2024-12-10 08:39:46+00:00,"Enfin une bonne nouvelle...vivement en France, mais bon y'a déjà trois generations qui sont perdues..."
lintruduweb,2024-12-10 09:56:43+00:00,La France sera comme d’habitude es derniers à réagir
Bientôt la fin,2024-12-09 09:31:11+00:00,Juste avant l'introduction de Trump
New Delhi Times,2024-12-13 08:31:17+00:00,"ByteDance seeks to delay US TikTok ban, putting hope on Trump administration
#ByteDance #US #TikTok ban
https://newdelhitimes.com/bytedance-seeks-to-delay-us-tiktok-ban-putting-hope-on-trump-administration/…"
D-Bark,2024-12-13 19:09:07+00:00,"Drone Witness...
They are spraying something...
No wonder the government wants to ban TikTok..."
Zaz,2024-12-13 19:31:13+00:00,Thank you for posting! It’s a shame we never know what to expect when we wake up.
D.K. Parker,2024-12-15 14:02:54+00:00,I guess we will all get really sick from whatever they are spraying on us.
D.K. Parker,2024-12-15 14:04:06+00:00,"They didn't take enough of us out with Covid, so they have to spray something new on us."
Forbes,2024-12-13 19:06:03+00:00,"The divest-or-ban bill requires TikTok to give users and creators a copy of their data — so they can post it elsewhere — by January 19. But to benefit, you have to file a request. https://trib.al/xWuINhp"
johapovedafitness,2024-12-13 19:15:09+00:00,Excellent news!
,2024-12-13 10:14:29+00:00,happy one year to my silly bf with ray ban camera glasses. need more jaemin tiktok challenge pls :(
,2024-12-13 10:16:48+00:00,i've been waiting for a year to wait for jaemin to make a tiktok challenge with these glasses....
Elise Joshi,2024-12-13 20:25:29+00:00,Why they want to ban TikTok Part 2
Lauren McKenzie,2024-12-14 18:14:27+00:00,The kids are alright
Zachary Ault,2024-12-14 04:55:55+00:00,"Can’t be having the youth be doing class conscious skits like this. The youth must remain obedient to the grinder more than millennials ever were. Otherwise the collapse is inevitable. 

As most boomers won’t be around in 20 years."
ty,2024-12-14 02:27:53+00:00,the real matrix
nami,2024-12-14 02:02:19+00:00,let them try
Jaclyn Jemison,2024-12-14 01:32:04+00:00,"I don’t know whether to tweet Malcolm X saying “the chickens have come home to roost” or the Devil Went Down to Georgia. When you sell your soul he comes to collect, the next generation. Fun fact: the stories that the Grimm Brothers ripped of were actually cautionary tales."
Charli,2024-12-14 02:34:58+00:00,Damn
Leigh Kimberg,2024-12-14 18:59:17+00:00,In case you missed Part 1.
Anne Loo,2024-12-14 00:46:57+00:00,"There’s so much great content on TikTok, but look at what happened to Romania. 

We have to figure this out."
Darby,2024-12-14 00:04:10+00:00,"At last, at last, at last."
Todd Shaw,2024-12-14 17:54:54+00:00,Low IQ take
Milly,2024-12-15 18:53:15+00:00,This is what I hear every time somebody advocates for renting over home ownership.
Avery Banks,2024-12-14 04:08:28+00:00,Good job you 2!!!
Gloriosa Lily,2024-12-14 04:35:30+00:00,This is too real lol
the real dvd,2024-12-14 12:26:13+00:00,y'all realize that brad podray makes satire content right? i think he probably believes this but its not meant to be taken too seriously
Ton (presque) ami,2024-12-14 14:54:52+00:00,Kids are FUCKING ALRIGHT!
"Forever Chemicals, Forever Me",2024-12-14 14:58:37+00:00,"They see our absurd reality for what it is, at such a young age. On one hand I feel bad that they bear the burden of such terrible knowledge already; on the other hand I'm proud of them for being more politically advanced than I was at their age"
WooeyDooey,2024-12-14 20:55:01+00:00,Blaming capitalism for what the communists have wrought. Lovely.
Darby,2024-12-14 00:02:44+00:00,
Logan E,2024-12-14 01:15:47+00:00,You too today gave me a small piece of hope for the future again I hope you aren't the only ones in your class of peers that feel this way because you guys nailed it
Pensive Ape,2024-12-14 01:16:12+00:00,Brilliant!
TheGreatWhale,2024-12-14 09:55:21+00:00,That's how jihad starts. Frustrated youth that does not want to work
Vashu Vats,2024-12-14 14:36:05+00:00,Facts
Dude,2024-12-14 18:23:11+00:00,"Class inequality is a real problem and it's getting worse, but do you think regular folk used to not work for someone else to profit off them? Do you ever think it was better and more fair?"
Roverbobis,2024-12-14 18:56:30+00:00,"That have nothing to do with keep studying 
You think the people with power are afraid of ignorant uneducated people?"
State of Being ⨀,2024-12-14 20:19:27+00:00,
Ian Riddle,2024-12-14 20:32:42+00:00,Blame capitalism but banning TikTok is the opposite of capitalism. Government control is not capitalism and you are retarded for thinking it is
Bacon Cheeseburger,2024-12-15 14:47:22+00:00,"Working is bad, boohoo"
Michael McGlade,2024-12-15 15:28:17+00:00,"Retarded, doomer take."
Ezra,2024-12-15 16:49:17+00:00,"Yes, the CCP having direct access to warp the malleable brains of preteens not to mention the troves of additional data they're gathering is exactly why it's being banned."
Striving4Performance,2024-12-15 17:34:44+00:00,"pure brainrot, congrats, yeah obvioulsy with rot for brains you won't be able to succeed, but why advertise to others to fail. basically just evil"
Bob Rich,2024-12-15 19:46:00+00:00,i enjoyed this very much
humansareindefensiblystupid,2024-12-16 06:12:29+00:00,"Because it's commie propaganda, exactly."
looneyburgmusic,2024-12-15 18:53:42+00:00,"No, this is not why the government is trying to ban Tik Tok 

ffs, you people are unbelievable"
nose4achoo,2024-12-14 20:14:13+00:00,You know when you’re really meat for the grinder? Any system outside capitalism. Within capitalism it LITERALLY only takes discipline beyond your peers to outperform and become independently wealthy effectively wielding the system. For the vast majority that are unwilling to be
Geo P,2024-12-17 23:18:54+00:00,"@StopAntisemites
 is trying to get you cancelled."
Laura Kuenssberg,2024-12-07 23:31:40+00:00,"US judges have sensibly ignored their own laws and upheld the coming TikTok ban to avoid upsetting Israel. People are saying this is a bit drastic, but last time someone upset Israel, the US responded by committing genocide in Gaza and handing Syria over to ISIS. Suddenly, stealing a social media app doesn’t sound like such a drastic step, does it?

A ruling by a federal court means the popular video app will be banned by January 19th, unless it’s sold to a US corporation that agrees to do as it’s told. In case you didn’t know, this is how the free market works.

The hope is to turn TikTok into the next Facebook or YouTube so the CIA can get on with the job of removing everyone with the wrong opinion. If ByteDance refuses to sell its app, an outright ban will be the next best thing to targeted censorship. One way or another, we must stop young people from having a conscience because who else is going to fight World War III for us?

One hundred and seventy million Americans enjoy using TikTok and many have built a career around the app, but I’m afraid this is tough shit. You can’t just go on the internet and express any opinion you like. It’s not like the US has a first amendment or anything.

In a free society, it’s not your choice to decide which app you use, or which company you give your data to, or whose opinions you listen to, or what opinions you express. In a free society, the government makes those decisions for you. Aren’t you glad you don’t live in one of those unfree countries like China?

Interestingly, the UK currently has no plans to ban TikTok, but thankfully, we have our own solution to thought crimes. Anyone who expresses opinions Israel disapproves will be arrested by counter-terrorism police and banned from expressing opinions online.

The US is pretending the TikTok ban is necessary because the Chinese Communist Party is stealing sensitive data, such as your user name and how many cat videos you’ve liked. The US proved its claims are true in court by providing no evidence whatsoever.

TikTok has nothing to do with the CCP, but we need an excuse to get control of ByteDance’s algorithm because it’s fucking brilliant. ByteDance’s CEO happens to be from Singapore, but good luck trying to explain that Singapore and China are two separate countries to an American. We’re talking about people who couldn’t point to Mexico on a map.

US politicians have let slip the real issue with TikTok is that the hashtag #FreePalestine is 20 times more popular than #IStandWithIsrael. The fear is that TikTok is brainwashing our kids by showing them factual information about the things Israel does. They’ve convinced themselves their disapproval must due to algorithmic manipulation because they can’t fathom that people might feel uneasy about genocide. They’ve come to the conclusion the only way to defeat imaginary manipulation is through their own algorithmic manipulation.

The US is rightly blaming TikTok for the outbreak of empathy among the youth, but I think parents must also take some responsibility here. If you’re one of the parents who taught your kids right from wrong, you are part of the problem. I can only pray a good American company gets the opportunity to algorithmically re-educate your kids. I mean we wouldn’t want them to turn into communists, would we? Next thing you know, they’ll be gay, Muslim and transgender. It doesn't bear thinking about x

Thank you so much for reading! If you enjoy my amazing journalism as much as I do, you can sign up to my newsletter here! Everyone agrees it's the best thing on the internet: 

Substack newsletter: https://normalisland.co.uk   

Buy me a coffee: https://ko-fi.com/normalislandnews…"
Biden's Ukrainian Pension Fund.,2024-12-08 01:44:38+00:00,Too many IOF have been airing their war crimes.
Muppet,2024-12-08 02:14:51+00:00,Superb analysis Laura. If only more journalists had your sharp insight.
Paul Ganderton,2024-12-08 10:52:21+00:00,When parody says it better than reality you know you're in trouble.
Soraya.B,2024-12-08 01:29:58+00:00,Wasn't it Romney who said to Blinken in an interview that  tik tok should be banned or controlled as it was showing more pro Palestine videos than pro Israel?
Gaye Dalton,2024-12-08 01:33:57+00:00,Just a heads up about Syria.
Ann Must,2024-12-08 06:10:26+00:00,"Brilliant, thank you!"
MEIAD.AKA.KATWUMMAN,2024-12-08 09:01:19+00:00,Another fabulous piece of journalistic joy Laura
Mike,2024-12-08 01:03:37+00:00,So well written
LizzieB,2024-12-08 13:02:44+00:00,on point Laura
Brutally Remastered,2024-12-08 17:23:10+00:00,Yeah but the CCP actually did steal bulk data a while back...
Lord Snafu of Fuch Hall #FBPE #Equality,2024-12-07 23:44:06+00:00,Can I get a follow back on Blue Sky.
Melisa Burke,2024-12-08 10:53:58+00:00,"Brilliant, as always. Thank you."
moin arifمعین عارف,2024-12-08 11:29:50+00:00,Atrocious times. Orwellian dreams.
The Lamp,2024-12-08 21:28:50+00:00,Funny how they laugh at North Korea and China when their free speech is like that
PetiBácsi,2024-12-08 12:51:07+00:00,Brilliant.
Richard Norfolk,2024-12-08 15:22:59+00:00,Profound.
Paul Templeman,2024-12-08 23:11:04+00:00,Great stuff
DogeDesigner,2024-12-07 01:09:14+00:00,"""TikTok should not be banned in the USA, even though such a ban may benefit the 𝕏 platform. Doing so would be contrary to freedom of speech and expression. It is not what America stands for.""

一 Elon Musk"
George,2024-12-07 01:21:44+00:00,Elon is a principled man.
@amuse,2024-12-07 01:11:50+00:00,Exactly.
aka,2024-12-07 01:10:27+00:00,Kinda agree. I don't think TikTok is the worst platform.
One Bad Dude,2024-12-07 01:09:48+00:00,It would just be a Trojan horse to ban more
lofi.eth,2024-12-07 01:16:50+00:00,but what about the purported national security concerns and spying allegation
RICHKID || YNWA 𖤍 ₿ ℵ /GOAT ,2024-12-07 01:22:28+00:00,Exactly
Grains,2024-12-07 01:28:36+00:00,"He would say that. Also it’s important to understand that the data collected is sent to China and users are manipulated in ways we don’t understand but could very well be against the national interest. The US has banned chips for the danger they could cause, TikTok is potential"
Texas Girl,2024-12-07 01:26:03+00:00,Tik Tok has access to everything on a persons phone. That’s why people working for the government can’t have it on their phones. It should be banned. We need version that isn’t being used to spy on us.
TheFourteeToo,2024-12-07 01:10:15+00:00,Anyone else never touched TikTok?
Christine,2024-12-07 01:11:21+00:00,"Agree! But there's a caveat. It's operated by China, who uses the platform to target our youth and shape their opinion/mind regarding our country. So, it's actually a matter of national interest (and even security) to consider banning it."
Mentor,2024-12-07 01:09:26+00:00,He rules the world
𝙰𝚜𝚝𝚛𝚊 ☆,2024-12-07 01:10:21+00:00,Lez go musk
Selor,2024-12-07 01:10:46+00:00,"Very considerate man, Elon!"
𝐌𝐫.𝐦𝐢𝐬𝐨𝐭𝐨,2024-12-07 01:10:17+00:00,I think tiktok is another best platform
Gambino,2024-12-07 01:12:41+00:00,Yeah exactly
Kai,2024-12-07 01:13:11+00:00,Only need 𝕏
Hooks,2024-12-07 01:17:59+00:00,"TikTok being owned by China is the problem. 

If there was a way to mitigate the  problem that China can use the app to their advantage to potentially warp American minds, then I see no problem with keeping Tik Tok around."
Baby Meme X,2024-12-07 01:10:12+00:00,Elon please buy TikTok!
Rodman Craig Maffet,2024-12-07 01:15:37+00:00,"No, but we can make them sell it to a party that doesn’t spy on us. Of course, our own government might take china’s place."
Gloria,2024-12-07 01:21:29+00:00,"I'm surprised Elon said this. My understanding is the reason for the ban isn't freedom of speech, it's the danger to American's & what owners of Tik Tok are doing with the information they are stealing from American's. It's much deeper than that, though I haven't kept up to speed"
Squirrelseus Maximus,2024-12-07 01:12:25+00:00,"Elon Musk’s statement underscores a fundamental tension: the protection of freedom of speech versus concerns about national security and influence. A ban on TikTok, while it might shift users toward competing platforms like X, sets a precedent that runs counter to the values of"
John Bourque,2024-12-07 01:11:43+00:00,Agreed
Professor Gorkha,2024-12-07 01:13:41+00:00,It is banned in many countries
Alex Patti,2024-12-07 01:12:46+00:00,Even tho TikTok is an actual brain rot. I agree.
Senthilkumar,2024-12-07 01:09:36+00:00,Yeah
Joel fletcher,2024-12-07 01:09:58+00:00,Jesus Christ loves y’all
jc grundl,2024-12-07 01:10:20+00:00,"Agreed. Monitored, maybe? Seeing the close ties or alleged links to China."
tism,2024-12-07 01:10:37+00:00,"That’s ballsy, shows he sticks by his morals"
1337q,2024-12-07 01:11:47+00:00,I do not do many TikTok’s
ThinkBig,2024-12-07 01:12:19+00:00,
Freaknjoe,2024-12-07 01:21:17+00:00,"#tiktok  
@elonmusk
  @Fedja_SOL
 @X
 

All living in harmony

This is the way

$FEDJA

9oDw3Q36a8mVHfPCSmxYBXE9iLeJjsCYu97JGpPwDvVZ"
tmoneyy,2024-12-07 01:11:10+00:00,"Couldn’t agree more

Freedom wins again!"
Yuumi,2024-12-07 01:20:21+00:00,Only 𝕏
SPQR,2024-12-07 01:10:37+00:00,"Elon Musk reminds us once again why freedom of speech is the cornerstone of a strong republic. Banning TikTok might seem tempting for some platforms, but compromising the First Amendment is never the answer. Let’s stand for liberty and the principles that make America great."
Aijaz Abdullah,2024-12-07 01:10:55+00:00,That's called democracy.
C.J. Jaggard,2024-12-07 07:58:57+00:00,TikTok is managed by the Chinese Communist Party. There is no freedom of speech.
Scott,2024-12-07 01:09:37+00:00,100% agree
SAMI,2024-12-07 01:10:26+00:00,"He’s right, at least he’s standing for what he believes is right."
Ant,2024-12-07 01:11:16+00:00,"They have until January 19th to be sold... @elonmusk could possibly do the funniest thing ever to start off the new year...

just saying......"
Luca Jayy | LMT,2024-12-07 01:11:18+00:00,"Not everything is about personal gain

I love that powerful men like Elon can see beyond personal gain, 

and look at what’s good for the American people"
Doctentant,2024-12-07 01:14:40+00:00,"Yes, let the people decide through healthy competition not toxic censorship"
Aaron Packard,2024-12-07 01:17:18+00:00,It’s a slippery slope. Any attack on freedom of speech no matter how big or small is an attack on all freedom of speech.
Sweet Kind & Wonderful,2024-12-07 01:55:06+00:00,"I feel the same way about burning the flag. I don't like it, but my great 5x grandfather fought, so I could have that right."
Marie H. Kihlgren,2024-12-07 07:19:08+00:00,"Elon Musk actually look very good. Haven't thought about it before. He sure is ""Tony Stark"", but in real life. 

David, could you introduce me to him. I don't think he has any amnesia like you..."
Centrist William Shockley,2024-12-07 07:33:28+00:00,A good stance
𝔩𝔞 𝔉𝔯𝔬𝔫𝔡𝔢,2024-12-07 07:49:28+00:00,Tik Tok is less about freedom of expression and more about selling Chinese products
Kathie FitzPatrick,2024-12-07 07:55:54+00:00,Tic-tok is allowing China to gather facts about their users and eventually use those facts against their subscribers.
Joel fletcher,2024-12-07 01:09:39+00:00,Yes sir thx
Joel fletcher,2024-12-07 01:09:49+00:00,Free speech boyz
Spade Caller,2024-12-07 01:09:52+00:00,I HATE TikTok but this is a fair statement
Eat Your Checkers,2024-12-07 01:10:24+00:00,Every American should have access to information and free speech!
Highest Tyfer,2024-12-07 01:10:55+00:00,Elon should just buy TikTok and deactivate it
LiRoLongo,2024-12-07 01:11:08+00:00,I don't use tiktok..
Francesco,2024-12-07 01:12:23+00:00,"I hate tiktok, but you're right about this"
Roughneck Rooster,2024-12-07 01:12:56+00:00,
seeyuh,2024-12-07 01:14:33+00:00,Talk to Trump
tylerswriting,2024-12-07 01:14:47+00:00,The truth no matter the cost.
Frame Frency,2024-12-07 01:16:04+00:00,Factos
Cassie Hanson,2024-12-07 01:16:51+00:00,"I have mixed feelings. If parents did their job, it wouldn't be an issue."
lemon,2024-12-07 01:18:15+00:00,Elon is a very upright person!!!
GenXJoJo,2024-12-07 01:19:59+00:00,"I agree.  This ban should not stand.  If it does, it will set a precedent that they will use to try to ban all of social media."
Ernesto,2024-12-07 01:22:16+00:00,TikTok is lame
Dexent,2024-12-07 01:24:35+00:00,Yes I agree with doge
JamieJames,2024-12-07 01:40:56+00:00,"When you stand up and apply the same Freedom of Speech Montra to the benefit of your competition, it shows your stand is real, and not just some drummed up stuff to boost sales."
WildWondrr,2024-12-07 01:10:01+00:00,"Absolutely, it shouldn’t be, I’m with Elon on this."
Its Learning,2024-12-07 01:10:57+00:00,"In India there was a time, tiktok was famous no one thinks they will ban it,

but after ban more than 𝕏, it benefits insta reels in peak of mountain"
Tena’s Take,2024-12-07 01:12:44+00:00,Do they have a verified followers obligation?
Danny,2024-12-07 01:14:12+00:00,"@elonmusk
 knows His stuff !"
Deborah J Simmons,2024-12-07 01:15:37+00:00,I don't use TikTok but why should it be banned?
Sandyvarma,2024-12-07 01:15:46+00:00,I support elons thoughts
James,2024-12-07 01:25:53+00:00,"Banning tiktok would be a massive contradiction to what the new regime is promoting, etc also, the terms & service of agreement is Ike an encyclopedia, maybe that is where the DOGE simplifies things, no more sneaky terms & conditions of use?."
Rt.Hon Lt Col Douglas Fairbairn-Sykes Jr MP (NOT),2024-12-07 11:44:40+00:00,"Yeah but open the algorithm, we need to know how they choose/what they choose to amplify."
Rupesh Raushan Patel,2024-12-07 01:09:56+00:00,I support
The Jokers Smile,2024-12-07 01:10:14+00:00,Daddy Elon is so wise
Drillerbyte,2024-12-07 01:10:19+00:00,Elon is always speaking the truth
Kobbie Maynoo,2024-12-07 01:12:12+00:00,"Elon cares a lot about his competitors. 
There is no way you must hate Elon Musk!"
ModSquad anti-communist.,2024-12-07 01:12:51+00:00,Can we dress like this again? Can we make America elegant and beautiful again?
Patsy,2024-12-07 01:15:35+00:00,Elon musk should buy Tiktok
rd 𝕏,2024-12-07 01:18:32+00:00,"If it's banned, it would be good if we don't see any more young people doing weird dances."
Nida Love,2024-12-07 01:18:59+00:00,I never use TIKTOK.
_hummingbird_99,2024-12-07 01:19:08+00:00,"However if it’s a spy system for china that argument doesn’t hold water . 
@elonmusk"
PineTreeState,2024-12-07 01:19:15+00:00,good - a demonstration of integrity
Moon Child,2024-12-07 01:19:29+00:00,I don't get people attacking him.
Calvin Kwok,2024-12-07 01:21:32+00:00,"FB and Ins are losing ground, they became so boring and full of fake news. LinkedIn never took off. 2025 there'll be only X and TikTok with YouTube. And AI!"
Cyberwolf2060,2024-12-07 01:24:15+00:00,Kids shouldn't be able to use it.
Muzammal Hassan,2024-12-07 01:25:10+00:00,Yeah he made a good statement
Zia,2024-12-07 01:30:04+00:00,"Freedom is never more than one generation away from extinction. It must be fought for, protected, and handed on for them to do the same."
Vicesrus,2024-12-07 01:33:45+00:00,What exactly is the ban about anyway?
Robert Cimino™,2024-12-07 01:36:35+00:00,But they’ve gotten pretty good at suppressing speech now!!
Bill,2024-12-07 01:37:05+00:00,Musk is wrong. China is our enemy.
BrighterĐoge,2024-12-07 02:14:07+00:00,So cool
Susanne Smith,2024-12-07 02:45:47+00:00,"Nobody has to ban anything. If it sucks bad enough, it will fail."
Obi-Wan Mifune,2024-12-07 03:41:30+00:00,TikTok must be owned by American and not in CCP control..
Bella,2024-12-07 03:46:09+00:00,How do you deal with the CCP spying activities?
Scott Burton,2024-12-07 03:50:19+00:00,But it should be separated from the CCP…
Suzanne Perich,2024-12-07 04:45:19+00:00,This is true.
Magin Raventos,2024-12-07 11:07:09+00:00,Buy TikTok
ArtificialGeek Studio,2024-12-07 13:20:15+00:00,Many tiktoker will have to get a job at a 9-5 and they will not be happy
Myra,2024-12-07 22:24:56+00:00,Great pictures!
TLLe0046,2024-12-07 06:04:08+00:00,"I thought he would be all for it, get rid of tiptoe, eventually FB, and Instagram and he can be the ruler of social media."
Sherlock_MacGyver,2024-12-07 10:17:42+00:00,TikTok is awesome
SAWB,2024-12-07 10:29:01+00:00,#Ethics
Gavin Matthews,2024-12-07 10:42:19+00:00,"Here, here!"
CyptoKcon,2024-12-07 10:48:31+00:00,"The Dogefather 

0xbf2e353f5db1a01e4e7f051222c666afc81b2574"
Action!,2024-12-07 11:12:53+00:00,Yeas %100
Luka,2024-12-07 11:25:27+00:00,THIS IS ELON MUSK
gene smithson,2024-12-07 12:20:12+00:00,"this is the way. if we don't like the negative impact of TIKTOK then we need to exercise some discipline and stop using it,  or alternatively find a way to use it responsibly. the notion that we need to ban everything removes the notion of individual responsibility"
Department_Of_Government_Efficiency_D.O.G.E_eth,2024-12-07 13:34:13+00:00,"Department 
of 
Government 
Efficiency 

#D.O.G.E on ETH"
XNI,2024-12-07 07:23:40+00:00,Bravo. A man of truth even for rivals
Norton Chia,2024-12-07 07:30:44+00:00,Isn’t X bringing back some form of “Shorts”?
Rebecka,2024-12-07 07:32:44+00:00,It's a huge CCP info gathering platform.  That's not freedom of speech.
Archadius,2024-12-07 08:26:30+00:00,"Banning TicTok is a slippery slope,
who next?

Better just to make sure that we inoculate our citizens with better education and free speech."
Ellie Young,2024-12-07 09:16:26+00:00,"Not banning TikTok, but how about some actual STEM education? You know, something that doesn’t JUST promote stupid soap eating challenges and leave your brain feeling like mush. Just a thought."
Badboy Investor,2024-12-07 09:41:33+00:00,We never about DOGE father
bored angels,2024-12-07 09:54:23+00:00,ban! i don’t go there
David Sault,2024-12-07 13:55:34+00:00,It's a Chinese spy platform.
Wabefuhon,2024-12-07 19:38:22+00:00,"Except an excessive amount of brain rot is on there.
Shorts need to not be so short. They should be educational and get one's attention.
There's YouTube shorts though."
Coral,2024-12-07 20:48:06+00:00,Which is why they only want to cut the cord to china
Lawrence Latvala,2024-12-07 02:23:35+00:00,"If it is sold to a US entity, perhaps so."
Bones Of The Fallen,2024-12-07 02:25:16+00:00,"This isn’t just about sanctions - it’s about nefarious data-mining and manipulation within TikTok’s code.

National security often focuses on hardware threats, but this is a clear software risk. Consider the censorship controversies surrounding Facebook and Google. Now imagine a"
The Fifth Johnny,2024-12-07 02:30:38+00:00,Atleast need some mechanism to prevent CCP from data mining with it.
Deb OHagan,2024-12-07 02:35:51+00:00,I thought China had access to everything through tic tok ??
Brandon Buelt,2024-12-07 02:42:13+00:00,True
Gregory J. Tetu,2024-12-07 02:50:13+00:00,"My concern are the ""Pranks"", people don't realize how damaging they are to relationships. They escalate until someone gets mad or hurt."
Swayam Tiwari,2024-12-07 02:52:19+00:00,"He has to sell his cars in China.
Freedom of expression my foot!"
Nunya Biznaz,2024-12-07 02:53:33+00:00,"If it's owned/controlled by the CCP, it should be banned. We should not allow communists to do business in the USA"
Hope,2024-12-07 02:57:34+00:00,Agree
Teresa N,2024-12-07 01:56:28+00:00,The only problem I have had with TikTok are all the scammers saying they are Elon
Nila,2024-12-07 02:03:30+00:00,"Well said! Upholding freedom of speech and expression is vital, even when competition is involved. It's a cornerstone of what defines America."
QGU,2024-12-07 02:03:59+00:00,Kyle Bass fiercely disagrees.
Phantera,2024-12-07 02:15:08+00:00,"Banned or not, I won't be using it."
ryaj,2024-12-07 02:15:40+00:00,Agree
Alarinel,2024-12-07 03:01:18+00:00,"Zuckerberg after spending millions to elect Kamala and then crushing to bend the knee before trump.

These two men are not the same."
Kriptik,2024-12-07 03:05:24+00:00,So he's supporting brain rot
kittyc313,2024-12-07 03:17:43+00:00,"I absolutely agree. Caveat my faith in SCOTUS is pretty low. Would 
@realDonaldTrump
 intercede if it's needed to preserve our freedom of choice?
He's hardly a TikTok fan, but he is a huge supporter of
The People & our liberties
for certain. 

Thoughts??"
,2024-12-07 03:29:15+00:00,"Banning TikTok would indeed raise concerns about freedom of speech and expression, core values of the U.S. However, the conversation also involves national security and data privacy issues. Perhaps a better approach would be to regulate data practices uniformly across all"
TexasDeplorable,2024-12-07 06:40:52+00:00,Could it be that people have the wrong idea about TikTok and the things they heard about TikTok was meant to stop them from possibly hearing some truth? I love a free thinker and that means they think freedom to express oneself sometimes goes against the grain.
DJ,2024-12-07 06:51:54+00:00,"But China spying on us is not cool
or safe!"
ALETTAHA,2024-12-07 06:58:58+00:00,"I agree with 
@elonmusk
. Counter propaganda with facts rather. Don't shut people up."
Nathan Roberson,2024-12-07 21:21:04+00:00,I suport the ban of TocTok. It would be good for security. An American firm is free to start a similar platform.
Deb5701,2024-12-07 21:57:00+00:00,TikTok should be banned as it is a Communist China app.  They are spying on us!
Danielle G,2024-12-07 22:33:35+00:00,Ummm! Interesting
mimi Knight,2024-12-07 23:07:56+00:00,Depends if China  is gaining information. Should not happen.
Jan,2024-12-07 23:44:50+00:00,Then ban kids under 15.
MrAndyTrejo,2024-12-07 23:53:06+00:00,"Agreed but also not agreed lol I believe it should be allowed to stay in America but unfortunately it's controlled ultimately by the Communist Party Of China. TikTok's American division should be sold to an American company with no affiliation, ties with China or any foreign"
Vimal Gurjar,2024-12-07 01:38:18+00:00,We banned TikTok because it is a security threat.
LibertyWatchDog,2024-12-07 04:25:08+00:00,It’s Chinese Spyware! Don’t be FOOLISH in your assessments!
Nikki Gibbons,2024-12-07 05:19:39+00:00,We are hopefully closing our borders but we now have virtual borders to tighten up too. This is about the CCP manipulating America’s youth during COVID and continuing to do so.
Echoles By Sushil Singh,2024-12-07 06:02:38+00:00,"But can you make sure 
@tiktok_us
 doesn’t spy on people. 
Also as a true skeptic ‘Mr Musk I hope your support is not because of your love to China?  ‘"
Yanti Molsing,2024-12-07 08:18:09+00:00,"I can see his point.. but knowing how weak minded some Americans are , i think its more of civil service?"
Valdez,2024-12-07 09:25:16+00:00,TikTok is a communist spy machine! Elon Musk is a russian asset! He is a security concern!!!!!!!
captainbullshit,2024-12-07 10:45:48+00:00,But they should be encouraged to promote free speech
Falthorax.eth,2024-12-07 11:52:09+00:00,I stand with your perspective. Freedom prevails.
JLBrews,2024-12-07 12:51:00+00:00,"It would be next to impossible to ban Tik Tok. People install unauthorized apps on their phones all the time. Plus, it's far too late to even think about it. Tik Tok was launched in 2016. If security was ever a concern, something should've been done then."
Jeri Lynn Simpson,2024-12-07 18:53:47+00:00,"True, but it absolutely sends videos to adolescents that should not happen. 

My grandson, now 18, wouldn't use it because every time he opened the app it sent videos of violence & self harm as well as calls to do the same and activate that behavior."
Cat Lady,2024-12-08 11:42:42+00:00,"Ban Tik Tok, I'm good with banning platforms that could compromise the security in the United States."
SamUel,2024-12-07 01:09:32+00:00,And that’s correct
CẨM VÂN MIỀN TÂY,2024-12-07 01:09:53+00:00,ITS JOKE AND X IS TOP 1
Geofrey Ouma Adongo,2024-12-07 01:09:53+00:00,"Absolutely, let it be"
The German Lad,2024-12-07 01:09:57+00:00,"Thats why 
@elonmusk
 is the best man on the world"
Drillerbyte,2024-12-07 01:09:58+00:00,The man is too just
Toki,2024-12-07 01:10:11+00:00,Why are they trying to get rid of TikTok?
Rohit,2024-12-07 01:10:12+00:00,Buy tik tok?
𝕏ylia,2024-12-07 01:10:14+00:00,"Great stand !!!
Respect"
Rohit,2024-12-07 01:10:26+00:00,He is real hero
vitalxchange,2024-12-07 01:10:27+00:00,I think Elon has a plan of purchasing TikTok
Kainat Fatima,2024-12-07 01:10:36+00:00,Absolutely  it should b ban here in my country
Commanda,2024-12-07 01:10:45+00:00,Now i love Musk
Drillerbyte,2024-12-07 01:10:51+00:00,How can you not love Elon
小财神,2024-12-07 01:10:58+00:00,Ys
Yohan_B,2024-12-07 01:11:36+00:00,"As expected, Elon"
விசித்திர சித்தன்,2024-12-07 01:11:39+00:00,Tik Tok Not Banned in USA
Red Pill Truth,2024-12-07 01:11:41+00:00,Tik Tok doesn’t need to be banned people just forgot it was a dancing app and think it’s a news app
Smiley RCB SᎪᏒᎾ,2024-12-07 01:11:41+00:00,Amazing human being
M - Resistência,2024-12-07 01:12:03+00:00,you are paying nothing in Brazil
Mo Tarifi,2024-12-07 01:12:36+00:00,How about instead of cfocusing on TikTok we address teen road fatalities?
Jamal Gurhan,2024-12-07 01:13:38+00:00,Immigrants always are reinforcing the American experiment
Sekhmet le lion,2024-12-07 01:15:20+00:00,"Non même si cette application est un désastre pour les jeunes filles qui veulent toutes se rassembler.
..je vois ma fille et j'en suis penee"
Noelle,2024-12-07 01:16:52+00:00,I just watch my cleaning tiktok porn. All the new ways to clean things and organization ideas for my house  so relaxing
Mrs_OG Generation 1962,2024-12-07 01:17:07+00:00,You can buy Tikki Tokki instead of boring legacy media channels…it’s chump change to you..
Campecha de Nicaragua,2024-12-07 01:18:02+00:00,Estoy de acuerdo
Gammy,2024-12-07 01:18:40+00:00,This is actually true.
America Land that I Love,2024-12-07 01:19:00+00:00,What if China is using the tik tok app to spy on Americans or other malevolence?? What then...?
savvydrivel,2024-12-07 01:23:18+00:00,
abe ihmeari,2024-12-07 01:25:10+00:00,You can't read a book on 15 seconds!
Bridgett Eckerle,2024-12-07 01:26:34+00:00,True.  But the Chicom influence and data collection is a problem.
انسهً نوني,2024-12-07 01:29:09+00:00,
"Cryptic Scout ! (Ø,G)",2024-12-07 01:29:10+00:00,A legend
Shristy,2024-12-07 01:29:57+00:00,TikTok is far better than this shit
ElinorBleak,2024-12-07 01:30:59+00:00,Yes and No. It's banned in China. Why? Bad influence over the young. It is a free for all propaganda machine
Andreia Luiz,2024-12-07 01:35:13+00:00,Depende se a vantagem superar as desvantagens então talvez não tenha que banir o aplicativo.
Andreia Luiz,2024-12-07 01:37:40+00:00,É preciso ficar atento a tudo da China.
Max,2024-12-07 01:44:14+00:00,"If they're actively banning TikTok what more of X, another platform ""they"" don't like?

The people love TikTok, despite its security risk. Why not isolate the vulnerabilities in the software instead of outright banning it?

Remember not long ago, ""they"" were banning BTC."
sherry Rogers,2024-12-07 01:46:00+00:00,Agree
Go.Kick.RocksMAGA,2024-12-07 01:52:57+00:00,Elon might say he will buy it. lol
Dean Shepherd,2024-12-07 01:53:28+00:00,He speaks the truth. I hope he is everything he appears to be.
ellie,2024-12-07 03:30:48+00:00,banning is a deep state
Patty Stinnett,2024-12-07 03:36:17+00:00,Exactly
Centurion,2024-12-07 03:36:34+00:00,tiktok censors right-wing activists a lot
Clem,2024-12-07 03:57:49+00:00,Exactly so. Imagine all the TikTokers on X instead!!
lilly giudice,2024-12-07 04:17:29+00:00,It’s true but tik tok must be controlled ! It’s dangerous for boys and girls : they do dangerous challenges
Christ,2024-12-07 04:29:56+00:00,Oh sure brain poison is your choice
Xuan Vu,2024-12-07 04:31:04+00:00,"Prove that TikTok doesn’t take orders from the CCP. Prove that China’s espionage laws requiring all Chinese to comply with CCP requests and not divulge that they did. It’s not about TikTok, it’s about what the CCP does."
Anon,2024-12-07 04:36:47+00:00,based patriots
The BOSS Network,2024-12-13 20:00:29+00:00,"TikTok Ban Could Devastate Black-Owned Businesses And Creators | 
@Essence
https://essence.com/news/money-career/tiktok-ban-impact-black-owned-businesses-creators/… #BOSSMoves"
Forbes Middle East,2024-12-13 18:41:03+00:00,"In letters sent to #Apple, #Google, and #TikTok itself, Members of the US Congress reiterate that a TikTok ban is coming in January, unless the Supreme Court steps in.

#Forbes 

For more details:  https://on.forbesmiddleeast.com/9dd35f"
村西とおる_サブアカウント,2024-12-12 05:47:20+00:00,TikTokが米国で禁止、に中国が文句を言っているが、トンチキ。お前さんの国は米国のGoogleその他SNSを一切禁止していて何を文句を言うのか。俺のモノは俺のモノ、お前のモノも俺のモノ、の共産党独裁の呆れた世迷いゴト。では習近平の女房も俺の女房、でもいいのかしらん
のりたま,2024-12-12 21:53:19+00:00,"何でもくれくれの中国共産党。
沖縄まで中国のものだと宣っているらしいです。
何とかと刃物は怖いの典型。"
PiQ,2024-12-13 16:38:56+00:00,"Lawmakers urge Apple, Google to prepare TikTok ban

Tickers of interest: $AAPL $GOOGL

U.S. lawmakers have instructed Apple and Google to be ready to remove TikTok from their app stores by Jan. 19, following a federal appeals court decision requiring ByteDance to divest its U.S. operations.

Representatives cited national security concerns and urged TikTok to execute a qualified divestiture, as the app faces scrutiny for its ties to the Chinese government.

TikTok, used by 170 million Americans, may face a nationwide ban if ByteDance fails to comply with the ruling."
Chris Fenton,2024-12-13 17:08:40+00:00,"My latest op-Ed:

""TikTok provides Beijing an ability 2 understand, control, & influence Americans well beyond simply Hollywood content. In fact, the platform is much more damaging in how it shapes the opinions & perspectives of adults under 30."""
Michael Ron Bowling,2024-12-09 18:36:39+00:00,"Free speech cannot be used to protect TikTok. 

The CCP in China can monitor users direct messages, their search histories, the content viewed by them etc.  Making the app a national security issue."
TAFKAMacM,2024-12-11 22:39:01+00:00,Don't think of it as a permanent ban.  More as hitting the pause button.  Indefinitely.
Vincent James,2024-12-07 18:41:19+00:00,The TikTok Ban coming in January has nothing to do with “national security threats” and everything to do with TikTok allowing the truth about Jewish power to spread.
Tony,2024-12-13 23:47:46+00:00,Yeah let’s just go ahead and ban TikTok
Anticommie,2024-12-07 00:31:57+00:00,"I just made a TikTok and congress banned it lol 

Yay me!"
Forbes,2024-12-13 23:00:16+00:00,"The divest-or-ban bill requires TikTok to give users and creators a copy of their data — so they can post it elsewhere — by January 19. But to benefit, you have to file a request. https://trib.al/FSdbDIG"
Forbes,2024-12-13 23:56:15+00:00,How To Save Your TikTok Videos—Ahead Of Possible Ban Next Month
Inevitable West,2024-12-13 14:57:39+00:00,"BREAKING: The EU is making every possible effort to stop Georgescu from winning the next Romanian election after annulling the previous one.

- Georgescu has had his heating and internet to his house cut off.
- They’re planning to ban TikTok and put heavy restrictions on the X platform.
- They’ve stopped broadcasting Realitatea Plus TV - the only major channel criticizing the decision to cancel the presidential elections.

The world is silent on the EU’s interference with Romania’s democracy."
Lawrence Bello,2024-12-13 21:06:06+00:00,Is the TikTok ban about safety or control
CJ - creator of “The Peephole” (READ PINNED),2024-12-13 23:53:04+00:00,":3
.
.
.
.
.
.
.
.
.
.
.
#TheAmazingDigitalCircus #gangletadc #TADC"
よしはる,2024-12-13 21:50:19+00:00,"A recent ruling that upholds the government’s TikTok ban is stunning and worrisome, writes 
@evelyndouek
. “Courts should be very wary of letting amorphous claims of ‘national security’ interests by the government become a loophole in the First Amendment”:"
Albert N Milliron,2024-12-13 16:37:35+00:00,Congress Warns Apple And Google They Must Ban TikTok In January
gab,2024-12-12 05:51:55+00:00,"they’re already on tiktok wondering what justin, the married man of 6 years with a newborn thinks about this. god please get us to january 19th and ban that fcking app. enough is enough"
Forbes,2024-12-13 13:21:33+00:00,How A Potential TikTok Ban Could Reshape The Creator Economy https://trib.al/IlurKFC
Mario Nawfal,2024-12-13 17:09:45+00:00,"GOOGLE & APPLE TOLD TO PREP FOR A TIKTOK BAN—GEN Z PANIC INCOMING

Get ready to Tik your last Tok in about a month...

U.S. lawmakers told Google and Apple to clear their app stores of TikTok by Jan. 19 unless ByteDance sells its U.S. operations.

Reps. Moolenaar and Krishnamoorthi warned TikTok’s CEO to act fast, citing national security risks. 

Translation: Stop spying , divest from China or say bye-bye to your 170 million American fans.

Prepare for teens live-streaming their “last ever” dances and bros debating VPNs like it’s the moon landing.

But here's the thing - VPN won't work if an App is removed from an App Store.

Source: Reuters"
Wally Rashid,2024-12-13 17:12:25+00:00,"They cited national security concerns but nowhere in their submission to the courts is there any hard evidence of it, just speculation. This only gained the fast bipartison push through the house and senate after the anti-Israel criticism took place. Which is also when Meta added"
Cash Loren,2024-12-13 17:11:57+00:00,TikTok is Chinese pro communism spyware
aka,2024-12-13 17:10:45+00:00,I can't imagine TikTok actually going down lol
Sami,2024-12-13 17:10:28+00:00,"@MarioNawfal
 - the irony of a ""national security"" ban on an app that thrives on sharing personal data is rich. gen z will adapt, but watch out for the chaos when they realize their dance moves might be lost forever. time to pivot those talents elsewhere!"
"Steven Baker, PMP",2024-12-13 17:20:32+00:00,"Suddenly a lot of things are going to get done that were ignored, like feeding the dog and mowing the lawn"
Cardano Whale,2024-12-13 17:14:08+00:00,Ohh that's great
NEEDcreations is stacking sats & jamming to EDM,2024-12-13 17:14:25+00:00,"Bullish
https://x.com/i/broadcasts/1LyxBgLdanoKN?t=loYuVz6YtC1C2fagRAooxA&s=09…"
The Jerusalem Post,2024-12-13 23:59:54+00:00,A US appeals court rejected an emergency bid by TikTok to temporarily block a potential US ban.
Michael Barrett,2024-12-10 22:54:48+00:00,"Justin Trudeau can’t be trusted.

He's shut down TikTok offices in Canada - but says it’s still safe for Canadians to use the app.

It's time for Trudeau to stop his secretive, authoritarian tactics and give Canadians the transparency they deserve!"
Uncommon Sense,2024-12-11 02:39:13+00:00,"This girls Video was removed from TiKTok for saying white people are being demographically replaced in their own countries. 

The Truth is hate speech."
University of Minnesota Law School,2024-12-13 22:00:53+00:00,"Prof. 
@ARozenshtein
 authored a commentary in 
@TheAtlantic
 about the pending TikTok ban. He wrote, “Many will read last week’s federal appeals-court opinion that could ban TikTok as a loss for the First Amendment, and in some ways it is.”
http://z.umn.edu/a1ck"
Forbes,2024-12-13 16:20:08+00:00,"Congress Warns Apple And Google They Must Ban TikTok In January
https://go.forbes.com/c/sX4w"
WBIR Channel 10,2024-12-13 11:00:05+00:00,"As possible TikTok ban looms, viral UT professor says users should begin exploring other platforms"
Technical.ly,2024-12-13 10:30:07+00:00,Pittsburgh weekly roundup: Creators react to TikTok ban; PA certifies election; Pitt grad student union https://technical.ly/newsletter/pittsburgh-weekly-roundup-2024-12-12…
𒄬𒆷𒁶𒋾 ΜΑΝΙΧΑΙΟΣ,2024-12-13 17:00:53+00:00,"The worst part about the TikTok ban is that pro-Palestinian stuff already pretty much died down shortly before the ban will go into effect. 

They will claim that this proves the ban worked because the stated goal (cracking down on pro-Palestine sentiment) has been achieved."
AZ Intel,2024-12-13 23:52:17+00:00,U.S. Appeals Court rejects TikTok request to temporarily halt pending U.S. ban.
Forbes,2024-12-13 14:17:07+00:00,"The divest-or-ban bill requires TikTok to give users and creators a copy of their data — so they can post it elsewhere — by January 19. But to benefit, you have to file a request. https://trib.al/rzqg0YJ"
ursen,2024-12-13 14:43:34+00:00,PLEASE DONT BAN TIKTOK
李老师不是你老师,2024-12-07 08:41:58+00:00,"美国联邦上诉法院周五裁定，出于国家安全考虑，允许国会对TikTok实施封禁。
 这项禁令并不认为美国用户继续使用该应用是犯罪行为，但它禁止谷歌和苹果等移动应用商店允许用户下载或更新该应用。"
Ronald Simmons,2024-12-07 08:44:22+00:00,钟睒睒估计要夺回中国首富了。
David大队长,2024-12-07 08:47:57+00:00,说封就封了？
無權力者的權力,2024-12-07 09:24:46+00:00,如果是你们的产品在中国，CCP早就逼你离开了，你们还需要从法律层面，用数年时间去做推理，人类史，野蛮从来对文明都是轻松碾压，文明却对野蛮无尽包容，绥婧，妥协，甚至奉献爱，去感化，
Stick Man,2024-12-07 12:16:05+00:00,中国人自己都用不了，支持封禁
洼地老刘,2024-12-07 09:09:20+00:00,脱钩断链，大势所趋，利国利民。
研究脂纳仁第八世,2024-12-07 09:04:07+00:00,支持美国封锁所有脂纳app
Lupita,2024-12-07 08:43:29+00:00,估计去最高法也没戏
Jane,2024-12-07 08:47:01+00:00,那不是随便找个第三方应用商店就能下载使用了吗，连VPN 都不需要，也不像洼地一样还有法律风险
Joy Bill,2024-12-07 14:21:11+00:00,应该ban掉一切来墙国的网站。
帽喵(帽帽),2024-12-07 09:35:00+00:00,可能要等到川普上台後才能恢復吧
Curvy1767,2024-12-07 08:45:25+00:00,這就是文明社會嗎，討論這麼多年就整個下架？
Demonkeyse Manell,2024-12-07 08:49:47+00:00,好事
Eddie,2024-12-07 08:47:33+00:00,基本上是完了，除非川普登基后会有改变。
vatchyroluci,2024-12-07 08:50:16+00:00,支持。但是很不理解，美国为什么到现在还不封锁微信？
小鱿鱼滚呀滚吉他鱿鱿,2024-12-07 10:11:54+00:00,抖音好似喵，好似喵
习卒翠,2024-12-07 12:45:04+00:00,支持
图支大佐习近平,2024-12-07 16:01:14+00:00,竞争性排支拉开序幕
Bubblecloud,2024-12-07 18:17:46+00:00,finally
不空,2024-12-08 04:02:00+00:00,中国用不了 美国也用不了 笑死
System Update,2024-12-07 15:06:24+00:00,"A TikTok ban could still go into effect by late January, removing a platform used by over 100 million Americans in the U.S. 
@ggreenwald
 on the latest federal appeals court ruling:"
野田草履Ｐの裏アカウント＠誕生日２月１６日,2024-12-09 11:05:09+00:00,"GoogleやAppleなどのアプリ配信ストアを運営する企業は、TikTokアプリをダウンロードまたはアップデート可能にすることが禁止

TikTok禁止をアメリカの連邦控訴裁判所が支持、このままだと2025年1月に1億7000万人ものTikTokユーザーが消滅か"
⑅ ׅ ࣪ Lily ᰋ,2024-12-10 09:57:34+00:00,"What drives me crazy is that he didn't do anything wrong to be banned like this...! apart from everything, This company makes money from people who pay Plus Chat monthly and they still refuse to let him communicate with his fans who want to communicate with him like any fan and artist..Im so sick..I feel sorry for him, he deserves better than this…):"
⑅ ׅ ࣪ Lily ᰋ,2024-12-10 09:59:49+00:00,Right?They are being very racist towards him..
Spectrum News 1 CNY/S.Tier,2024-12-13 22:10:14+00:00,"CEOs of TikTok, Apple and Google were warned on Friday to prepare for a potential ban on the social media app TikTok."
一剑飘尘 common sense 007,2024-12-08 15:24:06+00:00,TikTok拒绝了出售的可能，坚持打官司。而现在官司又又输了！离1月19日被禁止时日无多。我很好奇：为什么TikTok宁愿损失几百亿，也不卖掉？这里面藏着的秘密，应该绝对超过几百亿吧？
charles liu,2024-12-09 00:13:43+00:00,"TikTok早就想卖了，当时说的是卖给微软，大陆这边出台了条法规，不让卖算法和数据，就没卖成。
按照墙内的说法：TikTok想跪，政府不让他跪。"
一剑飘尘 common sense 007,2024-12-09 00:29:54+00:00,原来如此
冰点零度,2024-12-08 16:44:12+00:00,那是因为字节跳动连贱卖tiktok的权力都没有。只要北京政府不同意，就永远走不到谈价钱卖出去的那一步，北京政府要求tiktok原地关闭海外业务，字节就得乖乖照办
ieatchili,2024-12-09 00:15:43+00:00,我不是专业的程序员，我认为，如果TT现在决定出售，它的服务器、系统、后台和所有维护记录都会被接手的公司翻出来，其中一些核心的东西，包括程序代码、算法、人工干预的记录将会被曝光，这会要了TT远在中国的总公司的命。
Herman Jin,2024-12-09 13:03:32+00:00,"我们给tiktok美国股东SIG的条件是：如果美国关掉tiktok，中国也关掉。让他们颗粒无收

对于大国来说，换层皮重新弄一个几个月的事情"
周大侠丨無極Infinity®,2024-12-09 06:37:46+00:00,数据内容有点多
太平洋,2024-12-08 22:57:48+00:00,如果卖了出去，被发现原来真的是中共政府的统战工具，那才是真要了共产党的狗命！
vanton,2024-12-09 05:10:47+00:00,"正常商人都不会和钱过不去，张一鸣不会犯这种错误。
肯定是有上头的力量禁止他卖。"
Andy Fox,2024-12-08 17:58:52+00:00,值不了多少钱！ 复制一个也用不了多久！现在编程都是AI 了，看不技术上有多难！
z.chau1130,2024-12-08 17:12:05+00:00,推特卖给马斯克，马斯克知道了多少秘密？连马斯克妈妈都知道了很多不为人知的事
Love U,2024-12-09 01:29:04+00:00,美國的農地，房地產，議員，州長，市長，華人社團，潛伏共軍，金融，白宮，學院，五角，將軍，大科技，網絡都是中國統戰花大錢一部分。川普上臺后就必全部暴露，中國在美的滲透全打水漂，金錢損失無可估量
YAO,2024-12-09 01:46:51+00:00,为钱下跪的人很多，但也有不愿下跪的硬骨头，只是你理解不了罢了
Lion Expressions999,2024-12-08 16:54:13+00:00,大老板是黨
鳴かない猫,2024-12-09 02:44:39+00:00,想什么呢？能逼出美国人翻墙这种奇观，几百亿不嫌多。
汉之云,2024-12-08 20:58:21+00:00,没有TikTok 上流传的 短视频、还有马斯克买下的X、多数人还不是被主流煤体忽悠着？以色列在加沙大打出手是伸张正义、川普身犯重罪。连谷歌搜索算法就有明显政治倾向性。二战前期、US民意反战、DS就搞出“美国队长”之类动漫形象、通过主流媒煤体推广、潜移默化中影响民意、为参战铺路。一定搞TikTok
Aaron,2024-12-09 01:58:32+00:00,"在独裁国家:权力的能力>>＞金钱能力，而在当今信息社会里抖音(TikTok)是他们的洗脑宣传的喉舌代表！他们当然不会因为丢失金钱而放弃他们这个""埃及权杖""，但是他们忘了:撒罪孽的，必收灾祸，他逞怒的杖，也必废掉。 (箴言 22:8 和合本)"
Maomao Hua,2024-12-08 17:29:58+00:00,玄机深藏，厚黑不可言状，非不卖也，实不可卖也。
AusYang,2024-12-09 00:44:24+00:00,Facebook 能不能卖给360？
JackJoker,2024-12-08 17:15:55+00:00,那必须是脸蛋塞进了裤裆里-见不得人。
Grace Feng,2024-12-08 17:43:52+00:00,有很多见不得光的东西
满,2024-12-09 09:34:15+00:00,TikTok 内部隐藏的事绝不是钱的问题，一旦被美国发现很可能会造成大量中共高官无法善终，他们的家属无家可归
自在飞花轻似梦,2024-12-09 01:50:51+00:00,不卖就禁，有什么大不了的
Stone,2024-12-09 23:37:26+00:00,谷歌当年宁愿退出中国也不肯遵守中国法律，前两年微软宁愿丢失客户也不愿把数据中心建在中国，这里面藏着的秘密，应该绝对超过几百亿吧？
Catherine,2024-12-08 16:19:33+00:00,应该还会上诉到最高法院吧
Apolunar/掠掠,2024-12-09 01:21:58+00:00,你看字节跳动一直没美股上市，这里面就不简单吧
Jack(易链科技-区块链服务商）,2024-12-09 06:51:37+00:00,"TIKTOK已经不可能被卖的。他是龙国和美帝争夺舆论高点的武器。。 
tiktok万不能被犹太资本，华尔街资本控制，要不然变成打击中国 武器。。。
对于国内形势不好。"
Kai Seras,2024-12-09 16:01:07+00:00,從商人角度來說，跪了就跪了，但從政府的角度來說，他們想的更遠一些，就是如果這次跪了，那以後其他還在美國做生意的中企是不是也會被極限壓榨，反正最後一定會屈服，所以TT寧可撤出也絕不能售出
Edward Li,2024-12-08 15:34:19+00:00,何止几百亿？
币安高返佣注册服务(Parody),2024-12-09 01:50:39+00:00,或许是背后有更大的战略考虑吧
Dalu W,2024-12-09 05:16:45+00:00,TikToK 不卖，还可以和美国打官司。TikTok 要是卖了，回被彻底搞死，甚至有人彻底消失，想打官司都没有机会。
Lao_Liu,2024-12-08 19:24:42+00:00,用“老百姓”的思维来预判公民的意愿，进而挟“民意”挑战法律。唉！想多了！捣鬼有术，然而有限。还是走正道好！与普世价值相向而行才是光明大道！
benryw,2024-12-09 00:01:03+00:00,一个强盗威胁一下，你就得把优质资产贱卖，意味着你的所有资产贬值！
鳴かない猫,2024-12-09 02:47:20+00:00,不过没想到自由派也有堂堂正正搞有罪推定的这一天，看来小时候没少批斗过。身体记忆还留着。
老妞不信邪,2024-12-09 03:41:17+00:00,黨國收集用戶個人信息的秘密，黨國秘密。
Lyinglord,2024-12-08 22:37:19+00:00,不敢卖，别人一解包，習主席又得上反人类审判席
Freedomofecho,2024-12-08 22:53:57+00:00,收集用户信息，宣扬政治观点，就是信息战工具
David’s Union,2024-12-08 18:09:48+00:00,匪类的党支部/魔鬼的巢穴
Maverick,2024-12-08 21:02:57+00:00,非市场主体，无法交易，卒
吃瓜看戏撸猫遛狗,2024-12-08 22:19:54+00:00,禁止也比坐牢强
Scarlett,2024-12-08 22:20:15+00:00,原因很简单啊： 洗洗屁不许卖！汇源果汁都不让卖。别说tiktok了
ねる,2024-12-08 22:54:14+00:00,国有資産
Tele fun ken,2024-12-08 23:15:34+00:00,"數據模型分析可以倒推出很多東西
比如這堆屎的主人吃過什麼
也就摸到這一家人都是個啥情況
T和w和Q的基礎架構是相通的，"
Vincenzo ye,2024-12-09 19:59:14+00:00,为什么不反过来想想，美国政府强迫他卖，到底是什么原因？
God is good,2024-12-08 19:33:17+00:00,"美国愿意把英伟达卖了吗

绝对超过万亿吧"
钟嘉昕,2024-12-08 19:52:53+00:00,政府的资产不差钱
大陆沦陷区灾胞,2024-12-09 01:50:31+00:00,tiktok的算法已经被我破解了，我需要一个工程师做出来，
Molixi,2024-12-09 07:31:22+00:00,谷歌中国当时为啥不卖给百度呢
k kj j,2024-12-09 08:01:06+00:00,当然不卖，不卖就不会坐牢，总比亏钱好
Kiyoharu Chiduru,2024-12-08 18:24:28+00:00,不利于党的维稳 渗透和美化国家形象
大胃,2024-12-08 22:06:21+00:00,是我党不给卖
HHZ,2024-12-08 22:26:14+00:00,是有点奇怪
明月出天山,2024-12-08 22:57:38+00:00,不是每一个会写字的脑袋都灵光。
Master,2024-12-08 23:41:25+00:00,因为自尊不是钱能衡量的。蠢货！
pipi,2024-12-08 23:42:46+00:00,这是ccp打造的武器，会轻易交出来吗？另外交出来会发现更多罪证
UU,2024-12-09 01:26:01+00:00,拉倒吧，Tiktok被台独顽固分子沦陷了……怼台独份子会被封号……赶紧关闭吧
hoahoah,2024-12-09 04:23:21+00:00,"Tik Tok不是说自己是新加坡公司吗？
为什么能不能卖要由北京决定？"
Maenles,2024-12-09 04:49:32+00:00,当年内涵段子说死就死
局部的王,2024-12-09 04:47:55+00:00,一定要搞死它，真相就大白了
benmeister,2024-12-09 19:18:44+00:00,党觉得自己的面子是无价
亚博体育,2024-12-10 00:23:21+00:00,不差钱
ty,2024-12-10 05:32:10+00:00,好家伙，一个流氓要强暴一个少女，你不去质问施暴者的暴行，却好奇少女为什么要反抗？这角度的世界观到底是怎么行成的？
utica16,2024-12-08 17:05:22+00:00,被禁了也能用。就算不能用也不会用META埋汰系的任何产品。
James,2024-12-08 19:11:50+00:00,除非欧洲也跟着禁
Deo Krish Reviera,2024-12-08 20:06:02+00:00,背后是CCP
Qihong Qi,2024-12-08 21:53:54+00:00,最多就是下架，撤离。要是卖了，母公司字节会被搞死。钱都会被没收。
AutumnM,2024-12-08 23:53:11+00:00,Trump干它一万亿刀，放行，后限制为ccp agent，可行。
鄭知道,2024-12-09 00:00:00+00:00,里面藏着让共产党垮台的秘密
Jun,2024-12-09 00:22:21+00:00,因为张一鸣没有售卖Tiktok的资格。不被允许售卖。
不见不散,2024-12-09 00:48:50+00:00,收集的数据都存储于...出售就露陷 了
qnmlgb,2024-12-09 01:03:12+00:00,这就好像我看到你妈长的漂亮，我就要把你妈买过来，给你爹300，你爹不卖，然后你妈身上的秘密不止300
dmw.eth,2024-12-09 01:48:48+00:00,赛博上甘岭？输的人一无所有
Leon Fan,2024-12-09 01:58:20+00:00,又不是个人的公司，不得听党指挥吗
L000000,2024-12-09 02:20:49+00:00,此地无银三百两
myloveLu,2024-12-09 02:57:20+00:00,在美国还要跟你打官司磨蹭来磨蹭去的浪费时间。在中国早就带人进驻公司把公司控制起来了。
Mars,2024-12-09 04:21:03+00:00,一位貪官都能貪到幾千億了，背後控管TikTok的中共在乎那幾百億嗎？
Weird Wong,2024-12-09 04:37:40+00:00,这时候不见新加坡人来叫唤了
西朝鲜,2024-12-09 05:06:15+00:00,tiktok是中共渗透的武器，好不容易利用美国的漏洞钻了进去，这么好的舆论操控工具当然不会拱手让人
sin,2024-12-09 05:53:07+00:00,"tiktok能和中国完全切分也行, 但很明显也错过好时机."
馄饨皮,2024-12-09 06:14:12+00:00,一屁股屎，不敢卖啊
包龙星,2024-12-09 06:17:30+00:00,几百亿对党国来说，毛毛雨啦
guogongzi,2024-12-09 06:37:48+00:00,不差钱
Denny Phillip,2024-12-09 08:37:57+00:00,本来就是中共的大喇叭
end4,2024-12-09 12:32:41+00:00,有的人是真的弱智，不卖就是有秘密是吧？那我花100块买你脖子上顶着的那个大蒜，你不卖给我就是你脖子上那个大蒜被蛆虫蛀完了是吧。真的是唐完了若智。
中国共产主义受难者联盟 CVCU,2024-12-09 15:17:52+00:00,TikTok就是个大外宣，统战，干涉民主社会的政治工具。
阶级敌人才是真正的敌人,2024-12-09 18:40:28+00:00,TikTok和if不是差不多嘛？
刁礼杨,2024-12-09 19:40:04+00:00,算法推荐应该用了外宣手段
祖传治疗各种鼻炎,2024-12-09 23:58:03+00:00,看看国内的抖音就知道了
短刀与毒药,2024-12-10 00:34:50+00:00,不卖更加证实了这就是果个国企，赶紧禁了的好
烏克蘭加油！台灣加油！以色列加油！,2024-12-10 01:34:40+00:00,毫無疑問
da da ⌐◧-◨ baictg.base.eth,2024-12-10 02:08:42+00:00,这主要是看中用户数量 没这量谁看上
CryptoEdL,2024-12-10 02:10:32+00:00,背后的金主是
雪泥鸿爪,2024-12-10 04:23:51+00:00,那他就自己留着吧！
心想黑暗心向光明,2024-12-10 07:16:42+00:00,"这个软件风靡全球
是很好的宣传工具是很好的洗脑工具
这个软件每年也能赚很多钱"
Valentino Sr,2024-12-10 12:42:12+00:00,看看周受智怎么在美国国会作伪证，就不难理解为什么死不肯出售了。
me,2024-12-10 12:47:07+00:00,全球數億人口的年輕人也在使用，市值起碼超過400-500億USD，寧願放棄這筆錢也不願意出賣，可以想着背後的水有多深
GTA癮者，人類語言你聽不懂，人也沒跟你講話,2024-12-10 13:40:00+00:00,中共的信息竊取渠道
web3陈桂林,2024-12-10 15:44:22+00:00,因为公司里有1%股东有重大决策决定权而且卖掉数据在墙内现在是违法了
llllll,2024-12-11 23:37:16+00:00,有tiktok和推特才能控制美国，有这两大平台美国谁当总统中共说了算，这次中共就让川普顺利当选了总统
打嘴炮,2024-12-12 15:05:40+00:00,未来意识形态竞争的核心阵地，一个势在必得，一个绝不放弃。
小王哥95,2024-12-08 19:58:06+00:00,抖音，一个值至少几千亿美元的企业啊。。。。。
DramaAlert,2024-12-09 16:31:20+00:00,TikTok is desperately trying to stop the ban… files a motion of injunction to stop it.
Tired Peasant,2024-12-13 21:27:12+00:00,"Why they want to  ban TikTok
#FreeLuigi"
Laura Kuenssberg,2024-12-07 23:31:40+00:00,"US judges have sensibly ignored their own laws and upheld the coming TikTok ban to avoid upsetting Israel. People are saying this is a bit drastic, but last time someone upset Israel, the US responded by committing genocide in Gaza and handing Syria over to ISIS. Suddenly, stealing a social media app doesn’t sound like such a drastic step, does it?

A ruling by a federal court means the popular video app will be banned by January 19th, unless it’s sold to a US corporation that agrees to do as it’s told. In case you didn’t know, this is how the free market works.

The hope is to turn TikTok into the next Facebook or YouTube so the CIA can get on with the job of removing everyone with the wrong opinion. If ByteDance refuses to sell its app, an outright ban will be the next best thing to targeted censorship. One way or another, we must stop young people from having a conscience because who else is going to fight World War III for us?

One hundred and seventy million Americans enjoy using TikTok and many have built a career around the app, but I’m afraid this is tough shit. You can’t just go on the internet and express any opinion you like. It’s not like the US has a first amendment or anything.

In a free society, it’s not your choice to decide which app you use, or which company you give your data to, or whose opinions you listen to, or what opinions you express. In a free society, the government makes those decisions for you. Aren’t you glad you don’t live in one of those unfree countries like China?

Interestingly, the UK currently has no plans to ban TikTok, but thankfully, we have our own solution to thought crimes. Anyone who expresses opinions Israel disapproves will be arrested by counter-terrorism police and banned from expressing opinions online.

The US is pretending the TikTok ban is necessary because the Chinese Communist Party is stealing sensitive data, such as your user name and how many cat videos you’ve liked. The US proved its claims are true in court by providing no evidence whatsoever.

TikTok has nothing to do with the CCP, but we need an excuse to get control of ByteDance’s algorithm because it’s fucking brilliant. ByteDance’s CEO happens to be from Singapore, but good luck trying to explain that Singapore and China are two separate countries to an American. We’re talking about people who couldn’t point to Mexico on a map.

US politicians have let slip the real issue with TikTok is that the hashtag #FreePalestine is 20 times more popular than #IStandWithIsrael. The fear is that TikTok is brainwashing our kids by showing them factual information about the things Israel does. They’ve convinced themselves their disapproval must due to algorithmic manipulation because they can’t fathom that people might feel uneasy about genocide. They’ve come to the conclusion the only way to defeat imaginary manipulation is through their own algorithmic manipulation.

The US is rightly blaming TikTok for the outbreak of empathy among the youth, but I think parents must also take some responsibility here. If you’re one of the parents who taught your kids right from wrong, you are part of the problem. I can only pray a good American company gets the opportunity to algorithmically re-educate your kids. I mean we wouldn’t want them to turn into communists, would we? Next thing you know, they’ll be gay, Muslim and transgender. It doesn't bear thinking about x

Thank you so much for reading! If you enjoy my amazing journalism as much as I do, you can sign up to my newsletter here! Everyone agrees it's the best thing on the internet: 

Substack newsletter: https://normalisland.co.uk   

Buy me a coffee: https://ko-fi.com/normalislandnews…"
Biden's Ukrainian Pension Fund.,2024-12-08 01:44:38+00:00,Too many IOF have been airing their war crimes.
Muppet,2024-12-08 02:14:51+00:00,Superb analysis Laura. If only more journalists had your sharp insight.
Paul Ganderton,2024-12-08 10:52:21+00:00,When parody says it better than reality you know you're in trouble.
Soraya.B,2024-12-08 01:29:58+00:00,Wasn't it Romney who said to Blinken in an interview that  tik tok should be banned or controlled as it was showing more pro Palestine videos than pro Israel?
Gaye Dalton,2024-12-08 01:33:57+00:00,Just a heads up about Syria.
Ann Must,2024-12-08 06:10:26+00:00,"Brilliant, thank you!"
MEIAD.AKA.KATWUMMAN,2024-12-08 09:01:19+00:00,Another fabulous piece of journalistic joy Laura
Mike,2024-12-08 01:03:37+00:00,So well written
LizzieB,2024-12-08 13:02:44+00:00,on point Laura
Brutally Remastered,2024-12-08 17:23:10+00:00,Yeah but the CCP actually did steal bulk data a while back...
Lord Snafu of Fuch Hall #FBPE #Equality,2024-12-07 23:44:06+00:00,Can I get a follow back on Blue Sky.
Melisa Burke,2024-12-08 10:53:58+00:00,"Brilliant, as always. Thank you."
moin arifمعین عارف,2024-12-08 11:29:50+00:00,Atrocious times. Orwellian dreams.
The Lamp,2024-12-08 21:28:50+00:00,Funny how they laugh at North Korea and China when their free speech is like that
PetiBácsi,2024-12-08 12:51:07+00:00,Brilliant.
Richard Norfolk,2024-12-08 15:22:59+00:00,Profound.
Paul Templeman,2024-12-08 23:11:04+00:00,Great stuff
Mario Nawfal,2024-12-13 17:09:45+00:00,"GOOGLE & APPLE TOLD TO PREP FOR A TIKTOK BAN—GEN Z PANIC INCOMING

Get ready to Tik your last Tok in about a month...

U.S. lawmakers told Google and Apple to clear their app stores of TikTok by Jan. 19 unless ByteDance sells its U.S. operations.

Reps. Moolenaar and Krishnamoorthi warned TikTok’s CEO to act fast, citing national security risks. 

Translation: Stop spying , divest from China or say bye-bye to your 170 million American fans.

Prepare for teens live-streaming their “last ever” dances and bros debating VPNs like it’s the moon landing.

But here's the thing - VPN won't work if an App is removed from an App Store.

Source: Reuters"
Wally Rashid,2024-12-13 17:12:25+00:00,"They cited national security concerns but nowhere in their submission to the courts is there any hard evidence of it, just speculation. This only gained the fast bipartison push through the house and senate after the anti-Israel criticism took place. Which is also when Meta added"
Cash Loren,2024-12-13 17:11:57+00:00,TikTok is Chinese pro communism spyware
aka,2024-12-13 17:10:45+00:00,I can't imagine TikTok actually going down lol
Sami,2024-12-13 17:10:28+00:00,"@MarioNawfal
 - the irony of a ""national security"" ban on an app that thrives on sharing personal data is rich. gen z will adapt, but watch out for the chaos when they realize their dance moves might be lost forever. time to pivot those talents elsewhere!"
"Steven Baker, PMP",2024-12-13 17:20:32+00:00,"Suddenly a lot of things are going to get done that were ignored, like feeding the dog and mowing the lawn"
Cardano Whale,2024-12-13 17:14:08+00:00,Ohh that's great
NEEDcreations is stacking sats & jamming to EDM,2024-12-13 17:14:25+00:00,"Bullish
https://x.com/i/broadcasts/1LyxBgLdanoKN?t=loYuVz6YtC1C2fagRAooxA&s=09…"
Oz,2024-12-13 17:14:58+00:00,Omg … for real ??? No more ???
Napalm and Silly Putty,2024-12-13 17:12:50+00:00,Sell it to the jews or else!!! Peak American capitalism in 2024
JustMyThoughts,2024-12-13 17:14:14+00:00,"U.S. lawmakers have told Google and Apple to remove TikTok from app stores by Jan. 19 unless ByteDance sells its U.S. operations, raising concerns over national security. Expect panic from Gen Z and a surge of debates about VPNs, though they won’t help if TikTok is banned."
Wilder World,2024-12-13 17:12:06+00:00,Is this a W or an L?
Anonymous,2024-12-13 17:11:50+00:00,What about the dancing nurses? Where are they gonna go Mario?
UrbanWolf™,2024-12-13 17:12:11+00:00,"Unfair.

If US lawmakers continue the persecution of Social Media sites, how can they claim they are helping to install democracy in Countries like Syria, Afghanistan, Ukraine ? 

What happened to the free speech rights of Individuals and Companies ?"
HOGUE,2024-12-13 17:12:22+00:00,Never used it
Josh Mills,2024-12-13 17:25:08+00:00,Yay! Prepare for the TikTok Refugees here on X
Maverick……..,2024-12-13 18:34:19+00:00,Withdrawal is powerful. The meltdowns will be epic but if this happens an alternative will probably launch the same day.
Thomad Lund,2024-12-13 17:12:39+00:00,There will be rioting when this happens.
BlackSamouraï (黒侍) ™,2024-12-13 17:18:55+00:00,Let them ban it. X will become even more of a hellish problem for Israel than Tiktok could ever imagine.
Mikkel,2024-12-13 17:19:38+00:00,Time for Gen Z to go get real jobs
Skeletor,2024-12-13 17:20:16+00:00,"Good, Sh!tTok is garbage."
Mike Jonesboro,2024-12-13 17:32:19+00:00,"JAN 19  -  Biden bans TikTok in app stores
JAN 20 - Trump lifts ban
IMPACT OF BAN:  Zero"
Jeri Lynn Simpson,2024-12-13 19:53:35+00:00,"Good. They've had time to deal with it. Log on as a teenage or preteen girl or boy & watch what it feeds you. My grandson wouldn't watch it (at 16) because all it showed was $uiçide & depressing stories, no matter what he looked up or clicked on. He put it down& never looked back"
WorldKnowsit,2024-12-13 17:10:54+00:00,
Papa Musk,2024-12-13 17:11:11+00:00,Trump will get rid of that as an olive branch to china
Retired MailMan,2024-12-13 17:11:17+00:00,Tik Tok influence has ravaged our youth to do and to think in awful ways.
Erik Schramm,2024-12-13 17:12:34+00:00,This will be a disaster for the bored young generation
Sam,2024-12-13 17:15:01+00:00,The struggles of gen z
Nerigal Awatt,2024-12-13 17:17:42+00:00,"So there is a market to have a phone OS that is not tied to a private proprietary app store...

Got it"
Balz,2024-12-13 17:30:38+00:00,"@elonmusk
 what is your stance on this issue now that you are in the White House?"
Rulo...,2024-12-13 17:31:42+00:00,"""National security""? ... Where's the evidence?

What they really mean is that the NSA  can't access the ""backdoors"""
$SHIRO Holic $LC,2024-12-13 17:22:16+00:00,"this cycle is Cat Season, and $SHIRO will be #1 Cat on crypto 

0xb0AC2b5a73da0e67A8e5489Ba922B3f8d582e058

#ShiroNeko 
@shiro
 @binance"
iosonoumano,2024-12-13 17:38:17+00:00,"Many stories broke on TikTok before other platforms. Trump benefited from TikTok re-shares. Dunno. There should be some way to add a security layer based on regions possibly, work that out with them, but banning.. Bans of any sort are never the best answer. US apps better be"
@milarsen63,2024-12-13 18:05:14+00:00,
NuBeeLuna,2024-12-13 18:07:09+00:00,Well...
Damon Strong,2024-12-13 18:17:24+00:00,"What will the young people do now?
READ?"
Chuck Lane,2024-12-13 18:28:09+00:00,Why?
Luis Beldroega,2024-12-13 18:34:39+00:00,Just use a VPN
Karen V,2024-12-13 19:39:14+00:00,Repercussions?
Anticommie,2024-12-07 00:31:57+00:00,"I just made a TikTok and congress banned it lol 

Yay me!"
Sassafrass84,2024-12-07 01:20:50+00:00,I'm on tik tok. What's your handle? I'm sure they'll figure out a way to keep it.
kelleyb69,2024-12-07 00:35:17+00:00,Mad respect for you!!!
Anticommie,2024-12-07 00:44:37+00:00,Love u kelly
Steven Fillie,2024-12-07 00:32:59+00:00,"Hey, you gotta watch out. I actually had the feds come to my house over a pedophile comment swear on everything these motherfuckers are watching us close. I still can’t believe they came to my house no bullshit."
Anticommie,2024-12-07 00:34:26+00:00,Crazy
1st Inspect,2024-12-07 01:07:55+00:00,I have been avoiding that platform.
Anticommie,2024-12-07 01:09:42+00:00,Me too
MonuMental_MadNess,2024-12-07 00:36:34+00:00,What's you name on TT? I'll look ya up
Forbes,2024-12-13 19:06:03+00:00,"The divest-or-ban bill requires TikTok to give users and creators a copy of their data — so they can post it elsewhere — by January 19. But to benefit, you have to file a request. https://trib.al/xWuINhp"
The Washington Times,2024-12-13 21:58:33+00:00,Lawmakers press Apple and Google to prepare to apply ban on TikTok next month
Vincent James,2024-12-07 18:41:19+00:00,The TikTok Ban coming in January has nothing to do with “national security threats” and everything to do with TikTok allowing the truth about Jewish power to spread.
Decebal Reloaded,2024-12-09 05:49:23+00:00,"I’m wondering if they have any interest in banning   OF , Tinder or PH"
Irish Wolf𖦏,2024-12-09 07:39:13+00:00,100% true!
Paul Hatesyou,2024-12-09 05:48:28+00:00,So it has nothing to do with the Chinese government having their hands all over it ?
lechaion,2024-12-09 11:30:30+00:00,Doubtful. That's all over X and it isn't going anywhere.
Nose Hair,2024-12-09 08:53:23+00:00,Canada is putting in the same antisemitism law that America is. ... zionist takeover
maell55 freedom speech true right side of history,2024-12-10 02:06:22+00:00,always the jews stop it already
Nina Turner,2024-12-07 15:50:03+00:00,"The U.S. government wants to ban TikTok out of concern that user data is going to China.

They demand TikTok be sold to a U.S. owner. This would mean instead of data possibly going to China, it would be in U.S. hands.

How about making sure user data is private, period?"
The Rogue Politico,2024-12-07 16:08:33+00:00,Zionists want to ban Tik Tok in the U.S. because Americans are waking up to how many issues they’ve been told lies about
Wilson Cox,2024-12-07 16:08:38+00:00,"It's more about the influence of TikTok's algorithm on its users than about the data. The CCP can buy whatever data it wants from all the US companies collecting it. That said, it still shouldn't be banned."
Sandpiper_Tx,2024-12-07 16:16:10+00:00,Why worry about China our income tax goes overseas for review
Jim Dorsey,2024-12-07 19:17:10+00:00,"The #TikTokBan isn’t abt China. It’s about Israel suppressing news out of Gaza. The bill sponsor Rep. Mike Gallagher quit Congress after it passed & went to work for Palantir, a Zionist cybersecurity firm whose CEO called the Gaza Genocide a “peacekeeping mission”."
jed_dah,2024-12-07 15:55:53+00:00,"You live in a world of unicorns, don’t you?"
Miles McCracken,2024-12-07 16:17:22+00:00,"i like paying users for their data, or the option of it being encrypted and private."
J.M. Hamilton,2024-12-07 16:31:41+00:00,"Additionally, how about NGO/civil-rights orgs' oversight over the algorithms ... to make sure all social media outlets aren't manipulated for private sector, government, and propaganda ends ???"
Phil E. Stein,2024-12-07 17:45:07+00:00,Let’s be real.  This is being pushed by Zionist forces because young people are seeing the truth about their barbaric settler colonial project.  They can’t control tik tok like they do mainstream media.
Tyler Hackner,2024-12-07 15:50:53+00:00,EXACTLY!!
"Moosty,",2024-12-07 15:51:51+00:00,Free speech is under attack. They want to hide the genocide and atrocities … controlling what the public sees. Let be honest
Desire 4Truth,2024-12-07 15:52:16+00:00,That part!
Ebuzer Taha Kanat @ebuzertahakanat.bsky.social,2024-12-07 15:53:42+00:00,don't fall in to the data privacy trap there are hundreds of foreign apps that collect data problem is that tiktok was center of anti genocide movement and zionist masters are not happy.
Squirrelknut,2024-12-07 16:10:10+00:00,They don’t give a fuck about the data. They want to control the “propaganda” centers like they do with Meta and used to do with X/Twitter.
Jimmy,2024-12-07 17:41:43+00:00,"Yes, this is the way

Plus, many people and the economy has gained a ton of value from it (for better or worse). This signals discouragement to create art and value."
VernAcular,2024-12-07 19:51:04+00:00,"How about calling out your party for censorship of Covid facts, Hunter Biden’s laptop, and now this stupid ‘Antisemitism Awareness Act’?"
Mister Bill,2024-12-07 15:54:18+00:00,"If China will agree to store the US data on AWS, all will be well and the USG will back off."
Tiredofit,2024-12-07 16:00:44+00:00,You want privacy dont use someone else’s app for free. Your privacy is the cost you pay for using the app. Most would like it to be in US hands  versus China’s.
KingfisherMT,2024-12-07 16:14:17+00:00,So true…and  another  example  of  the  government  skirting  around  the  real  issue.    The  government  has  normalized  gaslighting.
Nivolo Inocenti,2024-12-07 16:31:02+00:00,Quiet negro
Nivolo Inocenti,2024-12-07 16:31:23+00:00,Go back to Zimbabwe in hudjekjwbdhekebd land
Cousin_Chet,2024-12-07 16:41:55+00:00,I’m with this
SamR,2024-12-07 16:54:08+00:00,More like en route to Israel
Richard S,2024-12-07 17:06:46+00:00,User data not being private is a core problem in itself. User data not being private and being given to the military of a strategic enemy is another level of bad.
devgnostic,2024-12-07 18:48:15+00:00,They are so scared of communism that they want the government to control companies.
TheRightAngle_,2024-12-07 19:37:02+00:00,What’s the argument here keep it in China?
John Wesley Hardin,2024-12-07 19:58:17+00:00,"When you're right, you're right, and you're right."
Alberta Boy,2024-12-08 00:21:40+00:00,We finally agree on something.
Cool Mom Jamie,2024-12-08 02:34:46+00:00,it's probably going to musk so he can ruin it
Thomas Whaley,2024-12-08 03:32:31+00:00,that isn´t possible
Roland Martinez,2024-12-07 15:52:01+00:00,What a lovely idea!
Mícheál Ó Gallchobhair,2024-12-07 15:52:52+00:00,
Beach Bar,2024-12-07 15:53:10+00:00,I don’t agree with you often but I 100% agree with you on this.
Tom,2024-12-07 15:58:39+00:00,"This sounds like something 
@elonmusk
 should buy and make tik tok GREAT AGAIN"
#1BasedConservative,2024-12-07 16:18:07+00:00,This should make you happy then
Mac Mabon,2024-12-07 16:19:06+00:00,"I've always been keen on the idea of making sure that if our data will be brokered by SOMEONE, no matter what... We should get a cut. 50% of revenue generated from data brokering should go back to the consumer."
Marilyn Monbro,2024-12-07 16:43:04+00:00,!!!
John C. Anderson,2024-12-07 16:53:25+00:00,How about NOT using TikTok?  Is it THAT important?  NOPE!
Jason Mulvaney,2024-12-07 16:54:17+00:00,Private or Americans should be paid any time our data is sold between 3P
Fletcher Long Archer,2024-12-07 17:10:18+00:00,"lol, right?"
KingDeLaHoz,2024-12-07 17:22:27+00:00,GOODLUCK WITH YOUR DEMANDS ON TWITTER I’m sure it will happen
Big Daddy Orange County,2024-12-07 18:20:44+00:00,"You can't unless bad guys either know they'll be punished to the fullest extent, or there are no bad guys.
Both are pretty much impossible. But one is more probable."
krosstalk,2024-12-07 19:23:18+00:00,That is not possible in that forum.
Jay The True Scotsman,2024-12-07 20:18:33+00:00,"More stupidity from Nina.

TikTok won't sell the algorithm, so it's useless."
Xieba (Beatrix) De La Cruz,2024-12-07 20:36:34+00:00,That's incorrect...
Voice Of Insane,2024-12-07 20:41:07+00:00,"How does any country ensure that Tiktok users data is ""private"" in an authoritarian one party state, Chinese Communist Party ruled China?"
DelgadoForCongress,2024-12-07 21:04:18+00:00,"You are far off. Watch 
@5149jamesli
 coverage of the real reason. It hurts to see you go so hard in the narrative direction our trustworthy Gov tells you."
breakfastball,2024-12-07 21:05:11+00:00,Excellent point
Joråsåatt,2024-12-07 21:32:45+00:00,Yes. This is the way
СБУ Secret Bot,2024-12-08 07:59:27+00:00,Because that doesn’t address how Israel gets to control what’s on it like they do other platforms.
Goban the Barbarian,2024-12-08 11:39:19+00:00,Can’t do that. Israel said that not gathering data poses a threat to their security so we have to now monitor our own citizens against committing anti-semitisms. I’m sure you’d change your position if the Gov monitored for racisms right? You’d be all for that wouldn’t you.
Recess Awareness Peace to all,2024-12-08 12:21:55+00:00,"One MEGA reason IZR & US want to ban #ticktock Is because people have witnessed (on tick tock) the horrid massacre of the #Genocide_of_Palestinians done by Israeli & the US, UK, & Germany’s  involvement.
US & IS want to control the narrative like before.
You do know that, right?"
wfhomer,2024-12-08 13:31:36+00:00,"Check out 
@HPNN
 and 
@go_digitalage"
Incredible creations,2024-12-08 14:17:05+00:00,"We can do that better by keeping it in house, no?"
truescience is Bible,2024-12-08 14:21:50+00:00,The same globalists are pushing the agendas behind the corruption of many nations.
TaiigerBlue,2024-12-08 14:57:15+00:00,"The Twitter files deserve more awareness if you truly believe this. 

The government should not have direct control into how people get censored or deplatformed on social media."
Clown World Neo,2024-12-08 18:38:39+00:00,But how we gonna do that if it’s in China’s hands?
Karma Plant,2024-12-07 16:34:45+00:00,"Liar. US govt wants TikTok banned b/c young people use it, share the horrors of Israel's genocide, resulting in generational loss of support for the murderous zionist colony. Facts."
ShowMe Liberty or ShowMe Revolution,2024-12-07 22:01:24+00:00,I wish you were this intelligent all the time!
Woke is the opposite of fascist,2024-12-07 23:24:27+00:00,How is that effecting the stock market...
Gorkon,2024-12-08 01:50:10+00:00,TikTok is a cesspool.
Wozo,2024-12-08 02:16:10+00:00,"This is my understanding of the situation right now. But, it will al hit the income for many U.S influencers on the platform. Trump will start his mandate with some grunt."
Pharoah Monk,2024-12-08 04:11:40+00:00,"Yeah, stay away from Tik Tok, period."
Amber O'Malley,2024-12-08 06:22:59+00:00,That's what a VPN is for dummy.
Midwest German,2024-12-08 07:14:07+00:00,"And... do you trust them?
Whether US, or China,
or even EU Europe?

We can't even get cold-call telemarketers banned from using spoofed numbers (not even faked Caller ID).

When there is YOUR phone number that has value to be sold to another marketer,
DO YOU TRUST THEM??"
Stayfocus,2024-12-08 07:50:56+00:00,I hope China isn’t afraid of the big bad west
Just a Curious Guy,2024-12-07 15:55:36+00:00,"There are also many groups Israel-affiliated that are working behind the scenes to ban TikTok as a means to suppress the anti-Israel narratives. The bill to ban TikTok was introduced 4-5 years ago, it only passed the House and the Senate after Oct 7 2023"
red philly (picket line respecter),2024-12-07 15:55:45+00:00,"the concern isn’t so much about china spying on U.S. citizens (not really useful targets unless military/business), but rather that a foreign, potentially “adversarial” owner might refuse to share data with law enforcement / agencies when asked."
Eric Jonathan Brewer,2024-12-07 16:00:58+00:00,It's not just the user data.  It's the content.  They're being educated on Tik Tok in China for higher minded pursuits while we're being educated for stupidity.
Under Review,2024-12-07 16:01:37+00:00,Hilarious attempt here too
Gawd of Flipflops,2024-12-07 16:06:07+00:00,And if you’re gonna do this go all in don’t force the sell to some person who bought their way into government favorability. Either ban it or don’t.
Charre,2024-12-07 16:07:04+00:00,It is also because China will never comply with US data security laws; they’ll just lie about breaking it. Keeping it out of China’s hands is a necessary step.
ⲢⲈⲀϨⲀⲚⲦ™,2024-12-07 17:06:53+00:00,it has nothing to do with DATA .. it has everything to do with censorship and fascism
Ben Peterson,2024-12-07 18:31:17+00:00,"How about just not using 'free' services? If you get something for free, YOU are the product."
People Died to be Educated,2024-12-07 18:36:38+00:00,Wasn't it already reported that this ban came about because Israeli lobbyists saw they were losing the information war over Gaza?
Eugenio Dotson,2024-12-07 19:53:42+00:00,And you haven't finished the last part of it and then the Americans when they get tick tock are going to turn around and try to sell your data information to China
Dan Nelson,2024-12-07 20:01:28+00:00,"You almost got it!.   Chinese government, not China.   US governmentt doesn't get your data.   Now us companies could do better at protecting our data."
Tony Clifton,2024-12-07 21:53:49+00:00,The genie has been let out of the bottle!
Boo Ginyard-Johnson,2024-12-08 12:37:03+00:00,
Nigel Tufnel,2024-12-08 13:25:38+00:00,#words
Robert,2024-12-08 14:19:40+00:00,Kash will get the FBI straitened out.
Alexandra Marshall,2024-12-12 07:21:08+00:00,"Never forget  the REAL reason social media was BANNED
---------

""The government doesn't want children to be exposed to science that runs contrary to the propaganda and dogma they are fed in schools.""

Follow 
@SpectatorOz
 & 
@adhtvaus"
The Solitary Reaper @YonSolitary is my old account,2024-12-13 01:39:26+00:00,"Hey Alexandra, is there a link to the full episode online? Thanks 
@DrJulieSladden"
Sten V,2024-12-12 07:26:01+00:00,Parents need to save their children themselves at this point. Teach your kids as much as you can.
Geo,2024-12-12 07:34:27+00:00,Love the antlers!
Judet 30,2024-12-12 08:57:08+00:00,Home school...
Jewelz,2024-12-12 08:59:48+00:00,The reasoning is multi factoral
steevo4,2024-12-12 21:08:40+00:00,"It’s always sort of mixture of cute, funny and  terrifying when a dumb , racist anti-science cooker uses the word “science”."
Peter Mason,2024-12-12 22:27:13+00:00,Brilliant
Garry J Carlson,2024-12-12 22:54:45+00:00,True
Dave,2024-12-13 09:17:39+00:00,"This the exact reason social media is ban for kids , it is over in data the kids were see through the b.s"
Zaahir Yahya,2024-12-12 08:04:48+00:00,Of course the government does not want to know the truth .. politicians cast themselves as gatekeepers on reality ..
🅲🅳🅲🆆 @cadcow.bsky.social,2024-12-25 22:23:05+00:00,"OFFS!  The full hamster cheeked idiot saying the opposite of truth is just hilarious
With Dutton selling false nuclear claims, the denial of climate change, the renewable BS --all from the right but hey, let's just spread propaganda
Its a formal unit in journalism degree now"
WinkyD FanPage,2024-12-07 08:45:26+00:00,"Banned for being the voice for the voiceless.

- Airplay
- Major newspapers
- Performing at the HICC venue"
Vinnie weHotSpurs,2024-12-07 08:46:09+00:00,Jah knows
Tamuka chigwende,2024-12-07 09:06:54+00:00,Ko pa radio vakurira wani VaWinky d
Julius Makechemu,2024-12-08 13:34:09+00:00,"That is us, we continue to love Gafa with all those injustices and being unfair we're waiting for another venue zvedu toenda ikoko"
brendon K Mutema,2024-12-07 10:06:01+00:00,So painful
Pasie 1,2024-12-07 10:13:24+00:00,"Don't worry, we are planning to build a Gaffa International Conference Center."
WinkyD FanPage,2025-04-13 17:15:20+00:00,VaWinky D
Trumps Good Ear,2024-12-13 23:47:18+00:00,The government has allowed  unidentified #dronesoverNJ to hover above our homes and military bases for weeks but they want to ban Tiktok because “they’re spying on us”
Liberty Justice Center,2024-12-14 12:39:10+00:00,Read about our challenge to Biden’s unconstitutional war on social media:
Chris Fenton,2024-12-14 20:08:46+00:00,"My latest op-Ed:

""TikTok provides Beijing an ability 2 understand, control, & influence Americans well beyond simply Hollywood content. In fact, the platform is much more damaging in how it shapes the opinions & perspectives of adults under 30."""
,2024-12-14 01:37:33+00:00,I’ll bet $10 bucks on the drones secretly being a black budget government operation
Matthew Oswald,2024-12-14 08:56:19+00:00,121.5 million users have tiktok in their pocket
Devin Odlum,2024-12-14 04:22:00+00:00,"Or they're not really unidentified, and the government just doesn't want to admit some combination of why they're there and who they belong to."
Ailingforale,2024-12-14 04:11:36+00:00,"That's... well, fair point."
An Animating Cuber,2024-12-14 05:18:52+00:00,"Almost all of the ""sightings"" are simply people misidentifying commercial aircraft due to the mass hysteria caused by the media reporting on a few conspiracy theorists, fake videos, or inconclusive blobs of light."
SCULLY,2024-12-14 08:22:03+00:00,I know it sounds crazy doesnt it???
Bamblefick,2024-12-15 04:55:08+00:00,"I finally live in the state this is happening in, and people are just taking photos and videos of aircraft flying around airports. I actually fucking hate this country."
RS9,2024-12-14 06:05:32+00:00,Trump started that big man
Civilian A,2024-12-14 08:27:33+00:00,"Iran isn't China, duh...."
Sarko Consulting,2024-12-15 01:18:31+00:00,I can’t say I disagree lol
bigbias,2024-12-15 04:19:39+00:00,me when dumbasses worry about a fucking commerical airplane thinking its a drone
My Guy,2024-12-15 04:34:58+00:00,How are these two things even remotely connected? Brought up at completely different times even
Gen-X-,2024-12-14 07:59:13+00:00,
fred,2024-12-14 10:40:10+00:00,electing trump..and now seeing Airplanes as UFo or drones.America is finished..
Jason,2024-12-15 01:30:46+00:00,"Trump wants to ban it, have you forgotten already?"
System Update,2024-12-07 15:06:24+00:00,"A TikTok ban could still go into effect by late January, removing a platform used by over 100 million Americans in the U.S. 
@ggreenwald
 on the latest federal appeals court ruling:"
System Update,2024-12-07 15:06:25+00:00,Watch the full episode here:
Chris Fenton,2024-12-07 16:08:57+00:00,"My latest op-Ed:

""TikTok provides Beijing an ability 2 understand, control, & influence Americans well beyond simply Hollywood content. In fact, the platform is much more damaging in how it shapes the opinions & perspectives of adults under 30."""
Jason Neely,2024-12-07 15:36:00+00:00,"Congress, who does the bidding of Blackrock, has passed a bill to force the sale of Tiktok. The parent company of Tiktok is Bytedance, and their majority shareholder is ... Blackrock.
THAT'S how important it is to these people that they be able to censor dissent."
Gloomy con57,2024-12-07 16:51:15+00:00,TikTok contributes to the enstupidation of the west but it's hardly the only outfit doing that. Banning it will not help (and I don't trust those that would ban it).
OldStockFemale-NoGendersUnacceptableFringe,2024-12-07 16:00:16+00:00,"sorry, I have zero pitty for TikTok or its vapid users. All these video obsessed people are sick in the head."
Heather Wood,2024-12-07 16:04:44+00:00,Isn't the CIA backdoor-running Tiktok? Hence deplatforming those accounts distinctly anti-NWO?
Conspiracy Case 85,2024-12-07 16:21:07+00:00,"It seems as if Israel runs our government. They do what they want, on the behest of Israel."
NAFO.Frank,2024-12-07 19:08:57+00:00,"Hey Fucker 
@ggreenwald
Any updates on the Syria situation?"
Corsair9605,2024-12-07 15:58:07+00:00,all the woke lefties will somehow blame it on trump when they can't use their haven dump anymore.
Johnny Revolta,2024-12-07 16:31:13+00:00,Where else would one find 100 million Americans?
Chimo Chills,2024-12-07 17:42:03+00:00,"Tic Toc is BANNED IN CHINA!
Hell to the yes ban that trash here too.
They know exactly what they are feeding our kids."
Forbes,2024-12-13 18:40:05+00:00,Congress Warns Apple And Google They Must Ban TikTok In January https://trib.al/bm69Kff
Don Zimar,2024-12-13 18:42:17+00:00,"If any of those kids wants to grow up, they should switch to X anyway."
Forbes,2025-04-15 06:20:07+00:00,The White House’s 8 Big Tariff Flip-Flops Since ‘Liberation Day’
AZ Intel,2024-12-13 23:52:17+00:00,U.S. Appeals Court rejects TikTok request to temporarily halt pending U.S. ban.
AZ Intel,2025-04-15 04:25:29+00:00,"WATCH: Video of the house explosion in northwest Austin, Texas on Sunday, injuring 6 people and damaging 24 homes."
MK ✞,2024-12-11 02:39:13+00:00,Removed from tiktok! Looks like they amended their community guidelines for me  the countless videos attacking white people= free speech; defending yourself= hate speech
Leonarda Jonie,2024-12-11 15:42:40+00:00,Time to do a deep dive into who sets the community guidelines!
PNWGUERRILLA,2024-12-11 16:45:59+00:00,Promoting segregation is against guidelines?
IanMalcolm84,2024-12-12 13:14:50+00:00,"“The media demonizes whites white special interests cheer on white replacement”

By “special interests” and “the media”, do you mean JEWS?"
The Daily Sneed™,2024-12-11 21:19:07+00:00,"You have good clips. 
Stick around here and you’ll have many a viral post."
Furkan Gözükara,2024-12-11 10:34:52+00:00,they deleted my account because of this : tiktok
Jonna ♱,2025-02-18 10:59:05+00:00,"This is your most famous when you bake in your bedroom and talk so well! I see it all the time, really daily, at least weekly here on Twitter, formerly known as X."
Physics Memes,2024-12-12 11:51:14+00:00,"tiktok anti white bias, propaganda machine. 
@ScottAdamsSays"
BasedDeptGeneral,2024-12-12 14:12:07+00:00,It unironically probably got nuked for being antisemitic.
Rachel True,2024-12-11 23:11:12+00:00,"Another maga mind virus victim
Sad   
Hope they come up w/ a cure for ‘color of your skin as personality’  
¯\_(ツ)_/¯"
Tyrsmann Wotansohn,2024-12-11 16:30:35+00:00,"White people are guilty of letting white people cause the reduction of white people. Only white people can change that. 

White people, have more babies (regardless of the cost, as the ancestors did /w less), get involved in your community and politics, be resourceful and useful."
Dr. Nathaniel Q. Higgerson PhD,2024-12-11 22:48:26+00:00,"You did nothing wrong. Everything you said in that video was the truth.

That's why tiktok shitcanned you."
pp,2024-12-11 20:20:46+00:00,Jewish community guidelines?
AllDeadPrezzys,2024-12-11 19:57:22+00:00,"Oh shit that’s you!?

Legend

White queen  

According to grok this is what you look like based on your tweets."
Ohmless Bear,2025-02-21 04:51:02+00:00,MK I am listening to your appearance on JQ.  You indicated you believe you can't address our problems without sacrificing your livelihood. This is only true if you go down the path of J-sperging like the JQ guys are trying to get you to do (just like they did to Gaddis). It's up
Náisiúnta,2024-12-11 15:46:43+00:00,White culture is beautiful and they're just jealous
Hans de Skipper,2024-12-12 18:43:42+00:00,TikTok is a Chinese weapon of antiwhite psychological warfare.
antijudaic,2024-12-11 22:25:47+00:00,"loxism , although how thats tied into tik tok needs some digging"
White Rabbit,2024-12-12 04:24:54+00:00,“Who controls the past controls the future. Who controls the present controls the past”
Jason Green,2024-12-12 10:50:35+00:00,Hate speech laws always were tools of oppression to stop White people defending themselves.
Dan S,2024-12-12 06:55:38+00:00,"For being so young, she has an astounding grasp on the West's current predicament."
Jan Dolph,2024-12-11 19:52:21+00:00,"New account, don't stop

They wouldn't ban you if it wasn't impactful"
Christ Is King,2024-12-12 02:07:35+00:00,When did the jews steal TikTok from the Chinese?
King of the North,2024-12-11 20:23:59+00:00,Amazing … the truth is mostly the thing they can’t allow.
Grit,2024-12-11 21:15:50+00:00,The thing they fear most is reverence to white identity and white people realising they do not need any of these immigration / DEI policies and infact their nations are much better off without it
White Lives Matter Initiative,2024-12-11 23:46:07+00:00,"They can keep trying to silence us, but it won't work! Keep speaking the truth."
Lesco Brandon,2024-12-12 11:29:09+00:00,Somebody get this girl a cape!
Lola,2024-12-11 21:33:57+00:00,You will be appreciated here. I love your content.
Jared,2024-12-11 18:20:58+00:00,“A protected group” seems to only apply to one group.
Holt Supremacy,2024-12-11 06:35:37+00:00,Keep posting
Unknown Elements,2024-12-11 19:13:53+00:00,"Whites
Against
Replacement"
Volktron_Maximus,2024-12-11 02:51:48+00:00,"I see your stuff everywhere, you’re reaching people. Don’t stop."
Anti Juice,2024-12-11 19:11:44+00:00,"Jews push AntiWhite hate and they also determine what ""hatespeech"" is."
DayQuwan Shneerson,2024-12-11 18:33:19+00:00,Make a Gab account. It's near impossible to be banned from there. The place to regroup and maintain contact.
MrGrant,2024-12-11 15:49:59+00:00,Not allowed to promote segregation? That’s because it’s the only valid solution to most of our social problems.
Spiritual Music,2024-12-11 16:53:17+00:00,"Yes y’all make up 9% of the global population but caused all the wars, colonized 80-95 of the world, responsible for %70 of the murders with in the last 5 centuries (yk genocides, wars, slavery). The same way yall bring 13% take responsibility for your 9"
pixelayla・.⊹⁺・,2024-12-11 04:41:06+00:00,never stop
PapaSmurf,2024-12-12 13:11:09+00:00,Seems telling truth on the internet is problematic.
Bubblehead_Vet,2024-12-11 15:46:17+00:00,Please post more. Thanks.
Nathan Palmer,2024-12-11 21:32:45+00:00,The irony of this being censored
Randall Wayne,2024-12-11 22:59:04+00:00,Spot on.
Smackover,2024-12-11 23:04:46+00:00,"Love this video! Worry not, 
@X
 will replace tick tock and YouTube. Welcome, let’s go!"
D McCoy,2024-12-11 16:45:05+00:00,TikTok thinks if they kiss the lefts ass they will not get banned. Nothing is further from the truth.
Marty Kane,2024-12-11 16:52:57+00:00,What a joke.
Ezra,2024-12-11 20:39:42+00:00,You are spot on.
Justin Tomlin,2024-12-12 04:27:31+00:00,Love you white people!!!
Vitaly Malyarov,2024-12-12 04:48:36+00:00,"Lol, sounds like she's never heard of the Russian Federation!"
Wesley Caspers,2024-12-11 16:55:09+00:00,She was speaking too much truth. Can’t have that!
Joe Briben,2024-12-11 19:54:54+00:00,"Fuck them, call them out!"
ÇЯΛZY ÇΉΣMYƧƬ,2024-12-11 11:08:55+00:00,"Tiktok is for total idiots.

Just share all of your stuff on X, while you still can."
Ahmed kenani,2024-12-11 16:06:02+00:00,jews behind this
Ak1H@8ra,2024-12-11 17:19:47+00:00,we have been too kind. I hope that kindness is coming to an end.
Jim,2024-12-11 03:13:28+00:00,Haters are gonna hate.
james friery,2024-12-11 05:43:34+00:00,Unfucking real. More of that White privilege I keep hearing about
Unknown Elements,2024-12-11 19:11:13+00:00,Talking about how we're being replaced is against the guidelines... can't have us Whites waking up...
Enoch Root,2024-12-11 22:10:15+00:00,You seem completely artificial.
Butternuts,2024-12-12 11:27:29+00:00,I wonder who is behind all this .
𝒽𝒾𝓂𝓁𝒶𝒿𝑜𝓇𝒹 ᥫ᭡,2025-02-19 15:17:40+00:00,"I love this video, you are so well spoken and brave!"
Éireannach,2024-12-11 12:35:34+00:00,"Excellent stuff , keep it up"
Rick Atkinson,2024-12-11 16:10:36+00:00,keep going we support you
Magic the Gathering Legend,2024-12-11 16:39:24+00:00,You are a hero for making that video
T3mp3st,2024-12-11 17:18:01+00:00,"Based + factually correct. You're a 10/10 miss, keep up the good fight."
umbrellasaltysalmon,2024-12-11 19:10:51+00:00,TikTok is truly a despicable app. I hate it so much I can’t even describe my loathing. It’s causes people to self censor. “Unalived” is a good example. They’ve taken down half a dozen of my accounts. I gave up. They only want us to distract one another from truth.
𝐖𝐢𝐥𝐥 𝐊𝐲𝐛𝐮𝐫,2024-12-11 19:41:08+00:00,Know that it is Jews who push this on all white western nations.
Maxxy,2024-12-11 19:47:44+00:00,They unironically call antiwhite hate speech “counter-speech”. I reported some guy calling for the extermination of white people and they took no action.
AllDeadPrezzys,2024-12-11 20:00:09+00:00,Next maybe some content on who is promoting it?
BigcatRogers,2024-12-11 20:43:10+00:00,You just gained a new follower here
Stu Mac,2024-12-11 21:20:33+00:00,"Couldn’t imagine being this fragile.

Go live your life, the internet is giving you brain rot, you don’t live in reality."
SageGuy,2024-12-11 21:25:47+00:00,We don’t have culture but they love our neighbor hoods and housing lol
S Wilson,2024-12-11 21:46:50+00:00,"The ""Great Replacement Theory"" - something that's happening in America right before your eyes, and the president himself said it was happening and that it was a good thing, but is still a crazy conspiracy theory."
C,2024-12-11 22:28:36+00:00,They = Jews
Nothing to notice.,2024-12-11 23:13:45+00:00,"it's the ]00s, right Elon?"
Brian,2024-12-12 03:21:02+00:00,they seen u were jewish
CT,2024-12-12 03:27:42+00:00,The jews don't want Anglos to realize that they are being treated like Palestinians.
Local_Menace,2024-12-12 11:34:30+00:00,Spreading awareness of the replacement and genocide if Whites will get you silenced. Kind of proves her right lol
Mags,2024-12-13 12:59:43+00:00,Making an exception to my blondes only rule
LT,2024-12-11 22:12:40+00:00,Imagine having to spend any time or wake up next to this clown rattling on.
Tlakatl,2024-12-11 23:38:27+00:00,"Your content goes against the PRC 's campaign to undermine the West, so they're definitely booting you."
Carnilissë Mahtar,2024-12-12 03:41:50+00:00,https://digitallibrary.un.org/record/412547?ln=en&v=pdf…
Thorns&Roses,2024-12-12 08:43:45+00:00,You must by on the right path
MikeM,2024-12-12 11:49:21+00:00,Didn’t know that was you. That’s an immediate follow.
PD the VG,2024-12-12 13:04:38+00:00,Most based woman on tiktok
Paul,2024-12-12 13:20:09+00:00,"Wait-  it's just 'conspiracy' that jews control the media? Well  *phew*-   SO  glad to hear that. 
 bwahahaaaa"
DocBrown,2024-12-12 14:31:57+00:00,This video was perfect. Thank you!
ClownPuncher,2024-12-12 15:05:23+00:00,All platforms limit free speech yes including Twitter.
Abigail,2024-12-13 03:49:41+00:00,Scary shit
Brian,2024-12-13 08:31:29+00:00,"MK is JEWISH, wake tf up!"
Una Hendry,2025-01-25 23:38:38+00:00,"A maniac murders 3 little girls horrifically, is sentenced to 52 years and I’m not allowed to say he should be tortured"
James Vespertino,2025-02-14 07:11:09+00:00,"The deeper you go down the tiktok rabbit hole the more ridiculous it gets

Tiktok removed a video of a man literally just walking. I rest my case"
Wyatt,2025-02-18 09:59:39+00:00,Well said. All valid points. Bless you!!
Satan,2024-12-11 18:29:39+00:00,"@tiktok_us
  is gay!"
Sæn Burning,2024-12-11 19:17:19+00:00,"Let us know what your new account info is, if you decide to make another account! It would be great to see you on a bunch of podcasts as well, maybe even your own. You’re just getting started, and you’re obviously right over the target!"
nick_jamss,2024-12-11 22:35:05+00:00,No body hates white people more than white people
Raz,2024-12-11 23:56:38+00:00,"Wtf, we are actually the minority, and we actually bring stability!
Why are all white people so hated, thou?
You want racism? You want crime?You think we are the culprits?
Make you all, a deal!!!
We, ""White people"" are so few, that we can manage on a piece of land, and we as a"
Devvvers,2024-12-12 02:03:02+00:00,I love her! I want to bake more chocolate chip muffins and show off my chocolate chip cookies recipes to her
Akio Samurai 𝕏,2024-12-11 05:24:47+00:00,"Get a new phone number, create a TikTok account, and discard it since you’ll only need it once.
In this niche, you can be certain the account will get suspended sooner or later.

Btw you can buy a temporary online phone number for up to a dollar."
Behold! A Chair!,2024-12-11 15:47:16+00:00,"They use an AI. It's easy to fool it, by changing up your language while still communicating your points."
Alison,2024-12-11 15:53:40+00:00,"As much as I like what you say, the fact that you do it always wearing an immodest outfit makes me suspicious of you. Are you a Siren perhaps?"
Bootheel_Patriot,2024-12-11 16:28:22+00:00,Love your account. Sad to see you go.
kane,2024-12-11 16:34:12+00:00,I’m your biggest fan
Ali ibn Snafu,2024-12-11 16:50:47+00:00,"Well, TikTok is a tool of the PRC. What did anyone expect?"
CELTIC CODE,2024-12-11 17:00:44+00:00,The bans will only help grow the movement. They simply cannot stop the awakening. Good on you for trying. Fuck JewTok and God Bless
Kris . zZz .,2024-12-11 17:06:55+00:00,Followed
Not Juan,2024-12-11 17:19:05+00:00,You dont realize how strong their hatred for us is until you see shit like this
William T. Smith II,2024-12-11 17:28:13+00:00,"@mkwhataboutit
 how many followers did you have?"
Garbage Job Lane,2024-12-12 02:50:55+00:00,Post more.
Vanilla Gorilla,2024-12-12 03:19:14+00:00,Remember folks... It's alright to be white. Say it with me now
Chazzz Onomatopoeia,2024-12-12 16:15:32+00:00,"Once they defeat the big bad white people, you know, those white people that have died at record numbers, well over their colorful counterparts to create this country for ALL of us who value freedom. Do they think China won't just wipe them out? Why would they deal with that?"
Western Hammer,2024-12-12 17:52:34+00:00,It’s just Jews doing this. Nonwhites don’t hate whites. It’s just Jews.
Shaun Foster,2024-12-12 21:11:58+00:00,Am I the only one who thinks this girl sucks at doing her makeup lol
FedUpWGov,2024-12-12 21:37:14+00:00,Pretty much.
"JonStrice, Counter Revolutionary",2024-12-13 02:08:15+00:00,Ma'am. Ma'am. Why you got a bed in your kitchen tho?
James of Wyoming,2024-12-14 00:01:16+00:00,First mistake- using TicTok. THE CHINESE control it. Hence the censorship.
MarvinReemeyer,2024-12-17 17:15:25+00:00,She's amazing.
Alex,2025-02-15 21:22:58+00:00,Facts
Timber Beast,2024-12-11 17:39:02+00:00,You do fantastic work
Jay,2024-12-11 17:49:54+00:00,"Tiktok needs to be banned in the US. They removed every comment that I posted, no matter how benign, yet allow videos of people calling for murder of CEOs, while praising the murder of UH CEO"
X,2024-12-11 17:55:54+00:00,I wondered where your account disappeared to but wasn’t surprised
American Samurai,2024-12-11 18:14:22+00:00,Based
William_1776,2024-12-11 18:15:06+00:00,You don’t even look White. You have a weird looking face. Are you Jewish?
Stvtyl,2024-12-11 18:25:15+00:00,It's funny that they don't need a rule that says you're not allowed to claim that Eritrean people run the media.
Ericka,2024-12-11 18:40:52+00:00,Talking about and raising awareness of the ethnic cleansing and ultimate genocide of our people is against their guidelines.
NB,2024-12-11 18:45:08+00:00,"Let me guess: white people are not a ""protected group""?  lol"
unknown,2024-12-11 18:55:09+00:00,Based
Sir Alex,2024-12-11 21:43:55+00:00,It’s another Z!on!st agenda
RedzMedz,2024-12-12 08:46:48+00:00,"She can't even make a proper cookie batter....yet you want me to listen to the bullshit she spews in this video? Nah chief, hard pass."
Antonín Hrubý,2024-12-12 18:31:52+00:00,Makes you think. Any rebuild to this?
@snivelgear,2024-12-12 18:48:39+00:00,This girl is a national treasure. Can we clone about 50 million copies of her?
Global_Citizen_of_a,2024-12-12 18:49:52+00:00,Now wait until Jews own tik tok in America come January
𓂆 أبو زين 𓂆,2024-12-12 19:04:16+00:00,Girl just say it’s the
michael christie,2024-12-12 19:36:14+00:00,Don't worry. Tiktoks  about to be gone anyway.
Isaiah Thomas,2024-12-12 19:45:32+00:00,America was not 90% white for hundreds of years. It’s like you don’t read anything.
Aaron,2024-12-12 22:33:47+00:00,One word - Globalism
2CNLKH_68,2025-02-24 05:08:12+00:00,"@TikTokSupport
 is literally TOO DAMN CENSORSHIP apps. 
Too many NOs
What funny is, once, I happened to write down what the host said in the video :
""It's just man and woman, as simple as that. Other than that is mental illness! '
TikTok keep the video, but my comment banned!"
Anon,2024-12-12 20:21:23+00:00,"Ughhh another Lily right here… joined Twitter last month and has almost 4K followers.

Even the same “cooking rant” video format.

Tiresome"
Red Race Nation Man,2024-12-13 01:04:37+00:00,you eating my Amerindian ancestors food like Chocolate and Vanilla while you on tiktok talking smack about my people.
Alexzander,2024-12-13 01:19:18+00:00,White people are the least racist group in society. The opposition wants us to believe a different narrative though.
Red Race Nation Man,2024-12-13 01:26:58+00:00,you on TikTok spreading the lie that Amerindians were replacing each other before whites showed up. if that was true there wouldn't be genetic continuity with modern tribes in the same area during the ice age. Most tribes have been living in the same area since the Paleolithic.
OhBoyGoy,2025-02-26 05:56:30+00:00,Didn’t you know that you can only push anti white rhetoric in TikTok?
Menbethechange,2025-02-26 14:10:08+00:00,Yes because it is the Kikes.
Mr.,2024-12-11 12:31:32+00:00,pov youre a single white queen who started reading books.
KalMott100,2024-12-11 12:50:22+00:00,"When was America 90% of European descent? Oh, when they didn't count the millions of Natives and Black people as citizens. #DumbLittleGirl"
"Moved 2 SOP ""Noizemann""",2024-12-11 21:04:07+00:00,"Hate speech isn't real; those who think that it is have probably never been called a single name in their life.

Either that, or they have been called one measly name and instead of ignoring it or clapping back, they try to control whatever conversation every chance they get."
Toruk,2024-12-11 22:37:16+00:00,"Whites are the biggest hypocrites! They never had problems with blacks/browns. when they were their slaves/occupied, but now that they are equal under the law. They don’t like to be surrounded the same people. WELL FUCK YOU!!"
jeremy taylor,2024-12-11 23:14:16+00:00,This is so refreshing!!!! We must wake up!!!
Shinji,2024-12-11 23:54:51+00:00,Too much makeup. At least you’re coming though. But again you’re a women you shouldn’t be making internet content
Liy345,2024-12-12 12:57:41+00:00,I don’t download this apps
Based Boomer,2024-12-12 13:01:20+00:00,Truth hurts.
Drake,2024-12-12 13:37:44+00:00,Why is she cooking in her bedroom?
Don Coño.Luchador,2024-12-12 13:47:29+00:00,Welcome to Ethno-Marxism 101
BRAVO78,2024-12-12 14:36:22+00:00,Are you single lol
Ethan Nikolasevic,2024-12-12 14:50:06+00:00,"I agree with everything u said, except for white supremacy"
James Edwards,2024-12-12 15:06:14+00:00,She doesn’t miss
Joel Jenkens,2024-12-12 15:18:15+00:00,Fr u whites need to go back to euope and leave USA to us the real natives Mexicans
CWG,2024-12-12 15:28:21+00:00,"Why are women a protected class but not men?

Deconstruct what they wrote about protected classes and it reveals the unprotected class, straight white men."
ELOCO!?!?!?,2024-12-12 12:14:04+00:00,Great day to be white
FiReBeE,2024-12-12 12:23:37+00:00,Been seeing this video everywhere. Would have followed u on tickytok but that app is trash now so rarely there. But anyway followed.
Yogi5D,2024-12-12 12:50:42+00:00,
Daniel Eretrius,2024-12-12 17:40:47+00:00,This video is baller. Should not be taken down
2214144,2024-12-12 17:41:14+00:00,Tiktoks wiki says they are funded by 6 jewish banks
Hari,2024-12-12 22:38:37+00:00,You don’t seem to be white
clay madden,2024-12-12 22:52:07+00:00,You are so right on EVERYTHING YOU JUST SAID THANK YOU AND GOD BLESS YOU
Michael Cahoon,2024-12-12 23:21:59+00:00,"A necessary 'well said' conundrum that should be questioned.  

#Why and #Who ?????"
JoBee,2024-12-13 00:10:01+00:00,"Patriotism is Extremism.

These people have to go or we will be the ones to go."
John Barosa,2024-12-12 11:08:25+00:00,Brown people are not masterminding this… it’s other white people who want to take all the property away from you.
Ghost of sieghodl,2024-12-12 11:30:03+00:00,This chicks bf has a TRS account lol
Jager,2024-12-12 11:48:50+00:00,Yet we always rise above it. Every mountain we’ve ever climbed over to glorious victory was with the burden of another race on our back.
Jj,2024-12-13 01:47:16+00:00,TikTok has fallen to the Jews
Logan Edmondson,2024-12-13 04:16:34+00:00,"Say the whites did all disappear, do you really think racism will go away? No. It wouldn’t."
Brian,2024-12-13 08:32:12+00:00,"MK aint white she is jewish , once tiktok seen her they amended"
Trevor,2024-12-13 15:39:41+00:00,Deport deport deport
Dave Charlie,2024-12-14 01:45:13+00:00,Is that Nala Ray?
Brian,2024-12-15 02:10:42+00:00,"mkwhataboutit,she is jewish"
Nexus Malum,2025-02-21 00:48:43+00:00,"This is only half true.  This has been attempted for decades after WWII to push it on East Asian nations, and unfortunately..., the same people who pushed this on the West have managed to successfully gain a foothold in Japan.  Japan is about to be lost if they don't fight back."
DMware,2024-12-16 23:03:01+00:00,"You aren't the only one. Nor, apparently is that specific to TikTok. You can be shadow-banned on here on X (with no explanation whatsoever) for telling people to think for themselves."
WJHG-TV,2024-12-13 20:35:56+00:00,"The clock is ticking on a U.S. ban of TikTok, set to take effect in less than 6 weeks."
WJHG-TV,2025-04-15 01:30:15+00:00,"“The last several weeks have been very difficult on law enforcement and the community. The bottom line is that our community has had enough, and we have to make some changes,” said Sheriff Ford."
日英メディア翻訳者斎藤ラミスまや,2024-12-13 12:49:33+00:00,"「10月7日とか　人質とかの話なのかと思ったら、あ〜ら。。。そうじゃなくて土地を奪う話なのね？」

#日本語字幕付き 
こういうのが、アメリカが必死でTikTok を禁止にしようとしてる理由の一つでしょうね。「合意の製造」がやりにくくなるから。
あとはまあ、自分の国のエリートが儲けられないから。"
日英メディア翻訳者斎藤ラミスまや,2024-12-13 13:23:14+00:00,彼女の言っているイスラエル軍兵士がつけていたアップリケはこれのこと。「大イスラエル」計画というのがあって、イスラエルはそれを目指してるんじゃないかという話です
日英メディア翻訳者斎藤ラミスまや,2024-12-13 13:32:45+00:00,「合意の製造」は、チョムスキーのこの本のタイトル。メディアを通したプロパガンダによって、大衆の考えを一つの方向に持っていって、その間にアメリカ政府が好き放題やる。今のシリアをめぐる報道もそういう側面が大きいと思われる。https://amzn.to/3ZPP4dj
John A,2024-12-13 22:15:14+00:00,訳ソフトですね
日英メディア翻訳者斎藤ラミスまや,2024-12-14 04:49:22+00:00,
ワラウナ,2024-12-14 00:23:09+00:00,
ラグリマS,2024-12-14 02:18:40+00:00,笑顔だけどメチャ怒っているのが解る。
Michael Barrett,2024-12-10 22:54:48+00:00,"Justin Trudeau can’t be trusted.

He's shut down TikTok offices in Canada - but says it’s still safe for Canadians to use the app.

It's time for Trudeau to stop his secretive, authoritarian tactics and give Canadians the transparency they deserve!"
FakeGermaansk,2024-12-10 22:57:29+00:00,"Authoritarian tactics? You have Jenni's Thought Police following you around hotel bars in Ottawa, buddy.

PS what did you mean by ""top bunk""?"
"Richard, transforming my mind",2024-12-10 23:33:12+00:00,"Trudeau and Canada dont mix well. 

Oil and water"
Sssssgigio,2024-12-10 22:56:23+00:00,"Slow Lyin day, Lyin Mike?"
DLen,2024-12-10 23:18:46+00:00,"Dear Mikey,"
Forbes,2024-12-13 23:50:03+00:00,The TikTok Ban Fight May Test The Limits Of Trump's Power https://trib.al/w4HCFIt https://trib.al/w4HCFIt
Ryan Darnell,2024-12-13 23:53:46+00:00,This sets a dangerous precedent.  What other media outlets is the government going to ban?
,2024-12-13 10:14:29+00:00,happy one year to my silly bf with ray ban camera glasses. need more jaemin tiktok challenge pls :(
,2024-12-13 10:16:48+00:00,i've been waiting for a year to wait for jaemin to make a tiktok challenge with these glasses....
Governor Kevin Stitt,2024-12-09 23:29:30+00:00,"We banned TikTok across state government in 2022 because of the clear cybersecurity threat the CCP poses to Americans through the app.

Whether TikTok is banned or they divest, one this is certain: we will never compromise on protecting American security."
Chris Fenton,2024-12-12 15:49:21+00:00,"My latest op-Ed:

""TikTok provides Beijing an ability 2 understand, control, & influence Americans well beyond simply Hollywood content. In fact, the platform is much more damaging in how it shapes the opinions & perspectives of adults under 30."""
#MAGA,2024-12-09 23:32:15+00:00,"Yes, an app on your phone is so much more dangerous than the Chinese purchasing Oklahoma land."
Kacie,2024-12-10 01:03:32+00:00,But them Chinese peoples can buy all the Oklahoma land they. But fuck that tic tok. It’s the debil. If yall don’t stop imma send Ryan to your house with his Jesus snakes.
Steven Reid,2024-12-10 00:32:58+00:00,"ZOOM is CCP Military. In government training, including FEMA in Oklahoma, ZOOM is still used. ZOOM gets into the BIOS and can control the device at any time. Yet government IT staff claim it is ""safe"". The only way to fix the device is to smash it to bits. 
@elonmusk"
You,2024-12-10 00:15:28+00:00,"Let’s be honest, Tiktok makes Americans dummer."
WuhanBatClap,2024-12-10 01:55:11+00:00,You sell oklahoma land to Chinese.  Why?
Misttina Brownfield,2024-12-10 00:03:09+00:00,Thank you!
Dyl,2024-12-10 01:22:33+00:00,Elon should buy it. I would download it again if he owned it. I deleted Twitter until he bought it. It’s a massive platform and we can’t have too much free speech. I also think that the TikTok store is taking in a lot of money.
Orums,2024-12-10 19:42:19+00:00,"Your lies die long before they leave your mouth.

We don’t trust you, we don’t like you"
InductionFTW,2024-12-10 20:29:03+00:00,Tell us you don’t understand technology without telling us you don’t understand technology. Wow.
Ducklett Groyper,2024-12-09 23:33:15+00:00,They banned tiktok because the truth about the war in Gaza was spreading on there. Fuck Israel.
FreeIndeed,2024-12-09 23:30:25+00:00,Great move Governor! Totally support you sir!
JTBell,2024-12-10 00:08:58+00:00,Cute. Now do the NSA.
CLM,2024-12-10 00:22:01+00:00,Stop allowing Chinese to purchase land in Oklahoma is a lot more important
Gypsy Girl,2024-12-10 04:50:17+00:00,"You telling me that I can't watch TIC TOK on my personal device?
I understand not installing it on government technology, but my own device?
That would be a class action lawsuit I'd be happy to help facilitate.
Try shutting down the X rating ones first!"
MORTEM TYRANNIS,2024-12-09 23:30:49+00:00,"Starting your campaign for ‘28 pretty early, aren’t you? Is it supposed to be this obvious?"
The Sneaky Coyote,2024-12-09 23:52:04+00:00,"We, they, and this are pronouns, stop using them immediately."
Blake Aguirre,2024-12-10 02:55:00+00:00,"Why don’t you focus on something more important? Like addressing our homeless population, helping our veterans, getting non-violent offenders out of prisons that are using taxpayers’ money, and improving our education system!"
Joseph hinson,2024-12-10 03:27:46+00:00,I don’t want people knowing the truth you’re scared as hell
Mike Hancho,2024-12-10 05:29:27+00:00,Now run the ccp off of Oklahoma farms
The Jerusalem Post,2024-12-13 23:59:54+00:00,A US appeals court rejected an emergency bid by TikTok to temporarily block a potential US ban.
Jennifer/Hatshepsut,2024-12-14 00:17:31+00:00,Too much exploitation and foolishness. People need to deal with reality as it comes and stop wasting their time.
mark w3,2024-12-14 00:17:10+00:00,I'm opening a TikTok account now.  Maybe I can get involved in defeating the illegal criminal US federal government since they're so afraid of TiKTok
The Jerusalem Post,2025-04-15 03:07:40+00:00,"US President Donald Trump is seeking to limit Iran's uranium enrichment to 3.67%, White House special envoy Steve Witkoff told Fox News on Monday night."
Big Cases Bot,2024-12-13 01:46:01+00:00,"New filing: ""TikTok Inc. v. Merrick Garland (TikTok and Bytedance challenge the Tiktok 'ban' law.)""
Doc #2089360: Reply to Response Filed

PDF: https://courtlistener.com/docket/68506893/2089360/tiktok-inc-v-merrick-garland/?redirect_or_modal=True…

#CL68506893"
Forbes,2024-12-13 23:00:16+00:00,"The divest-or-ban bill requires TikTok to give users and creators a copy of their data — so they can post it elsewhere — by January 19. But to benefit, you have to file a request. https://trib.al/FSdbDIG"
Forbes,2025-04-15 05:40:03+00:00,Apple Soars After Tariff Exemptions—And iPhones May Not Get More Expensive After All
LIZZIE,2024-12-08 01:26:16+00:00,I think they are really about to ban tik tok
TheTechBoy Media (wink),2024-12-08 03:14:17+00:00,Please reconsider
LIZZIE,2024-12-08 03:17:38+00:00,Still want it banned. I have it and if kids are on there they are getting gr**med . I don’t even like posts or follow any transgenders and that is all on my feed all the time
✞ ℜ𝔢𝔣𝔬𝔯𝔪𝔢𝔡 ℌ𝔢𝔞𝔱𝔥𝔢𝔫 ✞,2024-12-08 01:27:36+00:00,Am I the only person who's never used that app? I never have understood the appeal.
QTWIQ,2024-12-08 01:39:31+00:00,I would not miss it
Unraveled Faith,2024-12-08 02:03:06+00:00,If that happens watch x explode in growth
GodlyGains,2024-12-08 02:34:28+00:00,Looks like we about to have more people on X lol
Matt Baker,2024-12-08 01:30:05+00:00,Good. It's a social cancer that feeds terabytes of data to our biggest enemy.
chris™,2024-12-08 01:31:07+00:00,Seriously?
Nomadic Aaron,2024-12-08 01:35:09+00:00,"Never downloaded it, doesn't bother me at all"
Jason Ferguson,2024-12-08 01:44:53+00:00,"It may be good that it’s banned, I don’t know.  I never use it, so I never know what’s going on over there."
Timothy Stephens,2024-12-08 07:27:11+00:00,"There are some great reasons to ban TikTok,

BUT

the Left (and some on the Right) will only support doing so if the decision can then be leveraged against platforms like X that permit conservative speech.

We cannot allow that."
Beks,2024-12-08 12:56:59+00:00,Nice!!!! I hope they do.
Joel,2024-12-08 18:10:12+00:00,"Good. I had it for 5 minutes. 

Insta delete."
Keifer Street,2024-12-09 00:40:39+00:00,"I’m not a huge fan of TikTok, but I’m vehemently against banning it. It sets a dangerous precedent. If we allow the government to just ‘ban companies’ it doesn’t like, what happens when your party isn’t in power? Would X be next? I understand the concern for China, but their"
Hope in Christ,2024-12-08 01:31:44+00:00,I’ll have to see it
WannaBeADragon,2024-12-08 01:34:00+00:00,"Good, that's a terrible app"
✞ And The Infinite Gladness,2024-12-08 01:34:03+00:00,Bring back myspace
Derek,2024-12-08 01:38:44+00:00,W
True Story Bro,2024-12-08 01:41:58+00:00,"Good, China is our enemy."
Carson,2024-12-08 01:47:32+00:00,There’s no point in it when you’ve got Reels/Shorts.
James Heiser,2024-12-08 01:48:04+00:00,Long overdue.
Gina Hollin,2024-12-08 03:06:26+00:00,"Maybe, although Id be surprised cuz Iv witnessed myself what a spectacular indoctrination app. it is.  VERY dangerous 4 those who do not have discernment or a critical thinking skill set. It also fits their plans of distraction & division wonderfully, but guess time will tell."
Joshua Oreskovich,2024-12-08 03:36:18+00:00,"The biggest problem with tik tok, isn't the grooming believe it or no, you can alter content. It's the skinner box rate of information uptake; it really messes with your dopamine reward system. Same can be said for imitations and similar media."
Knight,2024-12-08 12:59:37+00:00,"I don't use it. Never have and likely never will. I am not in favor of a ban. Not because I don't think there is danger but because of the precedent it sets. I do not trust the government. Give them the power to shut something up, even what we don't like and they will abuse it."
Raindance,2024-12-08 16:33:16+00:00,Let's ban porn next
"Joseph Cimaomo, Jr",2024-12-08 17:06:22+00:00,As a teacher this thought makes me happy.
Bake Bread to Break Bread,2024-12-09 01:20:41+00:00,Good
Thomas Nicolai,2024-12-13 19:24:58+00:00,"@elon
, another purchase to think of."
Jeff Dixon,2024-12-08 01:28:01+00:00,"Yep,I heard it mentioned on talk radio today."
Lorenzo Webb✞,2024-12-08 01:28:09+00:00,Me hearing this news:
Patrick Phillips,2024-12-08 01:28:20+00:00,It's a wonderful   life.
LRT-10152452,2024-12-08 01:28:22+00:00,Good! Get on with it.
Joe Kerr,2024-12-08 01:32:10+00:00,I am not at all disappointed by this
Dax Von Wald,2024-12-08 01:44:46+00:00,"As much as I wish that were true, it'll get purchased, renamed and persist."
BlessedAnomaly,2024-12-08 01:45:23+00:00,"The stipulation is that TikTok sell to an American owner (or divest to an American owner -- meaning info won't go back to China).  Microsoft in the past has shown interest in being that American company ownership.
So who knows."
Mark Fisher ن,2024-12-08 02:13:51+00:00,I’m all for it.
Colin (janner),2024-12-08 02:16:23+00:00,Won't be missed !
Gypsy,2024-12-08 02:20:33+00:00,Save society.
Humbly Dependent,2024-12-08 03:14:41+00:00,Let’s hope.
Barry House,2024-12-08 03:51:58+00:00,"Helped win an election for Repubs, so yeah!"
G Wald,2024-12-08 05:41:51+00:00,Good
Nedalien,2024-12-08 07:05:48+00:00,Banning social media platforms is very unconstitutional and dangerous. Our government is totally out of control.
lewis Campbell,2024-12-08 09:43:05+00:00,Never been on it and have no plans to do so
Ferro,2024-12-08 13:20:16+00:00,We can hope
KnoWn,2024-12-08 13:29:02+00:00,Why ban TikTok when we can just make crypto TikToks?
Jim Price,2024-12-08 13:56:08+00:00,"Government should never be in the business of banning any type of speech or platform.

Allowing them to do so leads down a road from which there is no possibility of return."
Sanjay Agarwal,2024-12-08 14:15:19+00:00,Me watching TikTok content just hit delete like:
Hazel,2024-12-08 15:08:05+00:00,"If TikTok gets banned, we riot on the blockchain"
Caro,2024-12-08 15:29:41+00:00,"First TikTok, next cryptocurrency? Hide your Dogecoin!"
Gina,2024-12-08 18:53:55+00:00,"people are going to lost their minds without it. 
More of an addicition than X."
Jon Brodin,2024-12-08 19:51:19+00:00,"Oh no! How are we supposed to go without hearing about ""trans women's menstrual cycles""?"
Janice,2024-12-08 22:52:41+00:00,"Good, my daughter is addicted"
HarrenClubdog,2024-12-08 22:53:36+00:00,GOOD
Mark,2024-12-08 23:34:59+00:00,Cool
Rev. Alan P. | The Protestant,2024-12-09 00:16:18+00:00,Banning TikTok is an overall bad idea!
Mark Lanham,2024-12-09 03:35:02+00:00,Tik Tok banned my book so I don't care what happens to them
Psalm139,2024-12-10 03:03:04+00:00,That is a very good move.
*Carisa*,2024-12-18 02:01:24+00:00,It’s crazy how much $$$ some people make on there.
Kodigirl,2025-01-10 19:25:03+00:00,"This is what Tik Tok does to your phone.
It reconfigures data!
I had a friend who tried to delete it but couldn’t!"
Own.,2024-12-09 19:41:26+00:00,Happy to hear it! Download Own. We have an algorithm that protects minors #protectthechildren
Lake Bum,2024-12-08 01:43:55+00:00,Tik Tok may have won the election for Trump
Mandy,2024-12-07 16:02:02+00:00,I was banned from TikTok two years ago over a video I made questioning the direction our country was heading in. Fck communist TikTok. 𝕏 is where it’s at.
Sassafrass84,2024-12-07 17:30:30+00:00,I have gone throgh several accounts. My comments constantly get banned. It's bs
Mandy,2024-12-07 17:32:59+00:00,I use an account that has a pumpkin my daughter made for Halloween to cipher videos I want to share with everyone over here.
𝑴𝑨𝑮𝑨 𝑴𝒆𝒈𝒉𝒂𝒏,2024-12-08 01:42:56+00:00,So glad they are getting banned in the US. Now they get a taste of it.
Mandy,2024-12-08 01:43:23+00:00,I mean karma is a bit…. Nvm
Jojos,2024-12-07 17:12:51+00:00,Got banned from Insta too. I'm happy!
Mandy,2024-12-07 17:15:34+00:00,Insta is gross. The people are fake. The vacations aren’t real. It’s an unattainable lifestyle it tries to push. Great cause for anxiety and depression.
Jason Mac,2024-12-07 17:15:04+00:00,"Never had one, should I go make one? They might like me"
Mandy,2024-12-07 17:16:41+00:00,"No, we like you better over here"
Steeler4ever,2024-12-07 17:12:42+00:00,Really?  I hate that app
Mandy,2024-12-07 17:14:12+00:00,Yes. It was wild. I had about 300 comments within a 5 hr span calling me transphobic.
Prof. 𝕏,2024-12-07 17:14:58+00:00,Interesting I haven’t been banned but I hardly ever get on it
Mandy,2024-12-07 17:16:24+00:00,Post a video and see what happens
DADA,2024-12-07 17:14:58+00:00,Never had that app but doesn't surprise me
Mandy,2024-12-07 17:18:40+00:00,It was fun during Covid but got old quick
DH,2024-12-07 17:15:53+00:00,Liberty is soo important.
Mandy,2024-12-07 17:18:51+00:00,The most important
Andrew XTrA,2024-12-07 17:18:16+00:00,Glad you are here Mandy
Mandy,2024-12-07 17:27:25+00:00,There’s no where else I’d rather be
DanTheMan,2024-12-07 17:19:42+00:00,"Sorry, I love tiktok for hack stuff,cooking,funny videos as well"
Mandy,2024-12-07 17:20:43+00:00,I think they would do great making their content over here.
Nathan,2024-12-07 17:22:44+00:00,Well it is a Chinese company so makes sense
Mandy,2024-12-07 17:29:18+00:00,Exactly
Rocket_Medic,2024-12-07 17:23:06+00:00,Ye ma'am! You know it!!
Mandy,2024-12-07 17:29:37+00:00,
Mandy,2024-12-07 17:25:15+00:00,
Bobbie.Big.Boots,2024-12-07 17:25:02+00:00,"Yep, you can create the exact same content here now, without getting censored! Not going to miss it."
Mandy,2024-12-07 17:29:59+00:00,Exactly
Imperator Claudius Gothicus Augustus,2024-12-07 17:30:04+00:00,Glad you’re here…I think I found a fitting gif
Mandy,2024-12-07 17:31:02+00:00,Yeah but I’m a tad bit more clingy
EDP,2024-12-07 18:05:44+00:00,Never had tick tok
Mandy,2024-12-07 18:09:06+00:00,Smart
M Williams,2024-12-07 18:12:26+00:00,Never had TikTok
Mandy,2024-12-07 23:20:19+00:00,Smart
𝐌𝐚𝐭𝐭 𝐏𝐢𝐧𝐧𝐞𝐫,2024-12-07 17:55:48+00:00,X is the feature
William Hyland,2024-12-07 17:15:24+00:00,
b r i a n,2024-12-07 17:18:13+00:00,Never had one. But I do agree.
Whiskey_IV,2024-12-07 17:30:27+00:00,Never had tiktok
TexasTeej,2024-12-07 17:43:07+00:00,So you have TikTok dance videos?
Hany N. Takla (Dometius),2024-12-07 17:51:48+00:00,"I never developed a liking to Tik Tok, maybe because I am too old or I hate seeing people making fool of themselves!"
JoeVento,2024-12-07 18:23:58+00:00,I will never have a TikTok account. Really.
BJ Rajala,2024-12-07 18:42:04+00:00,"Never was on it, never will!"
Leigh10021,2024-12-07 21:07:23+00:00,"Every time I get a tik tok account, some of my credit card data is stolen. Never again!"
Sal Crocco,2024-12-07 22:50:00+00:00,I have never had TikTok.  Never will.
Dave Duzenack,2024-12-07 17:22:37+00:00,"Fvck those Guys!!  Never, ever going there!"
Adrien Wang,2024-12-07 17:47:25+00:00,Was it TikTok or was it CIA? I don’t understand why China needs to censor you.
NotYourDad,2024-12-07 17:47:59+00:00,Never had TikTok and never will.
Derik Moffett,2024-12-07 17:52:09+00:00,Fck TikTok is right
Kevin Scott,2024-12-07 17:53:36+00:00,I've never used it.
Dolor Tectus,2024-12-07 18:12:52+00:00,I have such a digital crush on this woman...
Stacy,2024-12-07 17:23:32+00:00,I’m not even wasting my time on other platforms! 𝕏 is where free speech thrives
Mandy,2024-12-07 17:29:45+00:00,Exactly
clinton foster,2024-12-07 17:13:10+00:00,Clapper might be better. I just downloaded it again.
Flying fast,2024-12-07 17:23:13+00:00,Hopefully is gone next month.
Sdun44,2024-12-07 17:53:29+00:00,They will be banned Jan 19 th if the Supreme Court doesn’t take the emergency appeals case.
755,2024-12-07 17:16:43+00:00,"You also get a chance to show your boobs too, showed mine one time only tho"
Clark W,2024-12-07 17:18:29+00:00,Never had Tik Tok. Don't plan on it now either.
Peak Perspective,2024-12-07 17:20:55+00:00,"X is the marketplace of ideas. The best rise to the top. The worst fade away, as they should"
✦ᎬᎠ✦,2024-12-07 17:21:27+00:00,"Never have I  used tik tac 

*pats on the back *"
Aaron Kaufman,2024-12-07 17:25:51+00:00,Spittin’ the truth!
David,2024-12-07 17:41:11+00:00,I wrote TikTok about my rights as an American and that the platform being in America can't just go against my rights and strangely I never had to appeal anything ever again but that doesn't matter now I kind of hope they get banned from the US because they still censor others
Chris Hux,2024-12-07 17:46:56+00:00,
Christopher Stott,2024-12-07 18:10:28+00:00,I was naive at one point and thought TikTok was a place where one could post a myriad of videos but I thought it was associated with Tinder and one may encounter arguably profane adult material there…
OneNineSevenSix,2024-12-07 18:14:10+00:00,
Brando88,2024-12-07 18:21:12+00:00,I've never had it...
God's people,2024-12-07 18:26:40+00:00,Never used TicToc and never wanted to
DVK955568,2024-12-07 18:34:33+00:00,I was banned on there permanently for being anti islamic  ! So much for tree speech
Gary Roberts,2024-12-07 18:41:29+00:00,I never used tik tok. China is gathering so much info from that app.
DW,2024-12-07 18:47:05+00:00,I don’t post on the ick tok. I use it for research because there’s a little bit of truth in everything.
Mr. G,2024-12-07 19:26:01+00:00,You know who else is a COMMUNIST
Frank H III,2024-12-07 19:26:15+00:00,
DAN EL,2024-12-07 19:44:03+00:00,Cancel and ban the red dragon tik-tok
ConwayStiffee,2024-12-07 20:01:28+00:00,Social media platforms are all liberal cesspools. X is the last place you can talk shit and be safe
Donald Grote,2024-12-07 20:26:25+00:00,Never used Tik Tok
Josh,2024-12-07 21:34:23+00:00,I never used TikTok cuz China. I hate the CCP. They steal too much IP.
Jack,2024-12-07 21:45:41+00:00,Crazy thing is if you would have made a video exposing your nethers you’d be a super star with zero consequences. TikTok is absolute trash designed to degrade American society.
Ed,2024-12-07 22:46:57+00:00,"i agree, throw Facebook in too"
Mircea Muntean,2024-12-07 22:47:34+00:00,
Bob Glavin,2024-12-08 00:57:12+00:00,"You were? 
Figures. 
Yeah, I went through similar things during pandemic and riots on Facebook, IG too. They are all Toxic! 
I agree 
@MarindaVannoy1
 X is where it’s at!"
Christian Hall,2024-12-08 01:07:23+00:00,I have never had it.
Richard Lewis,2024-12-08 02:38:37+00:00,
Dan Spence,2024-12-08 03:34:59+00:00,I get banned from Fb all the time. Being honest with people
डाॅ अवनीन्द्र राय,2024-12-08 07:27:11+00:00,"Due to all these reasons, it has already been banned in India."
whatthefrigg,2024-12-08 12:24:43+00:00,Soooo very happy you bailed on TT and found your way here!
kyle lombard,2024-12-08 13:02:15+00:00,Tik Tok is a psy op
Gery Hartman,2024-12-08 15:48:13+00:00,
Moosefeathers57,2024-12-08 16:02:15+00:00,I never joined Tiktok and never cared to.
Lee Chapa,2024-12-08 21:17:25+00:00,I never signed up for tiktok
Mandy,2024-12-07 17:17:24+00:00,I’m not a fan of instagram. People are selling a false sense of happiness there.
Mandy,2024-12-07 17:17:36+00:00,I love 𝕏
Mandy,2024-12-07 17:17:59+00:00,"Same. It was fun during Covid and now, not so much"
Mandy,2024-12-07 17:19:57+00:00,Agreed
bill y,2024-12-07 17:31:58+00:00,Never had it never will.
Caitlin Johnstone,2024-12-11 13:55:06+00:00,TikTok's about to be banned because the US government doesn't want kids sharing facts about Palestine.
Bartleby the Scavenger,2024-12-11 21:43:56+00:00,"""Protecting"" Israel is the battering ram US capitalists use to further subdue, surveill and censor any working class resistance. USrael is one. USrael is evil."
Laurence (Larry) Boorstein,2024-12-12 03:08:04+00:00,Does the United States Constitution matter to the United States Congress anymore.  362 candidates for 535 seats in Congress received donations from AIPAC.  The President and the President-elect have received donations from the pro-Israel lobby.  Is there anything they won't do to
That,2024-12-11 21:21:20+00:00,I honestly don't care if it gets banned now. It's been censoring anti-Israel content more than all other social media for months. It's been worthless for that purpose for a while.
MokumMama,2024-12-11 19:54:23+00:00,And in the mean time virus monger Gates….
Dr. Anton,2024-12-11 19:30:43+00:00,China should ban iPhone
ian white,2024-12-11 19:31:21+00:00,"Tiktok to be sold, maybe as soon as Jan. 19, after its appeal was denied by Judge Douglas Ginsburg (yes he is).

Don't worry, Steve Mnuchin (yes he is) is putting together a group of investors to buy it, to ensure there's no ""foreign"" interference w/Americans' free speech."
Pedro,2024-12-11 19:54:32+00:00,Or Covid.
ChooseCompassion,2024-12-11 22:48:18+00:00,This is a move the Nazis would’ve done had there been TikTok back in those days?
Vince P (but not braindead),2024-12-12 01:09:37+00:00,"Fuck ""Palestine"""
Sick Of It Gamer,2024-12-12 09:51:35+00:00,It doesn't help the absolute flood of pro Mangione accounts right now. I foresee it getting banned pretty soon.
grow your food,2024-12-12 09:53:16+00:00,Nobody cares about Palestine
The Zimm,2024-12-12 11:34:51+00:00,Your ignorance is surpassed by your stupidity.
simon hosking,2024-12-12 12:11:31+00:00,"Yet here in Australia we have a clearly sociopathic female guardian of our kids online reality who says, no social media lest they be exposed to ""ideas"" yet hardcore porn.. no problem..."
Sandra Moskal,2024-12-11 19:31:15+00:00,It’s really frightening because TikTok really influenced this election for younger people getting information about both candidates. Why would anybody stop free speech? It’s not like Facebook doesn’t sell our information to China.
Find Me Names at DAN.com - BTC STATE / SHI ...,2024-12-11 19:37:46+00:00,Should wake a few kids up... plus sell a lot of VPNs...
Breonna Taylor's Apartment Walls Matter,2024-12-11 19:45:52+00:00,https://youtube.com/watch?v=aAoo-AHU4w8…
Darío.Ortiz1976,2024-12-11 22:07:09+00:00,"bold-faced censorship in ""democratic liberal"" societies."
Ivancevich,2024-12-11 23:42:01+00:00,"We're witnessing a dangerous slide towards authoritarianism, fueled by enthusiasm from both the left and right. This environment leaves little room for future political candidates to adopt a more nuanced approach."
Sean Work,2024-12-11 23:44:25+00:00,lol thank god for Twitter
Rob Dahl,2024-12-12 01:37:42+00:00,"Not true!

They're also not super stoked on all the ""haha billionaire CEO got got"" memes"
Harry Barber and the 40 Thieves,2024-12-12 03:28:28+00:00,That means that it becomes our job to share the facts about Palestine with US kids.
It’s always about the oil,2024-12-12 08:16:24+00:00,This could be delicious. Let’s hope the kids fight back.
Kaitlyn K. Davies,2024-12-12 14:04:52+00:00,Yes.
ghost,2024-12-12 17:19:14+00:00,Both dems & rep don't want to do it on Facebook or twitter even though Elon had twitter hide pro dem posts during election season. US politicians prefer propaganda machines and misinformation
Cool Mom Jamie,2024-12-12 17:53:06+00:00,"Zuck, Musk or Bezos will purchase it so they can control the narrative and make it a subscription model"
Kim Mc,2024-12-12 18:13:33+00:00,I’m happy to sit back with popcorn & watch the US empire implode on itself once the people who voted for “free speech” and “America first” realize they are getting neither of these things.
Rob,2024-12-12 18:15:19+00:00,"This comment is devoid of all reality.. try because it turned our youth into insufferable morons.. addicted to soft corn, girls touting the hundred plus men in 24 hours they slept with a d things like that. Tictok made America dumber in just a few short years.."
Todd Wilkinson,2024-12-12 18:20:15+00:00,Your stupidity is exhausting.
Ronald Harrison,2024-12-12 18:22:09+00:00,Tilk tolk is banned in china...China doesn't want kids to share the truth bout gaza...I guess.
Steven Gooch,2024-12-12 18:38:02+00:00,Ignore the fact that this was in motion long before Oct 7.
Jane V,2024-12-12 19:24:07+00:00,USA HAS too much to HIDE! stupidity is growing controlling the narrative becoming impossible 4 us of isreal!
TJ Blaidd,2024-12-12 00:01:50+00:00,"@tiktok_us
 could not care less about our ""Free speech!"" They have censored me more than any other platform. Videos in my own voice encouraging the people of the world to vote, my call with George Galloway, the testimony of holocaust survivors, and about the refugee crisis."
Dustin Mock,2024-12-11 19:31:27+00:00,I thought it was going to be banned because the Chinese weren't sharing the data they were collecting with the deep state.
Nims,2024-12-12 17:48:45+00:00,You really think TikTok is being banned in the US due to the Palestinian agenda?
burned toaste,2024-12-12 19:52:55+00:00,You sound like a libertarian complaining about “gubmint”
the unsheep,2024-12-12 21:03:32+00:00,Will reemerge after Israel Firsters acquire TikTok and throttle any Palestinian fact sharing. Trump will then reverse the ban and claim a First Amendment win.
Scott MacFarlane,2024-12-06 23:56:41+00:00,Tik Tok could go dark in the US on Jan 19
Rusty Grandpa,2024-12-07 21:57:18+00:00,We have been hearing that for about 5 years.
Anthony Tifa,2024-12-07 16:42:40+00:00,"Hey, Scott, America is about to install a fascist, twice impeached, convicted felon and rapist as its fucking PRESIDENT on January 20 in violation of Section 3 of the 14th Amendment while his new owner and First Lady Elonia shits all over The Logan Act.  Please cover THAT."
TY MORG,2024-12-07 17:42:19+00:00,"Now let's do ""X""."
William Buecker,2024-12-07 16:41:06+00:00,"If they are depending on the Supreme Court they might as well shutdown now 
Also the Chinese parent company refusing to sell its stake is a little suspicious even for me"
The Porcelain Dalmatian,2024-12-07 16:57:41+00:00,All this sturm & drang over a site full of dancing teens and cat videos. This is one of the most ridiculous moral panics I’ve ever seen.
Mii,2024-12-07 18:47:41+00:00,When x should be the one
Susan Wilson I Stand With Ukraine,2024-12-07 18:50:35+00:00,We need to be poised to point fingers at Trump…
G,2024-12-07 16:36:26+00:00,"Tik Tok, and out go the lights"
Ben Riggsby,2024-12-07 16:42:37+00:00,Good?
Chris,2024-12-07 17:08:40+00:00,Good. Should've happened sooner
Uncle Russ,2024-12-07 17:38:54+00:00,The reason why TikTok is going under is because Democrats was unsuccessful to influence the election.
Patrick,2024-12-07 17:43:50+00:00,Good
Morgan,2024-12-07 17:54:17+00:00,Okay.
AngryMongo Elon,2024-12-07 17:56:14+00:00,Oh well
Carol Kline,2024-12-07 19:16:09+00:00,Thank God above
Scot Buchholz,2024-12-07 22:45:50+00:00,Yea! One less app to have and update when there is breaking news or when covering a news story. I am okay with that. Next item to solve.
Teresa caprio,2024-12-08 05:26:01+00:00,Good. No more incapacitated babies and MAGA butthole rants!
Momotchi,2024-12-07 13:08:46+00:00,"Pourquoi je vous parle de Tiktok?
Car Tiktok est mis en cause dans la victoire au 1er tour en Roumanie du candidat eurosceptique, contre l'aide à l'Ukraine, Călin Georgescu.
Victoire juste annulée après que la Commission Européenne ait envoyé une demande ""urgente"" d'infos sur ""le"
Momotchi,2024-12-07 13:08:47+00:00,"Donc je vous résume les élections en Roumanie:
Si des mecs envoient des pubs sur Tiktok ça influencerait tellement le vote des gens dans la vraie vie, y compris les vieux et ceux qui n'y ont jamais mis les pieds, que l'Europe intervient et ça justifie d'annuler le vote aux urnes."
Momotchi,2024-12-07 13:33:43+00:00,"On est arrivé au stade suivant.
Comme les gouvernements n'arrivent plus à faire sauter vos tweets, vos posts ou vos comptes, on va juste interdire les réseaux sociaux entiers.

Quand Twitter ou FB ont servi pour le printemps arabe, ça passe. Quand ça sert à avantager Hillary Clinton ou Kamala Harris sur Google, ça passe. 
Quand ça sert à faire passer des messages qui ne plaisent pas aux gouvernements, on va interdire le réseau social et invoquer ""le lavage de cerveau"" d'acteurs étrangers. Même si c'est la population qui souhaitait ce changement: notez que la #Roumanie était autour de 30% de vaccinés Covid, pas exactement le peuple docile.

Je vous laisse deviner la suite: on a déjà vu la tentative de blocage par la France de TikTok en Nouvelle Calédonie, on voit d'ailleurs des articles sur le rôle de X dans l'élection de Trump. 3/3"
Ramucho67,2024-12-07 15:03:07+00:00,"Ils font tout cela au grand jour, ceux qui ne voient rien sont juste des crétins congénitaux."
Momotchi,2024-12-07 15:07:52+00:00,"Tout dépend quel message les gens entendent en premier.
S'ils entendent les mainstream dire ""c'est un candidat d'extrême-droite qui a manipulé Tiktok par des bots russes"" ils le croiront
S'ils entendent les contestations (par ex. sur Twitter) avant, ptêt qu'ils auront un doute"
ImmortelleXIII,2024-12-07 17:08:31+00:00,"Les preuves de l'ingérence Russe !! 
https://presidency.ro/ro/media/comunicate-de-presa/comunicat-de-presa1733327193…  J'adore le caviardage, pas toi ??"
Momotchi,2024-12-07 17:13:04+00:00,"Oh oui ça rappelle les documents Pfizer sur le vaccin ""sûr et efficace"""
marco nius,2024-12-07 15:29:31+00:00,Le paradoxe c'est que si il y a une grosse vague de contestation mondiale aussi intense c'est précisément parce que les gens à l'occasion du Covid ont pris la mesure de la censure + mensonges des mondialistes. Dommage que seule la droite radicale propose plus de libertés. 1/2
Xavier Azalbert FreeSpeech,2024-12-08 22:30:25+00:00,Ne pas oublier X au Brésil au moment des élections municipales.
Myriam Palomba,2024-12-08 15:31:12+00:00,
NéoDiss,2024-12-07 17:56:10+00:00,"Et quand ça consiste à vanter l'efficacité d'un ""#vaccin""   alarmer le quidam pour l'effrayer et qu'il accepte l'injection ou le confinement, ça passe. 
Mais quand on relaye les avertissements  de Luc Montagné, 
@Chris_Perronne
 ou 
@Raoult_Didier
, là il faut censurer."
GRAY Lucy,2024-12-07 16:53:18+00:00,They are here !
RenmadNews,2024-12-07 17:23:34+00:00,"Que se passera t'il aux prochaine futur élections Française ? On peut commencer déjà a se poser la question, et tout cela rappelle étrangement le ""Non"" de 2005 quand on y réfléchit un peu plus et aussi celle de 2020"
beauntel,2024-12-08 10:45:03+00:00,"""Ne leur pardonnez pas, ils savent très bien ce qu'ils font !"" Claire Séverac"
Before Christ,2024-12-07 14:57:11+00:00,"Y a qu un truc à comprendre: 
Tant qu on ne les arrêtera pas, ils feront ce qu ils veulent…au nom de la démocratie, bien sûr…
Le reste nous fait tourner en rond… 
Coco sur l eau."
Youcef DRIDI,2024-12-07 15:31:57+00:00,"Excellent thread 
@mmtchi
. On sait tous que la seule raison derrière cette ingérence de l'UE dans les élections, c'est la base militaire de l'Otan en cours de construction. La plus grosse d'Europe..."
Merlin M,2024-12-07 14:32:22+00:00,"Tik Tok banni des US, un sénateur explique candidement les raisons"
Wanda-Lou Zy,2024-12-07 15:43:07+00:00,"C'est comme cette ""guerre"" en ukraine, toutes les attaques de l'otan étaient légitimes, mais la moindre réplique russe était indéfendable. Même vu de loin et sans parti pris, ça reste outrancier."
Bt 89,2024-12-07 17:21:01+00:00,"D'après un journaliste roumain, juste avant l'annonce de l'annulation des élections:
""La Maison Blanche a exhorté les Roumains, de manière assez transparente, à voter avec Lasconi""

https://opozitia.net/2024/12/06/interventie-obraznica-a-administratiei-biden-in-alegerile-din-romania/…"
Nicolas SOLOY,2024-12-07 22:21:58+00:00,"On a même eu une tentative de Ministère de la Vérité en France pendant le premier confinement en 2020, quand le Ministère de l'intérieur orientait les citoyens vers les journaux ""fiables"""
Marc-Antoine Saint-Amant,2024-12-07 17:01:33+00:00,Et comment le point et les autres organes subventionnés ont manipulés pour assurer l'élection de Macron
Matt,2024-12-08 02:21:46+00:00,Ce qui va être intéressant c'est le nouveau vote du premier tour. Comment vont-ils faire pour avoir un résultat différent sans faire exactement ce qu'ils reprochent aux Russes ?
Myra Manuel,2024-12-07 14:36:33+00:00,@vero201a
Nico,2024-12-07 16:19:03+00:00,"Analyse juste et claire. 
J'ajouterai que même la présidente Lasconi fustige cette annulation (et donc cette ingérence de l'UE)"
Titi the best,2024-12-07 13:47:45+00:00,"@EricBillyFR  
Tu peux nous expliquer la posture de la candidate européïste,  par rapport à l'annulation de cette élection ?  
Éclaire nous de ta lumière intellectuelle. . x.com/PhilConte007/s…"
Arma Guidon,2024-12-07 15:40:35+00:00,À l’école de mon fils ils ont un exposé sur le fait que trump manipule les RS pour discréditer la presse classique… comme si elle avait besoin de ça :)
Manu-bo,2024-12-07 17:01:46+00:00,"C'est un peu tard, non ? Comment faire passer l'interdiction des réseaux sociaux? Même les endormis et les déniants ne pourront l'accepter. Bcp ont compris avec les confinements et le vax. Ils n'accepteront pas qu'on leur coupe sifflet avec les excuses bidons du système.Too late!"
Cathy,2024-12-07 19:18:36+00:00,Question que vaux le réseau de Trump ? Et faut il être américain pr aller voir ?!
pat (old @pat63030967) - VÉRITÉ,2024-12-08 07:46:30+00:00,CQFD.
Clodeta,2024-12-07 15:00:51+00:00,"J'ai remarqué une chose, je suis constamment ciblé par X qui me supprime systématiquement des abonnés et passe de plus de 300 followers à 114 en un mois!! Ça me fait rire car je ne fais que retweeter des commentaires, rarement j'écris car occupé la journée."
Guirriec françois,2024-12-07 15:46:00+00:00,Breton a bien essayer …sans succès  X a de beaux jours devant lui en Europe
GeB.,2024-12-07 19:10:58+00:00,"Et le stade suivant c'est accès permanent aux RS grâce à la technologie des inventeurs du numérique, VPN ou je ne sais quoi d'équivalent.. ...qui surpassera toujours les vieux cons aux visées dictatoriales."
Gerard Dupin,2024-12-07 19:33:54+00:00,"@threadreaderapp
 unroll"
Lucas Villedary,2024-12-08 09:35:16+00:00,Y a t il la moindre preuve d'une ingérence russe au final ?
Le Dinguologue,2024-12-08 11:29:39+00:00,"On vous impose la démocratie car c’est pour votre bien ! Mais on va aussi vous imposer la dictature car c’est aussi pour votre bien! 
Des questions ?? Non …? Bon ben bonne journée !"
agathe tseublouse,2024-12-08 11:35:48+00:00,exactement
Jeff_Lgn,2024-12-08 12:43:09+00:00,Après ils iront donner des leçons sur le processus électoral au Venezuela et dire qui a gagné ou pas
HeX1Le,2024-12-09 09:49:35+00:00,"Les  nasses ne sont pas toutes de la même forme, mais ce sont des pièges. Il y en a pour tous les gouts et ages. Les nasses sociales. La toile se referme, l'araignée utilise la soie, les RS le culte de soi. Prisonniers des aquariums ou la merde des uns est digérée par d'autres"
Patrick PINTO,2024-12-13 09:18:14+00:00,"FB fait du n'importe quoi, j'ai publié une photo que je considérais comme humoristique il y plus de 8 ans, elle a été virée cette semaine avec cette excuse...ils sont très réactifs les cocos"
Momotchi,2024-12-10 19:46:50+00:00,Bienvenue au club :)
MariaSimona,2024-12-08 20:12:11+00:00,"Autour de 30% vacciner?
A peine deux millions sur une population de 17 millions 
Menteuse 
Manipulatrice 
Sans foi et conscience 
Faux prophète !!!
……. 
Pour le reste bla bla bla bla"
AdmiralGibbs,2024-12-12 23:10:11+00:00,"Gibb Me A Break returns TONIGHT 7:30pm CST to talk about the TikTok Ban & They Syrian conundrum

With:
@thebigJClives
 
@sociollogic
 
@pentuplereal
 
@ASparkofInnova1
@PremierKatya
 
@AvDebateEnjoyer"
AdmiralGibbs,2024-12-12 23:34:23+00:00,On http://Twitch.tv/admiralgibbs
AdmiralGibbs,2025-04-14 21:47:55+00:00,"THIS WEEKS SCHEDULE
All times CST
Monday 7:00 pm 
@primecayes
 panel
Tuesday 5:00 pm 
@DylanBurns1776
 show
Wednesday 7:30 pm Women's Panel
Thursday 7:30 pm Gibb Me a Break
Friday 5:00 pm Special Edition Gibb Me a Break: An Economic Panel 
Friday 7:30 pm 
@moty201
 Irrizzistible Comedy"
Technical.ly,2024-12-13 10:30:07+00:00,Pittsburgh weekly roundup: Creators react to TikTok ban; PA certifies election; Pitt grad student union https://technical.ly/newsletter/pittsburgh-weekly-roundup-2024-12-12…
Inevitable West,2024-12-13 14:57:39+00:00,"BREAKING: The EU is making every possible effort to stop Georgescu from winning the next Romanian election after annulling the previous one.

- Georgescu has had his heating and internet to his house cut off.
- They’re planning to ban TikTok and put heavy restrictions on the X platform.
- They’ve stopped broadcasting Realitatea Plus TV - the only major channel criticizing the decision to cancel the presidential elections.

The world is silent on the EU’s interference with Romania’s democracy."
yeaP,2024-12-13 15:00:42+00:00,The Trump administration should investigate this
Inevitable West,2024-12-13 15:01:13+00:00,Trump’s son has already commented his disgust on the situation
Lalcmac,2024-12-13 14:59:40+00:00,"sounds like hes the trump of romania, hopefully he prevails if he is"
Inevitable West,2024-12-13 15:02:25+00:00,"He’s already won once, the election got cancelled because the EU didn’t like it"
David Hockley,2024-12-13 15:15:44+00:00,"The EU is nothing more than a communist dictatorship in a fancy party dress. 

They HATE democracy.

And they HATE sovereignty, both personal and national, even more.

They want to rule everything. Literally everything."
Scott Lewis,2024-12-13 15:18:00+00:00,"The EU claims to be a beacon of democracy, yet here they are meddling in Romania’s elections, cutting off media, silencing critics, and dismantling opposition.

When heating and internet are weaponized against a candidate, it’s no longer democracy, it’s authoritarianism.

Where’s"
Zeppenwolf,2024-12-13 15:03:22+00:00,The European Union is a scam organization on the decline.  It's now a tyrannical body.
chrissy beam,2024-12-13 18:57:19+00:00,"Does anyone else think the 2030 agenda is not quite going to plan for the globalists?  They omitted to factor in the will of the people they want to control.if this is the EU flexing its muscles,shame on Starmer quietly dragging us back . We voted fairly for Brexit"
CVC CryptoJourney,2024-12-13 20:25:51+00:00,Over 9 millions votes cancelled.
@ConspiracyFly,2024-12-13 16:43:15+00:00,
Shaza0917,2024-12-13 15:36:38+00:00,"I never expected EU to interfere in other countries affairs to such degrading level. 
Totally disgusted at EU."
mirceaforever,2024-12-13 20:23:25+00:00,"Perfectly true!
There are two main things:
1) Calin Georgescu is against war and said he will immediately stop the involvement of Romania in the war in Ucraine once being elected.Both EU and today's NATO want to start the war to Russia from Romania where they have the biggest"
Grifty,2024-12-13 14:58:39+00:00,This is communism pure and simple
Matt Casey,2024-12-13 16:52:20+00:00,"This is just pure filth, you have a vote and the winner wins, isn’t that how it works?
Is this just the EU and WEF losing their grips on globalisation and interfering?"
just me,2024-12-13 17:48:19+00:00,"It seems the ""lefts"" idea of ""democracy"" is ""vote for whom we tell you to vote for or else""."
1ofWesternkind,2024-12-13 15:13:47+00:00,Antiwhite Eurocrats want a Romanian President who will accelerate the White erasure of Romania - rather than serving the Romanian people's wellbeing - and one who will support their war against Russia. “Democracy” is just another antiwhite pretext to these people.
Peter,2024-12-13 15:25:12+00:00,The EU is headed down a dark path. Existing leaders just can’t accept the world has changed and that their policies brings misery to the masses. They are turning into the very thing they used to fight.
Mary J.,2024-12-13 22:26:50+00:00,"I really don't know this guy, whether he's a goodie or baddie, but either way this is a glaring example of coercion and bullying. It makes me want to support him because those against him don't fight fair, appear they will use nefarious means to get what they want."
Jack,2024-12-13 23:46:04+00:00,Romania people need to rise up against nato and eu terrorist.
Gene Valentino,2024-12-13 15:12:22+00:00,".
Romania is the geographic pinch point in a hypothetical invasion of Europe from the middle east."
Dr. Marlies Korsten,2024-12-13 22:16:04+00:00,"Die einst hehren Absichten der EU sind wachsender Korruption gewichen und verfilzter Bürokratismus bestimmt, autokratisch geleitet von Special Interest.
Korrekte aber unacceptable Wahlergebnisse werden rigoros abgelehnt.
Die EU ist nicht mehr zu reformieren.
DEXIT !!!"
Peter Rezba,2024-12-13 22:56:53+00:00,He's another Orbán. The EU wants to remove any leader that will not go along with their agenda
ShredTheMatrix,2024-12-14 06:27:46+00:00,"This exposes what western democracy has become today. It is a powerful psy op designed to give people the idea that they get to choose their future, while only giving them a choice of candidates who are on the leash of their imperialist handlers. The moment a serious independent"
Phil Shatz,2024-12-13 19:06:22+00:00,"This guy needs to win 
@realDonaldTrump
 get involved please"
Brig V Mahalingam,2024-12-14 03:07:16+00:00,"These are the countries who call themselves Democratic and keep shouting from roof tops. 

They will realise the folly only when the country gets taken over by an extremist group like in Syria, Bangladesh or Afghanistan. These people can’t see that their views are being"
munkeyboy,2024-12-13 15:34:28+00:00,Plus Nato are planning to have a base in Romania.
Paul,2024-12-13 20:24:11+00:00,"The European Union needs to be dismantled,  and let each country determine their own future."
(((larterlia1874))),2024-12-13 19:09:45+00:00,They did this in France too with Le Penn
stuckgear,2024-12-14 08:54:25+00:00,"This is what the EU calls democracy.

Totalitarianism.

Gorbachev warned us"
Excalibur890,2024-12-13 19:48:11+00:00,"The 
@EU_Commission
 are fascists."
𝐈𝐑𝐈𝐒𝐇 𝐂𝐔𝐋𝐓𝐔𝐑𝐄 ꘉ 𝐇𝐄𝐑𝐈𝐓𝐀𝐆𝐄,2024-12-13 19:01:22+00:00,"The #EU is a parody of democracy. In #Ireland, we were made vote TWICE on the Lisbon and Nice Treaties, because the Irish People voted to reject them first time round. Both were mysteriously ratified after we were forced to vote a second time."
ROBINNE- Pro Humanity,2024-12-13 23:15:32+00:00,The EU do not want good leaders they want weak leaders they can control
dave major,2024-12-14 01:16:51+00:00,The EU is so corrupt. They need to be put out with the trash.
Jon Russett,2024-12-13 17:21:34+00:00,"All going to plan then, if the European DisUnion don’t like the result, have another vote ! & if it’s still the wrong result, have another vote!"
Gaspardo Bicaj,2024-12-13 22:11:27+00:00,"We live in very dark times.
They think they can silence us but the noise will only get louder…."
Tsotne Bakuria,2024-12-14 06:57:20+00:00,"Romanian people will have the final word on the issue of whether the country is ready to accept a strict obedience to  authoritarian rule imposed by Soros or defend their freedom. 
This is the nation that knows how to topple dictatorship."
JoannaG,2024-12-13 17:15:59+00:00,It’s time that the good guys win. Sick of NATO/WEF/EU/UN all corrupt
Proton,2024-12-13 21:18:39+00:00,Why is the EU interfering in Romania’s elections?
Bill Lowery,2024-12-13 18:47:53+00:00,Fascism.
ildiko fabian,2024-12-14 12:09:11+00:00,"igen, mert csak ez lehet a jó tag --- gyerekdalocska de, --aki nem lép egyszerre nem kap....- és most ez zajlik Romániában, addig is lehet mozizni: Missing (1982.), de ott járt talán a napokban ?? a kis-soros-sasfiók.."
(((larterlia1874))),2024-12-13 19:09:07+00:00,"@elonmusk
 needs to get involved"
Niall Bradley,2024-12-13 21:33:23+00:00,*NATO
Matt,2024-12-14 09:03:32+00:00,"EU does it again. 
Apparently Russia is the problem"
Mariusz Skrobała,2024-12-13 16:34:09+00:00,"This is what is called ""totalitarian democracy""."
Ethan Isaak Canada First MAGA,2024-12-13 21:41:25+00:00,Romania should just leave the UN st this point
@ConspiracyFly,2024-12-13 16:41:30+00:00,
Mihai Ursu,2024-12-14 04:49:59+00:00,"Yup... The world is silent... I haven't heard one single head of state or anybody on the higher level of leadership from any county condemning this...
Just like the c0vid scheme madness..."
A. Jamie Saris,2024-12-14 11:15:09+00:00,"Romanian constitutional court ruled (on overwhelming evidence) that Georgescu benefited from illegal Russian interference, so the the election (which was going to a run-off) needed to be rerun. By rights, Georgescu should be jailed for being an agent of a hostile foreign power."
Luigi Nica,2024-12-14 03:12:51+00:00,"Guys, I see that lots of you are looking up to Trump! 

That's unfortunate in this case, because Trump is the one pushing this forward and unfortunately, Romania,  is paying the price.  

Trump: ""I want to reach an agreement and the only way to reach an agreement is not to"
Nomas,2024-12-14 04:59:56+00:00,Just proves the EU is run by communist!
𝕸 - PRO ✟,2024-12-14 05:55:14+00:00,"Thanks to X, though, the world is watching and learning. These tyrants will get what's coming to them."
Didnot TELL,2024-12-14 07:31:53+00:00,"The totalitarian EU dictatorship needs to be cut-off too!
Hopefully the romanian population will rise, revolt and throw out the EU stooge-dictators in their own country. And please someone give Georgescu a Starlink."
Cpt. Chimpy,2024-12-14 13:00:59+00:00,You need to get better facts about this situation
Librano,2024-12-14 18:02:52+00:00,Is e EU practicing democracy or they are dictators in democratic cloths
Douglas McGarrett,2024-12-14 18:34:00+00:00,EU is a Fascist Organization
BLACKBOXMINT,2024-12-13 21:35:58+00:00,No Ukrainians left ? Just use Romanians !
martha majestic,2024-12-14 05:08:00+00:00,EU sounds like an international mafia
Adrian OȚOIU,2024-12-14 06:53:57+00:00,"Sorry, but your profile name does not align with the political salad you are defending. It should be ”Inevitable East.”"
Martin,2024-12-14 07:49:09+00:00,How can the EU do that? The Romanian Supreme Court has shown that the election was interfered with and the law was broken. The Romanian courts and government have jurisdiction not the EU.
Mark Lawrence,2024-12-14 08:37:21+00:00,"LA DITTATURA SINISTRA DELLA UE IMPONE LE SUE REGOLE ALLA MOLDAVIA PRIVANDO LIBERTÀ DI OPINIONE E VOTO
UE ANTIDEMOCRATICA"
The Pirate,2024-12-14 08:53:56+00:00,"Bro, the real problem today is TikTok and Twitter, you’re not seriously gonna compare these essential issues to wars, genocides, and other trivial stuff, right?"
Nikolay Halachev,2024-12-14 09:36:11+00:00,Румънците уж се пребори ха с корупцията и корупцията ги превзе
Marian Voicu,2024-12-14 22:15:19+00:00,Georgescu it is a fraud
Windchaser14,2024-12-15 04:18:39+00:00,lol  so that’s what they called democracy huh.
Barry Roebuck,2024-12-14 04:45:45+00:00,Political interference by EU
Theo de Jong,2024-12-14 05:10:37+00:00,The EU is staging a coup
Lügennarrativbeschädiger,2024-12-14 05:13:07+00:00,Why were there no protests of millions of Romanians whose vote was stolen?
Concerned Sapian,2024-12-14 05:54:43+00:00,"This is Justice: For all that believe that the people whom are supposedly overseeing us are legitimate. They are not they Wish to control us: 

The only way to beat them is to unite in love and not to concede to any of their demands."
Ann,2024-12-14 06:57:08+00:00,Réal shame and they call ue à democracy
Zen-Tia,2024-12-14 11:59:33+00:00,"..  and the EU is ever so keen on democracy  you say???  You could have fooled me!  Get rid of  all the bought and paid for lpoliticians.  Need to save Europe through REFORM with leaders who care about their people, their culture,  and the nation's peaceful future.  Not WW-3"
liz topete,2024-12-14 16:29:52+00:00,"I hope they can get out of the clutches of NATO,

DEMOCRACY? Allow me to laugh."
Anna Villa,2024-12-14 17:22:43+00:00,The world is scared of those leaders who support own nations own people and own country interests.
Thomas,2024-12-15 02:46:50+00:00,"Holy snaps 
@nobetterway_
, do you follow this account? Wow this is WILD!"
Ann Mcilvenna,2024-12-15 04:39:04+00:00,"MSM is silent, but the real media is on X. we are the media, and we will not be silenced. Who listens to them anymore  I don't"
Ash,2024-12-13 22:41:56+00:00,I don't think any man who wears a scarf like that should be President!
Henri Jose The opinion,2024-12-14 05:12:29+00:00,"Georgescu's heat, internet cut; Realitatea Plus TV silenced; TikTok & X face bans. Romania’s democracy is under siege, with EU meddling ignored. Those okay with this hate democracy and Europe. #RomaniaCrisis"
Thomas,2024-12-14 06:30:06+00:00,"Sometimes it is very clear , that Democracy is Not real. As Long as the result Fits the Agenda of the Elite , all is good. If Not,democracy Simulation is put on hold … Like in Rumania"
Synaps,2024-12-14 06:39:09+00:00,"1. There is no evidence that heating and internet was cut at the house of that clown.
2. There are some discussions about restricting tik tok ( same discussions as in the us) but x platform never was even mentioned.
3. Rtv is a propaganda television that was finned for spreading"
€uronauseata,2024-12-14 07:33:42+00:00,"And they say there were russian influences...
UE is threatening democracy in Romania, but the evils are always the others"
Iron Baws McGinty,2024-12-14 08:59:13+00:00,Good.  He's an obvious Ruzzian agent.
Dave Smith #donotcomplyever,2024-12-14 09:18:14+00:00,Sounds familiar
Javali,2024-12-14 09:32:06+00:00,"It’s what the EU do.  
If they don’t like the result of a vote they either annul it of ignore it.

#EUseless
#EUrinal"
me,2024-12-14 09:40:56+00:00,In the EU parliament  you find the real money grabbers.
Terry Flynn,2024-12-14 10:53:06+00:00,EU style democracy. 8 1/2 years ago we in Britain voted out of it ourselves. Still not fully out. Worse. They plot with our govts to force us fully back in.
大阪の便利屋８７８７,2024-12-14 11:25:18+00:00,
Bearely,2024-12-14 11:34:35+00:00,"Romanians will not accept that ! They know, Călin Georgescu is the new true president"
Càitrin Níall,2024-12-14 11:58:32+00:00,"This is unacceptable. Every leader worth his/her salt should be up in arms. Instead, they just roll over. The world has lost its way."
Mirco Danny,2024-12-14 12:40:08+00:00,Pure democracy
Gerbil56,2024-12-14 12:41:55+00:00,The EU? You fekkin' clown.
José Marques,2024-12-14 13:34:06+00:00,Russian interference and other scenes
_-_,2024-12-14 15:41:09+00:00,"The EU are corrupt reprehensible bastards.
Best wishes to Romania and it's people, don't let those bastards get you."
Rina Da,2024-12-14 17:49:29+00:00,"They stole the vote!
What a shame 
The people's voice has been stolen"
Luminita Motorga Kalamaras,2024-12-14 18:55:05+00:00,A fost lovitura de stat cu girul Europei
Lia Gavrilas 2,2024-12-14 20:31:43+00:00,"People are not silent, people are showing their dissatisfaction on all social networks. More and more people are expressing their dissatisfaction with the CCR decision, Marcal Ciolacu, the Ministry of Interior, but the most guilty is Klaus Verner Iohanis."
Violeta,2024-12-14 21:12:11+00:00,"Yes, they are trying every trick in the book. But God is the best of planners"
macovei s,2024-12-14 23:29:39+00:00,"That’s a hugely misleading post. HUGE. 
They didn’t cut heating or internet. 
Realitatea PLUS is on, live. 

Get the facts straight. I’m romanian, by the way."
La Libervolisto,2024-12-15 10:11:23+00:00,It’s one of the biggest scandals in the history of the EU! Stand for Romania! Let the Romanian people decide whom they want as their president!
asdasdasdasd,2024-12-15 14:18:43+00:00,"It's crazy how many people defend him when he's been debunked to be unimaginative, have shady connections to a Romanian mercenary group that activated in Africa, a huge liar, as corrupt as the current elite and totally detached from Romania's current reality."
Cristian Muresan,2024-12-17 22:41:45+00:00,Câlin GEORGESCU. PRESEDINTE
Dan Paul,2024-12-13 23:02:56+00:00,He's a Russian ass kisser and Communist. We don't need no communism. Also it's s retarded liar.
Mad Max,2024-12-14 02:16:34+00:00,"It's nice to watch how REAL DEMOCRATIC process work lol lol 
That makes elections in KOSOVO look fair"
sammy B,2024-12-14 02:59:34+00:00,@OwaEzekiel
DesignatedSurvivor,2024-12-14 04:43:30+00:00,"But why are they so hard trying to make Georgia part of EU while it is not in Europe at all? 
Because of their hate for Russia?
Or because it's another white Christian nation they can destroy with their open borders?"
JoJi,2024-12-14 04:43:53+00:00,"It is now for the world to see that, like the British colony that self-identifies as ""the united states"", also the Nazi-run Brussels EU has not a single trace of democracy..."
Berni,2024-12-14 04:52:42+00:00,"This EU is getting more and more a dictatorship.
We should leave this EU and getting back to only a economic pack.
No more than that.
We don't need the money  devastating system in Brussel."
Don Quixote,2024-12-14 04:58:43+00:00,This is the worse tyranny I've seen in my lifetime.
Romulus,2024-12-14 05:00:45+00:00,Romania is under Dictators
Shujie Gully,2024-12-14 05:02:41+00:00,现在谁再赞美欧美的民主自由，我只是冷笑一声。想当年在猫眼力挺欧美民主自由我有多傻。
Alessandro Mulas,2024-12-14 05:02:57+00:00,Georgescu is a puppet of Putin
Rhubarbrix,2024-12-14 05:30:51+00:00,Boohoo - Someone who wants democracy overthrown is complaining that democracies are copying their homework. Hahahaha
Samurai Jack,2024-12-14 05:40:27+00:00,F the EU
JS,2024-12-14 05:42:47+00:00,How many times has Romania stood up with other democratic nations when it comes to third-party interference?
MichailSP,2024-12-14 05:52:12+00:00,It's called totalitarianism.
Marian Moise,2024-12-14 05:55:01+00:00,Romania is led by political oligarhic
MMT for Progressives,2024-12-14 06:05:17+00:00,"EU ""values"" of democracy and freedom must be preserved."
TruthAdvocate Afrika (O'Ziggy Zagga),2024-12-14 06:12:08+00:00,Yet Europe and America said they are beacons of democracy invading countries with lies about propagating their evil tool called democracy in order to dominate others. Democracy my foots.
黑夜来临,2024-12-14 06:15:09+00:00,民主耍流氓
Tandoori Fella,2024-12-14 06:16:47+00:00,Still way short of ruzzian domestic playbook
Laks,2024-12-14 06:25:47+00:00,Keep fighting the unelected bureaucrats of EU
Gladsomemind,2024-12-14 06:29:02+00:00,"EU has returned to their pre-Greek era of savagery and barbarism 

Tyranny, imperialism, fascism and authoritarianism being masked and promoted as freedom, free speech, and democracy.
Democracy has failed the world"
El Sammy,2024-12-14 06:38:56+00:00,"Shame to the Soo call puppets of democracy, I mean demonstration of craziness"
The truth we seek,2024-12-14 06:42:55+00:00,Oh wow! What happened to the brave and extraordinary Romanian spirit that fought against tyranny in ‘89? How is everyone not outraged of what is going on??
milorad vujicic,2024-12-14 06:43:24+00:00,Highest level of democracy provided by west.
Gina,2024-12-14 06:45:21+00:00,
Schreiter Lászlóné Kövesdi Zsuzsánna,2024-12-14 06:45:45+00:00,
Dickthedick,2024-12-14 06:48:48+00:00,"The EU is turning out to be a real piece of crap, isn't it?"
Mark Kaku,2024-12-14 06:50:29+00:00,It's interesting to see the West behaving worse than African dictators
Dit Eiland,2024-12-14 06:52:32+00:00,"They will impose their western values on that country, the new Ukraine at the border of the evil enemy"
Patrick,2024-12-14 06:56:16+00:00,"Love it when people from outside my country comment on it.
1. Source?
2. Source? Just tv talk..
3. Realitatea tv was not banned but had to broadcast a CNA message in prime time for something they did last year. 

Stop spreading fake news and do your homework first."
Dejan Vuk,2024-12-14 07:02:14+00:00,"How is that possible?
Law does not exist"
Reneta,2024-12-14 07:05:09+00:00,That must stop this is parody of democracy
Roberta Irimia,2024-12-14 07:11:28+00:00,Banana Republic!
complotwapextraordinaire,2024-12-14 07:13:25+00:00,For democracy!
Urt 420,2024-12-14 07:16:13+00:00,"Its democracy.
New kind, not original."
Dan Alexandru,2024-12-14 07:18:01+00:00,"I am romanian none of these things are true, stop listening to retarded channels."
Neoafter,2024-12-14 07:21:07+00:00,I am watching realitatea plus now. It has not stopped broadcasting.
Number 6,2024-12-14 07:29:52+00:00,In EUSSR dissent must be punished. Our samizdat must be banned
Diane Mullette,2024-12-14 07:55:11+00:00,
Anette Jacks,2024-12-14 08:22:41+00:00,"Resembles me of #JörgHaider RIP, great man & patriot."
Viorel Ivanescu,2024-12-14 09:40:26+00:00,Please explain how they cut his heating! You're talking out of your ass.
Arkdian,2024-12-14 09:44:38+00:00,The EU and USA!
Soss,2024-12-14 10:10:41+00:00,Wow that’s crazy. Tf is wrong with people.
Noroc cu ăsta că mai știe,2024-12-14 14:09:53+00:00,"Nope, not the EU. The people in Romania who don’t want to return to communism."
Rob,2024-12-14 15:49:33+00:00,"Well it worked for the globalists against Trump, oh wait...

""Too big to rig"" works."
Oli_H_,2024-12-14 19:04:22+00:00,Fascism is alive and well in Romania. WTF?
Dracon,2024-12-14 07:35:29+00:00,"Well done! And for you… keep drinking coffee and take are of your country, where you live, not mine!! Not your concern MF!!!!"
Daniel @ SanaTerraFarm,2024-12-14 07:37:15+00:00,ROXIT urgently! EU is nothing but a bad joke in history. It never worked.
Martin,2024-12-14 07:50:16+00:00,More Russian rubbish. Romania is a sovereign state. How can the EU in Brussels turn his heating off? How?
Raven134,2024-12-14 07:50:52+00:00,"Fuck Georgescu, fuck Russia!"
Bogdan,2024-12-14 07:57:37+00:00,"Realitatea only stopped broadcasting for 10 minutes, but maybe next week they will stop it for 1h or even forever."
mike TG,2024-12-14 07:59:56+00:00,"Is EU a dictatorship organization?still represent the democracy and free world?doesn’t seems so.They have to kill all the Romanians ,they will vote even more massive for Georgescu doesn’t matter what candidate they will manufacture"
Steve Rednoise,2024-12-14 08:02:55+00:00,Same old CIA bollocks
Viking Flammehjerte,2024-12-14 08:13:32+00:00,Huh?
DeFiatorMan,2024-12-14 08:14:36+00:00,"@elonmusk
 and  
@realDonaldTrump
 
Could you look into fake Romanian election?"
eatmyshovel,2024-12-14 08:15:43+00:00,DeMoCrAcY ALiVe & K1cKiNg
erinballs,2024-12-14 20:52:53+00:00,"EU is totally corrupt, meanwhile NATO continues to build within their country."
Allegedly Euan,2024-12-14 23:35:02+00:00,Surely even if he wins it'll be the pro EU people who count the votes...
Pana,2024-12-15 01:14:46+00:00,"Time to look at the history books,  French Revolution"
Pat Varner,2024-12-15 02:34:24+00:00,"Wow, where are the Romanian patriots?"
Beatrice Rizzi,2024-12-15 02:36:28+00:00,"Good, he is by far manipulative and lacks the basics to be in politics not to mention  to be a leader."
Thomas,2024-12-15 02:48:44+00:00,"I’ve been following this, this is absolutely insane. Can the Romanian people wake up and stop this insanity????"
Ray West,2024-12-15 03:01:04+00:00,"console yourself most people couldnt even come close to finding Romania on a map ...BUT there are many, many of us carefully watching what is occurring. X is the only valid witness to this injustice."
Raiden 963,2024-12-15 09:54:45+00:00,he will win
MightyThor,2024-12-15 12:56:52+00:00,Unbelievable.  Let’s  INVADE THE EU  AND ROMANIA  and DESTROY these Fukcing infernal  communists!!!
Nick Town,2024-12-14 07:13:04+00:00,The people are not dump
janpieter koch,2024-12-30 08:54:59+00:00,The Eu was not responsible for annulling the elections . The EU had nothing to do with it .
TheDanishcookie,2024-12-14 10:15:25+00:00,Another zelensky for the eu to control
香川さん11,2024-12-14 12:00:26+00:00,"Becoming a fascist for the sake of being anti-Russian is the same as a mummy salvager becoming a mummy himself.
maximum autism."
Mark Deeley,2024-12-14 13:08:38+00:00,Seems like it’s just validating Starlink and Cellular to Satellite communications
Kristian Thyregod,2024-12-14 18:54:30+00:00,"It’s the archetype #RulesBasedInterntionalOrder approach:  

“No new president for thee, if the election results are not acceptable to me.”"
ShowMustGoOn,2024-12-14 19:01:11+00:00,"BREAKING: Georgescu declared (live on TV and in his book) that every company in Romania should be 51% owned by the state. 
Game over for Romania if he will be president.

All his supporters are bots, retarded or paid."
The Shepherd,2024-12-15 15:07:18+00:00,"reply to 
@justmeliving6
  (that asked me something and then blocked me to not reply there - is this the future of free speech in Georgescu's world?):

He asked for proof of his illegal campaign.

This post explains it in Romanian; short translation follows"
Shipwreck,2024-12-07 00:12:52+00:00,"Tiktok loses its appeal, ban looming for January 19th. One day before Trumps Inauguration

Tbh, I used to care, but I really don't anymore. The best case scenario is Elon buys it and does some kind of merger with X, but we'll see."
Aerofine,2024-12-07 00:21:18+00:00,"I know you from TT but don’t go there as much anymore because YOU are HERE!   More and more creators are leaving TT because of the bans and crap.  Personally, I feel X is the “grown up” social media platform.  BTW, the  is nice."
Shipwreck,2024-12-07 00:34:55+00:00,"I like it here. I'm grateful for tiktok because it's what got me started doing this and for the opportunities it presented, but.. idk. It's not worth it anymore."
Ashli,2024-12-07 00:14:51+00:00,"Hey 
@elonmusk
, we have an idea!!!!"
Shipwreck,2024-12-07 00:18:32+00:00,"So... there's this app, right?!?!"
Stazar,2024-12-07 00:20:56+00:00,Integrating TikTok into X would be beyond a game changer. You could kiss Facebook and IG goodbye.
Shipwreck,2024-12-07 00:36:01+00:00,And Youtube with the advertisers coming back. It won't be long that X advertising will pay for views on videos. I firmly believe that.
Fuzzy Momani,2024-12-07 00:17:07+00:00,X can merge TikTok !
Shipwreck,2024-12-07 00:19:46+00:00,"That's the thing, I like tiktok because of its video format. It's easy to make and post. If X did something similar, I think it would hit a new level."
charlie,2024-12-07 01:12:37+00:00,"Look it doesn’t matter if YOU don’t care. So many people will lose their main source of income, people have built communities. And it’s not ok to single one app out because they can’t control it. And you just want to say “ok, I don’t really care” selfish."
Shipwreck,2024-12-07 03:14:56+00:00,"I don't. If you're stupid enough to be financially dependent on tiktok and tiktok alone at this stage in the game after everything that's gone down? Then that's on you. 

Were you screaming about Parlor when they removed it from the app store when it wouldn't comply? Probably"
Mike_1 .,2024-12-07 00:19:56+00:00,"I was like 99% TikTok and one percent X for months.  And then they banned my account after a cool post about it Baron got a million views, and now I have it split the other way.  Their loss. 

I basically only use it for Golf tips now."
TexasMom1776,2024-12-07 00:13:51+00:00,"@elonmusk
 do it!!"
Lissa M.,2024-12-07 00:15:16+00:00,"I can't stand tiktok, recently downloaded it to watch a friends video, it said it couldn't play cause the app had a bug  I un-installed it for good."
Elrond Swanson,2024-12-07 00:16:24+00:00,"But if it is banned, all the blue-haired fatties will have nowhere to post videos of themselves screaming in cars!"
Kimmi in South Carolina,2024-12-07 00:17:45+00:00,Censorship is still a big problem on TT. It won’t survive if things don’t change.
Bruce Michael Persiano Jr,2024-12-07 00:21:56+00:00,"TikTok has been used by the CCP to spy on Americans 

Influence elections

And sow society destroying ideals into young Americans minds

It needs to be reformed, not banned"
Big E,2024-12-07 00:23:22+00:00,I'm grateful for TikTok because I found you there!
Matt Kemmerling,2024-12-07 00:27:49+00:00,I'm with you 100%.  I used to care but TikTok changed after the first time they we're called in front of the Senate. X is where it's at now.  I still visit TT from time to time but I'm over it
1A GEN XER,2024-12-07 00:38:39+00:00,That price tag would be out of Elon's range
shirl,2024-12-07 01:13:54+00:00,will stll watch you on rumble
Jenna4Walk,2024-12-07 03:01:16+00:00,I don’t get on TikTok as much as I used to because it’s turned into QVC. Every other video is someone trying to sell me something. It is super annoying.
RoVoN ™,2024-12-07 00:16:38+00:00,Not happening. TikTok said will never sell and will just cut out US
Ragnarök,2024-12-07 00:17:35+00:00,Idk why but I love your voice. Very distinct. Soothing even. Great vids. Thx
Scott Kennedy,2024-12-07 00:18:36+00:00,"Fuckers banned my account for being a conservative, so fuck TikTok! They can eat a Forrest of Dicks for all I care!"
ʝɛǟռռɨɛ ɖ. ʀǟʏ ~ʍʏ ֆքɨʀɨȶ ǟռɨʍǟʟ ȶɦɛ աօʟʄ ~,2024-12-07 00:20:04+00:00,So I guess I will have to stay on here but I am ghosted I don’t get it maybe something will change.
CS Designs,2024-12-07 00:34:02+00:00,How much is it?
Friend,2024-12-07 00:37:59+00:00,I only see disgusting people scamming for money... no one needs to hang out on the corner anymore. Just beg on TikTok
PacketSniper,2024-12-07 00:48:57+00:00,"I’m with ya, I hope he buys it and rebrands it to XX"
TxMouse,2024-12-07 00:51:09+00:00,Maybe if they co-create you would be able to grow again w/o getting banned. I don't want it to go just bc I learn a lot on there and the recipes I get from there so I hope it doesn't and personally I would be sad if it did. Glad I still have you here though!!!
PaulaJedi,2024-12-07 13:49:35+00:00,I won't use TikTok intentionally.  China owns it.
Pieohmy,2024-12-07 15:22:57+00:00,"I’m starting to get bored either it lately, no big loss."
gg.click3,2024-12-08 06:20:47+00:00,I just got banned tonight!  Like WTF.   I just said funny stuff. Posted Christmas decorations.  Omg is Xmas illegal on tictok?  No explanation- just- you gone biotch.  No trial?  No dear John letter?   World has gone to hell in a handbasket
Steqhen MacNeil,2024-12-07 00:15:38+00:00,"Other day. 

No reason given. Not even a warning. 

That’s 7 fb accounts and 2 TikTok."
Owoodfr77,2024-12-07 00:23:21+00:00,"Should care. Important to distinguish foreign company issues with domestic. Free speech absolute, but the parasites want I weaponize it. This case matters. Aussie over 16 social media ID same Always traps out there."
2AMomof3,2024-12-07 00:23:34+00:00,Ironic how TikTok tried to cite the 1st ammendment considering they keep banning not only my accounts but tons of conservative accounts
Cambria Poe,2024-12-07 00:26:06+00:00,Democrats and Rinos were the ones fired up about it because they didn’t want podcasters like yourself showing people the truth! Now the swamp rats have shifted their focus!
CountryMama,2024-12-07 00:35:31+00:00,This is a great way to tick off the Left.
Whitelight1111,2024-12-07 00:40:16+00:00,Youre doing just fine ; )
sandy,2024-12-07 00:49:25+00:00,"My take, the only way it gets saved is if the Censorship Blob (CIA) and FBI  get the access they want to moderate or have a backdoor access for propaganda. Whoever buys it in the states will definitely have that challenge."
Supertad108,2024-12-07 00:53:26+00:00,"Damn, so glad I'm retired."
Country of Fools,2024-12-07 01:15:29+00:00,"I personally don’t care about TikTok, but my daughter’s job is totally dependent on it. I hope they get it figured out."
Cesar,2024-12-07 01:37:39+00:00,Love it!!! You fuckin awesome. Yes that’s where I started following you also but I get it..
Rita Saye,2024-12-07 01:37:48+00:00,"Great video.  You talk really fast but I was able to understand you.  As a southerner, people don't talk that fast."
DaHEADmd,2024-12-07 01:42:55+00:00,"That is how the liberals control social media.

They take someone who doesn't agree with them or has different views and add their name to a list where their sole job is to mass report on the new ""target""

This covert fascism needs to be stamped out, PERIOD."
Joseph Alan,2024-12-07 01:57:02+00:00,"I was wondering how you felt about that...

I wish you well in all of your endeavors."
Mark Pigeon,2024-12-07 02:00:02+00:00,whats the story with GIP....didnt that used to be COCO paving
Donica Tibbetts,2024-12-07 02:43:13+00:00,I really do care; a lot of people make money for their families on there.  It seems like this could just be another BS thing but it’s never gone this far before … there’s gotta be something the people can do to make our voices heard.
Charles Autrey,2024-12-07 02:48:08+00:00,We got you on X.  Tick Tock  and their censorship!!
OS CoastalGal,2024-12-07 00:41:51+00:00,I enjoy TikTok more than any other social media out there!  I will surly miss it if it has to go and I hate the ones who pushed it!
I like,2024-12-07 00:41:52+00:00,"Ziocons pissed they don't control the most prevalent media propaganda tool for the youngsters.

That's all this is really about.

At minimum Bytedance will have to let Palantir scrape data for social credit score purposes."
kmontrose888,2024-12-07 00:42:12+00:00,"I watch you on x TikTok. Had way too many
Fake shipwreck's"
Kristi Walls,2024-12-07 00:42:41+00:00,I'm not really growing on here at all but I like X so much better than Tik Tok my last account I only had up and running for about 2 weeks and I just decided after they banned it I was done it was my fourth one and like three or four months
maxine logan,2024-12-07 00:52:09+00:00,Good idea
Sherri Alaniz,2024-12-07 00:53:44+00:00,I had a girlfriend thst I shared research with and she was always telling me I needed to down load the TikTok app.. I just didn’t have enough memory on that phone to do it.. and besides I find the TikTok video she wanted me to see eventually just ended up here accessible!
James,2024-12-07 01:11:06+00:00,Hmmm Elon getting his competition banned.
Herofrombeyond,2024-12-07 01:50:00+00:00,"Someone already owns TikTok well partially he’s the reason why you have TikTok shop and yes, he lives in the US"
Benson1776,2024-12-07 02:52:42+00:00,The head commie on some HHA area is already saying bird flu and another C19...Is happening on th21st of January 24' BUCKLE UP
pangie,2024-12-07 02:57:37+00:00,"Use to be big on TikTok but their censorship has turned me off, would love to get back on but only after something changes. Now living here on X"
Marc Cortalus,2024-12-07 03:22:41+00:00,"Love your vids. Seems like TikTok's on its last legs, huh? Merging with X sounds wild but also chaotic—classic Elon move. What’s your take on where all the creative energy will shift if it goes down?"
Victoria Law,2024-12-07 03:27:50+00:00,"Elon should buy it, give it to citizen journalism, no censorship whatsoever. Totally add every government official with Rogan leading all interviews  would be epic!"
Mick Wolf,2024-12-07 05:20:07+00:00,Tktk deserves it. It's a liberal mouthpiece. Censoring conservative truth and supporting the lies of the left.  X is the last free speech platform.
danielhnelson@hotmail.com,2024-12-07 06:54:07+00:00,Chinas TikTok only allows uplifting and informational videos. We need a platform like that here.
The Mar-A-Lago Boogieman,2024-12-07 09:11:12+00:00,He could just make a separate tab here in X for short videos
Maz Moncrieff,2024-12-07 09:39:45+00:00,"Thing is X has changed too! 
2025 will be the year of change and growth! That’s what the number 9 (2+0+2+5) brings/resonates!  
ps. Love your content!"
The Last Refuge Trader,2024-12-07 10:14:18+00:00,I found you on IG
Kalyn Grimm,2024-12-07 11:25:11+00:00,I used to like tiktok. Now I just use it for recipes. Too many people with grade school drama & it's hard getting it off your fyp.
Jazzy Grace,2024-12-07 11:28:37+00:00,Glad I found you here
Elizabeth,2024-12-07 13:40:53+00:00,I used to love TT. But I kept getting community guidelines violations for posting videos about the truth. They also kept banning me and my friends for “misinformation” for talking about the truth on lives. And the Constant shadow banning.  I left TT last week and I’m not going
DDS Plexus,2024-12-07 14:39:01+00:00,What happens if we're all on one platform?
Carol Flowers,2024-12-07 14:40:56+00:00,Rumble
Vivian Vance,2024-12-07 15:30:43+00:00,"Tick Tok keeps doing creators dirty. Removing them from the creator fund, money suddenly disappeared, no one is willing appeals, videos are being taken down. People are not happy. A change is needed for sure"
Aries,2024-12-07 16:54:13+00:00,"Yea once they started censoring everyone and shadow banning too it’s not to much better than fb. It used to be paradise from home. But call something paradise, kiss it goodbye"
Chihuahua Butler,2024-12-07 20:25:21+00:00,"If TicTok is a CCP data mining tool, kill it dead."
Janice Henry,2024-12-07 20:46:47+00:00,I found you on Tik Tok and immediately went to X to follow you there. Love your content and I think you're amazing!! Also wanted to say that I tried your Meatloaf recipe and my family absolutely LOVED IT!!! Thank you for all you do on X and Tik Tok!!
DrugstoreSeraphim,2024-12-07 21:14:27+00:00,Consolidating everything into one company is a bad idea. There needs to be competition. The government needs to stop persecuting companies that give people a voice. People are mad at TikTok but it’s our government doing it.
E,2024-12-07 22:33:52+00:00,"Lol, ""best case scenario"" in another step closer to the EverythingApp? There you are..."
Mama4trump,2024-12-08 03:40:47+00:00,Ohhhh....I thought I wanted him to buy MSNBC but buying Tiktok would be way better
Brenda Geary,2025-01-15 23:47:20+00:00,Musk buying TikTok would be tragic!! It would just become another platform he would be sensing with his narcissistic MAGA self. Gross!!
Brian H,2024-12-07 00:19:22+00:00,I don't care anymore either.i closed my account on t t months ago. I just got sick of the b. S .and games
Julie Roberts,2024-12-07 01:28:48+00:00,"If he buys it, will he have porn on it like he does X? He'd better not."
MRG,2024-12-07 02:21:53+00:00,Why can’t Americans create an app like TikTok? Is there something stopping us from doing that?
ThomasRoy,2024-12-07 05:57:27+00:00,"@elonmusk
 you made a app just for the election in a matter of minutes. Make a my X like shit tok but better"
1776 Freedom fighter,2024-12-07 18:47:36+00:00,"TikTok headquarters is in Los Angeles,  California run by a bunch of libtard communist assholes."
Porsche,2024-12-07 18:56:44+00:00,"Many think #ELONMUSK will buy TikTok b4, 19th Jan 2025 
@TheView
 @VanJones68
 @FunkyDineva
 @YolandaHadid
  @lovelyti"
Keith McHenry,2024-12-07 20:34:51+00:00,"Very bad idea to add TikTok to Musks media empire. Musk is the Deep State. There will be more war against Russia, more vax mandates and the implementation of a digital dystopia of smart cities, biometric IDs and a CBDC. The entire Trump Campaign was a bait and switch."
Southernwhitebread,2024-12-07 22:20:52+00:00,Don't look back!
b han,2024-12-07 23:53:44+00:00,Take it away please! Liberals heads will explode
Cookie,2024-12-08 05:01:03+00:00,TT is so propaganda filled and divisive that it needs to go.
Forbes,2024-12-13 23:51:32+00:00,Congress Warns Apple And Google They Must Ban TikTok In January
Marty Fishwreck,2024-12-13 23:52:32+00:00,TikTok is a lot less dangerous than X
Ana Morphic,2024-12-13 23:56:44+00:00,"Too little, too late."
Omoiyami,2024-12-13 23:51:56+00:00,V
M€M,2024-12-13 23:52:26+00:00,Fuck the congress
Brandon Duck,2024-12-13 23:55:18+00:00,Should the US ban TikTok?
Jeremy Hurley,2024-12-14 00:04:48+00:00,Because teenagers doing stupid dancing is a threat to national security
Fp Pro,2024-12-14 19:04:00+00:00,Hmmm .. Now the government has the right to ban platforms?
Forbes,2025-04-15 05:21:04+00:00,Tycoon Ong Beng Seng To Step Down As Managing Director Of Singapore’s Hotel Properties
CJ - creator of “The Peephole” (READ PINNED),2024-12-13 23:53:04+00:00,":3
.
.
.
.
.
.
.
.
.
.
.
#TheAmazingDigitalCircus #gangletadc #TADC"
Visegrád 24,2024-12-08 19:33:59+00:00,"China has banned TikTok.

So why does the USA still allow it?”

asks 
@NikkiHaley
."
Dissident West,2024-12-08 19:42:24+00:00,This isn't exactly true. They have their own version of it there. It's just not the same brain rot that they subject our youth to.
CallMeFloyd.ETH,2024-12-08 19:35:00+00:00,tiktok is still active in china
Erin,2024-12-08 19:56:43+00:00,China banned their own app?
Pygoscelis,2024-12-08 19:53:53+00:00,"Because there is something called ""First Amendment""."
JustThatGuy,2024-12-08 19:34:50+00:00,China owns the company that makes TikTok.  They don't want USA to follow suit.
HumbleModesty,2024-12-08 19:35:44+00:00,Wait wuuut? Chinese TikTok isn’t in China? Tf
ISAAC,2024-12-09 07:39:26+00:00,"China didn't ban tiktok, they have their own in house version called douyin......."
Midwestnet,2024-12-08 19:35:18+00:00,Should ban Nikki Haley.
Viper,2024-12-08 19:35:08+00:00,"Because china owns several American politicians 

It's the ultimate hybrid warfare tool"
MAGA iGen,2024-12-08 19:39:07+00:00,The U.S. should ban TikTok
Michael Ricardo Couch,2024-12-08 19:40:32+00:00,Doesn’t China own tiktok?
Colin C. Cortbus,2024-12-08 19:37:00+00:00,Because it's a free country!
Andaç Özdemir,2024-12-08 19:38:30+00:00,Tiktok doom
Inka,2024-12-08 19:47:02+00:00,EU need it too! We must protect our children from predators
Kelvin Ashong,2024-12-08 20:23:22+00:00,Never knew china banned TikTok
FuturamaKing,2024-12-09 04:02:54+00:00,Generally as long as one side bans apps the other can do the same
WorldKnowsit,2024-12-08 19:34:30+00:00,Nice
DOGE MBG983,2024-12-08 19:35:44+00:00,Aren’t they the creator of it
Dudeo,2024-12-08 19:42:46+00:00,Propaganda is like a second cup of coffee.
Tornado guy,2024-12-08 19:47:03+00:00,"They moderated it
Not banned it"
B25Roman,2024-12-08 19:52:47+00:00,Because USA wants people to be dumbed down over the stupidest of thihgs.
Hard Truth Rising,2024-12-08 20:09:50+00:00,Okay I agree.  Nikki Haley should have no part in the new administration.
World Statix,2024-12-08 22:03:45+00:00,Banning any social media app is not good for the freedom of speech.
俺是快乐的厨子！,2024-12-08 23:08:18+00:00,How do you know China has banned TikTok ? I don’t think that is true ! !
Igor Shevchenko,2024-12-09 00:31:54+00:00,They did it so USA can use it
Martin Findlay,2024-12-09 16:53:32+00:00,"How do you know this who is your source?, is the source credible?"
Zechariah,2024-12-09 17:26:09+00:00,"Chinese users can download the Chinese version of TikTok, Douyin, which is subject to censorship by the Chinese Communist Party."
pepper,2024-12-09 17:49:35+00:00,China is smart keeping their people from mind poison or it will look like syria right now
SANTAMURTE,2024-12-08 19:37:04+00:00,Isn't Tik Tok a Chinese messenger?
Alex,2024-12-08 19:37:20+00:00,Do you want America to censor the internet and centrally collect people's data?
Смараґдова Диско Машина,2024-12-08 19:37:29+00:00,WAT
Mia Doyle,2024-12-08 19:39:43+00:00,"This is the yearning of Chinese young people, and they cannot stop it"
"Jamie Alexander,",2024-12-08 21:19:26+00:00,I thought TikieTokie was from China
Dread Pirate,2024-12-08 22:25:00+00:00,Once the Chinese learn our children’s dance moves we will be serious trouble.
Matt_Grubel,2024-12-08 23:42:13+00:00,China didn't ban TikTok .
老妞不信邪,2024-12-09 00:00:38+00:00,"TikTok has two versions, one for overseas users and one for domestic users."
Christopher Paul Dickinson,2024-12-09 00:02:38+00:00,Wasn't is created in China?
Emma,2024-12-09 00:08:24+00:00,I always thought China owns TikTok
WaveSurfer,2024-12-09 00:18:02+00:00,
Another winter here we go...,2024-12-09 00:42:26+00:00,Bc it is a weapon...
梅井無銘,2024-12-09 01:43:57+00:00,"China didn't ban all versions of tiktok, it keeps it China version but ban global version!"
Alin Alexandru,2024-12-09 02:51:59+00:00,"Why do the EU countries also allow it? After the Romania situation, it should be banned here as well."
NANA,2024-12-09 03:51:58+00:00,
JZ,2024-12-09 05:06:24+00:00,"Not true. 
TikTok is international version of China domestic app 抖音.
Most, if not all, chinese domestic social media app need chinese ID with real name. 
TikTok is developed for international users to skip this requirement, side effects is it can't be installed in China."
Kelly W. Patterson,2024-12-09 07:44:51+00:00,China is obviously who we should be basing or decisions about freedoms on
Tiffany,2024-12-09 07:54:46+00:00,"China doesn’t have the concept of individual freedom of choice! 
US is getting like China in 2025?"
𝒫𝒶𝓉𝓇𝒾𝒸𝒾𝒶 ℛℯ𝒾𝒸𝒽𝒶𝓇𝒹𝓉 ⚕︎𖨆␈,2024-12-10 09:24:27+00:00,"Tiktok has a Chinese version called Douyin（抖音）, and their parent company is ByteDance. 
The CCP does not allow Chinese people to use overseas social media, even from “Chinese companies.”"
Slutty Politics,2024-12-10 15:11:44+00:00,"TikTok is from China, owned by ByteDance but TikTok is behind the firewall ;) whatever is against the propaganda is behind the firewall"
JohnBr,2024-12-10 15:45:28+00:00,They have their own version lol
peace,2024-12-10 15:48:02+00:00,I wonder why TikTok is still operating in the USA ?
MSMFree,2024-12-10 16:17:30+00:00,"Tiktok is Chinese foreign edition of DouYin with non Chinese user base data stored outside of China in Singapore.
The way to do this is to  establish clear rules for all software applications in the country that software owners have to agree, like China does."
wonsh,2024-12-10 16:49:46+00:00,"Hah, this is a good one."
Mason22531,2024-12-08 19:37:51+00:00,"No it isn't banned, it's called ""Douyin"" which is literally the Chinese meaning of ""TikTok"""
"Shoshana, Despicable Deplorable NZ Garbage Person",2024-12-08 19:36:16+00:00,"China didn't ban TikTok, they insisted on a separate version with intrusive state monitoring."
Politricks Watch,2024-12-08 19:51:11+00:00,China has its own TikTok called Douyin.
Hamilton,2024-12-09 04:17:08+00:00,TikTok is a spy and propaganda tool for the Chinese dictatorship. It is used to undermine the stability and order of democratic countries.
Hubert,2024-12-09 09:14:28+00:00,Why does the EU still allow it?
X_test,2024-12-09 10:03:44+00:00,"CCP also bans fentanyl, they know what's toxic, because they manufactured them all."
Ivan L,2024-12-09 10:13:23+00:00,China has banned its own app? Isn't that weird?
skylarS,2024-12-09 18:18:33+00:00,"China doesn't allow use of TikTok, the international app, but does allow use of Douyin, the domestic version of tiktok"
Phoenix Analytica,2024-12-10 01:50:27+00:00,"It should be banned but that's a dumb take. Of course the CCP directs its biggest cyberweaponry outward. Douyin is just a PR distraction CCP-ByteDance has to facilitate TT, also clouding the issue internationally & so critics label it merely ""addictive"", it's far worse than that."
Listeners,2024-12-10 06:07:43+00:00,"TikTok called “抖音” in China，Just like Apple is called “苹果"" in China"
Yevhenii,2024-12-08 19:34:16+00:00,Let’s go
Sim475,2024-12-08 19:39:20+00:00,It's for export only.
flutter1922,2024-12-08 19:45:04+00:00,"China has banned free speech. 

So why does the USA still allow it?"
"Generic ""Wrongly Calibrated"" Dave",2024-12-08 19:53:45+00:00,"Is TikTok Banned in China? | http://Snopes.com

More unchecked nonsense from Visegrad"
Rex Bourne,2024-12-08 20:13:54+00:00,TikTok has caused 0 harm to the American public. This is a media story trying to make something out of nothing due to lack of control
BertaNiculae,2024-12-08 20:33:11+00:00,Because Nikki Haley hates free speech
InductionFTW,2024-12-08 20:38:45+00:00,lol. China hasn’t “banned TikTok”. Bytedance has a short form video app specifically for the Chinese markets.
Excalibur #NAFO,2024-12-08 20:52:10+00:00,Half of the Republican Party is owned by China and Russia
busybee,2024-12-08 22:18:07+00:00,"Ban tik tock 
@WhiteHouse"
JP,2024-12-08 23:28:55+00:00,Explain what do you mean by ban. The app is chineese don’t make sense. I follow your news as true. I want truth no propaganda
George George,2024-12-09 01:35:49+00:00,"really need a community note 
@CommunityNotes
  to correct this blatantly false tweet lol"
George George,2024-12-09 01:36:56+00:00,"Tik Tok is China's app, which they have  their own version and eco-system. Tik Tok is for stupid whites from other countries."
Moment To Watch,2024-12-09 10:42:03+00:00,Why do Zionist accounts always love to lie?
health&tech,2024-12-10 09:07:42+00:00,China banned TikTok? LOL stupidity
Kevin Pang,2024-12-10 11:01:30+00:00,"You propagandist retard, China has it  own domestic version called the Douyin, TikTok is for international market outside of China"
catland,2024-12-10 15:17:14+00:00,"China almost banned everything, So USA should also do   
the same thing?"
Select Committee on the Chinese Communist Party,2024-12-13 21:05:27+00:00,"BREAKING: Chairman 
@RepMoolenaar
 and Ranking Member 
@CongressmanRaja
 sent a letter to 
@tiktok_us
 CEO Shou Chew reminding the company of its statutory obligations.
 
If TikTok wants to keep operating in the US, it must pursue a qualified divestiture."
dong,2024-12-13 21:45:37+00:00,Yes  this is right thing
Angel,2024-12-14 11:13:19+00:00,"“must pursue a qualified divestiture.”

Can it prevent the theft of Americans' personal information? Does that make it safe to use?"
Renegade,2024-12-15 01:08:12+00:00,simply robbery
Li Bo,2024-12-14 10:20:01+00:00,"""sell to us and alloow the nsa unfettered global spying access or we'll ban you""     what a cowardly nation of f..kers"
赦免我儿无罪,2024-12-14 08:49:14+00:00,让美国网民也用上翻墙软件
back to normal,2024-12-13 22:03:39+00:00,"This is very good news, TikTok sucks"
BryantZH,2024-12-13 22:24:19+00:00,You can forget about it.
V F,2024-12-14 01:38:29+00:00,aint worth the paper printed on
Mark T.,2024-12-15 03:12:06+00:00,"""Select Committee on the Chinese Communist Party [CCP]"" - wonder how a ""great power"" like the US wanna resort to such embarrassingly childish name calling antic - btw, a robbery is a robbery, however you wanna spin it ..."
維生素K,2024-12-13 23:42:28+00:00,"Since 2021 Miles Guo warns social media apps TikTok, Zoom, WeChat...etc. are CCP intel platforms stealing private info of the West. This is CCP's unrestricted warfare towards the world. 

Eventually, CCP's apps will be deleted from the root server."
Kam,2024-12-14 05:41:46+00:00,"12/6/2024 The U.S. court rejected TikTok's
appeal, and Mr. Miles Guo's revelations were
validated again: TikTok and other social media
platforms are strategic weapons for the CCP's
unrestricted warfare.
#MilesGuo #NFSC #Chinese#CCP
#TakedowntheCCP #CCP #TikTok #Wechat"
chiefkid,2024-12-15 04:35:58+00:00,Sucks to be American and have no TikTok
ursen,2024-12-13 14:43:34+00:00,PLEASE DONT BAN TIKTOK
Eyes,2024-12-13 15:20:58+00:00,Hi ursen !!!!!!!!
ursen,2025-04-14 17:56:06+00:00,Hello stinky
D-Bark,2024-12-13 19:09:07+00:00,"Drone Witness...
They are spraying something...
No wonder the government wants to ban TikTok..."
Zaz,2024-12-13 19:31:13+00:00,Thank you for posting! It’s a shame we never know what to expect when we wake up.
D.K. Parker,2024-12-15 14:02:54+00:00,I guess we will all get really sick from whatever they are spraying on us.
D.K. Parker,2024-12-15 14:04:06+00:00,"They didn't take enough of us out with Covid, so they have to spray something new on us."
David Shepardson,2024-12-13 23:53:15+00:00,"Breaking: DC Circuit rejects 
@tiktok_us
 bid to delay the Jan. 19 divest or ban deadline https://reuters.com/legal/us-lawmakers-tell-apple-google-be-ready-remove-tiktok-app-stores-jan-19-2024-12-13/…"
SHUCHAN,2024-12-13 12:27:33+00:00,あと。。TikTokたぶん２日前から垢BANされてます何日後に復活ですか？何も不適切な動画は出してません
ミント,2024-12-13 13:27:45+00:00,"Tiktokはしゅうちゃんじゃなく
てコメントでバンが来ることも
あるよ"
SHUCHAN,2024-12-13 13:31:29+00:00,それは辛いなー
*tomo*,2024-12-13 12:38:02+00:00,Xの場合３日いいねも何もしないと治ります。TikTokは最悪もっとかかるかもです最近多いようです、、
SHUCHAN,2024-12-13 12:46:11+00:00,そうなんですねー、、何もしてないのにありがとうございます
shoh（しょう）,2024-12-14 09:56:47+00:00,早く正常になる様に祈ってる
SHUCHAN,2025-04-13 01:58:37+00:00,おはようございます
Alex Kennedy,2024-12-13 22:45:39+00:00,"GOOGLE & APPLE TOLD TO PREP FOR A TIKTOK BAN—GEN Z PANIC INCOMING

Get ready to Tik your last Tok in about a month...

U.S. lawmakers told Google and Apple to clear their app stores of TikTok by Jan. 19 unless ByteDance sells its U.S. operations.

Reps. Moolenaar and Krishnamoorthi warned TikTok’s CEO to act fast, citing national security risks. 

Translation: Stop spying , divest from China or say bye-bye to your 170 million American fans.

Prepare for teens live-streaming their “last ever” dances and bros debating VPNs like it’s the moon landing.

But here's the thing - VPN won't work if an App is removed from an App Store.

Source: Reuters"
Alex Kennedy,2025-04-15 06:47:52+00:00,"A senior Israeli security official said Monday that Israel remains in the dark about President Trump’s intentions regarding his ongoing negotiations with Iran. ""The main concern is that we don't know what his red lines are,"" the official said. ""PM Netanyahu himself doesn't really"
Forbes,2024-12-13 16:20:08+00:00,"Congress Warns Apple And Google They Must Ban TikTok In January
https://go.forbes.com/c/sX4w"
Chris Fenton,2024-12-13 17:04:07+00:00,"My latest op-Ed:

""TikTok provides Beijing an ability 2 understand, control, & influence Americans well beyond simply Hollywood content. In fact, the platform is much more damaging in how it shapes the opinions & perspectives of adults under 30."""
Nathalie May,2024-12-13 16:21:24+00:00,will be interesting to see how this plays out!
Nomadic Networker,2024-12-13 16:21:50+00:00,"‍ Oh no, not another distraction from my beachside coding session!  As a digital nomad, I'm more concerned about staying focused on my work than TikTok bans. But seriously, let's hope our tech giants prioritize user privacy and security.  Meanwhile, I'll just stick to my remote"
Shane(aka Gore),2024-12-13 16:21:54+00:00,Wow lets see how this goes.
Global News 24/7,2024-12-13 16:22:55+00:00,Omg
Satoru Gojo,2024-12-13 16:51:12+00:00,Fuck Biden
NBACentel,2024-12-07 18:05:18+00:00,"Jarred McCain struggling on the court after news of potential TikTok ban in the U.S: 

“It’s tough to focus on the game when everything I love is being taken away.”

(Via 
@ESPNNBA
)"
HooDis,2024-12-07 18:06:03+00:00,McCain making his last tik tok
E-Man,2024-12-07 18:21:54+00:00,They tryna nerf McCain
Fan,2024-12-07 18:07:13+00:00,Bro gonna have nothing to do in June when Philly misses the playoffs
Riley,2024-12-07 18:30:08+00:00,I could actually see someone in this generation saying that
,2024-12-07 18:07:12+00:00,Thought this was Centel
Blank,2024-12-07 18:09:59+00:00,Centel’s run this year!
Alex Arango,2024-12-07 18:05:40+00:00,Now this is content
Scope360,2024-12-07 20:56:33+00:00,When TikTok's at risk but you're still trying to ball out
KD,2024-12-07 19:14:26+00:00,
Riv,2024-12-07 18:09:02+00:00,This is ridiculous. Tiktok should not affect your play whatsoever. Guy was playing mid anyways
Rise,2024-12-07 18:13:35+00:00,Attention span shorter than Kawamura
Rene,2024-12-07 19:40:27+00:00,Centel banger incoming
▶︎ 𝙂𝘼𝙇𝙄𝙇𝙀𝙊 𝙁𝙀𝙍𝙍𝘼𝙍𝙄 ガリレオ,2024-12-08 14:07:27+00:00,Source of energy
Chris Fenton,2024-12-09 12:13:33+00:00,"My latest op-Ed:

""TikTok provides Beijing an ability 2 understand, control, & influence Americans well beyond simply Hollywood content. In fact, the platform is much more damaging in how it shapes the opinions & perspectives of adults under 30."""
Tom Sears,2024-12-07 23:01:45+00:00,"I don’t care if this is CentelPropaganda, this is 100% true and accurate"
,2024-12-07 18:11:47+00:00,Centel when it comes to cooking realistic headlines/news
The Real,2024-12-07 18:05:44+00:00,No wonder he struggled yesterday
,2024-12-07 18:06:00+00:00,I thought this was centel
wellowttm,2024-12-07 18:05:47+00:00,There bigger fish to fry relax
Nurse Luke,2024-12-07 22:42:51+00:00,LMAOOOOO
Mofarl𓃵,2024-12-07 18:06:05+00:00,McCain currently:
Scams Charania,2024-12-07 18:06:36+00:00,Nigga finna paint his nails gothic black
AlwayzHoodie,2024-12-07 18:11:07+00:00,
lc,2024-12-07 18:39:28+00:00,this gon get so many people watch
Jaycooh,2024-12-07 20:26:29+00:00,"@JonahBanokoro
 @swaggyp987
 @asainjeffxoli"
Rag,2024-12-07 21:10:17+00:00,We stand with him
Lowlife,2024-12-07 18:06:15+00:00,Ngl this shit is probably going to be true
calebwilliamsfan23,2024-12-07 18:06:36+00:00,So that's why he had a stinker last night
Arthur,2024-12-07 18:09:28+00:00,Another centel banger
murxoz,2024-12-07 20:14:45+00:00,"“It’s tough to focus on the game when everything I love is being taken away.”

the run centel is on is going to be remembered forever"
𝐖𝐎𝐋𝐕𝐄𝐒 𝐖𝐑𝐋𝐃,2024-12-08 00:41:39+00:00,Cackling
D,2024-12-07 18:05:32+00:00,first
Adog,2024-12-07 18:05:35+00:00,LMAO banger
mac,2024-12-07 18:05:43+00:00,At least he has his nail paint
calebwilliamsfan23,2024-12-07 18:06:14+00:00,
.,2024-12-07 18:06:38+00:00,future banger
Sebastian,2024-12-07 18:06:56+00:00,Oh this is going to do numbers
FightNightFreak,2024-12-07 18:10:11+00:00,How will McCain go on?
DAVID CINTRON,2024-12-07 18:12:48+00:00,@RayTooEasy
OnlyFacts,2024-12-07 19:34:57+00:00,Brooo  Centel u a genius man
,2024-12-07 20:39:04+00:00,@NBA__trey
type shit,2024-12-07 21:44:56+00:00,@NYYBD3
DC Scorpio,2024-12-07 22:52:22+00:00,dude u better focus on your career  that pays u generational money  u worried about some dam tiktok
alondra,2024-12-08 01:46:58+00:00,Bro
Shaq,2024-12-08 03:42:41+00:00,LMAOOOOOOO
yarin erez,2024-12-08 03:44:23+00:00,@OfirKorem
pahoot,2024-12-08 14:45:20+00:00,@Jamesfnm_
Tamir,2024-12-08 17:50:18+00:00,Like Jokić without his horses
d,2024-12-08 17:59:09+00:00,Lmao
Graham,2024-12-08 18:25:30+00:00,yeaa don’t quit your 9-5 buddy
GoldenRadar,2024-12-07 18:06:52+00:00,Broo!!  I almost thought this was Centel. Crazy world we live in
Oosagi,2024-12-07 18:07:55+00:00,How do you think of these brah thank god you get paid for this honestly
Alex,2024-12-07 18:11:40+00:00,His downfall started since he heard the news
Brandon L McMillan,2024-12-07 18:22:46+00:00,I could actually see someone in this generation say that
Trigeki,2024-12-07 18:24:04+00:00,time to take his talent to x
cj,2024-12-07 19:08:43+00:00,and people wonder why NBA ratings are down smh
Tae ひ,2024-12-07 19:59:10+00:00,centel been cooking lately wtf
Get Money GQ,2024-12-07 20:16:33+00:00,I feel yo pain bro
Jonathan,2024-12-07 20:41:52+00:00,LOL!!
,2024-12-07 21:58:57+00:00,@Trevtheowner
Lonely Stoners,2024-12-07 22:37:03+00:00,Imagine
Joe,2024-12-07 22:52:38+00:00,Lmao
R.A Tone,2024-12-07 23:39:59+00:00,"@pikaso_me
 screenshot this"
Vintage_Steez,2024-12-07 23:42:16+00:00,You Knew It Was Coming
Michael Jordan's Burner Official,2024-12-08 03:38:52+00:00,McCain is cooked now
Omar Al-Kazzaz,2024-12-08 04:03:50+00:00,DUMB
Jenereaux Da General 08/08,2024-12-08 04:41:51+00:00,Goes on Tik Tok and paints his nails.
playboii_nasty,2024-12-08 05:22:05+00:00,Legendary Centel post right here
Charlie,2024-12-08 05:51:34+00:00,
Frank Lucas,2024-12-07 18:06:38+00:00,@longshotlotto
Native Son,2024-12-07 18:07:56+00:00,Centel daily
nolovematt,2024-12-07 18:08:16+00:00,
Burner Account,2024-12-07 18:09:31+00:00,
WagerHub Casino & Sportsbook,2024-12-07 18:11:21+00:00,Hahaha I was like WTF?
™CHAMPAGNEDEMIC™,2024-12-07 18:11:40+00:00,chill
SAUL GOODMAN,2024-12-07 18:12:02+00:00,Marine corps can solve that
isaiah,2024-12-07 18:12:57+00:00,top 3 centel post
Dalocklear73,2024-12-07 18:13:51+00:00,Best one yet
HIP HOP LICKS,2024-12-07 18:14:15+00:00,"Oh, my nigga you cant play then."
KECK,2024-12-07 18:14:18+00:00,
Pyul27,2024-12-07 18:16:42+00:00,Well that's one of the gayest things I've heard from a professional athlete
Buc_Bennessy,2024-12-07 18:22:34+00:00,LMAO
Shai4MVP,2024-12-07 18:25:27+00:00,Lmao  this shit should give u 5M views bro
Vibra,2024-12-07 18:26:04+00:00,
JUSTIN316,2024-12-07 18:27:22+00:00,Lmao that’s a good bro  Very Believable
airawr,2024-12-07 18:57:04+00:00,Hahaha  ngl he's the most entertaining tiktoker from the nba
Lameda,2024-12-07 19:04:25+00:00,This is too much na
inmate,2024-12-07 19:09:10+00:00,centel
I speak for everyone (with sense),2024-12-07 19:20:18+00:00,Had to confirm that this not Centel
J. Rachelle,2024-12-07 19:24:07+00:00,He is not serious lol
pugsley(he/tler),2024-12-07 19:30:50+00:00,I just got centel'd
clydemydia,2024-12-07 19:33:43+00:00,Funniest mf on this app
The Celtics hub,2024-12-07 19:34:57+00:00,Thought this was centel
Mike,2024-12-07 19:44:03+00:00,Tragically pathetic
D,2024-12-07 20:04:29+00:00,
javon,2024-12-07 20:10:17+00:00,
,2024-12-07 20:20:16+00:00,Lmao
Don,2024-12-08 06:15:51+00:00,Imagine horrible TikTok’s are his secret to playing well
Aaron H.,2024-12-08 07:37:47+00:00,"All of 
@TheNBACentel
 could be about the 76ers. Way to much content on that team"
P/R Football,2024-12-08 10:12:07+00:00,"""This is absolutely ridiculous. These players need to focus on the game and stop making excuses. Millions of fans pay to watch basketball, not hear about their TikTok struggles. Priorities, people!"""
Beeker,2024-12-08 10:13:45+00:00,
GucciBoyMelv,2024-12-08 11:03:44+00:00,
DaDi,2024-12-08 12:04:09+00:00,I hope they really block the fking Chinese app
SplashyQuinx,2024-12-08 13:09:47+00:00,"Bro what the fuck do you care about, the league or your fucking tiktok"
corey sensabaugh,2024-12-08 13:10:24+00:00,If they do ban it take this man’s unders for the rest of the year
Cavarionne Walls,2024-12-08 13:51:01+00:00,Man you are a NBA basketball player Tik Tok ain’t everything
elizabeth,2024-12-08 13:51:14+00:00,"It’s like being laid off, at least you got  another job to fall back on"
J Dot,2024-12-07 20:32:33+00:00,He’s in love with an app?  The fuck is this???
.,2024-12-07 20:45:07+00:00,
mal.3,2024-12-07 20:45:23+00:00,Goofy
Colonel,2024-12-07 20:45:28+00:00,"That’s not EVERYTHING he loves… I can think of one, very specific THING he might love more."
Inc.,2024-12-07 20:59:24+00:00,Damn centel posting real news wtf
AE_Aspects,2024-12-07 21:00:27+00:00,I fucking love centel man
Cøsta,2024-12-07 21:03:51+00:00,@BumiAlao
Rich HNDRXX,2024-12-07 21:09:04+00:00,
loren,2024-12-07 21:26:03+00:00,Can't believe this isn't Centel smh
TikTok Policy,2024-12-16 20:25:53+00:00,"Statement on Filing Application for Emergency Injunction Pending Appeal with the Supreme Court:

""""The Supreme Court has an established record of upholding Americans’ right to free speech. Today, we are asking the Court to do what it has traditionally done in free speech cases: apply the most rigorous scrutiny to speech bans and conclude that it violates the First Amendment. 

The TikTok ban results in a massive and unprecedented censorship of over 170 million Americans on January 19, 2025. Estimates show that small businesses on TikTok would lose more than $1 billion in revenue and creators would suffer almost $300 million in lost earnings in just one month unless the ban is halted."""
Valentina Gomez,2024-12-16 20:57:35+00:00,Y’all banned me on TikTok so I hope you get banned in America
𝕊𝕦𝕟𝕕𝕒𝕖_𝔾𝕦𝕣𝕝,2024-12-16 21:25:42+00:00,TikTok could very easily do what thousands of other foreign owned companies do and form a US board under our laws. The fact they won’t do it shows they intend to use TikTok as a strategic tool of influence.
Jon Elder | Amazon Growth | Private Label,2024-12-16 23:28:16+00:00,"Dear China, kick rocks. Love, America."
George Balloutine™,2024-12-17 00:25:09+00:00,"TikTok is not about free speech. You keep suppressing information and giving out strikes.  
The only way ya’ll survive is to sell it.   
No More CCP TikTok"
GHOST Artemis,2024-12-16 21:15:15+00:00,It’s actually happening
MacsCorner,2024-12-16 20:49:35+00:00,I Feel as though Tik Tok was a cause for alot of our current issues
Brian Hirsh (Thor),2024-12-16 21:52:32+00:00,"TikTok is gone. You're done. Give it a rest. You're a liberal china bought bullshit no longer works in this country.
NOW YOU'VE BEEN CANCELED!!!!!!!"
rapskp,2024-12-16 20:46:04+00:00,If you admit you were spying on us.
ProUnitedStates,2024-12-16 21:42:51+00:00,Let's ban you...like you ban other people?  Seems 100% fair.  Buh bye TikTok Chinese Spyware!!
G.I JOE,2024-12-16 21:02:32+00:00,"It’s for the better. This app is a breeding ground of misinformation, people with TikTok degrees, and evil.

The world will be a better place without you. People will come back from it."
MoneyTingz,2024-12-16 20:44:18+00:00,"Sorry bro, you got oust."
Mari Mari,2024-12-16 21:08:12+00:00,I don’t want TikTok to get banned
Marten,2024-12-16 22:08:36+00:00,"The problem with TikTok is it's not free speech, the algorithm is controlled by the Chinese government.
You push woke culture in order to make Americans dumb we know that."
Amanda,2024-12-16 20:49:44+00:00,"To everyone saying they’re “spying” on us…
What do you think your phone is doing 24/7?? Lmao like go touch grass"
Vince P (but not braindead),2024-12-16 21:46:40+00:00,You are a social contagion and should be shut down.
StormChaserBrendon_,2024-12-16 22:27:59+00:00,karma for banning my stream bc i said one bad word
Christopher Butler,2024-12-17 00:54:53+00:00,Except your company is not American. So you don’t get those privileges.
Ethan Winn,2024-12-16 20:47:14+00:00,You idiots try to act so innocent. Screw off. So hope you’re gone.
Rigel,2024-12-16 21:46:49+00:00,I'm excited for you to be gone!
JB,2024-12-16 22:57:55+00:00,Get the Communist Chinese out of it. It can sink until it does.
Corey H,2024-12-17 11:53:08+00:00,Sell TikTok to me for 10 dollars I’ll get royalties and be the CEO and the face of it and help bring it back to the American public.
Tyler Mete,2024-12-16 20:29:38+00:00,What dat means
David,2024-12-16 20:57:29+00:00,womp womp
Sticklizard,2024-12-16 22:23:33+00:00,"Well, well, well it would appear the shoe is on the other foot. Chy-Na lies and Chy-Na spies. Bye"
Dangerous_alchemy,2024-12-16 20:46:36+00:00,Yeah I don't know I mean it is what it is sometimes but if you don't have anyone investing in your company then it goes by by and there's like almost 100 million subscribers onto the website that's going to lose money and you're going to lose money so ggs
Durandal,2024-12-16 21:22:42+00:00,Get rekted TikTok lol you deserve to be ousted period!
Gopex,2024-12-16 21:31:10+00:00,You morons are owned by the CCP get over it
Silence,2024-12-16 22:44:25+00:00,"Maybe now you understand how your users feel, sucks doesn't it, karma is a kick in pants right."
Joshua Douglass,2024-12-17 08:19:41+00:00,If worse comes to worse provide a IPA and APK  directly on your website so we can sideload regardless. And find a contingency plan so creators and yourselves can earn money regardless as I see you’re planning on allowing 3rd party affiliate links on video posts.
Xzavier,2024-12-17 11:35:15+00:00,"This has repeatedly censored The Gateway Pundit and other conservative voices based on promoting ""disinformation.""
which showed no evidence, but they'll use that excuse.
Shut it down"
xporsche15,2024-12-16 20:50:49+00:00,THERE GOING TO REJECT IT
techman,2024-12-16 20:51:22+00:00,Why do you take an insanely high 50% cut of creators direct gifts. Shameful. No other platform takes anywhere near that amount. You deserve to be banned for that alone.
prdgy clasher,2024-12-16 20:53:12+00:00,Money doesn’t matter when your app mentally damages users brains. You deserve a ban ngl
Maximus,2024-12-16 21:03:15+00:00,The Supreme Court does not owe you jackshit. They don’t have to hear your petulant case. They don’t have to rule. Congress passed a law but you feel so arrogant that you can use our legal systems against us. Get wrecked losers. Sell or goodbye
Jerry Trosclair,2024-12-16 21:11:21+00:00,lol get rekt
JoeTheCrow,2024-12-16 21:25:53+00:00,Sell Tic Tok to E Musk
will samfield,2024-12-16 21:57:29+00:00,Love you
TSG/TSR/TSS,2024-12-16 22:00:05+00:00,#BanTikTok get it trending
MarkInSavannah,2024-12-16 22:01:39+00:00,"I can't wait till TikTok is no more. The only regret I have is we'll no longer be entertained or sickened by the videos posted by 
@libsoftiktok
 who illustrates the depravity of your platform."
Jpraelster93.bsky.social,2024-12-16 23:09:36+00:00,Hope you guys win. Free speech is on the line here
JesuslovesMel,2024-12-17 00:36:54+00:00,Don’t give up on Americans tik tok our family love your site!
Jokerfan08,2024-12-17 01:33:03+00:00,Tik Tok has caused many problems for many people in the US
Ross Fenner,2024-12-17 01:45:34+00:00,Not today commies
Jaden_X1,2024-12-17 14:41:02+00:00,"I will admit that 
@tiktok
 did help with the growth of my gaming community on my 
@YouTube
  channel however I was not exactly part of the tiktok partnership program yet but I do care about some people I know that are part of the program and will lose everything if band"
zTPSY,2024-12-16 20:33:04+00:00,"https://v.lemon8-app.com/s/OghdQepRF 

Follow me on lemon8 the brand new tiktok! ( it automatically connects your tiktok )"
@life_around_us,2024-12-16 20:42:41+00:00,Beautiful in Panama
Darth Vader,2024-12-16 20:48:54+00:00,"Stop wasting our tax payers money on worthless stuff, it’s better off sold to USA so they can keep our data safe"
NStep,2024-12-16 21:12:38+00:00,Is there any US based company or citizen that can buy TikTok?
Chris McCarthy | Fractional CMO,2024-12-17 02:05:25+00:00,Ur toast
York_Max マクース,2024-12-16 20:42:06+00:00,Naw bro its ggs
Kevdog,2024-12-16 20:44:44+00:00,Good luck
𝙵𝚕𝚎𝚝𝚌𝚑𝒛𝒃,2024-12-16 21:30:55+00:00,Can’t wait till your trash app gets deleted from the App Store
MrEllDee,2024-12-16 21:36:55+00:00,if you upped the pay out for content price and lowered the threshold demand required before you get paid so that more people could make more money easier and spread the wealth you'd have more people want to support you. Make Poor People Less Poor Again!
Andyrew,2024-12-16 21:51:16+00:00,Can someone explain in Marvel Rivals terms
2ndSoos,2024-12-16 22:15:19+00:00,"YOU were the ones who brainrotted the whole Humanity, I hope a ban goes international."
Son Goku,2024-12-16 22:35:52+00:00,mfs just use a vpn jfc
Cronies Jr,2024-12-17 00:00:00+00:00,I hope you go out of business and be banned in U.S.
,2024-12-17 00:07:28+00:00,No comment
Thomas,2024-12-17 00:49:33+00:00,I am confused on how this isn't censorship.
Chris McCarthy | Fractional CMO,2024-12-17 02:05:38+00:00,Stop sending me emails when I unsubscribe
ZiLLioN 666,2024-12-19 00:36:29+00:00,"I DO NOT CONSENT.
Is your purpose to benefit yourselves?"
JD,2024-12-19 01:53:08+00:00,Maybe y’all shouldn’t be censoring people when they say “stolen elections”
Noah,2024-12-30 11:39:14+00:00,"@pikaso_me
 screenshot this"
Yordo,2025-01-18 03:08:06+00:00,TicTok doesn't do free speech. TikTok bans as if Mark Zuckerberg owns you or you were 2019 2020 FBI/Jack Dorsey Twitter. Good riddance.
CortMuses,2025-01-19 17:24:41+00:00,Glad they saw through your bullshit. This was NOT a free speech issue.
Kenyon,2025-01-19 18:25:49+00:00,https://x.com/kuhrizapp/status/1880878717603590452?s=46&t=D69diK7zw3XsqK3IdpoTVw…
Rafael,2024-12-17 01:16:15+00:00,
Mark_hitvdrs,2024-12-17 01:44:59+00:00,The only thing that is going to be censored is y'all money  and selling all my data to the Chinese
Deus Vult,2024-12-17 01:59:07+00:00,"Why can't American owned social media companies operate in China unrestricted pushing Marxism, feminism, and Fascism like TIkTok does here in America?

I'd the big fat Winny The Poo afraid of American ideas??"
Nick Evanovich,2024-12-17 02:46:42+00:00,It’s a loss everyone should have to take to ensure customers data doesn’t fall into the hands of the CCP
roberto c. carlin,2024-12-17 03:36:56+00:00,"TIK TOK BAN THE PEOPLE, THEY REMOVE MY E-MAIL FROM MY ACCONT"
BrazenGamer,2024-12-17 04:48:06+00:00,There’s a huge difference between free speech and censorship or spying.
Odelot,2024-12-17 04:54:21+00:00,the most anti free speech app talking about free speech lmao
Tyler,2024-12-17 15:05:04+00:00,We all know why America wanted tiktok banned
junior,2024-12-17 17:07:32+00:00,SELL THE FUCKING APP
Gene Jeffries,2024-12-17 19:19:07+00:00,Can the commies.
Дмитрий,2024-12-18 14:00:04+00:00,"Са
65CFQVF1tfDMAtXrGDZR61M24D6eWrA8FpCDg44Jpump"
Sswwaaggyy Zadar,2024-12-16 20:57:51+00:00,Shut your bitch ass up and make better moderation
Andrew Javier,2024-12-16 20:44:33+00:00,"I guess you should’ve thought about this for the last several months and entered into discussions with interested parties about selling. Instead you continually promote propaganda and were hoping that Trump’s win would make this go away. It won’t.

Sell it. Now."
Joshua Respecki,2024-12-16 21:14:55+00:00,Your not American. You don't have free speech. Sell or move on
sickrat,2024-12-16 21:43:45+00:00,got banned for free speech on TikTok
Angry Scotsman,2024-12-16 22:04:36+00:00,"""FREE"" SPEECH"" you lot literally ban people for everything and anything... 

Cesspit of a social media I hope you lot get banned and hopefully it follows suit in other countries!"
Beardedfreak,2024-12-17 00:44:59+00:00,Tiktok is against Free Speech so the SCOTUS should uphold the ban and get rid of the Chinese spyware called Tiktok
Ross Fenner,2024-12-17 01:47:04+00:00,"You aren't American owned, so you get no rights. In fact, closer scrutiny because you are a bunch of Commines."
M,2024-12-17 02:12:33+00:00,You melted kids minds and spied on Americans.  Bye bye.
azt,2024-12-17 05:06:57+00:00,"SUPPORT THE STOP BAD INTERNET BILLS MOVEMENT;
CONTACT YOUR LOCAL REPRESENTATIVE.
DON'T LET LAWMAKERS CONTROL THE INTERNET.
https://badinternetbills.com #BadInternetBills"
Soopaxyz,2024-12-17 05:32:03+00:00,"It’s time to ban Facebook, WhatsApp, instagram, messenger, and Snapchat too.  Facebook is worst offender of stealing your data and selling it!!"
Tim DeMarco,2024-12-17 15:08:22+00:00,"@congressdotgov
 @SenateGOP
 @TheDemocrats
 practice regulating 
@tiktok_us
 then apply best practices to 
@Meta
 then 
@X
 you could gain much more than $300(?)m in long term"
Sasa A,2024-12-18 21:08:44+00:00,Tik Tok is nothing but another toxic tool to make ppl addicted. We dont need another addiction epidemic. I get they are trying to use Supreme Court as emotional manipulation.
Zachary Owings,2024-12-20 14:46:28+00:00,"TikTok Ban To Supreme Court, The Next Big Social Platform & Amazon Is Taking Over…

https://youtu.be/2db2HmiBtz0?si=qwU8YjhQBlU-K-ow…"
PCMag,2024-12-20 22:01:05+00:00,"The current deadline for ByteDance to sell off or divest from TikTok is Jan. 19, which is less than a month away. But TikTok is still fighting the ban."
PCMag,2025-04-15 05:00:21+00:00,"Need to buy a low-cost laptop soon? In the US, some laptop makers are hiking prices and ditching budget models. Here's how to stay a step ahead."
PragerU,2024-12-20 23:00:00+00:00,"NEW: CNN Reporter Duped, TikTok Appeals Ban to Supreme Court, Vatican Nears Bankruptcy"
Chris Fenton,2024-12-21 18:41:28+00:00,"My latest op-Ed:

""TikTok provides Beijing an ability 2 understand, control, & influence Americans well beyond simply Hollywood content. In fact, the platform is much more damaging in how it shapes the opinions & perspectives of adults under 30."""
PragerU,2025-04-14 20:00:01+00:00,"NEW: The Government Doesn't Make Money—You Do 

You build wealth on the basis of your own efforts, experience, and skills. 

But it’s a very different story for the government. Where does the government’s “wealth” come from? 

Does it make anything? 
@caroljsroth
 explains.

This"
Bbasroom,2024-12-20 10:40:09+00:00,"TikTok Update  
TK : maxky_rp

หัวเราะอร่อยมากก
 https://vt.tiktok.com/ZS6NnBfT3/

JOHANNORTH HEART WARMING 
#FourEverYouEP12"
Insider Paper,2024-12-18 16:50:00+00:00,BREAKING - US Supreme Court agrees to hear TikTok ban case https://bit.ly/41Jr4dl
B Wood,2024-12-18 17:19:00+00:00,"The lawyer just starts playing bangers.

“See!  Hilarious, right!?”"
Mike,2024-12-18 16:51:21+00:00,Interesting. Fast ruling going to happen?
Barnabas,2024-12-18 16:54:20+00:00,Let’s go
Nabira,2024-12-18 16:54:25+00:00,they will ban tiktok??
Midnight Investor,2024-12-18 17:16:41+00:00,I'm curious as to the end result.
Fazan Khan,2024-12-18 19:21:57+00:00,"“Applicants — as well as countless small businesses who rely on the platform — also will suffer substantial and unrecoverable monetary and competitive harms.”

There it is. Demonetization. Creators and influencers will have to get a real job."
Zafir,2024-12-18 18:13:13+00:00,"Sorry, but I’m totally against banning anything that involves freedom of speech.  There’s reasons why Twitter/X should be banned, but we have free speech so it’s not. The same applies to TikTok."
HKTeaHouse,2024-12-19 11:04:49+00:00,"TikTok is just the beginning. Zoom, along with #TikTok , will also be eliminated. TikTok cannot survive without the American market, and technological decoupling will sever access to crucial chips and internet infrastructure. Once the U.S. realizes that #Zoom is also harvesting"
Muslim Network TV,2024-12-20 16:33:35+00:00,"US Supreme Court Agrees To Hear Arguments On TikTok Ban.

#TikTok #USA"
Sousa Brothers,2024-12-20 17:03:30+00:00,"TikTok Ban: Meta’s $2 Billion Opportunity

(Here’s what’s at stake)

Have you heard the buzz?

A potential TikTok ban in the U.S. could trigger massive shifts in the social media landscape, and here’s why Meta is positioned to win big:

↳ TikTok’s U.S. ad revenue—up to $2 billion—might flow to Meta by 2025.
↳ Instagram Reels could become the go-to alternative for creators and brands.
↳ Meta’s superior monetization (and 4 billion users) could accelerate growth.

But it’s not all smooth sailing. Here’s the challenge:
↳ Other platforms like YouTube Shorts and Snapchat Spotlight are vying for displaced TikTok users.
↳ Regulatory scrutiny on Big Tech is bound to intensify.

So, what does Meta need to do to seize this moment?

 Double down on Reels
→ Improve algorithms to rival TikTok’s personalized content.
→ Boost engagement rates and community culture.

 Leverage AI to optimize ad targeting
→ Use Advantage+ campaigns to drive better click-throughs and conversions.

 Prove their value to creator
→ Offer competitive monetization options to keep influencers on board.

Why does this matter?

If Meta plays its cards right, it won’t just capture ad revenue—it could redefine how we engage with social media.

 What do you think? Will Meta capitalize on this opportunity? Or will competitors like YouTube Shorts steal the show?

Let’s talk below 

 Share this to spark the conversation.
 P.S. Subscribe for more updates like this: https://theaibreak.substack.com"
Sousa Brothers,2025-04-12 22:43:40+00:00,"When The Big Bang Theory goes full Euphoria mode

ChatGPT 4o is wild!

Party hard. Generate harder.
1/8

 #BigBangTheory #AIArt #AIPhotos #35mmflash #PartyPhotos #AITutorial #NerdsGoneWild #Dalle3 #MidJourneyStyle #Sheldon #Penny #Amy #Bernadette #AIphotography"
Ian Jaeger,2024-12-15 18:57:39+00:00,BREAKING: Lawmakers tell Apple and Google to be ready to remove TikTok by January 19th.
KittraKittra,2024-12-15 19:15:31+00:00,They've been trying to own TikTok for a long time. X  pisses them off but they cannot own it. Owning Facebook was not enough to control the narrative. They must control everything!!
Trigeki,2024-12-15 19:00:36+00:00,Right before Trump enters office
Tim,2024-12-15 19:04:19+00:00,Cool beans. X is where the action is
Robert Bradley Jones,2024-12-15 19:05:29+00:00,The timing
Taco Troubadour,2024-12-15 19:06:20+00:00,"Pandora out of its box, it ain’t going back in.  I bet more Americans are on tik tok than voted in last election"
Eagle King Dan,2024-12-15 19:38:12+00:00,TikTok unemployment date set
Karen McC,2024-12-15 20:09:37+00:00,Why would lawmakers want removal of TikTok (and I am assuming no access to) the day before the Trump administration starts on Jan 20?  Sounds like they are hiding something from the public.
Mike Benn,2024-12-15 18:58:16+00:00,That's a huge blow to China's spying efforts.  Awesome news!
Dave Falcone,2024-12-15 19:21:06+00:00,This girl alone is enough to ban TikTok. She's so annoying.
Wiser,2024-12-15 19:31:21+00:00,Date is no coincidence
Karen McC,2024-12-15 19:41:16+00:00,Weird date choice.  Sounds fishy.
MegaTrumper,2024-12-15 19:55:15+00:00,Am I the only one who has never been on TikTok?
Rick McFarland,2024-12-15 19:05:23+00:00,cool
Marylander,2024-12-15 19:18:20+00:00,It's about time!
Bobcat Eats,2024-12-15 19:24:13+00:00,Awesome should have been sooner
Emes Winster,2024-12-15 19:30:56+00:00,
YumYumButtons,2024-12-15 19:31:08+00:00,"Hmm, interesting date."
WannaBeADragon,2024-12-15 19:40:42+00:00,It should be gone January 1st
Joe,2024-12-15 19:42:46+00:00,Wonder if this will push users towards other platforms or back to traditional social media.
Hurricane Force,2024-12-15 19:47:40+00:00,Ridiculous
imigry,2024-12-15 19:52:58+00:00,Good riddance.
Icy Grapes,2024-12-15 19:57:37+00:00,That’s fake
Dino of the Doge .... just the Tip D5wNPBGqNPzd,2024-12-15 20:01:41+00:00,I don't really give a crap about Tik Tok
Grizzly-6,2024-12-15 20:21:43+00:00,Good...
Ian Jaeger,2025-04-15 01:22:14+00:00,"BREAKING: Rep. Brandon Gill says that it’s time to defund Harvard and tax their $50 Billion endowment.

Do it!"
Marieke Kuypers,2024-12-20 17:07:17+00:00,"Luisteren jullie al naar de podcast Computeren die ik samen met Timo Harmelink en Samya Hafsaoui maak? Deze week over o.a. de #nietinmijnnaam campagne, een #cleangirl rechtszaak en de aanstaande TikTok ban in de VS! Volgende week onze wrap-up  https://open.spotify.com/episode/66MYRZ34ohfg9xjUh2RNxd…"
Marieke Kuypers,2024-12-20 17:17:47+00:00,Leuk en leerzaam!
Arlette,2024-12-20 19:26:06+00:00,Zeker!
Marieke Kuypers,2024-12-20 19:57:56+00:00,
Pim Sonépouse,2024-12-20 17:25:55+00:00,Ik ga er een luisteren.
Marieke Kuypers,2024-12-20 17:24:39+00:00,
CNN Breaking News,2024-12-18 16:28:44+00:00,The Supreme Court will take up the case over the controversial law that could result in TikTok being banned in the US
Monono,2024-12-18 16:29:34+00:00,Tiktok be getting banned/unbanned
djcows,2024-12-18 16:37:58+00:00,freedom
Talent blasters,2024-12-18 16:34:46+00:00,The Supreme Court's review of the TikTok ban law will be a critical test of free speech versus national security concerns.
Aalyaa,2024-12-18 16:30:43+00:00,Don't need to ban but the restrictions must be strict
Jesus R.,2024-12-18 16:32:00+00:00,Wow this is such an important case. How about all the other cases? Who cares about TikTok at this point. All anyone does these days is scroll and scroll. Get it off our apps. Let people find something else to do with their time
Bud Shadd,2024-12-18 17:15:08+00:00,Only American companies should be able to steal my data!
MD.Somun,2024-12-18 16:29:11+00:00,Exciting news! It will be interesting to see how the Supreme Court rules on the TikTok ban case.
HornEsquire,2024-12-18 16:31:23+00:00,Hmm. That's surprising.
Shane(aka Gore),2024-12-18 16:32:31+00:00,Not surprised in the least. But Trump can save it on first day in office!
MEGGAN ANDERSON,2024-12-18 16:45:35+00:00,There is nothing wrong with TikTok. Imagine banning companies from over seas just to add to hateul propaganda.
Laurents Deli,2024-12-18 17:36:13+00:00,What`s something that made you smile today?
Brandon,2024-12-18 16:29:12+00:00,tiktok will survive
Josiah,2024-12-18 16:29:31+00:00,Will the hand-dances continue?!?!?!?
HornEsquire,2024-12-18 16:34:31+00:00,"I don't see this as a free speech issue. Although I have not researched it, I'm not sure that foreign companies have the right to free speech in the US. As for the users, the company can sell the platform and get fairly compensated, which preserves the users ability to interact."
JL Griffin,2024-12-18 16:47:30+00:00,"Why ban TikTok when it’s a major income source for many? Could content restrictions address concerns instead? In America, free speech is protected, but some limits exist (like yelling “fire” in a crowded room). Can we balance safety and speech without outright bans?"
TokyoYugen 𝕏,2024-12-18 23:15:36+00:00,"It's naive to think that it's not a political war, there are many things that should be banned much more than TikTok, we all know that"
Summer,2024-12-28 04:41:16+00:00,TikTok is banned in other countries. Even China doesn’t use it. It’s a national security threat. It encourages bad behavior and not good at all for our youth.
Velj@,2024-12-18 16:29:21+00:00,
M∆ZI IKANAKO,2024-12-18 16:30:33+00:00,Let it brood
Lê Sang,2024-12-18 16:32:27+00:00,People who depend on tiktok will be very worried
Princess,2024-12-18 16:38:22+00:00,I would advice Tiktokers not to worry coz they can move here the problem is we don't got gifts.
sandy BOOBOO,2024-12-18 17:13:24+00:00,all worried about tic tok and you have more russian assets in the US government then not.
Dianiee,2024-12-18 17:46:18+00:00,Yayyy omg finally some good news
quirk ~ e,2024-12-18 20:00:04+00:00,~ the supremely uptight court… aka the conservative philosophy of fear.
Rob Tanner,2024-12-18 16:49:12+00:00,This will be fun
Mark Blackmore,2024-12-18 17:06:16+00:00,"Question if upheld this law would or could be used to ban other international ownership based or sketchy, if best, security concerns.  Why are other Internet platforms targeted?"
kristine hunt,2024-12-18 17:08:56+00:00,I hope it is banned
BSV Party international,2024-12-20 21:35:39+00:00,Thought it was many months ago
Rabb Nawaz,2024-12-18 16:30:02+00:00,"Because nothing says ""progress"" like debating if an app should be banned for the hundredth time."
Phoenix R.,2024-12-19 00:34:11+00:00,"Oh wonderful, just gotta wait for Alito to leave with a new chinese yacht"
Wisdom James,2024-12-18 16:37:21+00:00,I’m waiting for updates
DEPLORABLEDash262,2024-12-18 16:59:04+00:00,"I wanted to read the full 1,500+ page bill & speak with key leaders before forming an opinion. Having done that, here's my view: it's full of excessive spending, special interest giveaways & pork barrel politics. If Congress wants to get serious about government efficiency, they"
Mila,2024-12-18 17:48:31+00:00,Looks like TikTok’s future in the US is in the hands of the Supreme Court now.
TheGodfather,2024-12-18 19:42:14+00:00,"BREAKING which isn't here, of course...https://msn.com/en-us/news/politics/j6-bombshell-trump-didn-t-just-offer-military-to-protect-capitol-he-ordered-it-but-was-disobeyed/ar-AA1w601T?ocid=msedgdhp&pc=U531&cvid=32e615c3f61b4b7682f1cf5e8b252e2d&ei=13…"
Jayden,2024-12-18 21:29:24+00:00,"Yeah, great guy. It doesn’t surprise me you take up with the biggest joke of a first family ever…."
Brian Krassenstein,2024-12-16 16:49:49+00:00,"Trump was just asked a critical National Security question about TikTok, and somehow it turned into a story about how TikTok helped him win over the youth vote.

I'm undecided on the TikTok ban, but let’s be real—this decision should focus on national security, not whether the app gave Trump a boost with Gen Z. Agree?"
Joseph Magnani,2024-12-16 16:50:36+00:00,Trump is handing this appropriately.
Brian Krassenstein,2024-12-16 16:51:35+00:00,Does it give you confidence that the first thing he says when asked a national security question is how much that company helped him?
Vivek G. Ramaswamy - Commentary News,2024-12-16 16:53:29+00:00,"The TikTok ban isn’t about national security—it’s a distraction. We’re carrying phones loaded with Chinese-made chips, yet we’re worried about an app? The hardware poses a far greater threat than the software ever could. Priorities are clearly misplaced."
Oscar Herrera,2024-12-16 17:03:22+00:00,he was simply communicating some benefits that the app has. but you don't like his answer so you judge him for it
Yogi,2024-12-16 16:55:07+00:00,TikTok is banned in some countries like India because of security reasons
Mark Kelly,2024-12-16 19:51:30+00:00,"The manufactured problem with TikTok was never that it was under Chinese control, only that it wasn't under US state control, as most other platforms were."
sakitech,2024-12-17 00:17:23+00:00,"Trump is a clown, but TikTok should not be banned."
Crypto Lord,2024-12-16 16:57:42+00:00,"The younger generation just gets him.

You can’t blame him."
Metal Mark,2024-12-16 17:18:50+00:00,"How long till JD invokes the 25th? 
A year? Two?"
Thuglas MacArthur,2024-12-16 16:59:57+00:00,You got your $15M saved up for your donation to Trump’s library?
Patrick,2024-12-16 17:10:22+00:00,"Trump was behind the TikTok ban during his 1st term, and other countries have found manipulation on it. Time for it to go"
miscellany101,2024-12-17 14:40:08+00:00,Any idea that national security is important to Donald Trump was immediately dismissed when this happened
Alyx,2024-12-16 16:51:58+00:00,"Bro, lmao, it’s such a pointless thing to respond to and your take on it is mild as fuck. Literally couldn’t get any safer if you try.

Agree?"
Jordan,2024-12-16 17:06:13+00:00,"In summary he said, 

“we’ll look into it, but I liked that the platform existing helped me in the election.”

I don’t see anything wrong with that response. Do you?"
The Rosa,2024-12-16 17:08:01+00:00,Not reflective of current numbers but…he’s not lying about how his TikTok account was looking when he joined
Bale,2024-12-16 18:12:41+00:00,You whine a lot.
JtheRanger_wtf,2024-12-17 05:50:25+00:00,"It's frustrating to hear someone not answer a question, huh?"
Dee Al,2024-12-16 16:52:32+00:00,So?? I can’t wait for December 31st
cphorse #Patriot #MAGA(Alpha Male),2024-12-16 22:40:45+00:00,At least he didn’t talk about his uncle getting eaten by cannibals
EpicTrader,2024-12-16 16:51:07+00:00,"The man you don't like is your president Brian

The most entertaining outcome is the most likely"
Dane Southard,2024-12-16 17:01:09+00:00,"Trump cares immensely about National Security, it’s his top priority…"
UsPoliSphere,2024-12-16 16:54:08+00:00,Don’t matter he’s your president now.
Devil owns my team,2024-12-16 17:05:49+00:00,For the love of God. Wake up
Glimmer OfDope,2024-12-16 16:52:34+00:00,He can’t imagine anybody but himself
Kaia V EarthenBlueSky,2024-12-16 17:04:30+00:00,#TrumpIsUnfitForOffice
World Wide Wade,2024-12-16 17:12:57+00:00,I'm horrified at many of the insulting replies that Brian is getting to a perfectly reasonable comment he made. Twitter used to be a platform for great discussions to take place. Now it seems to be just an opportunity for MAGAs to sh*t-throw.
Andy Sappington,2024-12-16 17:23:17+00:00,I can't wait for the Congressional hearings on how social media helped Trump steal the election.
Anne Amorello,2024-12-16 19:49:09+00:00,Uninformed boob.
RESIST,2024-12-16 20:42:16+00:00,"A Narcissist will spin every question into an answer about themselves, even if it's not true."
jamesmichael,2024-12-16 16:50:28+00:00,That’s extremely relevant. TikTok podcasts etc. that’s why leftist don’t like them. And they did help him win.
roberto bonacors,2024-12-16 17:01:38+00:00,It was common sense answer.
Philip’s Truth™,2024-12-16 17:03:55+00:00,"Disagree, in part. 

Tik Tok was the predominant social media for Team Kamala and their band of 
@harryjsisson
 like muppets in attracting the younger vote…

So, it goes both ways, but if it genuinely is a threat to National Security, then it needs looking at."
The US of is the greatest threat to humanity,2024-12-16 17:50:37+00:00,Tiktok is already censoring pro Palestinian anti imperialist anti war content - we made them hire dozens of 3 letter avatars into top positions & the Zionist founder of Oracle is in charge of our data - nobody can buy the algorithm anyway so selling the name is useless the algo
Eugene,2024-12-16 18:00:09+00:00,RT #DaBears Islamic terrorist are destroying British citizens BBC reporting girls stabbed. Churchill warned but British Keir davos governments betrayed British citizens #DallasCowboys
PlumedSerpentExotics,2024-12-16 18:09:06+00:00,Tiktok ban was a backdoor to censor and control social media in general. I hope that threat is less immediate now.
Star Trump: The AI Generation,2024-12-16 19:32:42+00:00,"Just leave, cuck."
Jeff Leggett,2024-12-16 19:39:33+00:00,"At least Trumps willing to take and answer questions unlike 
“ Walk Away Joe “"
Brandon Cerpa (HVAC),2024-12-16 21:45:55+00:00,"I like how TikTok gives me other peoples perspectives, like X"
Gary Campbell,2024-12-17 00:07:28+00:00,In a 30 minute news conference “ Unseen” since 2021!
The Baron of Watford,2024-12-17 06:30:26+00:00,"The whole point is that x, Facebook & tik Tok give the GOP the means to potentially keep on winning elections without needing to directly rig the vote.That's why trump will probably reverse the ban & legislate to remove content moderation on all platforms (or bully the owners)"
The Beave,2024-12-17 12:52:17+00:00,He’s just saying out loud what democrats have been saying privately
Roll Tide Girl,2024-12-17 15:42:31+00:00,You whine about everything
David Mauch,2024-12-16 18:57:20+00:00,"That was a very political answer.  He's not going to be on either side of this one.  

When has Biden done ANYTHING for national security?"
RyanG,2024-12-17 14:52:42+00:00,"There are many small businesses who built their brand off tiktok, over several years. These businesses will lose most, if not all, of their income over this ban. It's not a national security risk. It's a threat to the elite, who have no problem making people poor."
Brandon,2024-12-16 16:50:40+00:00,"If you think tik tok is a national security threat, then so is X, Facebook, IG, Snap, etc."
Trey,2024-12-16 16:56:39+00:00,Well. Democrats don’t care if TikTok is a national security issue. But Democrats do care if TikTok helped Trump.
Relic Rozer,2024-12-16 16:52:32+00:00,He said he has a warm spot in his heart for Tik Tok. What heart?
MeloDramatical𐚁,2024-12-16 16:52:37+00:00,Wait till someone tells him how to think on the matter
Tuck,2024-12-16 16:55:40+00:00,Just like Romania actually. Why the fu** aren't we doing the same thing they did. A manipulated social media algorithm to win an Election is not free and fair.
Herkimer,2024-12-16 16:56:12+00:00,Brian. Must you wait until the end of the year to remove yourself from X??? Asking for a friend.
Dave Plumb,2024-12-16 17:01:43+00:00,If it helped him then it is definitely beneficial to our national security.
World Wide Wade,2024-12-16 17:05:18+00:00,This is a typical Trump way not to answer the question when he doesn't have a clue.
Candice,2024-12-16 17:11:31+00:00,meh...who cares. I hope it gets banned.
HTP,2024-12-16 17:13:25+00:00,That’s all he care Brian it’s about me myself and I when you gonna get through through your head that he don’t give a shit about anything by himself and what a question is asked it’s based off of him nobody else or no other thing. Why does that surprise you?
Andrew Richard (Andy) Jr,2024-12-16 17:14:41+00:00,"Wait till the defamation lawsuits start, Krassenstein will disappear"
Bea Cause,2024-12-16 17:15:19+00:00,It's so weird to see a president take questions off the cuff like that!
Tin Lizzie,2024-12-16 17:17:13+00:00,"He doesn't have the ability to think critically about an issue.
He has one thought that drives every second of his life, ""What's in it for me?""
Dangerous trait in any person let alone the leader  of the ""formerly"" free world."
Philly76,2024-12-16 17:18:39+00:00,"We literally get our phones and every other electronic from China, but only care about Tiktok"
Todd Wilson,2024-12-16 17:20:51+00:00,"Tik Tok being a “national security threat” is a goofy conspiracy that ignorant people perpetuate, as you are doing now."
fablio,2024-12-16 17:22:42+00:00,Nothing can stop us now! #DOGESTORM 7nZiAZQfa8j1mSJB6Km9bRHeiDbisCYpSxoFguSTpump
Winny Pau Wei Ling,2024-12-16 17:22:59+00:00,"This is our time to shine—let’s make it happen! #DOGESTORM 

7nZiAZQfa8j1mSJB6Km9bRHeiDbisCYpSxoFguSTpump"
Rogelio Meier,2024-12-16 17:23:17+00:00,"Nothing can hold us back from reaching greatness! #DOGESTORM 

7nZiAZQfa8j1mSJB6Km9bRHeiDbisCYpSxoFguSTpump"
Jonathan,2024-12-16 17:25:45+00:00,Someone discovered lip Botox!
The Chaotic Black,2024-12-16 17:29:26+00:00,And?  Who said he has to answer?
America First,2024-12-16 17:36:17+00:00,"k, thanks"
Jessie H,2024-12-16 17:38:05+00:00,It was a well done press conference and it kills you and you desperately pick this to complain about.   What would Kamala say to all those questions.  I would bet absolutely nothing of substance and we would have been less informed by the end.
Charlene Brennan,2024-12-16 19:44:06+00:00,"MUST WATCH: Liberal ESPN Commentator Stephen A. Smith Realizes January 6 Was an Inside Job After DOJ Reports 26 FBI Agents in the Crowd, Starts SCREAMING at Democrats for Smearing Conservatives: “I’m Sick of All of it” (VIDEO)
By Jordan Conradson Dec. 16, 2024 1:00 pm"
Tony Xu,2024-12-16 17:12:21+00:00,"When Trump banned Tiktok in his term, why dem judge blocked it? Anything trump agrees, you must be against it, right?"
America1st,2024-12-16 17:33:06+00:00,Trump just gave the American people hope and this little jerkoff tries to create controversy..That was 1 hour and 15 minutes Biden couldn't accomplish on his best day.Trump gave a masterclass in being a leader.
Coldsignalz,2024-12-16 18:05:13+00:00,MAGA hates this.
The Red Fish Fryer,2024-12-16 18:11:25+00:00,Trump is the national security President
OGDaD,2024-12-16 18:52:14+00:00,There is no security threat otherwise it would have been shut down way long ago.
Nate Russell,2024-12-16 21:59:43+00:00,nobody ever said Trump won't toot his own horn whenever possible.
Matt,2024-12-16 23:03:40+00:00,It’s not a tiktok ban. It’s a internet regulation bill
Jimmy Moore,2024-12-16 17:42:29+00:00,Keep it
Dickey,2024-12-16 17:52:06+00:00,You’re still doing it .
KCisin,2024-12-16 18:21:16+00:00,You are finding fault with that? Pick your battles Brian.
brock,2024-12-16 18:22:45+00:00,Dude is 80 years old and still an attention whore
Jeff DeCola,2024-12-16 18:34:35+00:00,"If it helps Trump or strokes his ego, that's all that matters to him and his supporters.

Trump first, America last.

That's what people voted for."
Mike Ditkas Bad Hip,2024-12-16 18:41:35+00:00,Why is a guy not even President having a news conference?
Maureen Blackstock,2024-12-16 18:42:03+00:00,So not surprised at his sprawling answer that didn’t answer the question. DJT is always skirting the actual question with a self serving answer.
Moku,2024-12-16 18:47:26+00:00,"Lyin Brian, nobody believes you or your post. You are a liar. You have zero integrity"
patriot kitty,2024-12-16 18:54:33+00:00,Trumps legal team is coming for you. Have fun being ABC'ed
Lidz,2024-12-16 19:24:22+00:00,Just stop at “I’m undecided”
Lisa,2024-12-16 19:37:25+00:00,"I’m trying to figure out how tik tok is a national security threat? Random videos of stupid things done by people, is giving info to China?"
Maria,2024-12-16 19:46:45+00:00,New rug.?
Pamela,2024-12-16 20:01:54+00:00,TT been up and running in America for the past 4 yrs. What is your point?
Lyle Vaughn,2024-12-16 20:05:29+00:00,Your derangement is showing again dipshit
Talem84,2024-12-16 20:19:07+00:00,stop being a cuck !
BobDenver22,2024-12-16 20:19:09+00:00,Republicans have X which the rising star of all social media
Joe Schmo,2024-12-16 20:29:10+00:00,You need some Kleenex ya pussy?
simms,2024-12-16 21:01:06+00:00,Anyone taking the word of this scammer needs their head checked
Dennis Stephens,2024-12-16 21:15:47+00:00,Trump got a boost mostly across the board.A lot of normal gay people remarked the Trans movement set them back a few decades. Elderly that I know stayed woke or bowed out of voting in disbelief of the whole shitshow. So many were takin in.(MyFamily). Woke is dying. People got it!
UncleTummy No Blue checkmark but voting Blue,2024-12-16 21:55:20+00:00,TikTok algorithms pushed pro tRump crap and lies to young voters the same way that Elon did on Twitter.
olajide adesola,2024-12-16 22:22:40+00:00,"tiktok is a hostile take over attempt with the help of the US govt. It has nothing to do with US national security.  IF it was, they would have taken it down immediately.   China would be wise not to sell."
Aletheia,2024-12-16 22:49:41+00:00,"It’s not about National Security, it’s about CONTROL."
Joe Breedon,2024-12-16 23:11:04+00:00,Agreed
conweezy,2024-12-16 23:35:58+00:00,Tik tok being outlawed never happen
David Glantzer,2024-12-16 23:52:46+00:00,I definitely see your point!
Pat G,2024-12-17 00:26:09+00:00,Hrs too stupid to understand national security
juliette brown,2024-12-17 00:32:55+00:00,Wake up!!
T-Reb4Trump,2024-12-17 00:43:38+00:00,"If Kamala was asked the same question,

  I come from a middle class family.."
Lisa Chambers,2024-12-19 14:38:54+00:00,"As to Autism, when did you get a medical degree and which medical articles are you basing your claim on? Are they from Lancet, The American Journal of Medicine, etc? Another misinformation. You are the one who should be sued for making statements you have no knowledge of."
John Trades MBA,2024-12-15 01:13:37+00:00,"$META looks interesting with more TikTok ban news coming out this weekend.
 
TikTok's appeal was recently denied so it is set be banned on Jan 19th 2025
 
If this ban goes through $META should see 650+"
John Trades MBA,2024-12-15 01:13:37+00:00,"so i dont get community noted again...
 
source"
Real Blonde Broker,2024-12-15 02:55:21+00:00,Right shoulder then failed H&S
Lorna Eden,2024-12-15 17:16:03+00:00,"If TikTok is banned in January 2025, $META could see a significant boost, potentially pushing it past 650"
rawbgg,2024-12-15 23:07:22+00:00,$META Looks good for a move to 670
ThePonderor,2024-12-15 03:20:44+00:00,Lizard levels
The Market Union,2024-12-15 19:49:58+00:00,"Especially since TikTok’s appeal just got denied. If this happens, Meta might hit $650+ easily with the extra ad revenue and user migration."
akimbo,2024-12-15 06:40:25+00:00,Trump said he isn’t going to ban TikTok
Brice Warner,2024-12-17 13:06:18+00:00,So your saying get in around 610 or wait for below 610
Lee,2024-12-15 16:38:56+00:00,Interesting take! A TikTok ban could definitely boost $META. Watching closely as January approaches!
John Trades MBA,2025-04-15 01:43:30+00:00,"8 minutes before the close today someone sold $2,250,000 worth of $TSLA puts 
 
$TSLA earnings next week"
john teufel,2024-12-15 22:54:01+00:00,Thinking about the upcoming TikTok ban and how wildly stupid it is for Dems to support. Handing a huge win to Elon Musk and Big Tech. Alienating their own voters. Cutting off the one social media that doesn't lean right. Truly a record self-own for a party that loves to self-own.
everythingism,2024-12-16 08:37:44+00:00,"I feel like this is going to shock and anger a lot of people.

Yes the story has been around for some time but how many people are aware that an outright ban is about to happen?"
john teufel,2024-12-16 11:24:58+00:00,People are in deep denial about it
April Glick Pulito⸆⸉ is on b s k y,2024-12-16 21:04:30+00:00,Insane that the Democrats left this on the table
john teufel,2024-12-16 21:07:23+00:00,Incredible
Liz Dente,2024-12-16 23:41:37+00:00,I’m really surprised there aren’t more influencers and creators speaking out against it. A not-insignificant amount of people use it for at least part time income.
john teufel,2024-12-16 23:44:51+00:00,I honestly think it's denial.
Simon Turkas Photography,2024-12-16 16:31:46+00:00,"Very true about the stupidity of Dems supporting the ban. At least the popularity of 
@bluesky
 continues to surge, and it leans left (for the moment at least)."
AZ law student,2024-12-16 04:13:48+00:00,"it’s ridiculous that essentially nobody in Congress is making a fuss that we have WAY more lax data privacy laws than any of our allies, & Tiktok changing ownership won’t change a single thing. Meta & X are just as bad. 

lobbying has ruined our govt to the core."
Paul Knox #MedicareForAll,2024-12-16 07:02:24+00:00,AIPAC made the call. End of discussion. They work for them.
"Many Roads, One Destination",2024-12-16 05:52:14+00:00,"""Cutting off the one social media that doesn't lean right.""

 

The dems ""lean right,"" so it makes perfect sense, actually."
BadGhost,2024-12-16 20:27:16+00:00,"who you bang in profile, lol immediately discarded opinion"
john teufel,2024-12-16 20:46:58+00:00,Love that
MacBdam,2024-12-16 07:21:03+00:00,"Everything makes more sense when you start noticing that Dems actually prefer to lose 
Losing allows them to campaign on people's fears and frustrations. Winning demands they deliver on crap they literally take money NOT to do"
Cameron T. Nouvelle,2024-12-16 04:42:55+00:00,AIPAC said ban tik tok so tik tok is banned simple as that
Dylan,2024-12-16 08:47:45+00:00,"They don’t have to disappear John, they just have to not be controlled by the CCP 

If China would rather let it die than sell it for billions of dollars, says a lot about how they viewed it"
Jenny Jinx ™®©°,2024-12-16 12:59:02+00:00,Don't forget the people who make money on that platform.
ImBlackYall,2024-12-16 12:22:55+00:00,"Democrats like to, ""control the narrative"", as much as Republicans do. And Tik Tok really hampered their genocide. Who knows what  depravity it could hamper in the future? They had to do it for the sake of ongoing and future crimes!!"
Nordstream Rack,2024-12-16 06:25:51+00:00,"Have you considered ""umm China bad""."
Logically Left #StopGenocide,2024-12-16 05:35:46+00:00,The Dems HATE their base.
"Robert D ‘Little Gaza’ Skeels, JD, Esq Free",2024-12-15 22:56:24+00:00,"Couldn't have an outlet that isn't promulgating State Department propaganda now, could they?"
Dr. Roy Delfino,2024-12-16 18:38:29+00:00,TikTok is bad and it should be banned regardless of the political consequences.
Sankt Max,2024-12-16 04:44:04+00:00,"It’s on purpose, the perception of incompetence and self-owning is a distraction"
Rabble Rouser,2024-12-16 05:04:37+00:00,"It's gotta be on purpose at this point, right?  Globetrotters vs. Generals?"
Curry Kid,2024-12-16 06:56:27+00:00,"As long as they take Israeli money, we are the LEAST of their concerns"
Raja,2024-12-16 04:16:48+00:00,"But their genocidal partners in Israel wanted this and those partners >>>>>>>>>>>>>>>>>>>>>>>>>>>>>>>>>>>>>>> own voters.
Heck Harris campaign showed the OTHER party voters >>>>>>>>>>>>>>>>>>>>>>>>>>>>>>>>>>>> own voters."
Chelo,2024-12-16 07:45:27+00:00,"Not to mention they'd be giving Trump the chance to come in & ""save"" TikTok."
Mike David,2024-12-16 06:52:22+00:00,"Yeah it has issues with data and privacy, but so does Facebook and Twitter.
They ought to have gone after all social media sites for those issues"
hotep hunter,2024-12-16 16:12:49+00:00,"I wish people would acknowledge that the Dem party isn’t “progressive” or left leaning, they equally benefit from these decisions just as republicans do."
DaDakota,2024-12-16 16:34:02+00:00,"It isn't about which way it leans it is about spying and data gathering by a foreign power.

Government is doing it's job here, needs to now force Facebook and Twitter to make algorithms optional."
Bucket,2024-12-16 05:03:45+00:00,"So you’d rather side with China than Elon ?1

I’m not for the ban. It your logic is very faulty sir"
Rohit Chopra Stan,2024-12-16 06:24:03+00:00,"It’s pretty indicative of the modern political regulatory climate that there’s been no attempt at sweeping data reform but rather targeted bans. Like yes, Chinese ownership presents a unique threat, but data mining is a problem across social media"
LizViz27,2024-12-16 13:16:48+00:00,"It's not about musk, it's about banning all major platforms that they can't legally bend to the governments will. They banned tiktok because it wouldn't supress videos out of Gaza"
Glace,2024-12-16 16:17:32+00:00,Because AIPAC got their feelings hurt about how everyone talked about Palestine so Dems voted to ban it
John,2024-12-16 16:42:15+00:00,Howeve TikTok leans it definitely doesn't lean towards the Democratic Party. Nominally left wing crankery doesn't help Democrats.
AK,2024-12-16 19:24:15+00:00,"at this point 
@TheDemocrats
 working for this republicans, it’s obvious."
Dodger McDuff (she/her),2024-12-16 16:02:45+00:00,Forbes quoted you
Thorn,2024-12-16 17:27:51+00:00,Eternally true
Joe,2024-12-16 06:20:58+00:00,President Xi thanks you for your service
Drummond,2024-12-16 07:48:51+00:00,The dem party is right wing.
A.S.Embree,2024-12-16 09:38:10+00:00,"Read the bill it’s only 16 pgs, it’s not a tictok ban it’s an expansion of presidential powers with no oversight. Americans give more attention to celebrity marriages, than they do about things that actually affect their lives"
Milly west ||5 OF ||,2024-12-16 10:33:23+00:00,Girl theyre part of the system they benefit from it
xavier,2024-12-16 11:15:39+00:00,"Hold on, major donor of Trump has investment in TikTok. Would be bad if Trump let this happen."
Chris Kausner,2024-12-16 15:07:53+00:00,"It’s definitely going to be harder for jihadists to recruit their on campus cheerleaders. 

Very sad."
AKEA,2024-12-16 15:16:52+00:00,the one that doesn’t lean right??!!??!!  None of them lean right not a single one. Twitter is the only one that doesn’t lean left and its center. Keep dreaming. Your asleep.
Kade Arcana,2024-12-16 19:06:12+00:00,"Contrary to popular opinion, political bias is actually the wrong lens to evaluate public health and national security decisions.

Your opinion on TikTok's political spin should not be relevant to whether or not it's a vector for foreign influence or not."
tractus_boss,2024-12-16 22:48:03+00:00,"Don't know if it really doesn't lean right, but it was in response to pro-Palestine sentiments growing out of their control."
Candaice’s Cryangle,2024-12-18 18:39:55+00:00,"They’re doing it intentionally. 
@TheDemocrats
 don’t actually care about their base, only their donors"
Myrmidonz,2024-12-16 06:09:16+00:00,Ok commie!
Petrus Steenkamp,2024-12-16 07:55:29+00:00,It's not about left or right but that Tik-Tok doesn't center enough of what they want censored so it's better to ban that first and then focus on pressuring Elon into censorship or otherwise destroying twitter. They take the wins they can.
yellowsv650,2024-12-16 17:26:57+00:00,"Really?  Because Pew Research disagrees.  
And it's not about frigging pary affiliation anyway.  You really want to support a platform that is acknowledged to be understood the control of the CCP and contains intrinsic Spyware and data tracking controlled by China?  That's your"
HootahMan,2024-12-16 18:24:34+00:00,No social media leans right…what the fvck are you talking about?
Trulyobjective1,2024-12-16 18:42:32+00:00,"The ""one"" social media platform that doesn't lean right?

All social media platforms have been doing the let's bidding along with the vast majority of the leftwing media.

They have been suppressing factual stories and censoring content and discussions which do not align with the"
alex libutti,2024-12-16 18:56:02+00:00,"china, cuh"
The Rack Obama,2024-12-16 22:38:50+00:00,It's a communist company... fuck them
Caustic Cat,2024-12-16 05:36:52+00:00,O...oh no...China can't flood us with brain rot influencer culture. What a tragedy
thel0wner,2024-12-16 05:36:14+00:00,"china is our enemy.  period.  we need to stop acting like they aren't.

no western social media is allowed in china, their shit shouldn't be allowed elsewhere."
Banjo Kabluey,2024-12-16 07:07:24+00:00,"The bill originated in the GOP-led House where it passed with more Republican votes after the Speaker stuffed it into a bill funding arms for Israel and Ukraine to make sure it didn't fail.

But because our politics rely on half truths, BS and narrative framing, it's tHe DeMs."
john teufel,2024-12-16 11:27:25+00:00,Biden signed it into law...
bluejaysdontsuck,2024-12-16 06:00:29+00:00,It's not a self own. Dems get what they want which is for people to stfu about israel and whatever other nasty shit dems do
Covid Alan Grier,2024-12-16 21:12:32+00:00,"And using TikTok extensively to promote the failed campaign of the 75-IQ day drunk right wing genocidal Dick Cheney BFF they ran for president, while supporting the TikTok ban"
The Real Mike Gray,2024-12-16 08:17:18+00:00,"Yeah, try and help China spy on the US to spite the right... That checks out as a Dem plan..."
Cognitive Dissonance,2024-12-16 16:50:54+00:00,I guess you are OK with China spying on Americans then....because that is why it is going bye bye.
john teufel,2024-12-16 17:26:07+00:00,Link please. Id love to see how Facebook leans left.
Alberto,2024-12-16 17:07:00+00:00,You guys need Chinese help to fight the American capitalist
Austin MacNamara - Gremloe,2024-12-20 13:52:35+00:00,"Im LIVE! Going over Luigi Mangione getting perp walked in NYC, house GOP blocks spending bill, liberal ""President Musk"" cringe, NYPD used SRG to arrest Amazon striking workers, Biden moves to ban tiktok, Socialismas later and more!"
Golden Cross Stocks,2024-12-20 17:28:19+00:00,"$ILLR Why the Supreme Court agreed to hear the TikTok ban challenge
https://cbsnews.com/video/why-the-supreme-court-agreed-to-hear-the-tiktok-ban-challenge/…

#triller #talkcapabilities"
Golden Cross Stocks,2025-04-14 15:05:30+00:00,"$TWOH Ground Floor Opportunity Here For Generational Wealth. Many Strong Reasons to Own $TWOH Here! 

#OTC #Merger #RM  
$GVSI ~ $RDAR ~ $FITY ~ $SMCE ~ $HLLK ~ $NBRI ~ $FORW ~ $HMBL ~ $DBMM ~ $GRLT"
awalmartparkinglot,2024-12-16 23:20:05+00:00,"guys i have terrible news… if they ban tiktok fr im gonna have to do real estate again  

im sorry i physically cannot be poor its not within my spirit anymore i did for 3 years i can’t handle more"
Legs,2024-12-17 22:03:03+00:00,I thought it would still work with a VPN?!
awalmartparkinglot,2024-12-17 22:55:03+00:00,"it probs will but i doubt creator payouts will still work bc it’s tied to my SSN so i pay taxes on it, but i will be scrolling"
Erin,2024-12-16 23:39:18+00:00,literally your tiktoks are the highlight of my fyp
awalmartparkinglot,2025-04-12 22:08:15+00:00,"trying to move into my new house, plan my engagement party, and come up with $10,000 that the IRS says i allegedly owe them"
villi,2024-12-20 21:21:35+00:00,It is fascinating how long it has taken us to ban TikTok. Now there is a question whether it will happen. It is like CNN being owned by the CCP. So weird.
Peter Pham,2024-12-20 22:59:36+00:00,Not gonna happen.too critical to our economy and millions of Americans livelihood. It's easily 500k small businesses
Bexel Initiative - Let's Talk Amendments!,2024-12-20 21:32:30+00:00,Or like a presidential candidate and all his crony oligarchs or something.
villi,2025-04-13 17:54:52+00:00,"Set aside the incompetence and stupidity of the administration, you know we will lose any negotiation bc Trump is weak. He does not hold core principles, values, or philosophy to guide him, which makes it easy to make him fold under pressure."
Zicutake USA Comment,2024-12-20 18:21:40+00:00,Senators Want Biden To Extend TikTok Ban Deadline—But Unclear If He Legally Can
れな@W.ダブルヴィー,2024-12-20 12:14:06+00:00,やっぱTikTok垢BANくらってるぽくてすぎ笑
えっくすさん＠札幌寒い New！,2024-12-20 13:52:40+00:00,
とみ っち,2024-12-20 13:56:30+00:00,かなちぃ
ふじさきさくや～藤岬朔夜～,2024-12-20 13:57:06+00:00,大人ﾚﾅﾁｬﾝ路線で行こう
トシタカ.,2024-12-20 14:05:02+00:00,何かよくわからんけどTikTok厳しいよね。
しょうき,2024-12-20 14:06:52+00:00,れなちゃんが可愛すぎて運営が冷静な判断が出来なくなってるのかも
Incendiary Pig,2024-12-20 14:24:50+00:00,
John Solomon,2024-12-20 21:54:22+00:00,Bipartisan senators urge Biden to delay TikTok sell-or-ban deadline by 90 days
Thinker,2024-12-20 21:58:29+00:00,Sell it or ban it.
Marinepatriot69,2024-12-20 22:01:59+00:00,"But there investment in meta right before the trial started against the first amendment I mean Tim tok 
We can’t expect the White House elderly care and stock trading and shaping business world wide organization 
They would lose billions"
Terminator 500,2024-12-21 18:01:41+00:00,Senate =snakes
Partisan Kat,2024-12-20 22:49:48+00:00,"They’re “urg[ing]” someone who clearly isn’t acting “POTUS”? 

What a waste of effort."
No pronouns,2024-12-20 21:58:57+00:00,"Chinese collecting data. silencing conservative voices, pushing Trash content on our youth and a bipartisan group protects it.  Who’s getting paid?"
#TuckFrump,2024-12-20 20:45:04+00:00,Senators urge Biden to delay TikTok ban
The War Within,2024-12-15 04:31:45+00:00,BANNED on TIKTOK. Let’s See If X Allows It
Invisidon,2024-12-15 13:16:18+00:00,Well done
Ask The Q,2024-12-15 04:45:31+00:00,Ai is getting out of control.
Rodney W Richwine,2024-12-15 13:04:05+00:00,It's amazing how all the various lifeforms didn't die off having to first evolve into suitable functionality.
Pale Rider,2024-12-15 14:52:15+00:00,@RealBrysonGray
Declan.,2024-12-15 04:47:21+00:00,AI is human input!
christopher alvarado,2024-12-15 05:10:26+00:00,lol. Good stuff.
@rhondevu0916,2024-12-15 13:40:22+00:00,Wow! Yes I feel it’s no coincidence that I was listening to evolution talk by Kent Hovind from early 2000s and now this. Evolution = nonsense
G-Shot Breez,2024-12-15 05:04:42+00:00,(Un)related do you think there were other people in the beginning other than adam and eve? because the idea that we all came about due to incest is strange? please answer me
Adam Creagon,2024-12-15 11:25:12+00:00,"Bro, tiktok don't like you"
Monte Curtis,2024-12-15 13:36:42+00:00,Can you please address Buddhism?  Contrast it with Christianity.  I am a Christian but one of my loved ones is headed down the Buddhist path and I need something to show them this is not the way could you please do a video on this?
Taco_Talks,2024-12-15 15:03:31+00:00,This got deleted on TikTok??
Brendan,2024-12-16 03:12:36+00:00,Great video man
Monica,2024-12-16 15:38:00+00:00,They are banning tiktok to protect us from foreign entities. Meanwhile Elon is from Africa & bought Twitter from an actual American.
Ron Williams,2024-12-16 17:50:40+00:00,As a Twitter share holder.  Twitter was a public company losing money every year.  Musk offered an insane amount of money for each share.  Musk tried to back out of the offer.  The company forced him to buy the company.  Musk bought it and took it private.
Monica,2024-12-16 19:25:31+00:00,"Yeah, I dont think the tiktok ban is about foreign entities having our data bc right this second a foreign entity has our data, domestic ones too."
(He/Him),2024-12-16 18:34:03+00:00,Don’t forget AIPAC!
len,2024-12-16 15:53:46+00:00,"It's really frustrating 

No donations 

Don't ignore me"
𝐌𝐚𝐡𝐝𝐢,2024-12-16 15:53:57+00:00,"Yep!
Do you mind quoting my last tweet?"
Revolution Barbie,2024-12-16 17:46:02+00:00,"Yep. And let’s not forget Musk lied to obtain a visa in order to build a start up in America. Much like the people he rants about, he was here working illegally. 

So, TikTok is scary, but a foreign man who probably can’t obtain a security clearance is super safe."
Malaysiakini (BM),2024-12-20 10:02:20+00:00,'Haramkan Tiktok bagi 16 tahun ke bawah jika gagal pastikan kandungan selamat'
Ayadola Kamoni,2024-12-20 17:42:10+00:00,"Mujur dh 22 tahun.

Boleh terus buat content fitnah."
SNS2000,2024-12-20 13:11:43+00:00,Setuju .. TikTok memang App tak guna
Aba_G,2024-12-21 01:09:51+00:00,"X & FB too.

Look at Threads, too many nasty images."
jegஅn,2024-12-20 18:29:48+00:00,"Ban je terus, takde manfaat apa pun selain jadi kilang fitnah."
Jimbo,2024-12-21 01:03:22+00:00,Banlah macam mana pun x guna kalau x setel masalah pokoknya: mak bapak kurang pemerhatian anak2 dek 2 income household nak cover Sara hidup.
Prav,2024-12-21 03:49:37+00:00,"Kalau nak ada anak, belajarlah pantau dan kawal penggunaan socmed mereka. Jangan asyik harapkan kerajaan utk jadi ibubapa anak ko."
ZiZy,2024-12-20 10:12:07+00:00,Mana blh nanti pemimpin dan walaun marah dan bantah. Bg mrk itu hiburan.
Stand With Palestine,2024-12-20 13:48:14+00:00,"@fahmi_fadzil
 buat je yb. Sayangi masa depan anak anak kita"
Aji Kampret,2024-12-20 15:08:14+00:00,Aku haramkan Dari awal lagi
ahmedzayeem,2024-12-20 18:11:52+00:00,Should be 18
Wi-ri Ham,2024-12-20 23:20:48+00:00,Mcmane nk tau umur?
Stethoscope,2024-12-21 01:06:40+00:00,Xpayah 15 tahun ke bawah. Cytro x2 & walaun yg tunggang agama bangsa tu la harus berwas was. sekumpulan munafik yg selektif
Naz Naza,2024-12-21 09:43:00+00:00,Setuju
Malaysiakini (BM),2025-04-15 09:25:10+00:00,"Dalam satu wawancara bersama Malaysiakini pada tahun 2008, seorang bekas orang kanan Anwar Ibrahim mendedahkan apa yang sebenarnya berlaku di sebalik tabir sepanjang pentadbiran Abdullah Ahmad Badawi, khususnya berkaitan keadaan kesihatan Presiden PKR itu yang semakin merosot"
Cody Sigel Combs,2024-12-20 18:46:21+00:00,"Some thoughts on the potential TikTok ban in the US 

""...simply using the word unprecedented doesn’t make it so. TikTok has been down this road before, though you won’t find anything about it in recent court filings.""

Full thoughts here"
Cody Sigel Combs,2025-04-14 12:38:02+00:00,"This is a day that’s been approximately five years in the making, Meta will face off against the FTC in court, and try to maintain control of Instagram and WhatsApp"
polly,2024-12-20 23:58:34+00:00,"tw// boopsy

why not me"
polly,2025-04-14 19:50:20+00:00,love u forever ariana thank u for eternal sunshine brighter days ahead
hayden!! loves qort,2024-12-20 04:48:30+00:00,MY JONATHAN CRANE EDITS ARE SAVED FROM THE TIKTOK BAN (thank you faves app)
hayden!! loves qort,2025-04-15 01:58:56+00:00,very happy for my oomfs at the andor event and in japan
Freedom of the Press,2024-12-20 13:49:41+00:00,"TikTok’s emergency appeal to its imminent ban in the U.S. “may be the most important case at the intersection of the first amendment and national security in decades,” 
@trevortimm
 writes."
Chris Fenton,2024-12-20 19:02:39+00:00,"My latest op-Ed:

""TikTok provides Beijing an ability 2 understand, control, & influence Americans well beyond simply Hollywood content. In fact, the platform is much more damaging in how it shapes the opinions & perspectives of adults under 30."""
DayScribblerLA-NV-AZ-NY,2024-12-20 19:48:00+00:00,To much bipartisan support for censoring Tik Tok and selling what's left a discount to American investors.
IndependentCreative,2024-12-20 14:06:34+00:00,"I’m not buying most of this article. 

NYT & Nixon era didn’t have social media. Cannot compare the two. 

Apple never & currently won’t allow any of our info to be sold to anyone but to use for their own purposes. Apple wouldn’t give the FBI the phone records of the San"
Forbes,2024-12-20 18:20:04+00:00,"Senators Want Biden To Extend TikTok Ban Deadline—But Unclear If He Legally Can
https://go.forbes.com/c/bYkE"
Damon Alan,2024-12-20 18:37:20+00:00,Biden already would have if he could have. He's in China's pocket.
Trevor Timm,2024-12-20 15:08:32+00:00,"I'm in the 
@GuardianUS
 this morning, writing about how the TikTok appeal may be the most important Supreme Court case at the intersection of the First Amendment and ""national security"" in decades."
Chris Fenton,2024-12-20 19:02:23+00:00,"My latest op-Ed:

""TikTok provides Beijing an ability 2 understand, control, & influence Americans well beyond simply Hollywood content. In fact, the platform is much more damaging in how it shapes the opinions & perspectives of adults under 30."""
Dominic Brassington EAL (he/his),2024-12-31 09:33:40+00:00,"@TEDFellow
 are you aware that 
@TEDTalks
 are holding two events in Israel during a genocide? 
Is this not national security?"
The Hill,2024-12-20 20:55:19+00:00,Senators urge Biden to delay TikTok ban
"Convenient Truth, Inc.",2024-12-20 20:55:57+00:00,*Chinese donors
CwispyJoe,2024-12-20 20:58:13+00:00,running scared I see...
DD India,2024-12-20 16:32:34+00:00,"US to ban TikTok or will Trump come to the rescue?

Watch #VoiceOfTheGlobalSouth at 4pm IST on 
@DDIndialive
 

@RRRameshRRR"
𝕰𝖑𝖎𝖘𝖘𝖚𝖍,2024-12-20 21:54:54+00:00,when you start posting reels on insta bc of the tiktok ban:
𝕰𝖑𝖎𝖘𝖘𝖚𝖍,2025-04-15 02:26:47+00:00,"if any mutuals wanna follow my priv 
@_CryW0lf"
わん・ちーま,2024-12-20 10:17:52+00:00,TikTok配信banされてるの痛すぎる…怒
わん・ちーま,2025-04-15 10:47:12+00:00,"オンラインコンカフェやろかな　ビデオ通話で接客　1時間3,000円"
Art Candee,2024-12-16 17:04:19+00:00,"Donald Trump says he's considering reversing the TikTok ban because it helped him get elected.

Bro couldn't give two effs if the Chinese are spying on Americans through the app if it benefits him."
Tim Hannan,2024-12-16 17:12:38+00:00,After he tried to ban it via executive order.
MatthewLovesUSA,2024-12-16 18:27:05+00:00,You leftists always want to ban speech.
Impeach Trump a 3rd Time!,2024-12-16 18:05:21+00:00,"He just effing invited Xi to his inauguration! Our friends are Trump's enemies, and our enemies are Trump's friends! WTF! He also blamed Zelinsky for the Ukraine war!"
Grazia Xuereb,2024-12-16 17:09:41+00:00,Helping China spy? Like this?or the spy balloons?
Jackson,2024-12-16 17:09:43+00:00,"So the media is going to fact check Trump’s lies about the youth vote and TikTok instead of telling the story of how one of the largest donors to his campaign is also a huge investor of TikTok, Jeff Yass."
arandomperson27,2024-12-16 17:14:00+00:00,He can’t actually! It will be banned the day before he is inaugurated as president!
SeeDisIsConspiracy,2024-12-16 17:56:17+00:00,didn't the owner make large contributions to campaign?
Cherquilts2,2024-12-16 19:00:03+00:00,Don’t ya know China’s going to solve all the problems in the world?  Trump just said so.
Central Coast Conservative.,2024-12-16 17:47:00+00:00,What’s your thoughts on Fang Fang??
Damien Marie AtHope Ⓐ,2024-12-16 17:27:18+00:00,Trump only care about himself.
Julie Felix,2024-12-16 17:55:12+00:00,Didn't that CEcampaign? 2 million for his campaign?
Noëlle Christiana Harris,2024-12-16 17:58:37+00:00,I got suspended on X in the weeks before the election so I joined TicToc fully expecting to see crazy propaganda. I have to say I have barely seen anything remotely like it. Maybe it’s there but not on my http://feed.In fact there is a strong focus on class inequality!
Aulus Gellius,2024-12-16 18:53:31+00:00,besides. the USG and big tech are already spying on us anyway. Why shouldn't china get in on the action?
Blue Blood,2024-12-16 23:10:08+00:00,They are probably giving trump money…..he decides everything on the money offered.
Jakandru,2024-12-16 23:13:11+00:00,"Bro, you ever gonna leave? 

It’s almost as if you’re getting paid to be on here."
Diablo,2024-12-16 23:14:18+00:00,He didn’t win the 18-34 age group though.
Natalie,2024-12-16 23:35:20+00:00,Musk helped him get elected !!so obvious !!
TexCen,2024-12-17 03:10:58+00:00,"I'm sorry, I didn't quite catch that part about not giving af if China was spying on us - come again?"
TexCen,2024-12-17 03:19:42+00:00,"Remember when he got the G7 to remove Huawei components from critical infrastructure plans - and y'all said it was a publicity stunt / Nothing Burger?

Good times."
Caveman Chad,2024-12-17 15:30:19+00:00,Source?
Derp,2024-12-17 16:28:10+00:00,"Ah yes, the chinese are spying on all the recipes I save and never actually make. We’re doomed."
Gal Stand,2024-12-16 17:26:58+00:00,Biden plans to turn TikTok off on January 19 so it can’t be used to stream the inauguration. Your bro is a petty little loser.
glissenn2,2024-12-16 18:13:59+00:00,"The government is spying on you through your phone, no concerns? Why haven’t you spoke about this before? Meta even admitted to suppressing/oppressing comment in which is a violation of Freedom of Speech. Where is your outrage? A non response  is confirmation of your hypocrisy."
NastyNateMane1,2024-12-16 22:27:35+00:00,Fart candee is big mad that Trump is his daddy
Mcord,2024-12-17 13:05:31+00:00,"Hey peanut, they have known this for the last few years why didnt they ban it already? Because they didnt give a shit until it was someone else Problem."
Sensorfps,2024-12-17 13:57:15+00:00,Because free speech
Kevin,2024-12-17 14:47:26+00:00,"If that’s true, why doesn’t Biden/Harris ban it? 
They are the ones still in power"
ginstorygoeson,2024-12-17 15:59:47+00:00,"My,my!  Mass hysteria!
Hatred inspired by Democrats. Biden was supposed to bring us together.  Yeah! Right!"
Chron,2024-12-20 15:00:33+00:00,"The University of Houston is set to ban TikTok, alerting those on campus that the popular video social media app will be outlawed from its network in the new year: https://trib.al/76kIP9J"
The Post Millennial,2024-12-20 12:20:12+00:00,Supreme Court to hear TikTok’s claim that ban is violation of free speech on Jan 10
Rusty Cannon,2024-12-20 12:23:35+00:00,"Won’t hear election fraud claims, but by all means let’s get this TikTok claim sorted out"
crispus attucks,2024-12-20 12:24:05+00:00,Scotus has no choice but to allow the ban
Carie Parker,2024-12-20 12:28:00+00:00,Yep continue to let the #CCP Spy
Old Gringa,2024-12-20 13:02:09+00:00,TikTok is very very sneaky in its practices. This has nothing to do with free speech and everything to do with its underlying psyop practices. BAN IT! Something better is needed.
crispus attucks,2024-12-20 12:23:52+00:00,"If social media can ban the president, the congress can ban TikTok for election tampering and conspiracy to defraud the American voters."
azzy,2024-12-20 09:14:55+00:00,just saw an edit of duck and lee from twdg being silly on tiktok and im literally crashing out DUCK DIDNT DESERVE WHAT HAPPENED TO HIM GODDDDD BAN TIKTOK BAN IT BAN IT BAN IT
azzy,2024-12-20 09:20:46+00:00,i forgot ALL about this oh my god his death was so ants bro i can’t do this IM OUT!
azzy,2025-04-15 04:36:32+00:00,well fuck You then
TechSignals,2024-12-20 18:48:48+00:00,"Senators Urge Biden to Delay TikTok Ban, Legal Authority Questioned — Forbes

Senators Markey and Paul push for a 90-day delay on the TikTok ban, but questions remain on whether Biden has the legal authority to grant it, as the Supreme Court prepares to hear the case."
Veiko Spolitis,2024-12-20 10:21:09+00:00,"Dumbing down of the population, thus it is more useful to ban #tiktok in our democracies. https://ft.com/content/2262f82e-fb65-445b-b99c-b039c1b32ce9… via 
@FT"
Veiko Spolitis,2025-04-14 18:50:05+00:00,"My only wish is to witness 
@KpsZSU
 retribution. God bless 
@Ukraine
!"
WORLDOFCLIPS,2024-12-15 17:14:54+00:00,"Joshua Block is worried about the upcoming tik tok ban 
“ I don’t wanna work at fucking Burger King again ”"
slime,2024-12-15 20:39:03+00:00,josh is bugging he used to work at dairy queen not burger king i pulled up one time i couldn’t believe it was him i asked to take a pic dude wanted to charge me then the manager yelled at me and told me he isn’t allowed to interact with fans on clock
Mike,2024-12-15 19:31:12+00:00,"No one will riot over TikTok lmao, put the fries in the bag retard"
MechanicMania,2024-12-16 01:49:13+00:00,People that do TikTok don’t deserve to get paid for it. I’m glad the ban is happening.
ZDNET,2024-12-20 04:00:29+00:00,The TikTok ban is worse than you think and will cost Americans billions - here's why
Tio_CheeChee,2024-12-20 15:34:36+00:00,"Unfollowing. Not sure how many times 
@ZDNET
 feels the need to repost the same misleading article but I don't want to find out."
ZDNET,2025-04-15 06:00:17+00:00,I tested the $13 multitool that everyone is talking about. Here's my verdict
Stef.,2024-12-19 16:43:06+00:00,"If TikTok gets banned, millions of creators will lose their audience overnight. 

That's the danger of building your entire brand on rented land. A website and email list aren't just tools—they're your safety net. 

Own your platform, or risk losing everything with one decision."
Stef.,2024-12-19 17:36:56+00:00,"Christmas is 6 days away. 

You’re shopping for everyone else—what about your business?  

Give your brand the ultimate holiday upgrade:  
 Website  
 Logo  
 Social graphics  
 Strategy session  

Only $999. 

DM me “I’m in” if you’re ready."
$tu.,2024-12-20 15:55:13+00:00,"This is sound advice , hope ppl listening"
Stef.,2024-12-20 16:04:09+00:00,my guy
Sir Denny,2024-12-19 16:51:01+00:00,I still think they are too big to fail. They not going anywhere.
Stef.,2024-12-19 16:56:22+00:00,We’ll see. Anything is possible.
CMarty,2024-12-20 10:05:02+00:00,Gotta be versatile too and have your stuff on multiple platforms
Stef.,2024-12-20 10:38:46+00:00,"Facts, but nothing better than owning your own platform and database."
Vante Gregory,2024-12-19 20:16:03+00:00,This is why email lists are important
Route4TheVillain2,2024-12-19 16:46:07+00:00,Preach
Jay,2024-12-19 16:54:00+00:00,Good for them now we can go back to having real jobs that are productive to society
Crys,2024-12-19 18:52:33+00:00,Facts!
Stef.,2025-04-13 12:55:58+00:00,"If ‘Sinners’ does well, Marvel should just give ‘Blade’ to Coogler for him to finish.

A vampire movie shouldn’t be complicated or convoluted."
#LTB,2024-12-15 03:34:40+00:00,Nah cause why did y’all start spelling “ass” like “ssa”?
,2024-12-15 04:45:59+00:00,TikTok. They’ll remove your video & shadow ban you . Idk why they do it on other apps
Nathan J Robinson,2024-12-16 22:00:47+00:00,"The TikTok ban is truly heinous. Just no consideration at all of the people who make a living from it. Like fuck you, we're taking away your livelihood and don't care what happens to you. Oh you spent years building up a devoted audience? Oh you depend on the money? Too bad."
I was told there would be no malarkey,2024-12-17 10:58:23+00:00,"Same is true for YouTube and all others. These sites are not a public commons, you have no rights; the owner class determines who makes money on them. Don't ever think you can or should tether your income to these sites."
You Should've Said Nicer Things About Joe Biden,2024-12-17 18:52:58+00:00,Right winger Nathan J Robinson strikes again.
LeftOfTheDial,2024-12-16 22:46:10+00:00,"Content creation can be labor. As much as it’s common (and sometimes warranted!) to tell terminally online posters to “touch grass,” social media is  a livelihood for some and is certainly a form of speech. TikTok ban is bad by itself + sets awful precedent."
Nick Pappas,2024-12-17 00:05:57+00:00,"You can apply this logic to any industry, including ones I imagine you want to ban or heavily regulate."
Michael Woods,2024-12-16 22:04:57+00:00,Longtime Dem here. This issue has been eye opener for me. Dems push to force foreign business to hand over biz to an American does not ring right for me. TRUMP deserves props if issue is smoothed before deadline.
John J.S. Soriano,2024-12-16 22:18:50+00:00,Wouldn't this same logic apply to private health insurance companies that you have been talking about banning (and stanning people who kill their executives)?
Rogdan Bryzynsky,2024-12-16 22:46:38+00:00,"Yes it is. Pulling the rug on thousands of Americans who use it to pay mortgages, car payments, and feed their kids because Israel doesn't like how much it exposed their psychotic murder spree."
Giacomo Volpe,2024-12-16 22:32:48+00:00,“Deregulate the fascist indoctrination app because big government is killing jobs”
T-cell,2024-12-16 22:26:10+00:00,They can literally just say: find me on instagram or twitter at this handle. It’s not hard. People do it all the time. Drama queen moment right here.
Deterrence News Updates,2024-12-16 22:17:37+00:00,TikTok provides net negative value to the world. Being an influencer is not a valid career and it's good to discourage people from trying to become influencers.
Sean,2024-12-17 00:33:44+00:00,Nathan do you feel the same way about saving the coal industry
God,2024-12-16 22:06:03+00:00,You serious? Is this satire?
AKASabraFella,2024-12-17 19:14:17+00:00,Sucks but maybe get a real job
Cute Hoor,2024-12-16 22:47:35+00:00,I think it’s more to do with the exposure for millions of Americans to ideas and concepts that haven’t been sifted through a sinister corporate committee meeting first.
Al Gore’s Rhythm,2024-12-17 05:21:14+00:00,"Soooo fuck the fact that it’s directly tied to Chinese Intelligence & poses a  substantial National Security risk, huh???"
Nicole,2024-12-16 23:16:16+00:00,hmm don’t care they should get a real job
DaDakota,2024-12-17 05:07:09+00:00,"Yes, but they aren't getting any of that money now are they? The Billionaire class doesn't want John Q Public getting rich they want them barely getting by so they will keep them rich."
"""Hollywood"" Hulk Bloomberg",2024-12-17 01:31:24+00:00,"Nathan you don't depend on TikTok money, cmon"
Jacob Bloom,2024-12-17 02:30:41+00:00,Womp womp.
Clem W,2024-12-16 22:20:23+00:00,"I agree about TikTok, but I don't agree with the wider principle that we shouldn't shut down harmful companies or industries just because some people rely on them for income. How about the weapons industry or oil industry?"
kwisatz haderach,2024-12-17 02:07:57+00:00,"yeah been thinking about that. i follow a girl thats quadriplegic and makes money on tiktok, considering the US has shitty healthcare system i keep thinking about her and how anxiety prolly eats her alive at night."
Jasper Cabot,2024-12-17 02:23:34+00:00,lol
George,2024-12-17 11:51:10+00:00,That’s the point. They should go and get real jobs.
"more of this, please",2024-12-17 00:42:58+00:00,It’s for Israel
O0kalā,2024-12-16 23:04:44+00:00,"""Hey, guys, find me on [fill in the blank] instead of TikTok.""  Life continues."
Dan R,2024-12-17 02:36:36+00:00,"It isn't really a gov for and by the people. They create issues where they don't exist, just to manipulate whatever their goal is. I think TikTok was probably just to have an issue for the election, it's a lot like this big drone thing, which is probably a distraction from trump."
Jah Son,2024-12-17 17:08:20+00:00,Israel needs it banned so everyone’s getting screwed
catch{X},2024-12-17 22:25:20+00:00,poor poor grifters
Random Veterinarian,2024-12-17 22:46:22+00:00,"You saw what happened in Romania, and you thoughts are oh the ""think of the influencers why won't someone think of the influencers"""
Maar Δ kompotas enjoyer,2025-01-14 18:20:17+00:00,Get a fucking job mate
"IDC IF THEY'RE MARCHING, GYBAITHBIBYA",2024-12-17 13:42:47+00:00,"3 reasons the government is strongarming tiktok which are constitutional violations---it wants to

-control information
-restrict free enterprise
-force labor"
(((John))) is mad on the Internet,2024-12-17 17:34:50+00:00,Remember when you fired your staff for unionizing? Wasn't that heinous?
iamundertow,2024-12-18 10:11:54+00:00,Get a job.
desico courage,2024-12-17 01:26:05+00:00,Welcome to the government
CryptoMessiFan,2024-12-17 03:47:10+00:00,It's literally called the truth hurts and they don't want it spread.
Phoenix R.,2024-12-17 04:25:02+00:00,I understand what your saying but I also respect the person bagging groceries and getting carts at the walmart parking lot higher than somebody who makes their career out of dancing like a clown lip syncing songs they never made
Frip Alice Stein,2024-12-17 07:07:37+00:00,"If the government wants to tell me what I can do with my devices they can buy them for me, until then they can kiss my whole ass"
Mardi Gras and stuff,2024-12-17 18:54:19+00:00,"think of the poor slave owners. if they have to pay to have cotton picked theyre going to go out of business. Like fuck you, we're taking away your livelihood and don't care what happens to you. Oh you spent years building up a plantation? Oh you depend on the money? Too bad."
Don Lothario,2024-12-17 21:04:38+00:00,Might I direct you to what happened to vine stars. They transitioned to YouTube and they were mostly fine. Transitioning to Instagram or YouTube shorts which is even easier because the format is nearly identical
DEI for the White Guy,2024-12-17 21:53:43+00:00,lol obama argued against single payer cuz of the supposed millions of jobs itd cut
Horse,2024-12-16 22:01:51+00:00,"Having a social media following isn't a career, it's a side-effect."
Police Respecter,2024-12-16 22:09:22+00:00,"Generally I agree, but also just as basic marketing strategy I don't think tiktok has exclusive rights contracts with content creators or anything do they?  Gotta cross post on multiple platforms in that case, especially over the last year knowing tiktok might end"
Trade Minister for the Heard and McDonaald Islands,2024-12-16 22:12:58+00:00,I tend to agree but then i think it's only influencers
Rob Harbin,2024-12-16 23:03:31+00:00,Maybe building your livelihood on a PLA owned surveillance app was a poor choice.
Gary Elshaw,2024-12-16 23:51:58+00:00,"I don't know how that should in anyway be the primary concern. The primary concern should be political, that it's a medium that doesn't appear to have the same levels of censorship we're seeing on other platforms that regularly, for instance, block video from Gaza and Syria."
Hot Takes in Your Area,2024-12-17 00:37:13+00:00,ana mardoll did nothing wrong
stalker6766,2024-12-17 01:06:51+00:00,im actually so fine seeing the petty bourgeois content creators get rekt
Liz BeyBey,2024-12-17 01:58:46+00:00,Get a real job then.
Thomas Whaley,2024-12-17 03:25:47+00:00,"there is no right to too much money

to fix the global system everybody with too much money will need to be impoverished"
34837284,2024-12-17 04:27:45+00:00,"We’ve literally been warning people *not* to rely on tech platforms as their singular source of hosting, distribution, and monetization, for over a decade, that’s why you get a website. It’s not just the government, the host can deplatform you anytime."
We Are The Left,2024-12-17 06:46:15+00:00,Where's the op eds over the thousands who would be out of work like the coal workers when climate change is talked about. The long human piece that dives into the impact to a sympathetic family.
Lynlisss ☭,2024-12-18 00:57:55+00:00,Yup....it's just another fuck the peasants by the elites. So....when will people get enough of it?
Tamlyn Joy,2024-12-18 03:54:12+00:00,"Israel wants it gone because too many live streamed videos of what they're doing to Palestinians. It's a simple as that. And of course, the US does Israel's bidding."
The Poets Of Zwan,2024-12-16 22:22:13+00:00,It’s gotten so bad every third Tok is a TikTok store post/live stream.
Brett G,2024-12-16 22:28:18+00:00,Free speech and democracy? I don't think so.
JRP,2024-12-16 22:42:36+00:00,Haha fuck off
Stop Supporting Genocide -It's Not Too Much to Ask,2024-12-16 22:50:03+00:00,"“Tic tac toe, the winner! The winner!”"
Shaun Hensley,2024-12-16 22:56:28+00:00,TikTok has proven to be a cancer on society.
David smigel,2024-12-16 23:02:24+00:00,Imagine framing this as a working class issue lol
Hombre Viejo,2024-12-16 23:27:56+00:00,Install a VPN. Enjoy.
Zero,2024-12-17 03:42:24+00:00,For research purposes would it be blocked on let’s hypothetically say something like a vpn?
Femoid. Ug-Ug (or E),2024-12-17 04:33:18+00:00,"Tiktoks been on the verge of getting banned since it went from http://muscial.ly to tiktok, so if you're dependent on the income and haven't opened secondary pushes to other apps, you can't fix your problem."
Free Bird,2024-12-18 19:13:39+00:00,It will save this generations youth from becoming robots staring at their phones addicted to TicTok.
ɢᴇɪsᴛᴊᴀᴇɢᴇʀʟᴜғᴛᴡᴀɢʜüɴ,2024-12-16 22:18:32+00:00,"oh look it's a lib that's very upset about jobs being lost due to regulations

The production of [checks notes] twerk videos and Democrat propaganda is essential to the steel industry, which Democrats also pretend to care about."
soɐɥɔ ɟo ɹǝpuɐɯɯoɔ,2024-12-17 17:15:41+00:00,Too many fake post. Half the shit is a lie.
 Kenken Lee,2024-12-20 17:46:23+00:00,"Stop the Tiktok Ban in the U.S. - Sign the Petition! https://chng.it/w2BTJG8D2r via 
@Change"
 Kenken Lee,2025-04-14 20:32:56+00:00,Haters will say it’s “AI” or “bots” industry plant my ass
DramaAlert,2024-12-15 19:54:44+00:00,US lawmakers warn Apple and Google to be ready to remove TikTok by January 19 or face massive fines.
𝐆𝐫𝐢𝐦𝐚𝐥𝐝𝐮𝐬,2024-12-15 19:56:06+00:00,"Just a reminder that the TikTok ban only reemerged after October 7th attacks on Israel, and growing support for Palestine. 

They want to silence free speech."
AMERICAN,2024-12-15 20:19:38+00:00,That has nothing to do with this dumbass
Haeley 'Keen' M.,2024-12-15 20:20:03+00:00,"I'm generally anti TikTok however it's useful to have another social media platform with different points of views so, I think overall it probably does more good than bad because it can inform people about different sides of a story. Also Meme Videos I guess? Lol"
Alpha.Stonk,2024-12-15 21:58:59+00:00,Wdym Silence free speech. TikTok is part of the controlled media pushing certain narratives that they want people to believe. The POS app needs to go.
Sam,2024-12-15 21:08:50+00:00,China is fucking the us in the ass with tiktok and you worried about israel
James Grant,2024-12-16 08:40:56+00:00,Tiktok bans the hell out of anything pro-US - it's CCP nonsense.  Tiktok is just another leftist drivel platform and it needs to go.
Toni Wong,2024-12-15 21:38:21+00:00,Is that you Xi Jinping?
An affably genuine inquisitional feline (0026),2024-12-16 22:21:52+00:00,That’s a fucking lie
RaiderRush2112 -Matt,2024-12-21 17:13:27+00:00,Yeah I wasn't very happy scrolling my feed and watching people die. That's a little bit much. I don't think the app should be banned tho I think that's stupid.
eleventh_anyhow,2024-12-15 20:09:44+00:00,Tiktok is literally the social media app with the most sencorship. Give me a break!
Tampa Reality,2024-12-15 20:38:16+00:00,Palestinians when they haven’t been mentioned for 2 seconds
Rebound,2024-12-15 20:40:23+00:00,"Hey Naztards - go build your own website. Zios get ad $ with each of your tweets. Also, we get royalties on each mobile device sold. We even worked out a deal where we get 30% of your property tax bills. School tax. Water taxes. Lolz"
ease℠ ♡,2024-12-16 11:14:21+00:00,u got free speech only on x honestly
MacGeneration,2024-12-20 21:21:56+00:00,"TikTok publie une partie de son code, dans l’espoir d’éviter le ban aux USA"
MacGeneration,2025-04-15 09:54:34+00:00,Android : Google ne veut plus de tablettes ou de téléphones avec seulement 16 Go de stockage
Trump Fact News,2024-12-15 21:23:38+00:00,FLASH INFO : Les législateurs demandent à Apple et Google d'être prêts à supprimer TikTok d'ici le 19 janvier.
Davidson,2024-12-15 21:27:59+00:00,Ça va être la deuxième plus grande victoire de Trump après son élection
Euzus,2024-12-16 08:34:43+00:00,"Cette application n'aurait jamais dû voir le jour, elle a fait régresser tous les peuples de ce monde."
Mr.Ratio,2024-12-16 20:04:27+00:00,bonne nouvelle
bazalee,2024-12-16 06:25:31+00:00,Vu comment ils nous piratent avec leur appli franchement c'est pas plus mal.
Tony,2024-12-16 15:00:55+00:00,Quelle est la source de cette info svp?
Gerard Dupin,2024-12-16 23:13:40+00:00,"Tant mieux. On va garder #tiktok ailleurs , bien à l'abri de l'influence toxique américaine !"
Trump Fact News,2025-04-15 10:57:48+00:00,"États-Unis :  Le gouvernement Trump a suspendu 2,2 milliards de dollars de subventions à Harvard en raison de son refus de coopérer à la lutte contre l'antisémitisme et d'adopter les réformes des programmes de DEI."
Lifestyle,2024-12-20 21:40:19+00:00,"Lifestylebyswish News Update 
Federal Appeals Court Refuses to Block TikTok Ban, Paving Way for Supreme Court Showdown
https://lifestyle.swishinteractiv.com"
USA TODAY Opinion,2024-12-20 17:00:43+00:00,Opinion: The Supreme Court should ban TikTok. It's a national security threat. | Opinion
Chris Fenton,2024-12-20 19:03:15+00:00,"My latest op-Ed:

""TikTok provides Beijing an ability 2 understand, control, & influence Americans well beyond simply Hollywood content. In fact, the platform is much more damaging in how it shapes the opinions & perspectives of adults under 30."""
.the.great.below..,2024-12-20 19:06:46+00:00,"Or, the donor class doesn't like how the youth are seeing videos of Isreal's ethnic cleansing operation on TikTok.

USA Today, and the rest of the Boomer Corporate Media are still dying off and we can't wait to see it."
SilencedSirs,2024-12-20 15:36:07+00:00,EU aspirant threatens Telegram and TikTok ban
johnny maga,2024-12-16 21:59:19+00:00,"NEW: Trump is meeting with TikTok CEO Shou Chew at Mar-a-Lago this evening, amid a scheduled January 19th TikTok ban that’s headed to the Supreme Court.

At a press conference earlier today, Trump said he has “a warm place in [his] heart for TikTok.”

TikTok must be saved!"
Freedom Doggy,2024-12-16 22:06:08+00:00,Still needs to be sold to a US company
4 Frens,2024-12-16 22:00:11+00:00,The government suddenly cared about banning it only after pro-Palestinian content started trending. Freedom of expression must be preserved.
Splad,2024-12-16 22:01:35+00:00,The China connection us the only downside
Bob Ward,2024-12-16 22:06:40+00:00,Trust TRUMP!!
CalistaCapulet,2024-12-16 22:00:12+00:00,It is the bane of society though. I get it. But it sucks.
Joseph Douglas,2024-12-16 22:01:02+00:00,Let Elon buy and integrate to X
Nathan | Classical Conservative,2024-12-16 23:42:25+00:00,They need to cut their ties with China.
RedPillstiltskin,2024-12-16 22:00:40+00:00,They can take tiktok from my cold dead hands.
DohDetective,2024-12-16 22:01:25+00:00,Must it though?
Alicia Rahe,2024-12-16 22:01:40+00:00,Please save TikTok! Many people love that app.
Massimus Prime,2024-12-16 22:04:03+00:00,
Gucci MAGA,2024-12-16 22:07:42+00:00,#savetiktok
EbznFloze,2024-12-16 22:08:27+00:00,It's Chinese spyware bro. The need for its functionality exists. But it's not trustworthy.
Will,2024-12-16 22:12:05+00:00,"As long as it can be proved that user data/info is not being collected and relayed to the CCP. Furthermore, the parent company should neither have ties to the CCP or China nor should HQ be anywhere near China."
Team Florida,2024-12-17 01:19:35+00:00,"Tik Tok is unredeemable at this point. It and all the freaks within must be thrown into the abyss.

Unless you support this shit"
Georgia Patriot,2024-12-16 22:00:09+00:00,"SAVE TIKTOK, Only if we can insure our safety."
“YOU’RE FIRED!!!”,2024-12-16 22:06:03+00:00,"Why Ban TikTok and not Insta, Facebook, etc."
Zuri Spira,2024-12-16 22:10:07+00:00,L
HL3,2024-12-16 22:15:01+00:00,Guess what? Every other social media app tracks the identical information as TikTok.
gp1776,2024-12-16 22:30:35+00:00,Now MAGA cheers on chinese cyber weapons.
Laura W,2024-12-17 15:05:35+00:00,Yes!!!!!!
周愿独银河舰队,2024-12-16 23:32:37+00:00,"The CCP is an illegal regime
The CCP ≠ Chinese people
The CCP enslaves the Chinese people
The CCP promotes the slavery model to the whole world"
So,2024-12-16 23:37:55+00:00,Please save TikTok! Many people love that app.
NewsWire,2024-12-16 20:18:15+00:00,TIKTOK ASKS US SUPREME COURT TO BLOCK BAN AS DEADLINE LOOMS
Kamala Fan,2024-12-16 20:22:23+00:00,SUPREME COURT PLEASE SAVE US
Brandon,2024-12-16 20:18:45+00:00,FINALLY! Please do Supreme Court!
Pray,2024-12-16 23:35:07+00:00,"AMY CORNY PLEASE SAVE US 
TIKTOK IS MY UNBORN BABY"
Agermandown,2024-12-17 02:14:59+00:00,finally
jedidiah,2024-12-17 02:22:28+00:00,China’s really working overtime to prevent TikTok from divesting to a US company
Dersu Uzala,2024-12-16 20:33:08+00:00,Not going to happen.
Dersu Uzala,2024-12-16 20:35:10+00:00,They likely will not even hear it. Why would they ? No constitutional issue about the law.
"First Secretary Space -_- (12-3, 4-2-2)",2024-12-16 21:08:15+00:00,It would destroy legal precedent two courts already rule unanimously against blocking the ban it would be very questionable if they took it up
Full Fact,2024-12-20 20:31:01+00:00,"An Instagram post claims Britain is to ban 
@tiktok_uk
 following concerns about “young millionaires”. 

But there’s no evidence this is true. TikTok is banned on 
@govuk
 devices due to data concerns, but it’s not restricted on personal devices."
The Tennessee Holler,2024-12-19 18:07:03+00:00,"@bryanandrews_
: “The  government, who can’t agree on anything, agreed on banning an app (TikTok) before doing a single thing to stop your kids from getting killed in their f*cking classroom. Maybe if they were CEO’s they would’ve done something.” (H/T 
@AGirlHasNoPres
)"
IToldYouSoMala,2024-12-19 18:50:48+00:00,those eyes. That righteous anger
MAGAtard Official Mocker,2024-12-19 19:03:11+00:00,He ain't wrong.
Donna,2024-12-19 18:17:44+00:00,Accurate.
Bill Lee,2024-12-19 19:19:00+00:00,Be like Bryan.
Susan lindquist,2024-12-19 19:23:21+00:00,I like this guy; he talks sense.
alemo77,2024-12-19 18:12:03+00:00,#iStandWithLuigiMangione
Kimberly Clem,2024-12-19 20:45:47+00:00,"Actually, 
@bryanandrews_
 , you just GAINED a follower!"
sharonm081@gmail.com,2024-12-19 21:30:23+00:00,Yes he’s mad and he’s right to be!!
HomeSchoolDropout,2024-12-20 09:24:46+00:00,"Simple solution,  y'all get the guns from the criminals, then lets talk when gun crime is gone"
Never Trump,2024-12-31 12:51:02+00:00,"A do nothing congress like 
@MarkWarner
 - focusing on the irrelevant."
Mike,2024-12-19 19:58:59+00:00,"There should be a police officer in ever school. My shool had what was called resource officers, 3 of them. Armed and in uniform."
ilovetwits,2024-12-19 22:11:39+00:00,libtards are so nice and friendly
Kyle Brown,2024-12-19 22:19:30+00:00,"Let’s have some new gun laws and let’s ban TikTok, please."
Extrema Ratio,2024-12-20 20:27:18+00:00,"The United States Supreme Court announced on December 18, 2024, that it will hear the TikTok ban case and has scheduled oral arguments to be held on January 10, 2025, before the ban’s effective date of January 19, 2025.

The case stems from a bipartisan law signed by President Biden that required ByteDance, the Chinese-based parent of the app TikTok, to divest from the app or face a ban in the U.S. because it poses a threat to national security. In addition to being a threat to national security, numerous states have filed suit against TikTok alleging that the app has caused a mental health crisis for youth in the U.S. Forbes has reported on “numerous concerns involving the company, including Tiktok spying on journalists, promoting Chinese propaganda criticizing U.S. politicians, mishandling user data, and tracking ‘sensitive words.’”

ByteDance sought emergency relief from the U.S. Supreme Court following a lower federal court’s decision that the ban does not violate TikTok’s First Amendment rights. The district court judge held that if Chinese-owned ByteDance divests from TikTok, the app will be available to users in the U.S. ByteDance sought emergency relief from the federal circuit court but was denied on December 13, 2024.

The Supreme Court will consider whether the law banning TikTok from the U.S. violates the First Amendment. It is mind-boggling that the Chinese government (which backs ByteDance and is one of the U.S.’s primary cyber adversaries actively engaged in cyber warfare against us) can actually allege it has First Amendment rights in the U.S. Since when can a cyber enemy use our court system to advocate for using spyware against our children? We will be watching the case carefully.

https://extremarationews.com/post/the-d-c-circuit-s-tiktok-decision-could-portend-greater-regulation-of-chinese-owned-apps-national…"
American AF,2024-12-15 18:34:43+00:00,"BREAKING 

US lawmakers have told Apple and Google to be ready to REMOVE TikTok on January 19"
Gorilla Stormtrooper,2024-12-15 18:54:05+00:00,"Good it is a Chinese spy out designed to dumb down Americans. 

I was living in China when TikTok hit, over there it is called Douyin and while Americans are doing stupid dance challenges and destroying their attention span on TikTok, Chinese peeps are using it to learn how to"
synergytruth,2024-12-15 18:35:59+00:00,TikTok is a China spy tool. They are using TikTok and the drones to spy on us.
Vote for Pedro,2024-12-15 18:42:45+00:00,I don't like this tiktok ban because they will try to come for X next.
Debbie,2024-12-15 18:35:52+00:00,"January 19th... then Trump comes back... the next day. So, I'll be surprised if they lisyen."
LadyInRed,2024-12-15 18:35:02+00:00,Woah no way! That's huge!
G. 𝕏. Rubicon,2024-12-15 18:40:10+00:00,Good. I skimmed through the Constitution and couldn’t find a “right for foreign adversaries to implement spy tools on US soil” anywhere.
Bull Moose American,2024-12-15 18:35:14+00:00,Take that CCP spyware and shove it back up their asses!
SAWB,2024-12-15 18:37:00+00:00,"Been waiting on this to drop.

We can’t trust platforms owned and backed by the ChiComs."
WallyBigHead,2024-12-15 18:38:24+00:00,It's over for tiktok. Bring back Vines!
Larry Conger,2024-12-15 18:40:25+00:00,Good TikTok is ran by communist demokkkrat s
The Real Dad,2024-12-15 18:35:55+00:00,They aren’t messing around in this and shouldn’t be. People are being spied on on multiple fronts
Greg,2024-12-15 18:37:04+00:00,Wahoo.  There is a God.
SC sand missing NE,2024-12-15 18:59:51+00:00,Don’t forget Zuck at the first hearing. I want Zuck as far away from Trump as possible.
99Wrenches,2024-12-15 18:36:15+00:00,Fuck China!
MountainMamaBear,2024-12-15 18:37:04+00:00,They aren’t playin this time
CMG$$,2024-12-15 18:38:52+00:00,"Is it just me, or does it seem like a huge conflict of interest that Biden and Elon both have stakes in companies competing with TikTok — and now lawmakers want it gone by January 19? Feels a little too convenient. This one’s gonna raise some eyebrows. #TikTokBan"
Elle's Place 2,2024-12-15 18:39:57+00:00,"Tik Tok is a cesspool of whiney leftist rat trolls reporting everybody and being general losers

The app needs new ownership! (Where the hell is Musk when u really need him...trapped in a phone booth somewhere?)"
Terry M,2024-12-15 18:44:58+00:00,All of those Tik Tok posters are definitely going to suffer withdrawal symptoms
The Stealthy Stethoscope,2024-12-15 18:35:30+00:00,I’ll be so sad to see it go!
Rizirito,2024-12-15 18:36:10+00:00,Confirmed?
Sadie Supa Doge,2024-12-15 18:38:17+00:00,If they just waited 1 more day....
@ babycatcalla,2024-12-15 18:46:31+00:00,Couldn’t they wait a couple of days cause the meltdown is going to be glorious I don’t wanna miss it
Yankees Girl 1776,2024-12-15 19:06:50+00:00,Another mess Trump will have to deal with
Cyberndt,2024-12-15 18:35:54+00:00,Uh Oh!...
Dristin Vanderlei,2024-12-15 18:35:54+00:00,Why can’t it be sooner!
Lance,2024-12-15 18:36:08+00:00,Hard to figure out exactly what the Maoist Left Democrat Partei is doing here. What’s their angle?  How do they profit from this?
Peanut,2024-12-15 18:36:46+00:00,It will be back up on January 20th
Praying Hamster,2024-12-15 18:39:22+00:00,"@libsoftiktok
  red alert"
Faith Vallette,2024-12-15 18:37:49+00:00,"Trump was right, again."
Debra Kite,2024-12-15 18:38:35+00:00,I hate it. Don’t have the app and it’s always annoying when their crap is imbedded in posts. The finishing sound bite is evil.
nymike2024,2024-12-15 18:42:51+00:00,Gg
Toki Wartooth,2024-12-15 18:55:32+00:00,"@libsoftiktok
 is gonna need to find a new platform to expose the left"
RedAlways,2024-12-15 18:35:01+00:00,
Kenny Collins,2024-12-15 18:35:07+00:00,Tyrants
Liz,2024-12-15 18:38:32+00:00,
JJ,2024-12-15 18:40:03+00:00,Oh boy.
Elon forced me to sign up.,2024-12-15 18:40:12+00:00,Good.
Alejandro Barajas,2024-12-15 18:42:02+00:00,Sounds like a problem for all my peers because it seems I’m the only that uses X
Golf Life 82,2024-12-15 18:42:08+00:00,It's time for the kids to get a real job !!
Yash Agarwal,2024-12-15 18:42:29+00:00,Earth is healing
ConservativeCrusader,2024-12-15 18:42:44+00:00,Good
Dilemma Lama,2024-12-15 18:44:56+00:00,They do realise you can get to it via browser right?
,2024-12-15 18:47:57+00:00,
Luke Keller,2024-12-15 18:48:07+00:00,Finally!
Karla Scherer Samoyed Mom,2024-12-15 18:48:07+00:00,Nice!
G G,2024-12-15 18:49:51+00:00,X is about to gain even more users.
David Fricke,2024-12-15 18:52:20+00:00,The 19? How convenient.
Mr. RWS,2024-12-15 18:52:36+00:00,People should be downloading their content now and uploading it in X and Rumble
Kevin Tillett,2024-12-15 18:56:50+00:00,Does this mean we are going to get a massive influx of TikTok users flooding into X?
John Q,2024-12-15 18:57:42+00:00,Censorship in the USA - simple as that.
Brad White,2024-12-15 19:05:47+00:00,#LFG
Dan Ray,2024-12-15 19:05:54+00:00,IS Lawmakers
Heroic News,2024-12-15 19:17:45+00:00,So dumb
Phillip Haumesser,2024-12-15 19:45:39+00:00,Byeeeeee…
Jaime,2024-12-15 19:46:32+00:00,TikTok influencers running to X
Mystical__tea,2024-12-15 19:49:02+00:00,Don’t use it
BIG BALLS,2024-12-15 18:53:48+00:00,Thank god. TikTok has been a dogshit net-negative of society
PolaBear93,2024-12-15 18:54:49+00:00,If they can ban TikTok then they can ban X. Not good! I wished TikTok did not exist at all. I hate it with a burning passion and it’s being used to spy on us BUT ppl are expressing themselves on there and should be allowed to. Taking that away is a violation of the 1st amendment.
Danielle,2024-12-15 18:56:45+00:00,Lawsuits coming. Nope.
Americano,2024-12-15 19:00:52+00:00,X is gonna get crowded.
Brandon Hall,2024-12-15 19:22:05+00:00,January 19th is my bday!
Mary Shaw,2024-12-15 19:22:09+00:00,AND TRUMP WILL UNDO IT ON THE 20TH.
Javier P. Torres,2024-12-15 19:22:54+00:00,"I think this is going to be another win for Trump, Biden will cancel TikTok, Trump will reinstate it. Hopefully with a new owner(not foreign) and a new algorithm that promoters science, math, intelligent stuff…"
“Tk” The King,2024-12-15 19:24:39+00:00,Good tired of that Chinese spying company
Cesar,2024-12-15 19:28:32+00:00,Union Soviet of America
jesse o prophet of the king jesus,2024-12-15 19:59:21+00:00,Good
Daughter of the most High King,2024-12-15 20:21:00+00:00,Fantastic. Shut it down.
@Elf432,2024-12-15 20:51:18+00:00,"Now do Only Fans. 

Drain the swamp."
Social Arb Trades,2024-12-15 20:58:25+00:00,interesting
Dufrain,2024-12-15 21:15:03+00:00,"AT least do like they were going to do, Make them sell to an American company. Elon may need it ,Soros sure doesn't need to get it"
Natasha Beotchi,2024-12-15 21:26:45+00:00,
Samantha burk,2024-12-16 18:54:46+00:00,Interesting
Theo Mason,2024-12-16 19:26:57+00:00,Good
Kathleen Turak,2024-12-16 20:00:04+00:00,Good
Esh,2024-12-15 18:36:02+00:00,"Hell no

Citizens won't agree"
Uncensored Information,2024-12-15 18:44:06+00:00,"@tiktok_us
 @TikTokSupport
 
I want my hacked TikTok account back before this happens !!!!!"
khan,2024-12-15 18:37:13+00:00,Bon will work
American AF,2025-04-15 01:41:24+00:00,We have a SERIOUS mental illness problem in this country..
7 News WKBW,2024-12-20 18:09:00+00:00,A potential TikTok ban in the U.S. is raising concerns for businesses in Buffalo.
7 News WKBW,2025-04-14 23:02:00+00:00,What started as a routine shift at a Buffalo firehouse turned into a life-changing moment for one puppy and the fire chief who took him in.
Matt Crumpton,2024-12-18 17:15:49+00:00,"My friend and former colleague at a fancy law firm in Cbus, 
@JacobHuebert
, will be at SCOTUS fighting the beast on behalf of the American people next month. The TikTok ban has always been about controlling content that we see. That’s dystopian! Let’s go Huebert!!"
Culture Crave,2024-12-15 04:53:00+00:00,"US lawmakers have told Apple and Google to be ready to remove TikTok on January 19  

They're facing hundreds of billions of dollars in fines if they don't comply"
King Prez,2024-12-15 04:54:33+00:00,Bro the USA government upset we know they suck so they tryna shut down tik tok is wild
.,2024-12-15 04:55:58+00:00,TikTok has single handedly enlightened the masses to the depths of the corruption our government and politicians are involved in. They’re scared they can’t control the narrative anymore
trinity diggs,2024-12-15 16:59:28+00:00,tiktok is one of the main sources for false information.
FudgeWilde,2024-12-15 05:00:10+00:00,Try? They are by Jan 19 it’s bye bye
Sasha Davis,2024-12-15 14:34:56+00:00,"Social media was already giving evidence that it does more harm than good before tik tok came around. Imo, it’s one of the worst platforms we’ve ever seen in terms of killing attention spans, reducing literacy to an afterthought, and promoting useless shit (sound familiar?)"
Raansu,2024-12-15 17:29:13+00:00,Its literally Chinese malware.
B_Bang,2024-12-15 22:02:27+00:00,Do people seriously think that only tik tok as a social media has information? Lmao
ironhowl,2024-12-16 02:46:26+00:00,"Tiktok is nothing but net negative for humanity. It won't be missed.almost everyone, since the inception of the United States, has hated the government,the government knows and doesn't care"
Cart tee?,2024-12-16 05:28:10+00:00,And my comments get removed?
𝐇𝐮𝐛𝐢𝐋𝐚𝐧𝐝 - for Hanbin Ngô Ngọc Hưng,2024-12-20 15:10:56+00:00,"Tương tác bài đăng về Hanbin trên tiktok của WeChoice Awards nhé mọi người.
 Ban tổ chức giải thưởng viết về em bé rất có tâm và ghép nhạc cũng hợp nữa 

#HANBIN #HANBIN_TEMPEST #한빈 #한빈아_HANBIN_Ơi"
Teresa Rossomando,2024-12-20 13:42:43+00:00,"If you care about free speech, you should be outraged by the TikTok ban. https://youtube.com/shorts/2S5ITNzTHI8?si=z1K8LgN3nX2FW-qR… via 
@YouTube"
Teresa Rossomando,2025-04-15 10:48:39+00:00,"“There is no peace without freedom”

Malcolm X WARNED Us in 1965 – And It’s Happening Now! https://youtu.be/guEqiHHKCr8?si=Qk4FxPCIjfy3jnng… via 
@YouTube"
polly,2024-12-20 15:38:52+00:00,this music is therapeutic
Juanita Broaddrick,2024-12-16 17:05:30+00:00,"This is great. Trump may block Joe’s Ban of TikTok.  “I have a warm spot in my heart for TikTok.”  

My grandson will be glad to hear this!"
Rob McNealy,2024-12-16 17:41:53+00:00,Republicans love big government when their guys are in office. Remember that.
Sydney EV,2024-12-16 20:05:58+00:00,no need to worry about Tiktok having access to data and a threat to national security when trump will show top secret government files to anyone who wants to use hit toilet.
CalistaCapulet,2024-12-16 17:06:34+00:00,TikTok is the cesspool of society
Jog Backwards,2024-12-16 17:38:07+00:00,TikTok is CCP Propaganda. It is turning young American women into raving Socialist / Communist. Trump is mking Bank on it.
𝒦,2024-12-16 17:08:28+00:00,"I hate tiktok, it's a horrible influence on people. I had to tattle on my 12 year old neighbor to her mother because the girl was dressed in a black dress, dancing seductively for a tiktok video.  Mom was not happy."
Martin Melaerts,2024-12-16 17:06:36+00:00,“My grandson will be glad to hear this!”
Mrs.Roberts,2024-12-16 17:20:47+00:00,Tik Tok is a degenerate cesspool.
Gorilla Stormtrooper,2024-12-16 17:26:43+00:00,"TikTok is a Chinese psy/op designed to dumb down Americans. 

I was living in China when TikTok hit, over there it is called Douyin and it is strictly used for educational purposes. 

So while Americans are using TikTok for doing stupid dance challenges and rewiring their brains"
Hippy,2024-12-16 17:47:11+00:00,As long as Trump forces the disengagement from CCP influence and ownership. We need to disengage from China economically and technologically as much as possible.
TRUMPGIRL24,2024-12-16 17:06:24+00:00,Why does Joe want to ban tick tock
American Drip,2025-01-16 12:28:16+00:00,"Trump saves TikTok

Result: Liberals finally realizing that Trump is NOT “literally Hilter.”"
Deadeye.Pilgrim,2024-12-16 17:07:01+00:00,I pray he does what’s best the out country
Stephen Webb,2024-12-16 17:08:28+00:00,"Yeah who cares about Chinese Communist Surveillance and Culture Poisoning. My Kids love it. 

Unbelievable but not really."
Tom,2024-12-16 17:11:13+00:00,Never used it
Church of Chop,2024-12-16 17:12:55+00:00,"It should be banned! Trump once said it was a Chinese spy app, now he's flip flopped! I'm beginning to think he's going to sell us all out!"
Nawab,2024-12-16 17:16:56+00:00,Great
Maura,2024-12-16 18:14:44+00:00,"But Juanita, it is being used to spy on us! Why do people not get this?"
Thom McCabe,2024-12-17 01:00:48+00:00,"China Spyware, but sure, it's fine.  If you think that is bad, wait until you find out Temu is stealing all your personal data ..."
Ray Delp,2024-12-16 17:14:48+00:00,"He knows his own won’t support him now since he figured out they never wanted illegals. So, all he has now are the illegals.  My Aunt tells me the city has been devastated by illegals"
Dj Cas,2024-12-16 17:17:38+00:00,"Check out something cool on #Apechain that caught my attention. Ever wanted a platform that combines NFTs with content creation and actually rewards you for it? Here’s why Blever could be huge for creators.
@blever"
Sanji AB,2024-12-16 17:20:21+00:00,He hasn't changed the bed he still looks like the same vintage
GrammyEv,2024-12-16 17:26:50+00:00,Tik tok is entertaining. Even for us old people.
JustAWord (FKA Gumby),2024-12-16 17:33:39+00:00,Look at the Democrats trying to ban TikTok when they’re allowing drones to fly free all over the damn country. Lol!
Dorin Popa,2024-12-16 18:15:12+00:00,I knew they would never really go through with it. They'll probably ask the Chinese to just share the collected data with the federal government.
stuart ingram,2024-12-17 03:49:36+00:00,Since all of his anti-Chineee rhetoric?
Gia susanne,2024-12-17 13:33:28+00:00,"If they ban tik tok, they will go after X next"
Mr. Fox,2024-12-16 17:06:16+00:00,"So will the Chinese Communist Party.

Trump tried to do it in 2020, Biden did do it in 2024. It needs to be done, this is not a partisan issue."
BII,2024-12-16 17:41:10+00:00,They wanna ban it due to they want to control free speech
Erudite Redneck,2024-12-16 17:14:10+00:00,Remember when Trump wanted to ban it?
Anita Segers,2024-12-16 17:18:09+00:00,"You made points with the young but you had a HUGE following with those of us who hate the pharma tyrants who made billions while destroying our health. If you have regard for us at all, please don't place those who pushed the  or masks in any position of authority.  Thank you"
Naima Akabli,2024-12-16 17:14:23+00:00,Trump’s support for tiktok shows his focus on protecting free expression and keeping tech options open for everyone.
Robert Howe,2024-12-16 17:31:54+00:00,"Elon's told him he can reverse engineer the data gathering, surveillance, and propaganda algorithms, and use them against their creators."
lol,2024-12-17 13:46:04+00:00,That’s horrible
Medalcore,2024-12-20 08:19:02+00:00,Hit 80k followers on TikTok! I hope they don't ban it before I get to 100k
smack,2024-12-20 08:57:37+00:00,I’m pretty sure I’m one of them..let’s gooo 100k
Medalcore,2024-12-20 10:42:51+00:00,W W W!!
Chris Reject,2024-12-20 11:03:47+00:00,Let’s gooooo! Congrats man!
Tmags,2024-12-20 15:04:41+00:00,
Medalcore,2025-04-13 07:49:03+00:00,"nobody told me roblox was this goated

#ROBLOX"
Zicutake USA Comment,2024-12-20 15:33:14+00:00,EU aspirant threatens Telegram and TikTok ban https://rt.com/news/609688-moldova-telegram-tiktok-ban/?utm_source=rss&utm_medium=rss&utm_campaign=RSS…
no,2024-12-16 20:39:13+00:00,they said oh that’s y’all fave? and recruited him
vic,2024-12-16 21:05:32+00:00,using Internet boyfriends to promote war propaganda films straight out of the fascist handbook  you know the fan edits are going to indoctrinate the girls
no,2024-12-16 21:49:41+00:00,a timely tiktok ban may come in handy after all
vic,2024-12-16 21:51:05+00:00,necessary honestly it’s about to turn into the bad place
Republicans against Trump,2024-12-16 21:38:43+00:00,"It’s clearly not just about the election results. Trump’s shift on TikTok began a few months ago after meeting with billionaire mega-donor Jeff Yass, who happens to have a stake in the platform. 

All these “China hawks” in Congress who supported the bipartisan legislation to ban TikTok are now silent about this. Shameful."
"InnocenceCapital.AI (,)",2024-12-16 22:05:28+00:00,"everything is for sale

everything"
Rain E. Knight,2024-12-16 22:08:03+00:00,He flip flops on his stances dependent on where the money is. Just ask his donors! They’ll tell ya
Emre Yurttas,2024-12-16 22:00:38+00:00,Yep it was never about the app just pleasing his mega donors!
John Wisniewski,2024-12-16 22:00:18+00:00,So Trump got paid off.
singleton,2024-12-16 23:59:22+00:00,"Trump would do everything for money, and for cheap money, don't forget he's not an entrepreneur, he doesn't pay debt, he steals, he has multiple bankruptcies... he's just a con man, a crook."
mitrajoon,2024-12-16 22:01:12+00:00,it's been 4 years... things change.  remember this??
Montrey,2024-12-16 22:03:43+00:00,"Whoever thought that Germany is dependent on Russian gas has yet to look at its dependence on China. No wonder we are on our knees before them, it's the same in all Western countries."
KHGartlgruber,2024-12-21 11:12:25+00:00,"#Investigate
If there is still anybody left doing that?"
Michael,2024-12-16 22:40:27+00:00,Trump Russian spy
WW,2024-12-17 01:24:40+00:00,"Remember kids, according to neocons influence only travels towards America."
McLoveFarm,2024-12-17 03:29:38+00:00,They're pedophiles... Data dumps for corporations for marketing pedophilia on tor on the dark web...
McLoveFarm,2024-12-17 03:29:50+00:00,more propaganda
Cindy,2024-12-17 17:17:27+00:00,He only goes where the money is
Casper Allan,2024-12-16 22:09:09+00:00,Can’t listen to the MAGAmegaliar.
Ms.Channing,2024-12-16 23:13:32+00:00,He’s got so few convictions and changes his mind quicker than a 5 year old. He sees something shinny and has to chase it.  He lauds dictators and wants to be one.
Peter Williams,2024-12-16 23:31:40+00:00,Dude is waaaay out of his depth ... this won't end well.
swieter,2024-12-16 23:32:03+00:00,"He’s also going to not do anything about videogames either, like some of the his hardcore base wants to ban them. Elon is a huge video game guy."
Joe San Diego,2024-12-17 00:38:28+00:00,Trump wasn’t president in Aug 2020
EJW,2024-12-17 00:48:35+00:00,"""I have a warm spot in my wallet for Tik Tok"""
Dark MAGA,2024-12-17 01:58:41+00:00,Your Done!... LOL
waterfowler 1961,2024-12-17 10:34:53+00:00,In his back pocket more likely
Nord Fella,2024-12-17 12:29:56+00:00,Don't bite the hand that feeds you...
David Edquist,2024-12-17 16:51:58+00:00,You have a warm spot in your bank account rather.
Mongolian Hunter,2024-12-17 20:24:44+00:00,"Do you use Tik Tok? If you don't, sit down and shut up."
Dan Orman,2024-12-17 12:51:01+00:00,Only platform not controlled by Neocons and biggest sin telling truth about Gaza
Bluecaribe,2024-12-18 13:13:23+00:00,"This is rich. Biden and his family have received millions from the Chinese,Russians, Romanians and several African countries. But Trump likes Tik Tok. You’re an idiot."
Republicans against Trump,2025-04-15 01:37:26+00:00,Former federal judge J. Michael Luttig: “The President of the United States of America is at war with the Constitution and the rule of law.”
Zee,2024-08-01 21:06:10+00:00,Lol. I had never thought about this angle to the Tiktok ban. Indian Gov't might have done a huge favour to citizens of other countries
Harsh,2024-12-20 09:01:41+00:00,lol
Zee,2025-04-15 06:35:24+00:00,Can't expect normal people to research on doc's degrees. Some things have to be taken for granted. Complete failure of Gov't and administration to implement rules and regulations which already exist.
Branko Marcetic,2024-12-16 22:10:39+00:00,"The TikTok ban is not just about that specific ban, but about the courts giving the government breathtaking large leeway to cite ""national security"" to crush free speech & press - and it's a threat to any dissenting voices, left, right or centre. A good explainer here:"
Branko Marcetic,2024-12-16 22:10:40+00:00,"We should do everything we can to resist this falling into the dumb partisanification that poisons everything in US discourse. Whatever your politics, do you trust Trump or a future Dem president having this kind of power?"
Imissgoogie,2024-12-16 23:35:17+00:00,reagan admin abolished the equal time & fairness act along with deregulating the media so we'll never be told both sides of anything ever again. Now this?
Francees,2024-12-16 22:41:46+00:00,This is about suppressing and criminalizing free speech.
帝㑻 ❀ ✙,2024-12-17 10:20:24+00:00,You mentality challenged.
Crowdfire - Social Media Management tool,2024-12-20 14:00:13+00:00,"Is Your Brand Ready for a TikTok Ban? 
Here’s Your 2025 Social Media Checklist"
Crowdfire - Social Media Management tool,2024-12-20 14:00:13+00:00,"Stay Informed 
Don’t Get Caught Off Guard!

Keep an eye on official updates from ByteDance and the U.S. government.
Avoid speculation; stick to trusted sources.
 Stay updated. Stay prepared."
Crowdfire - Social Media Management tool,2024-12-20 14:00:13+00:00,"Diversify Your Strategy 
Don’t Put All Your Eggs in One App 

Expand to platforms like:
 Instagram Reels
 YouTube Shorts
 Pinterest, Snapchat, LinkedIn, X, and Facebook
Build a blog or newsletter for direct audience access.
 A strong multi-platform presence is key."
Crowdfire - Social Media Management tool,2024-12-20 14:00:14+00:00,"Secure Your Usernames 
Claim Your Spot Everywhere 

Even if you’re not posting yet, secure your username on:
 Threads
 Bluesky
 All major platforms
 Protect your brand identity."
Crowdfire - Social Media Management tool,2024-12-20 14:00:14+00:00,"Save Your Content 
Your TikToks Are Gold – Don’t Lose Them! 

Export all your existing TikTok videos.
Repurpose them for other platforms like Reels, Shorts, and Stories.
 Your content deserves a second life."
Crowdfire - Social Media Management tool,2024-12-20 14:00:14+00:00,"Guide Your Audience 
Where Will You Be Next? Tell Them! 

Update your TikTok bio or pin a video:
 “Find me on Instagram and YouTube!”
Strengthen your presence on your next favorite platform.
 Keep your followers with you."
Crowdfire - Social Media Management tool,2024-12-20 14:00:14+00:00,"Update Contracts 
Brands & Creators: Protect Your Partnerships 

Add a clause for TikTok disruptions.
Ask:
 Will campaigns shift to other platforms?
 Is the contract terminated?
 Always be prepared for what’s next."
Crowdfire - Social Media Management tool,2024-12-20 14:00:14+00:00,"Stay Ready With Crowdfire 
Manage All Your Platforms, All in One Place

Schedule content, grow your audience, and stay ahead of trends with Crowdfire.
 Follow Crowdfire for smart social strategies in 2025."
Jainish Radadiya,2024-12-24 06:24:37+00:00,"This is a fraud company 
@NischalShetty"
Crowdfire - Social Media Management tool,2025-04-14 14:16:18+00:00,"If you're looking to build structure to your social media management? 

Look no further!

#socialmediamarketing"
johnny maga,2024-12-17 20:02:24+00:00,"Trump just posted a graphic of his stellar TikTok stats from the 2024 campaign.

He reportedly met with the TikTok CEO last night ahead of a scheduled January 19th ban that’s potentially headed to the Supreme Court. 

I believe Trump will fulfill his promise to save TikTok."
Brittany Rae,2024-12-17 20:03:37+00:00,He should buy it
Paul A. Szypula,2024-12-17 20:03:36+00:00,he used Taylor Swift as a comparison for traffic haha!
Steven Steele,2024-12-17 20:03:50+00:00,"I wouldn’t go out of my way to save it, considering how censorious they are with any non-establishment voices in America."
Inthefight,2024-12-17 20:08:39+00:00,Barron was his advisor.
Master Chief,2024-12-17 20:06:55+00:00,"I still believe TikTok should not be legally allowed to be owned by a Chinese entity.

They are using all of our biometric/personal data and also purposely making the American mind dumber."
The Kyle Busch Fan,2024-12-17 20:15:49+00:00,I'm fine with that as long as it is owned by an American company that's all I care about
Splad,2024-12-17 20:06:08+00:00,I'm sure Trump already has it figured out
Lyndy,2024-12-17 20:05:52+00:00,Remind me again why the government thinks TikTok should be banned
Patti Gillihan,2024-12-17 20:14:32+00:00,President Trump always fulfills his promises.
Scott_trump,2024-12-17 20:14:51+00:00,"Supreme Court must take the case to stop ban for trump able come in stop it from getting completely ban 

TikTok got trump re-elected 

Just like he used Facebook to got him elected in 2016"
Niccoli,2024-12-17 20:33:25+00:00,"No one gives a flying fuck about Trump's Tik Tok....Jesus Christ when is he going to get serious?!

If he is going to keep his promise of ending the Ukraine war in 24 hours after he takes office his ass better get to work"
Dee Murphy,2024-12-17 21:10:23+00:00,If you ban TicTok you have to ban facebook - they are both toxic
Laura W,2024-12-17 21:25:34+00:00,Yes....hope so!!!!
Myrtle Stricke,2024-12-17 23:55:04+00:00,I’m old enough to remember it was TRUMP who led the charge to have TikTok BANNED
AMREEN FILMS AI,2024-12-20 06:39:42+00:00,The TikTok ban is infringing on our first Amendment right.
WMUR TV,2024-12-20 06:21:04+00:00,New Hampshire content creators worry about looming TikTok ban | Click on the image to read our full story
WMUR TV,2025-04-15 09:42:02+00:00,Federal judge rules parents cannot protest trans athletes on Bow school grounds | Click on the image to read our full story
Nuthan || ನೂತನ,2024-12-20 08:59:10+00:00,Ban TIKTOK
polly,2024-12-20 23:59:37+00:00,"i want ariana on tiny desk so badly  can 
@npr
 do a christmas special and maybe invite mariah or other ppl"
pink,2024-12-17 21:56:45+00:00,"Guys I know it is unfortunate that TikTok is getting banned in america, but imagine having a platform where everyone can talk to everyone all across the world but with no Americans. 
I wonder how that will go tbh."
oak (in recovery!),2024-12-17 22:54:47+00:00,Have fun!! Honestly.
pink,2024-12-17 23:23:49+00:00,HAHAHHA will do
hamdan,2024-12-18 00:42:43+00:00,Might download it again
pink,2024-12-18 22:55:36+00:00,HAHAHAHAH
Leggy,2024-12-18 01:02:40+00:00,I hope it's a nicer place for yall
pink,2024-12-18 22:56:15+00:00,Thanks love
Yoongi and Geto,2024-12-18 01:04:51+00:00,It’s great honestly thank fck
pink,2024-12-18 22:56:01+00:00,you’re so real
Lara/لارا,2024-12-18 01:51:48+00:00,I wonder how that will be tbh
pink,2024-12-18 22:55:51+00:00,Lowkey looking forward to it
୨ৎ,2024-12-18 21:34:25+00:00,Time to download TikTok
pink,2024-12-18 22:55:41+00:00,Real
Jayden,2024-12-17 22:28:13+00:00,It will be great /j
pink,2024-12-17 22:54:07+00:00,Lowkey thoughhhhimagine being able to share opinions without Americans trying to speak over us allor without American brands trying to shove propaganda and consumerism in our face . Do you think others will adopt this way of content creation or will it be different?
desquiciada,2024-12-18 17:28:05+00:00,yall deserve it tbh we deserve the L
pink,2024-12-18 23:00:33+00:00,
hamdan,2024-12-18 00:42:39+00:00,Lovely
pink,2024-12-18 22:56:08+00:00,Tbh yeah
pink,2025-04-12 16:42:12+00:00,"Who would’ve thought French colonialism would lead to me having 2 French tests on the same day. 
These are the cons you don’t think about much."
Shipwreck,2024-12-16 21:23:38+00:00,"Trump is set to meet with the CEO of tiktok today to discuss its upcoming ban or sale.

Trump stated earlier today he had a soft spot for tiktok because it helped him get in front of a younger generation for the 2024 election. 

He's stated previously that he no longer supports the ban, but here's the deal if he saves it, STOP TAKING DOWN MY DAMN VIDEOS"
James Li,2024-12-16 21:44:06+00:00,"The reason why censorship is so strong on TikTok right now is they are trying to play nice with the intelligence and deep state apparatus that controls big tech algorithms. 

We will see what happens if Trump does end up ""saving"" it."
Chris Fenton,2024-12-16 23:06:45+00:00,"My latest op-Ed:

""TikTok provides Beijing an ability 2 understand, control, & influence Americans well beyond simply Hollywood content. In fact, the platform is much more damaging in how it shapes the opinions & perspectives of adults under 30."""
UKNeil,2024-12-16 21:25:16+00:00,"Worth remembering from March when Rumble put in their offer.

Art of the Deal"
RyanHendershot,2024-12-16 21:43:41+00:00,Great analysis and reporting. Things will be changing on TikTok very soon!
PrayForAmerica,2024-12-16 22:50:40+00:00,I want all my news to be like this. Love the pace!
Media Zombie,2024-12-17 01:24:47+00:00,"Though it’s clearly wrong.. but now with X, I’m good either way."
Noah,2024-12-17 05:42:26+00:00,Possible TMTG acquisition of US TikTok looking promising.
David Hale,2024-12-17 00:40:27+00:00,
Freedom Chicken,2024-12-16 22:02:17+00:00,"Trump should buy a majority stake of 
@tiktok_us"
Mrs. Nya Major,2024-12-16 21:32:32+00:00,I absolutely love how you cover the news. It's unique.
Regina Connell,2024-12-16 21:27:02+00:00,I believe he will calm it down a deal will be struck somehow one way or another I believe
Kelly Almand,2024-12-16 21:31:46+00:00,"Keep me posted.  I will stand behind with with my strongly worded words! 
Now I am going to find you on TikTok."
Rebecca Collins (the real one),2024-12-17 17:44:46+00:00,He’s been listening to Bobby Kennedy on this one.  Bobby is a huge advocate for small businesses being able to thrive because of TikTok.
Dusty,2024-12-16 21:27:52+00:00,"lol, nice"
WeenyWaney,2024-12-17 13:45:15+00:00,Not a fan of TikTok there’s some shady stuff that goes on there. Especially with underage kids and illegal immigrants getting navigation assistance to cross the border. Seems like the majority of the good patriot content gets flagged or taken down.
SydneyChase,2024-12-16 21:25:39+00:00,Totally agree with the stop taking down my videos part for sure
TinaBee,2024-12-16 21:35:32+00:00,And another inauguration donation
IcanAmer,2024-12-16 22:29:51+00:00,Interesting
Chadderb,2024-12-17 00:57:41+00:00,You are such a smart ass midwesterner. I love it!  One of my favorite follows for sure!  Go Hawkeyes!
David VanMan4,2024-12-16 21:29:38+00:00,"Biden Admin has contacted Apple and Google and told them remove TikTok from the App Store on Jan 19th

 Congressman Michael McCaul who wrote the TikTok Ban Bill invested $1.15 Million into META AFTER writing the Bill
‌
- On March 3rd, he authored the TikTok Ban Bill
- On March"
Yoamny Cruz,2024-12-16 21:30:30+00:00,"Thats great news. But, Tiktok needs to be moderate. Specially for kids content."
roses grow,2024-12-16 21:38:16+00:00,Kamala's friend is the censorship problem at tiktok
Beth,2024-12-16 21:38:59+00:00,
Kris Frederick,2024-12-16 21:47:22+00:00,Can I get one of my many banned accounts back
Scott Kennedy,2024-12-16 22:13:33+00:00,Screw TikTok
Erik Bennett,2024-12-16 22:48:55+00:00,Is shipwrekshow2 on TikTok actually you? Giving financial advice??
Lori betts,2024-12-17 00:10:30+00:00,I’m banned  I even tried to make a new email. I guess it knows my devices lol. It will pop up and say banned account. I can’t even watch a tik tok someone sends me a link to.
JonnyAppleseed Not Reprogrammable Garbage,2024-12-17 00:39:27+00:00,I'd love to see Trump Media Group buy it.
KJ,2024-12-17 00:50:04+00:00,"TikTok is amazing, I learn a lot from it and don’t have the experience propaganda tells us everyone has. It shouldn’t be banned."
Tony,2024-12-17 00:52:30+00:00,Sell it to X and call it TikToX
Todd Kircher,2024-12-17 02:27:27+00:00,"Trump is totally gauged into reality first, then addresses things accordingly and normally 

As far as I can see"
Patriot Lady,2024-12-17 02:40:58+00:00,"TikTok doesn’t let you post anything anyway. I still go on there, but I just stopped sharing. Had too many accounts banned for no reason."
Christy Carter,2024-12-17 12:48:32+00:00,TikTok ban the day before the inauguration? Tell me that isn’t planned because they expect a massive event on Inauguration Day & don’t want the world to see the truth!!!
IAmWhoIam,2024-12-17 14:27:37+00:00,"@IanCarrollShow
 said TikTok was switching to allow conservative view points. He put a video out on there. Not sure if it stayed up or not."
Disappointed,2024-12-16 22:58:54+00:00,They shouldn’t ban TickTock. Meta stock will dive and all the crooked assholes in Congress who invested in Meta will take it on the chin.
Jackie Singh,2022-11-17 12:44:27+00:00,Ban Elon Musk AND TikTok
NY Post Opinion,2024-12-20 19:18:07+00:00,"""Some free-market evangelists may be uncomfortable with banning a business, but this is about restraining our most formidable foe."" 

Donald Trump must not block the TikTok ban — it’s the ultimate battle against abuse by Big Tech and Big (foreign) Gov
https://trib.al/kj3InPr"
Zach Bussey,2024-12-16 21:39:28+00:00,TikTok has made an official emergency request to the US Supreme Court to intervene in the upcoming ban.
Zach Bussey,2024-12-16 21:39:29+00:00,You can view the full document here: https://supremecourt.gov/DocketPDF/24/24A587/335257/20241216144658388_TikTok%20Inc.%20v.%20Garland%20-%20SCOTUS%20Application%20for%20Injunction.pdf…
Strain-32X,2024-12-16 21:40:59+00:00,Last iheard from one of the news ppl on tiktok they said it was denied
Zach Bussey,2024-12-16 21:41:21+00:00,That was to the Appeals Court. This is the Supreme Court.
GHOST Artemis,2024-12-16 23:02:45+00:00,It’s over for TikTok I’m afraid
MatsuXL,2024-12-17 00:00:19+00:00,It’s kind of sad an app will die because people are too old to understand the Internet
ItsYeshalot,2024-12-16 22:05:29+00:00,1 month to go... cmon tiktok i need that app fr
LotsOfS,2024-12-17 03:37:55+00:00,"Facebook and google are next, right? Right???"
Thi_Avatar VT,2024-12-17 04:00:55+00:00,It's cute that any government thinks they can ban an app...
𝙵𝚕𝚎𝚝𝚌𝚑𝒛𝒃,2024-12-16 22:53:25+00:00,So many kids putting in applications at McDonald’s on January 20th
Loci,2024-12-17 11:46:52+00:00,"Last chance, whichever outcome happens going to be interesting where goes from here"
"Francy Styles | will see Dua, 21P, Malone",2024-12-17 14:17:10+00:00,"it's over tiktok, bye"
Dominic,2024-12-17 16:45:37+00:00,See this makes me sick! Our government is trying to destroy so many businesses it's not even funny. What's stopping our government from banning YouTube next? Or Facebook? Instagram? Twitter/X? Absolutely nothing. If they get away with this who knows what else they will do.
Angry Scotsman,2024-12-16 21:58:03+00:00,"I hope it does get banned.. 

The amount of brain rot Americans do on that app deserves the ban alone!"
Forbes Middle East,2024-12-20 20:50:22+00:00,"A bipartisan pair of US senators urged President Joe Biden to delay the federal ban on #TikTok from taking effect, but it’s unclear if Biden has the authority to postpone the ban under the law.

#Forbes 

For more details:  https://on.forbesmiddleeast.com/eb0e72"
Alderman IP,2024-12-20 23:27:48+00:00,How #SCOTUS and Trump could stop a TikTok ban. #socialmedia #tech
くすみ,2024-12-20 11:21:01+00:00,"急に終わってごめんなさい！！TikTokから誤BANされたみたい。
どうやら遅くても28日まで配信停止らしいです。。
うぎゃああああ"
おじゃっきぃ,2024-12-20 11:27:39+00:00,"バンなの！？
リスナーのみんなでフィードバックして復活早めてもらわないとせっかく復活したばかりなのに、、"
きゆみっき,2024-12-20 11:23:55+00:00,うぇぇぇぇ
麻里67,2024-12-20 11:27:53+00:00,みんなで抗議だ
みか（かみちゃん）ミツカン味ポンちゃん,2024-12-20 11:22:01+00:00,"なんで～～～！
ピンクの方のくすみは？"
みか（かみちゃん）ミツカン味ポンちゃん,2024-12-20 11:24:50+00:00,"クリスマスもあるのにぃ！
お楽しみがぁ！
え～ん､え～ん"
麻里67,2024-12-20 11:26:58+00:00,"なんで、、、
せっかく復帰したのに
ピンク くすみは育ってないの？"
のりこくしもとすき,2024-12-20 11:22:21+00:00,え、嘘でしょ？
maro,2024-12-20 11:23:17+00:00,"え、なんで？
急に終わったからビックリした、
28日までは長すぎるよ"
柊菜詩(ひなた),2024-12-20 11:23:21+00:00,"だからか、理由わかったので、落ち着けました。
何が起こったと、アタフタしました。
なんが、いけんかったんかね？
TikTokめ！"
たんぬ,2024-12-20 11:24:33+00:00,"に、28日までだと！？
クリスマス終わってるじゃーーん"
rt,2024-12-20 11:26:03+00:00,えー  28日までって‥長い
めぇ,2024-12-20 11:26:41+00:00,"見に行こうとしたら終わってた
誤Banとな( _˙꒳˙ )_ﾊﾞﾝｯ!
なんてこった
Tiktok側が悪いのに？"
早吹流星。(メニクラ),2024-12-20 11:37:22+00:00,異議申し立て！
chiy,2024-12-21 01:02:10+00:00,そういう時はみんなでフィードバックするから（まだやった事ないけど）くすみの為なら何でもできる
サイケデリ華（Psykedelika）,2024-12-21 06:42:59+00:00,誤BANなの？それはヒドイいね。（私は昨日も配信行けなかったから事情は明確に理解してないけど）TikTokにフィードバッグとかして解除されるなら、ぜひ協力したいな。クリスマスもあるしね。
レイ,2024-12-22 21:55:55+00:00,"そうだったんだ
ありがとう皆様"
くすみ,2025-04-12 12:40:00+00:00,歌が調子いいと機嫌がいいのか、機嫌がいいと歌が調子いいのか…
Alexandria Jade,2024-12-30 19:12:56+00:00,my niece showed me how to add that speed ramp effect to my TikTok’s last night now I’m SICK about this ban  HOLD AWN IM JUST GETTIN STARTED
Culture Crave,2024-12-27 22:27:32+00:00,"Donald Trump has asked the Supreme Court to pause a law that would ban TikTok on January 19 

(via 
@Business
)"
Seanna Adcox,2024-12-30 21:42:46+00:00,"22 attorneys general, including SC’s, ask SCOTUS to uphold ‘divest or ban’ law against TikTok"
The Resistance,2024-12-30 22:53:38+00:00,Incredible to me how the US had to ban TikTok because Israel was losing the PR war…
Jim Sciutto,2024-12-27 22:15:55+00:00,The ban was the result of bipartisan legislation with broad GOP support. Trump has campaigned as tough on China. The US IC found China used TikTok to influence the election. But now…
celia,2024-12-27 22:37:51+00:00,
Sterling,2024-12-27 22:39:36+00:00,"""Trump has campaigned as tough on China."" 

It's all for show. How Trump truly feels and thinks about China can be seen in his praise for that country's leader (Xi)."
Matthew Boedy,2024-12-27 22:45:51+00:00,Friend of the court brief? He doesn’t have any legal standing as part of the case. Can’t imagine SCOTUS saying “we will give Trump more time…”
Mary,2024-12-27 22:42:01+00:00,"Trump just campaigned on China bashing for the Trumpers, he's always championed China, always had products made in China .. it's so much BS."
EB,2024-12-27 23:28:44+00:00,Well one of his major donors is ALSO a major tic toc shareholder…..why not report on that?
Donald Moschberger,2024-12-28 02:44:02+00:00,What’s stopping him from sticking his tiny hands in to negotiations now? Isn’t he capable of ending Putin’s war in Ukraine and settle TikTok and chew gum before lowering our grocery prices on Inauguration Day?
William Brathwaite,2024-12-28 14:18:39+00:00,"No mystery - TikTok Billionaire investor check cleared  trump has been, and always will be ""for sale"". Too bad 70M+ voters are too dumb to see it or simply don't give AF  Way to go maga. Now eat each other alive (while I make more popcorn )"
mritter,2024-12-27 22:50:30+00:00,"Since that’s not a legal question, if they answer in the affirmative it will tell all of America whether they are SCOTUS or just a hired band of thugs.

We’re watching you, Robert’s."
Chief Shearer,2024-12-27 22:54:45+00:00,He's a scam artist report it
Alexanderina,2024-12-28 00:57:07+00:00,And i bet those same Republicans that supported the ban are now lining up behind the Convicted felon like good little
Joe,2024-12-28 03:06:10+00:00,Trump isn't planning to undo the law. Just wants time to help Tiktok find an American buyer/partner.
Dennis Gehler,2024-12-28 18:04:44+00:00,Guessing that there's money involved here going directly to the Trump mafia family.
Negrodamus,2024-12-27 22:49:06+00:00,"US media:

“Trump has campaigned as tough on China”

Truth:"
Glenn Good,2024-12-27 23:10:15+00:00,"The MSM got played. Turn them off,"
MforFreedom. #Resist,2024-12-27 23:32:46+00:00,$$$$$$$$$$ in 45's pocket.
Abe'sCat,2024-12-27 23:36:26+00:00,Trump always caves for
clay blasdel,2024-12-28 01:16:13+00:00,Trump has no standing in a just Supreme Court
MojoBaby6975,2024-12-28 01:35:13+00:00,The US IC ...LOL. What a joke you are with your misinformation.
Thomas,2024-12-28 03:32:13+00:00,Soon Republicans will own Tiktok like they own X ans it's Democrats who will look stupid.
GOAT,2024-12-28 13:35:31+00:00,Question . How much did  Zuckerberg influenced in 2020 election ?  Hypocrite
hope now peace,2024-12-28 15:46:12+00:00,Everybody knows he talks out of both sides of his mouth. He’s a LIAR.  Get it?
michaelgorvitz,2024-12-28 22:34:05+00:00,"As I said before: he is smart, you are not."
David Cash,2024-12-27 22:59:37+00:00,Get over it suck ass liberal - you and your kind lost the election !!!
Greg Pearson,2024-12-28 03:34:38+00:00,The SCOTUS has no constitutional power to pause a law duly passed by Congress and signed by the President because the President-elect doesn’t like it. If Trump wants to put it on hold Congress needs to repeal it and Biden needs to sign it.
Mocephus,2024-12-28 04:04:47+00:00,STFU with your influence the election BULLSHIT!! You’re losing Jim. Your losing badly and bigly.
"Mildred ""Milly"" Ratched, RN",2024-12-28 05:07:41+00:00,#LibTears #Glorious #MAGA #Trump2024 #Vance2028 #Vance2032
Johan Lozada,2024-12-30 21:09:44+00:00,"Una de las prostitutas del Burdel Supremo de Justicia, leyendo la sentencia a Tik Tok: se le impone a la empresa Tik Tok una multa de 10 millones de dólares americanos. 

Como les encanta la moneda del imperio Yankee, ni por el coño multan en yuanes, bolívares o pesos cubanos."
Yisus! 𝕏,2024-12-31 00:02:06+00:00,Que paso con el petro? Se suponía que iba a destruir el dólar.
Johan Lozada,2024-12-31 01:39:55+00:00,El Petro iba a volver polvo al Bitcoin.
Kurt Weller,2024-12-30 21:16:32+00:00,"Me parece ofensivo llamar a esa señora una prostituta. Es una ofensa muy grande a las prostitutas, quienes merecen respeto"
@Franmosran1,2024-12-31 03:45:16+00:00,"Son Jueces, pero brutisimos; esa Sentencia con pena pecuniaria en Dólares Americanos, es Nula totalmente, lo establecen otras normas como el Código Orgánico Tributario y las normas que rigen la Administración Publica"
GonzaloPP,2024-12-30 23:27:42+00:00,"Son unos lambucios y especialmente esa zorra, fué una esbirra dl CNE bajo el mando de la basura Tibisay"
resistencia activa®,2024-12-30 21:26:26+00:00,Imagínate tu le gusta el dólar americano
Rick Sánchez,2024-12-31 04:52:24+00:00,"Tik tok ni siquiera es una empresa es una plataforma que le pertenece a la empresa China ByteDance, esto es solo para tener una excusa de censurar más la libertad de expresión de los venezolanos asi como bloquearon X"
Jose Bonilla,2024-12-30 22:35:56+00:00,"Es puro Show, $10M es una cifra ridículamente baja para una empresa como esa."
Irene Calcaño.,2024-12-30 23:44:46+00:00,Buena esa!
vladimir rodriguez,2024-12-31 03:10:43+00:00,Tiktok le va a decir que le paga en yuang porq tiktok es china
@fran27labrador,2024-12-30 21:21:50+00:00,Como se te ocurre
X,2024-12-31 02:09:29+00:00,"@RoiLopezRivas
 me puedes explicar por qué siempre es el Dolar y no el bric"
Isaac Santamaría (Duque de Caracas Shire),2024-12-31 02:49:41+00:00,Lo peor es que creen que sí les van a pagar esa multa
ALG,2024-12-31 08:16:43+00:00,"Multa en dólares ?
Empresa TikTok ?
Nigligencia ?"
Miguel Enrique,2024-12-31 10:08:17+00:00,"Empezando que se refiere a tiktok como una empresa siendo un producto, a lo legal eso quedaría sin efecto cierto ? Jaja y lo otro es que no sabe leer  corrido"
Alfredo Ponte,2024-12-31 06:00:46+00:00,"Para la etapa que se viene debemos entender cómo operan los criminales del régimen. Son expertos en crear falsas matrices de opinión, expertos en dividir. No caigamos en esos peines. Veamos un poco más allá y actuemos en unidad absoluta. Verificar antes de difundir
Tic tac"
Jose Mata,2024-12-31 11:33:42+00:00,"O en los brinds o como sea q se llame , babosos esos"
Raul Maestre,2024-12-31 11:41:49+00:00,De todas maneras nadie se la va a pagar
Monchis Maestre,2024-12-31 11:50:09+00:00,Jamás!! Eso iría contra las buenas costumbres
Antonio Castillo,2024-12-31 14:01:43+00:00,Es que les encanta el dólar esos deben tener años que no saben lo que es agarrar un bolívar con sus propias manos
Mario Migliazza,2024-12-31 14:02:43+00:00,Y el dinero si lo llegan a pagar cuanto apostamos que ni un centavo en Bs le dan a las víctimas jaja
Aracelis Buriel,2024-12-31 14:25:34+00:00,Deberían multar en Yuanes porque Tik Tok es una plataforma China. Ojalá los chinos le pasen factura.
Sandy Caldera,2024-12-31 14:39:13+00:00,Esa es la que existe pir ahora... Luego vendrán las del brics y a esa le pueden poner grasa y metersela en el CL!!!
Yonatan Jose Mejia,2024-12-31 15:04:30+00:00,"Eso de antiimperialista es solo para mantener su narrativa, la verdad es que ellos dependen demasiado del ""imperio yankee"", pero al mismo tiempo son esclavos de su propia narrativa"
German Bode,2024-12-31 16:25:45+00:00,"Ya TikTok respondió que van a pagar la multa, la mitad en Petros y la otra mitad en lingoticos de oro…"
djps0505,2025-01-01 02:46:43+00:00,Sabes lo peor de la sentencia... Que según la ley venezolana debe realizarse en la moneda extranjera de mayor denominación osea debió ser en Euros la emitida por el TSJ ni para respetar las leyes que ellos mismos crean son capaces
salazar,2024-12-31 17:46:44+00:00,"Tú escribes burdel Supremo y 
@freddysuperlano
 de frota las manos pensando en las cariñosas, la cuerda y la burrundanga"
⟡ ⋆˙ ⟡ ⋆˙ cesi⋆˙⟡ ⋆˙⟡,2024-12-30 21:03:28+00:00,i think im starting to agree more with the tiktok ban lowkey
Brandon Reid Lewis,2024-12-30 13:52:38+00:00,"maybe a tiktok ban will help my wallet, the things I end up buying right before bed almost nightly is ridiculous"
MommzDaBomb,2024-12-30 13:47:27+00:00,"Social shopping/ecomm is a massive global market. 

How do you get your piece of the pie?

@TrendAppend allocates a portion of all sales to tokenholders. 

With the TikTok ban imminent (21 days), creators will have to find a new platform and will move their audiences.

$TRND is built to attract those creators and their audiences with the best payouts/earnings potential available. 

Load up on tokens so you can get a piece of that pie!"
$$$MICHH$$$,2024-12-30 14:15:57+00:00,"Well said, $TRND is not just an ordinary project. It's a movement"
Jose,2024-12-30 14:16:34+00:00,$TRND is my favorite gem and my No 1 social media App
Cronos,2024-12-30 14:33:47+00:00,Bullish on $TRND !
$ENSEI,2024-12-30 14:36:35+00:00,$TRND
Mr. Intentions,2024-12-30 15:58:04+00:00,Hold my $TRND strong
#TuckFrump,2024-12-30 22:26:46+00:00,TikTok is headed for a ban — but can Trump still save it?
Private Officer,2024-12-30 11:44:17+00:00,Trump asks Supreme Court to delay TikTok ban so he can weigh in after he takes office
ちきりん,2024-12-28 09:27:15+00:00,"これは大きなニュース。もはやアメリカはTikTokを禁止できない。
世界中で使われるプラットフォームが、初めてアメリカ以外の国から生まれた。そしてそれを生み出した国は、日本でも欧州でもない。

https://www3.nhk.or.jp/news/html/20241228/k10014681751000.html…
トランプ次期大統領「TikTok」禁止の法律 発効延期求める"
JV - Jeux vidéo,2024-12-22 14:08:00+00:00,"Tiktok devrait bientôt être banni définitivement aux États-Unis.

Le changement de président n'y fait rien : Tiktok devrait être interdit sur le sol américain dès le 19 janvier."
Ergopixel,2024-12-22 14:43:45+00:00,Vivement que ça arrive en France
FrUnder,2024-12-22 14:25:00+00:00,A quand en France …. Ce fléau pour les jeunes
Doueymar,2024-12-22 14:08:33+00:00,"c’est une bonne chose, vivement pareil en France"
MangAlpha,2024-12-22 14:11:22+00:00,Le taux de dépressifs aux US risque de fortement augmenter
Namus,2024-12-22 14:51:04+00:00,Et la France alors ??
ZodiacSpear,2024-12-22 14:08:57+00:00,Excellente nouvelle.
Flisko,2024-12-22 14:17:25+00:00,Masterclass
Alvares,2024-12-22 14:27:29+00:00,A quand en France ?
Lego SoniCraft,2024-12-22 17:04:40+00:00,"La fin de l’idiocracy, enfin"
Jeremy go34,2024-12-22 14:16:17+00:00,Si ça arrive en France y a des gens qui vont pleurer
JoMartinez,2024-12-22 15:03:39+00:00,Bientot des tiktokeurs au chomage
Jo Cudder,2024-12-22 15:11:14+00:00,Les chômeur américain en pleur
Stan Locksad,2024-12-22 15:00:26+00:00,"Les américains vont alors passer par des vpn, Tiktok pourrait aussi faciliter l'utilisation de proxies via une fonctionnalité permettant leur ajout. Mieux encore, Bytedance pourrait même proposer des proxies, gratuits ou payants."
blob,2024-12-22 15:12:20+00:00,Oui enfin tout ça parce que c'est chinois parce que les autres plate forme américaine font exactement pareil avec l'espionnage comme ici
Dixion #ETH,2024-12-22 15:25:39+00:00,"Ne pas faire ça en France svp! Il y a un risque de devenir intelligent !!
On régularise absolument toutes les innovations / révolutions mais par contre Tiktok feu vert"
SebXrider,2024-12-22 15:33:38+00:00,"TikTok est chinois.
Les USA détestent les Chinois d'autant plus Trump. 
C'est leur cible première avant que les Russes post-soviets ont refusé, après le bombardement de Belgrade en 1999, de se sacrifier pour la grande cause du Saint Empire US Mondialiste : https://systemophobe.wordpress.com/2015/02/16/sur-la-voie-de-la-suprasociete/…"
SebXrider,2024-12-22 15:36:01+00:00,"C'est twitter et facebook qu'il faudrait aussi interdir.
Ah non ! Suis-je bête ! Twitter et facebook sont américains. Donc hallal et casher !"
Tyler,2024-12-22 16:09:22+00:00,"Si cela arrive en France, ma femme fait une dépression, elle est très souvent dessus et me montre des vidéos marrantes pendant qu'on est devant la TV, je préfère ne pas avoir de compte, je gagne du temps et je ne serais pas accro."
cereza,2024-12-22 16:31:33+00:00,Je comprends cette décision
clemcydieu,2024-12-22 18:18:20+00:00,tu utilise l'appli APK et c gratos meme au usa
RedQc_ mita supremacy,2024-12-22 18:58:33+00:00,Je vais me faire wipe
Phany76,2024-12-23 03:54:02+00:00,Ils ont raison
Théo,2024-12-23 04:50:23+00:00,En espérant que la France décide pas de suivre. Flemme de devoir prendre un VPN
Floocc,2024-12-23 06:18:56+00:00,"Si seulement il pouvait arriver la même chose en France, cela éveillerai peut-être certaines lumières chez certains"
Jean peuplu,2024-12-23 11:43:30+00:00,Même en France ça serait bien
Seyrozzz,2024-12-23 11:43:46+00:00,Ça changera rien ils iront sur reels mdr
Ken_Joka,2024-12-23 13:06:40+00:00,Enfin
Imraan Siddiqi,2024-12-24 05:09:55+00:00,"Theo Von saying he believes the U.S. government is banning TikTok to cover up the genocide in Palestine.

And he’s right."
Myron Gaines,2024-12-25 12:22:03+00:00,The noticing is occurring
Wally Rashid,2024-12-25 16:09:47+00:00,"The CEO of the ADL stated directly “We really have a TikTok problem”, the Jewish Federation of North America backed the bill, Steven Mnuchin (Zionist and staunch AIPAC supporter) stated he wants to buy TikTok and stop anti-Israel content. AIPAC heavily pushed the fast bipartisan"
𝕂𝕆ℕ ℚ𝕌𝔼𝕊𝔸,2024-12-25 03:26:24+00:00,Man love Theo! His humanity shows... Bro cried talking about the kids! They can never get me to hate him.. No matter how much Trump adajecent he gets.. Just a genuine dude.
ADAM,2024-12-26 16:14:03+00:00,He’s right.
Kyle The Geek,2024-12-25 06:37:09+00:00,They literally admitted it. I forget which politician but they said they needed to ban the platform cuz they were getting the news from somewhere other than news corporations. I’m pretty sure I remember them mentioning Israel/Palestine as well
Mehdi Yacoubi,2024-12-26 10:43:05+00:00,exactly
"Andrew Jerell Jones, Luke 1:37 (BlueSky too now)",2024-12-25 06:15:07+00:00,"No, they’re just banning TikTok because of America wanting to commit corrupt business hypocrisy to successful Chinese business when American social media companies are doing the same thing. 

This was planned out months before (more) Zionist immoral crimes against humanity."
Ari Paul,2024-12-26 13:32:07+00:00,"Wasn’t the order reversed?  The move to ban Tik tok started well before Gaza invaded Israel and launched their failed war.  What I don’t get is if gazans are being “genocided”, why would they choose to continue their war and why would “pro-Palestinians” be demanding they keep"
Chris Fenton,2024-12-26 19:50:16+00:00,"My latest op-Ed:

""TikTok provides Beijing an ability 2 understand, control, & influence Americans well beyond simply Hollywood content. In fact, the platform is much more damaging in how it shapes the opinions & perspectives of adults under 30."""
JimsyTFT,2024-12-25 19:04:57+00:00,"Theo von literally has everything to lose saying this and nothing to gain, so do with that as you may"
PatriarchalCompass,2024-12-26 04:24:29+00:00,Meanwhile destroying everything Christian from holy land.
Carnilissë Mahtar,2024-12-26 03:21:23+00:00,He's spot on
Sebastien,2024-12-25 00:55:38+00:00,"That’s a pretty dangerous career move. He’s not a leftist and this stance ain’t right wing either. 

Also, his point about China already having personal data doesn’t mean they should continue to access it unfettered"
Lil Twist Goat,2024-12-25 07:13:23+00:00,What a goat man
Laurence (Larry) Boorstein,2024-12-26 03:20:09+00:00,"Jewish Federations of North America on Wednesday lauded the House of Representatives for passing a national security bill against TikTok, the most popular social media platform driving antisemitism and anti-Israel sentiments. Mar 13
https://jewishfederations.org/fedworld/federations-applaud-house-passage-of-tiktok-accountability-bill-461891…"
Joshua K,2024-12-25 03:52:54+00:00,"Chinese police can’t arrest me. US police can. I wish every website I used was Chinese. China isn’t going to want to cooperate with the CIA to make sure I stop going to Free Palestine protests. Elon Musk will, though. So will Mark Zuckerburg."
x100 Solanaceae,2024-12-25 08:45:29+00:00,"I don't really know who Theo Von is but I saw his show(?) episode with 
@DrGaborMate
 ...[https://youtube.com/watch?v=gwlepoi1TNE…]... 
and now hearing this... He seems like a good bloke"
Phuzzy,2024-12-26 05:36:33+00:00,"He's right. TikTok doesn't only show raw footage from Gaza, but also shows IDF accounts flexing how many children they killed on that day on video.

I get my news about Gaza from real life , word of mouth and first hand experience from relatives of Palestinians there, Mainstream"
Christine,2024-12-25 06:55:50+00:00,CLOCK ITTTT.
Zilla,2024-12-25 10:48:36+00:00,The only genocide in history in which the population being genocided grows larger
Alan Rosca,2024-12-25 14:00:46+00:00,He’s proof that there is such a thing as a serial useful idiot - a fool who is an unwitting tool for multiple bad actors.
Politics Sloth (#1 reply guy),2024-12-25 12:35:25+00:00,"Why would Trump unban it tho? He is going to make the situation much worse in Palestine, even more reason to ban it!"
Financial Freedom,2024-12-26 00:09:02+00:00,"The fact this is even controversial is wild, speaking facts is scary in a world full of lies"
𝙱𝚘𝚗𝚎𝚋𝚛𝚎𝚊𝚔𝚎𝚛,2024-12-25 19:41:37+00:00,This is old news but it’s getting some steam now
DVJ,2024-12-26 04:55:14+00:00,Because there is a lack of coverage of Palestine on every platform? What an idiotic post!
JustBen,2024-12-25 13:55:47+00:00,Then why was i banned on TikTok for covering it
Joshua K,2024-12-25 04:01:17+00:00,"“They want to own it.”

“Suppress it.”

Actually, they ARE trying to own it. Their plan is to force China to “sell” TikTok to them, much like Japanese people had to “sell” their houses and belongings for pennies when FDR decided to put them all in concentration camps during WW2."
jg,2024-12-25 14:18:42+00:00,They are doing it bc the algorithm is much superior to other apps.  People can't compete.  That's all
Officerjackboot,2024-12-25 03:34:39+00:00,God damn an actual real one!
Decoded,2024-12-25 12:48:13+00:00,"TikTok has been censoring a lot of content on Palestine. X has been censoring a lot of content on Palestine through shadow banning/killing reach. Ironically even though people say Meta is censoring, I’ve seen far more content on the genocide through Instagram than TikTok. While"
Ygg Odinson MAGA/MMA,2024-12-26 17:36:38+00:00,"Damn sure is right, they're killing innocent women and children in the name of hostages they don't even mention anymore
(it's really a land grab)"
Elie Cohen كامل أمين ثابت,2024-12-25 05:10:57+00:00,"Groypers are America last

Instead of a TikTok ban, they support China, Qatar, Iran and Russia using it to turn American children into pimps and whores who hate their parents and country;  just to get off ogling underage kids while craping on the Jews from their moms basement."
Fetor Mephitis,2024-12-26 02:28:52+00:00,Must be true. Probably where the ICJ did its investigation. Nobody on this platform talks about the nonexistent genocide you drooling POS.
Laurence (Larry) Boorstein,2024-12-26 18:23:19+00:00,"“The lawmakers are demanding to know how many employees at TikTok have connections to ByteDance, how the platform screens for misinformation and anti-Israel content amid the conflict with Hamas, and how its algorithms are curated, among other queries."""
W,2024-12-25 23:51:32+00:00,Frankly I dont care what's happening in Gaza. I care that China has a legit peephole into our lives with TikTok.  We got our own problems to recover from in America. You wanna know what's going on in Gaza then go fuckin live there.
Vince P (but not braindead),2024-12-25 18:12:37+00:00,The non genocide
Rowheim Farooqui,2024-12-25 20:40:19+00:00,"@TheoVon
 you a real one"
Stone’s Thoughts,2024-12-25 23:29:53+00:00,"TikTok has nothing to do with anything in Palestine!!! TikTok is being banned because it is a national security threat from the Chinese government. It has been in talks for years before October 7 even happened. Nobody else wants to buy it, and China is not willing to give it up,"
Zalmi Berger,2024-12-26 03:47:39+00:00,Stupid
John Vichich,2024-12-26 01:24:34+00:00,The Genocide is real and the Jews must pay the price.
Ace6one7,2024-12-26 01:55:46+00:00,Well Theo Von has official shown his stupidity... we already knew he played the role but his true colors shine through!
Jersey,2024-12-25 15:57:48+00:00,"@TheoVon
 is that guy that so many comedians (who I actually like) like 
@andrewschulz
 and so on are to cowardly to be honest publicly about 

Thank god for Theo"
Arthur Stonewall,2024-12-25 14:22:41+00:00,What about the litany of other social media sites? You people are retarded.
BELLA Ⓥ,2024-12-25 04:10:29+00:00,Theo has yet to make a bad take
rene smith,2024-12-25 03:06:41+00:00,Tune into Aljazeerea they're  in gaza
Tantuni,2024-12-25 13:13:54+00:00,"@TheoVon
 your gonna catch a lot for this, so thanks for keeping it real."
Phill Suki,2024-12-25 12:37:35+00:00,"A lot is also a disinformation 
What if I tell you that hamas kill it’s own and pretended to be isreali on video just to fool you all"
Alex Pérez,2024-12-25 06:40:23+00:00,Very based
ahabthewhaler,2024-12-25 07:45:10+00:00,Mitt Romney said it plainly
Ros esmit,2024-12-25 16:43:27+00:00,Yup 1000%
chuck madden,2024-12-25 17:58:46+00:00,"Damn 
@TheoVon
 comin in hot
Bravo!"
Jason “ジェイさん” Jordan,2024-12-27 01:25:49+00:00,"A. There’s no genocide in Palestine.

B. If that’s why they were doing it, they’d go after Facebook, Instagram, BlueSky, and X as well.

C. There’s no genocide in Palestine."
x100 Solanaceae,2024-12-25 08:51:36+00:00,"re: ""they don't want China to have our information"":
Lol.  Has this been dominating the news lately?  No?  Ok then, well, it's not about that... and yeah, China already has your information."
Unknown Ruler,2024-12-25 19:03:03+00:00,He’s % right. The government distracts us with petty bans while ignoring real atrocities.
Titan Joe,2024-12-25 21:16:04+00:00,W
Laurence (Larry) Boorstein,2024-12-26 03:21:28+00:00,Sliding Through: Spreading Antisemitism on TikTok by Exploiting Moderation Gaps
Myric,2024-12-26 14:38:13+00:00,"It’s an interesting thought, but just a reminder that Palestine continues to stand by Hamas, and Hamas started it.

It is difficult for us to have sympathy for a people being apparently “genocided” (which I’m skeptical of) who believe and participate in the attempted genocide of"
Ari Schiff,2024-12-25 11:22:32+00:00,Theo is Funny but the smartest
Walter Right,2024-12-25 14:24:46+00:00,k
Werek Wade Willer,2024-12-25 14:45:04+00:00,What’s he doing under that table
Toby,2024-12-25 19:23:21+00:00,Theo is the man.
Ir0n Patri0t03,2024-12-25 21:17:32+00:00,"Once you establish yourself in this debate, don’t be scared to challenge other people who believe the opposite"
"Norm, (I don't do DM's)",2024-12-25 21:19:54+00:00,"Believe the atrocities 
Are on both sides..."
Victor Damone Jr.,2024-12-25 21:42:40+00:00,Also Tik Tok is a trash app
RHS,2024-12-25 23:09:07+00:00,What’s the definition of genocide??
"Well, Actually",2024-12-25 05:33:18+00:00,"""Genocide"""
.,2024-12-25 06:06:45+00:00,Is he new to the planet? lol like i don’t get it. It’s interesting though. The right wing media might end up saving tik toks demise
Shai Knecht,2024-12-26 05:59:19+00:00,lol yea the 44 year old comedian from Louisiana is the one doing the brilliant investigative work on Israel and Palestine  $100 bet he doesn’t know where Israel or Gaza is on a map
Jay Darko,2024-12-26 01:24:55+00:00,"Siding with terrorists isn’t a good look 
@TheoVon"
Vulnerable Deplorable,2024-12-26 04:02:42+00:00,First place I got to get my info.  Some drug addled podcaster.
As if you really,2024-12-26 04:50:27+00:00,Unbelievable stupidity! All the lies that came from “Palestine” were already debunked. There is no Genocide! There is no “Palestine”! Only ISRAEL!
𝓨𝓸𝓾𝓻 𝓗𝓲𝓰𝓱𝓷𝓮𝓼𝓼,2024-12-26 06:17:51+00:00,Can’t stand him most days but 10000% based.
NonHollywood,2024-12-26 06:21:57+00:00,"There is no genocide in ""Palestine.""

There are hostages and have been for 15 months.  Those they did not butcher and rape to death, they kidnapped.

And all they had to do was give them back."
Dora Etoile Du_Roi,2024-12-26 13:34:30+00:00,I like Theo but that is batshit dumb
Mark Zee,2024-12-26 15:37:21+00:00,He's never right.
John Cronin,2024-12-25 20:56:04+00:00,"he's right, zionists are freaking out they don't control the narrative anymore"
travybismyname,2024-12-25 20:58:02+00:00,I like Theo Von but this an objectively retarded take.
77,2024-12-25 09:25:19+00:00,hold up unky Theo is JQ'd ?
GigaJak | Unhinged Arc,2024-12-25 13:59:20+00:00,This would be an wildly dumb plot to cover up anything
TJCasperson,2024-12-25 18:49:28+00:00,"Lol. No. This isn’t why. It’s because in China? TikTok awards you for doing science projects, and playing music. In the US it rewards you for eating tide pods.

It’s literally a Chinese SyOp to make American kids dumber."
Jerry Hanlon,2024-12-25 04:37:48+00:00,"Oh boy, we are now taking advice from the flunky on The Real World now? What have we come to?"
sham33_acog,2024-12-25 06:18:57+00:00,W
The North Remembers,2024-12-25 11:13:24+00:00,lol what a stupid ass take
TRUTH,2024-12-25 13:58:45+00:00,"All you imps looking for ways to smuggle Palestinian into every conversation.  

This is as dumb as the originator."
immyowngrandpa,2024-12-25 14:10:49+00:00,It’s to stop us from showing other places what they are about to do to us.
Brian Klein,2024-12-25 14:52:41+00:00,It is Chinese disinformation that is driving this.  Plus the removal of all Chinese companies
william boyer,2024-12-26 16:44:35+00:00,Look at the video. There is your answer. We have enough people like you ranting and raving and preaching death and irrational hate.
Rick Blair,2024-12-26 17:32:20+00:00,Genocide as a term becoming increasingly meaningless lately.
MichoelR,2024-12-27 17:14:36+00:00,"Uh, no, it's to oppose the genocide that Hamas favors, and TikTok people favor, and you favor."
Kaz DF,2024-12-25 07:03:50+00:00,"That's correct. Here's Blinken and Romney upset about Tiktok. They've forced Tiktok to start censoring pro-Palestinian voices. They don't have to threaten FB, Meta, IG, YT because they're already run by z10nists."
The Super,2024-12-25 15:19:43+00:00,There is no “Palestine” and there is no genocide.
T. Jefferson Snodgrass,2024-12-25 15:36:47+00:00,Then why did Trump issue an executive order in 2020 telling Tik Tok they had to separate from the CCP or be banned? This take is moronic.
Brian Hritsko,2024-12-25 16:03:18+00:00,Idk because X is where I see all of it I think TikTok is because positive trump videos are killing it on TikTok and he's winning over the youth
The Peoples Champ,2024-12-25 16:11:43+00:00,Except you stupid morons are to dumb to realize this whole thing started years before Oct 7th and any bull shit genocide.
Ant SmackCity,2024-12-25 14:41:58+00:00,IDGAF
garvs,2024-12-25 14:47:50+00:00,No way you are getting your conspiracy theories from THEO VON now
a non a mouse ♱,2024-12-25 15:18:57+00:00,Theo has always been a real one. He has suffered and because of this he is a better person
Barakat,2024-12-25 15:47:04+00:00,Theo Von really the
TrojanBlade,2024-12-25 16:09:35+00:00,Theo von is based af
seaweedgirl,2024-12-25 17:09:59+00:00,They literally admitted that’s why tiktok is getting banned months ago lol not really a theory
Israel AC,2024-12-25 17:54:16+00:00,Theo von is a fucking nitwit
Stefan Greybeard,2024-12-25 18:05:31+00:00,It's been absolutely obvious that was the reason since the ban was suggested.
L.C,2024-12-25 18:10:59+00:00,Nonsense financed by Qatar Iran or Turkey Caliphatists. Your choice.
Mmbad,2024-12-25 18:13:37+00:00,"It's not about ""they'll get your information"" - you're right, that information is all already out there being sold to the highest bidder.

It *is* very much about information and information warfare, and whether China would use TikTok as a weapon to weaken and divide our populace"
MoreHumbleThanYou,2024-12-25 19:45:26+00:00,Can’t cover up something that isn’t happening
The Notorious S.E.B.,2024-12-25 20:55:07+00:00,"yeah man it’s never in the news otherwise, dumbass"
PersonaMoneyDemo,2024-12-25 21:15:43+00:00,Can never hate this man
Lucas,2024-12-25 21:35:54+00:00,"@Dattytf
 no me habías dicho que este hombre estaba tan inconmensurablemente basado"
UFO Salvage L.L.C.,2024-12-26 01:22:31+00:00,They really are a bunch of pussy ass bitch made desk jockeys
rodney,2024-12-26 02:23:02+00:00,So is Twitter.   I no longer see anything about the holocaust caused by Israel anymore in my feed.
SarahJ,2024-12-26 02:51:49+00:00,He is correct.
Matthew Waite,2024-12-26 03:34:53+00:00,Is he using again? He looks hopped up on something.
Nassumoto,2024-12-26 16:02:17+00:00,"Thank you 
@TheoVon
 for having the balls to speak the truth and stand up for those being unjustly persecuted."
brady palmer,2024-12-26 21:00:36+00:00,theo is always based he just needs realize that the right won’t fix any of the problems that he is concerned about
TreeStone,2024-12-25 21:27:06+00:00,"The difference between China having our information and US based companies having it is that China is a communist country, the difference is that people don't go missing en masse when they protest in the millions to oppose a bill here; whereas in China they do, including kids."
Mike Flap,2024-12-26 04:38:07+00:00,Starting to see the light.
Daddy Hexler,2024-12-26 04:45:12+00:00,"@TheoVon
 is a G. All of these America First people who are silent on this issue, you know that America ain't first to them."
I'm that guy,2024-12-26 05:13:01+00:00,The reality of America is grim when people take a fucking moron of a podcaster seriously.
DomCrudo,2024-12-26 05:25:33+00:00,Define Gen0cide
Hassozial,2024-12-26 06:15:57+00:00,How does he know
Lime,2024-12-26 06:22:53+00:00,"There is no genocide in ""palestine"""
Comply?NoWay,2024-12-26 06:26:57+00:00,"X has your information 
Facebook has our information 
Gab the as our information 
Tic Tok allows what other apps like X won't allow.
Like Helene posts
They do suppress
I believe because of the deaths in the areas where the lithium mines are, that lithium miners want."
Travis,2024-12-26 03:43:39+00:00,What genocide?
Malignant Hyperthermia,2024-12-26 04:04:07+00:00,Certified groyper
Michael,2024-12-26 06:33:54+00:00,Lol funny that this all stared when trump was originally in office well before the shit popped off this last time.
Siproites Tiresias,2024-12-26 08:15:07+00:00,Obviously
Eline Meijer,2024-12-26 10:16:38+00:00,Theo has lost it.
Yoin,2024-12-26 11:18:23+00:00,Good man
Manmantheman,2024-12-26 12:06:51+00:00,Wait you guys get your info about the war from TikTok ?
BleedGreen8990,2024-12-26 12:33:32+00:00,But X still exists so that theory does t really make sense
Tony,2024-12-25 05:01:05+00:00,"Oh please,did he start sniffing again?"
Red05,2024-12-25 07:00:40+00:00,@hasanthehun
UptownDonkeyGotSuspendedAgain,2024-12-25 07:08:46+00:00,No one cares. Why would it have to be covered up?
Angecorame Esprit,2024-12-25 08:10:43+00:00,When in fact they have no business forbidding us to do anything!
Very Right DenDen,2024-12-25 08:37:14+00:00,"Yeah, NO. Egypt has a bid border with Gaza. Why don’t they take the “refugees”? They don’t want them. All the other MUSLIM countries could take them all and save them. But NO they don’t want them either. Why?  Because they want them sacrificed and the Jews persecuted."
Mike_Muffler,2024-12-25 08:42:36+00:00,Jews.
Tobiaria,2024-12-25 08:52:54+00:00,Based
Fanny jones,2024-12-25 09:09:32+00:00,"Americans need to have it put in perspective. Just imagine the Palestinians are like Iraqis, you didn’t care then, so why care now? Remember when we protected American from Saddam and his WMDs?"
Bibi,2024-12-25 09:28:49+00:00,They literally say it
xaggerate,2024-12-25 11:35:44+00:00,just wait till the Palestinians say nvr again... just wait
Champ,2024-12-25 11:58:04+00:00,It’s abit late though
mrB,2024-12-25 12:16:50+00:00,I didn't know he was retarded
Phill Suki,2024-12-25 12:35:56+00:00,"Like always delusional.
Once us get control of TikTok and its narrative so it can censor whatever they want that’s when we will see unban"
Cesaire Civil,2024-12-25 12:36:52+00:00,I’ve seen the horrors.
Jaap Velema,2024-12-25 13:07:07+00:00,Idiot!!
sultan,2024-12-25 13:12:10+00:00,Faxxx
Sunny M.,2024-12-25 13:12:34+00:00,
CoolHand,2024-12-25 13:27:26+00:00,No one cares.
F H,2024-12-25 13:55:02+00:00,"Things 
@andrewschulz
 won’t ever talk about."
Booty Come Back,2024-12-25 14:03:21+00:00,“I only have 6 pieces of information” real big maya rudolph energy here
jugtown,2024-12-25 14:06:51+00:00,moron with equivalent takes
UnapologeticLebronFan,2024-12-25 14:27:21+00:00,amen Theo
Vintenfold,2024-12-25 14:55:00+00:00,Based Theo
MsRevolutionista,2024-12-25 14:56:55+00:00,"@TheoVon
  knows what’s up."
Lex,2024-12-25 15:09:49+00:00,"If you get your news from tik tok, this ain’t good"
Ronald,2024-12-25 15:21:49+00:00,You have no credibility to me.
HTJ,2024-12-25 15:22:40+00:00,Duh.
wut_do_u_know,2024-12-25 15:24:26+00:00,"Nah, Theo has done way too much drugs to be right about anything."
0311USMCVET,2024-12-25 15:33:59+00:00,"Jews want to ban it, jews own us govt."
DRD00M,2024-12-25 15:42:09+00:00,Yeah tell me bout it
Kjetil,2024-12-25 15:45:15+00:00,But technically there is no genocide.
Joey,2024-12-25 15:45:17+00:00,"The US wants to ban Tiktok and make their own replacement to control the narrative, steal data, track online activity to advertise, and spread their lies/propaganda"
Prokind,2024-12-25 15:48:33+00:00,True
Chud Bunkerson,2024-12-25 15:51:19+00:00,Protect Theodor Capitani von Kurnatowski III at all costs.
Mikkel,2024-12-25 16:01:55+00:00,Ofcourse. It's not like all other social media is full of pro palestine propaganda. It's only on tiktok.
Anna Mation,2024-12-25 16:06:28+00:00,The highest paid creators make $100K per video. TT shop pays 5% commission. It's the earnings they want to control. They can't allow an economy that ordinary people benefit from.
andrew brown,2024-12-25 16:27:15+00:00,Does he know what happened in Romania
Us Normals VS The Elite,2024-12-25 16:29:50+00:00,"Among other things like, Americans getting versed on how these shit billionaires operate.
Here's one telling us ""poor f*cks"" a Merry Christmas.
https://tiktok.com/t/ZTYpmsTmq/

His name is Dan Pena just in case anyone is curious."
Mod,2024-12-25 16:32:16+00:00,"Sure…because the world doesn’t have access to videos on X or any other platform? 

This take doesn’t really make sense"
Erk The Merc,2024-12-25 16:37:42+00:00,He is absolutely correct!
VFG Movie Reviews,2024-12-25 16:39:02+00:00,You can see the stuff going on in Gaza on any app
Brandon Beane is bad,2024-12-25 16:39:27+00:00,THEO VON?
Mo Ne,2024-12-25 16:40:41+00:00,Fuck Palestine. Fuck Israel. Fuck TikTok.
UKblitzkrieg OBE,2024-12-25 16:44:19+00:00,You retards. This was a discussion before hamas attacked on October 7th
,2024-12-25 16:59:18+00:00,And because they won’t exclusively sell people’s info to America as well… that’s a big main part of it.
Nugrun,2024-12-25 17:02:28+00:00,Can we still use vpn to get pass the gov bs
august walker,2024-12-25 17:04:51+00:00,The Jews control the government after all
Realist,2024-12-25 17:06:19+00:00,Facts
fishnski,2024-12-25 17:08:43+00:00,It's genocide for Hamas with some collateral damage...don't over think it...
Y Grm,2024-12-25 17:27:35+00:00,Theo von is a man with conscious who sleeps well at night
ۗۗۗۗۗۗۗۗۗۗۗۗۗۗۗۗۗۗۗۗۗۗۗۗۗۗJoel,2024-12-26 13:03:42+00:00,"Not only the genocide, but all Israeli actions being committed by their soldiers on social media. While also distracting us from what israel has done to Syria"
TJAConspiracy,2024-12-26 13:25:55+00:00,ON THE MONEY
Jones,2024-12-26 13:39:58+00:00,Yeah … Theo the visionary
Sir Alan B'Stard MP PhD KPMG,2024-12-26 14:01:37+00:00,Imagine being so r*tard*d you think TikTok is the only place you can get info tho
SCHOOL BONDS NIGHT DOG,2024-12-26 14:46:05+00:00,lol no
TrevorDistance,2024-12-26 15:15:11+00:00,"This genocide Imraan, is the Palestinian population increasing or decreasing?"
Hellphish89,2024-12-26 15:23:29+00:00,Oh no... he's retarded..
Harry Rektim,2024-12-26 15:27:18+00:00,Coked out retards for Hamas
PoohWasRight,2024-12-26 15:56:33+00:00,Of all the reasons to ban TikTok this is the least likely
Smiley Desire,2024-12-26 16:00:33+00:00,They censored all other social media platforms except tiktok
mr. bernie,2024-12-26 16:05:46+00:00,"""I have like 6 pieces of information, there's no way you don't have them"" lmao"
Muddy.,2024-12-26 16:06:12+00:00,This fella is about as smart as he sounds.
goidhdjeb,2024-12-26 16:07:41+00:00,Not really Theo my man what if they use Ai to track all the movements on your phone or every text message you have ever sent then make Ai agent of reall people in your life and fuck with you mentally via. Ai agents of lived ones???? Ask me how I know this can happen?
robertogiffren@gmail,2024-12-26 16:12:30+00:00,He looks like he's wanking himself this whole time
Phan,2024-12-26 16:15:35+00:00,When did everyone just get collectively fucking retarded?
Mister Dealio,2024-12-26 17:13:04+00:00,"If this was true, why was there a congressional push to shutdown TikTok before the war in Gaza? You’re so FOS."
sandwiches,2024-12-26 17:35:26+00:00,"Well, definitely for that, but also because: they want user data stored outside of asia, so THEY can have an app they have backdoored and use to spy on people. With Tiktok they can't easily do that."
Mitch Leff,2024-12-26 17:55:24+00:00,"So they can’t count the number of living hostages but feed your dumbass exact numbers of deaths from the war, you are a double standard lying Jew hater. There’s no genocide you woke fucking trash, am YISRAEL chai"
Robert,2024-12-26 18:52:13+00:00,This is an idiot with a podcast. Don’t support him
JEAN SILVA FOR PRESIDENT,2024-12-26 18:54:37+00:00,"theo von, based as fuck."
CoffeyTimeNews,2024-12-27 23:07:30+00:00,"Remember when Trump said he would be tough on China?

He just asked the Supreme Court to pause the ban on TikTok.

Promise made, promise broken.

He ain't even president yet.

There will be plenty more of that."
GOP Jesus,2024-12-27 23:47:06+00:00,"The positive things about the next four years will be pointing out all his broken promises, the infighting and backstabbing (), and the copious MAGA tears that will flow as their health care is taken away and inflation spikes from Trump’s Tariffs."
Carl Gorney,2024-12-27 23:11:19+00:00,He already broke one promise: that he'd be able to lower grocery prices. OOPS! 45 told Time magazine he probably wouldn't be able to do that.
1modicumofdecorum,2024-12-28 01:26:54+00:00,"He's a bully and a coward.
He talks tough, and then he retreats. He's a loser...
Let's watch him stop the war in ukraine with one phone call come Jan 20th. Why hasn't he done it already?"
Sandee,2024-12-27 23:52:29+00:00,I’m old enough to remember this
Doris Bivings,2024-12-27 23:39:38+00:00,No one should believe anything  this man says. He's always1 lying.
Suzie rizzio,2024-12-28 16:36:58+00:00,I swear he hasn’t spoken a word of truth since was popped out of the womb.
Terri Loves America,2024-12-28 00:04:34+00:00,Trump's waiting for his pay off from China to decide.
YoureOnMute,2024-12-27 23:25:02+00:00,"Awwww come on, give the guy a break already!

It wasn’t even Trump asking, I read it was some dude called David Dennison, I do my research, I ain’t no sheeple."
Capone,2024-12-28 06:31:14+00:00,"He wants to keep it on the table to use as leverage.  If he can fix the issue without creating a precedence for government Lanny social media platforms, that’s a good thing  

“President Trump alone possesses the consummate deal-making expertise, the electoral mandate and the"
Idiocracyshallfall,2024-12-28 13:28:09+00:00,remember when democrats said inflation was transitory.. pepperage farm remembers..
Linda Irving,2024-12-28 15:18:40+00:00,"How and why does this Donald think he can ask SCOTUS anything. This sounds suspicious. China wants in, Donald owes china big money, Donald owes Putin everything and Elon owns him
Is Donald compromised? How can he approach the bench, he is a felon! Not even paid his fine"
Ina Florence,2024-12-27 23:11:17+00:00,I hope his voters get all they voted for.
P Santucci,2024-12-28 00:33:38+00:00,"HE ALWAYS HAS LIED ALL HIS LIFE, not changing at this age!!!"
Nasty_Canuck!,2024-12-28 00:42:31+00:00,Trump is full of
Carol Valentine,2024-12-28 18:26:26+00:00,Trump will introduce tariffs on all countries except China and Russia. Musk has business in China so no tariffs. Trump has a crush on Putin so no tariffs.
Roberto Frosto,2024-12-28 00:07:41+00:00,Trump is just following his China stooge Musk’s advice.
TrumpHoFace,2024-12-28 03:18:06+00:00,"Trump is f weak on china.

He backtracked from
Calling it the China virus and one million Americans got killed"
aSinger,2024-12-27 23:15:41+00:00,Without a doubt!
McKinley~ Lock Him Up,2024-12-28 00:45:17+00:00,He probably wants to see how much they’ll pay him to keep it open.
.Grant Curran.,2024-12-28 05:59:53+00:00,Not surprised.. I also recall him lying about the crime rate and promising to be tough on crime. And he's going to pardon 100s of Jan 6 criminals.
Mr P. I. Staker Fella,2024-12-28 13:28:58+00:00,"Ironic when ByteDance have CCP members on the board. Couldn't be more obvious.

But Musk, factories, raw materials etc"
Jill Miller,2024-12-28 15:31:01+00:00,Trump doesn’t operate on principle. He is only and always looking out for his own best interests.
TaskMaster,2024-12-28 00:03:41+00:00,Hmmmmmm who owns TikTok ?
Peter Johnson,2024-12-28 00:11:19+00:00,"Jobs to Haitians

Houses to Haitians

Wealth to Techs

Prices to skyrocket.

And MAGA voted for this. This is awesome to watch, what an awesome Xmas so far"
49ervic,2024-12-28 00:23:10+00:00,What a contradiction he is. He wanted to ban TikTok for same security issues during Trump part 1.
Lock him up. Trumpturds are garbage.,2024-12-28 01:23:08+00:00,"da bribe has landed in the traitor thug's bank account. tik tok, rethugs, you traitorous motherfuckers."
pilotfella,2024-12-28 07:54:53+00:00,Here’s another lie….
Mostly Goatly,2024-12-28 14:12:40+00:00,"Doing a search for Tiktok on your profile leads me to believe 

He asked for a halt on the ban to try to help you   

Never have I seen an adult post about tiktok so much"
Gary Johnson,2024-12-28 18:26:12+00:00,I’m guessing this is still the deal ?
3B Restoration Properties,2024-12-28 05:51:48+00:00,"Translation, waiting on a bribe"
Don Keyhoty,2024-12-28 18:19:51+00:00,"Everything Trump does and has done in his entire life is centered around his own self-interest.

Nothing else matters to him. Nothing, zip and nada."
mp,2024-12-28 18:33:02+00:00,He meant he'd be tough on China unless they paid him enough not to be
Benthalus,2024-12-28 04:48:11+00:00,"The ban on tic tok is a gross invasion of another state's autonomy, free speech and the unmasks the hypocrisy of the self proclaimed free market that the US holds out as some kind of religion."
Kevin Finnerty,2024-12-28 06:15:45+00:00,Dude trump talks of his ass. It’s sooo obvious to anyone who watched him speak. He just makes shit up blatantly and then depending how the wind blows will contradict that. The cultists are too simple to understand.
Eileen Popp,2024-12-28 12:51:36+00:00,
Kevin B,2024-12-28 13:50:34+00:00,Must not have seen this! Here is a great picture of who is ACTUALLY owned by the Chinese!
Nancy,2024-12-28 13:50:39+00:00,"Yeah...trump considered tik tok to be a threat to our country back in 2017
(Not my theory...his) but since learning young voters love tik tok,and voted for him...it's instantly not a threat to our country anymore."
Peter Tuck,2024-12-28 14:04:03+00:00,"Even Trump (or maybe Musk?) aren’t that stupid to be “hard” on a country that the US do $575bn of trade with annually.

Usual politician pandering to the lowest common denominator."
WeirderIsGood,2024-12-28 16:49:40+00:00,Elon is the president-elect.
bzlooking,2024-12-28 18:22:09+00:00,One of his cronies will buy TikTok
Kellyanne “Prosecute Drumpf” Goebbels,2024-12-28 00:51:41+00:00,Drumpf’s negotiating his extorted payment.
Rosie,2024-12-28 06:18:12+00:00,Be tough on China on the premise of guarding American citizens interests
Daniel Toben,2024-12-28 07:05:02+00:00,"Just to let readers know, I inspired thousands of people to pick up litter in their own communities on TikTok. TikTok is a force for good, and this person is nothing but a critical demagogue. Delete his account.."
Randy Howanyk,2024-12-28 18:39:53+00:00,Donald is 100% consistent though in his skill to keep the lies flowing every waking moment.
Larry A Surface,2024-12-28 19:18:46+00:00,"If TikTok is banned, where would we get all the insane stuff we repost and make fun of on X?"
Susie,2024-12-28 19:35:58+00:00,Where is his one phone call to stop the war between Russia and Ukraine? Hmmm. Still waiting.
nunya,2024-12-28 19:54:50+00:00,"Why can't We the People Stop Him from Taking Office, FFS!

He is constitutionally unqualified, I don't fucking understand why everyone treats his inauguration on JEE's 72nd bday as a fait accompli !!!

Same goes for 2016"
BRoberts,2024-12-28 21:29:47+00:00,Yes there will. It’ll be interesting to see how trump spins each of them to keep the cult in their place?
Mr. G,2024-12-27 23:58:02+00:00,Doesn’t China own a floor at trump tower? And Russia and Saudi??
Rugged Resilience,2024-12-28 03:36:04+00:00,So blind. I be u suck at chess
kelly corwin,2024-12-28 04:23:05+00:00,What Trump calls jina
Witch Hunter,2024-12-28 04:42:16+00:00,…and worse.
Aemond,2024-12-28 04:44:15+00:00,"so, he basically helping spread more gay content?"
Jodie Janin,2024-12-28 05:09:55+00:00,
Howza,2024-12-28 05:29:23+00:00,Cause he believes in Freedom.
Annie#brazenhussey @anniemurphy6.bsky.social,2024-12-28 06:29:34+00:00,He wants to sell his brand in China
Porn Star Who Look Like Grimes,2024-12-28 07:23:39+00:00,Literally he campaigned on saving tiktok LMAOOOO
Liberty A Justice,2024-12-28 07:37:46+00:00,So brazen or dumb!
daveharrison,2024-12-28 08:47:13+00:00,I'm glad president-elect whatshisname has his priorities straight.
Marianne Villanueva,2024-12-28 10:37:57+00:00,"I never took his threats against China seriously because . . . Barron loves TikTok, HA HA HA!"
ROSALIE CALIENDO,2024-12-28 10:46:11+00:00,BetElon made him do it.
andy,2024-12-28 12:01:11+00:00,For once I have to agree with Trump on this. Why should TikTok be banned and not other apps? it’s a 1st amendment issue for its content providers & users etc. that alone should have stopped the ban nonsense on its track.
12thPara,2024-12-28 12:46:49+00:00,"Will there? Because history tells us from his first term that he keeps the promises he makes. Unlike, of course, the clowns you ‘elect..’"
Unsavory_character,2024-12-28 12:52:36+00:00,You think being tough on China is banning TikToc?   #priorities looking forward to your parroted CNN outrage over the next 4 years.
Michael,2024-12-28 13:35:43+00:00,same old same old
BladeZidek,2024-12-28 13:44:23+00:00,"Baron and Elon probably told him being ""the president that saved TikTok"" would make him loved."
Jones Hang,2024-12-28 14:12:50+00:00,So what does that have to do with anything?
Susie Bradford,2024-12-28 14:14:26+00:00,"Why isn’t this bigger news?

Jeff Yass just bought TFG. Here’s what he stands to gain.
The right-wing billionaire & TikTok investor is abt to help TFG add billions of  to his net worth. This is what oligarchy looks like."
L Jones,2024-12-28 16:04:40+00:00,Haha! Tik Tok. You are worried about Tik Tok.
Independent American,2024-12-28 17:08:16+00:00,He’ll still be POTUS!!!
Sly LepRECON,2024-12-28 18:40:02+00:00,"It’s worse than that, didn’t he pardon the guy that was spying on his campaign for china? 1/2

Also this"
Perspectives and Politics,2024-12-28 00:46:34+00:00,Banning tiktok is idiotic. Banning an app in America has little to no impact on U.S. relations with China. Trump is doing well by trying to stop the ban.
Doug C,2024-12-28 16:27:02+00:00,"Shit…let it play out BEFORE you jump to conclusions.   You TDS morons are either real stupid or very slow learners.

What part of the election results did you not understand?"
Strachan Apostate,2024-12-28 17:51:50+00:00,Elon had rule 2 removed from the CR to benifit his two factories in China.
Peter Guidi,2024-12-28 19:11:47+00:00,"Posting misinformation is not helpful. Like all takes there is an element of truth. Yes, Trump submitted a brief to the court requesting they pause the ban on Tik Tok. But you fail to explain why. Trump will solve the  Chinese ownership issue and protect the millions of Americans"
夏彥,2024-12-28 01:54:04+00:00,"Trump is smart. Tiktok def won't sell so following thru on the ban simply means losing control of tiktok which will continue to exist elsewhere in the world. On the contrary, allowing Tiktok to exist and cooperate with him has more benefits."
Betty Geller,2024-12-29 00:35:26+00:00,He’s not president yet and separation of powers FFS
Jay,2024-12-29 00:43:30+00:00,If he's not president how is he able to do what he wants so much?
mary,2024-12-29 01:09:39+00:00,"Trump doesn’t care about anyone but himself, and if people are dumb enough to think he does that’s a problem."
Tudie Silverbush,2024-12-29 08:49:26+00:00,Follow the .
Cassandra,2024-12-29 20:46:33+00:00,So right. I have my popcorn
Weloop,2025-01-03 02:01:07+00:00,Come to WeLoop
Spadeit,2024-12-27 23:53:26+00:00,There is bigger things to worry about than banning bloody tiktok mate
Media Liarz,2024-12-28 06:44:15+00:00,TikTok helped him get elected and it has helped a lot of young Americans start their own business.
Kevin H,2024-12-28 10:22:13+00:00,Today is a bad day for you progressive X propaganda puppets to mention corruption with China!!! Are you that stupid?! Lmao
Jorken Depeanus (PhDeez Nuts),2024-12-29 00:51:05+00:00,So now tik tok is an evil CCP platform? I seem to remember yall laughing at the congressman who was grilling the tik tok CEO from Singapore on whether or not he had ties to CCP. Can you at least pretend to be consistent in your convictions?
Sheel Mohnot,2024-12-28 00:02:14+00:00,"Trump wanted a ban of TikTok in 2020.  

Jeffrey Yass, whose Susquehanna fund owns 15% of the company, donated $96M to R’s this election cycle

Unsurprisingly, Trump now opposes the ban."
David Petersen,2024-12-28 00:06:59+00:00,probably has much more to do with tiktok helping him politically.
Sheel Mohnot,2024-12-28 00:09:00+00:00,You mean leverage against China? Or some other political help
~Consensus,2024-12-28 02:15:31+00:00,"is it possible he feels it's a free speech issue which it is? if TikTok is foreign-owned and therefore can be banned, why can't the same argument eventually be applied to Twitter?"
Sheel Mohnot,2024-12-28 03:00:10+00:00,"But why did he change his mind so abruptly? + it isn’t a ban, they just want it in us hands."
Eric Bahn,2024-12-28 00:05:13+00:00,"If Trump plays this smart, he would offer a quid pro quo to China: allow US social media access to China, in exchange for TikTok having access to the US."
Matt Janiga,2024-12-28 00:12:57+00:00,Hope he also invited Clarence Thomas and Sam Alito on some big game hunting safaris and yacht outings.  And bought Brett Kavanaugh a beer.
Xiaoyin Qu,2024-12-28 00:27:00+00:00,Would Temu use the same play book to keep it there?
ken,2024-12-28 00:56:14+00:00,he explicitly said its because it helped him win the youth vote
Christian Garrett,2024-12-29 01:36:33+00:00,"His goal has seemed more so to get it sold to an American company completely. Don’t know if we can have our cake and eat it too, I disagree here and more pro outright ban fwiw - but let’s see!"
Christian P. Limon,2024-12-28 00:21:21+00:00,tax their advertisers
First Panda in Space,2024-12-28 01:19:54+00:00,Thanks Jeff
Chris Fenton,2024-12-28 01:35:14+00:00,"My latest op-Ed:

""TikTok provides Beijing an ability 2 understand, control, & influence Americans well beyond simply Hollywood content. In fact, the platform is much more damaging in how it shapes the opinions & perspectives of adults under 30."""
tian/天,2024-12-28 00:09:12+00:00,taking notes: $96 million is all you need
Nikos Liodakis,2024-12-28 01:30:41+00:00,"Waiting to hear a response from 
@jacobhelberg
 & 
@rabois
 

Jacob is serving on the administration and played a huge role on the TikTok ban. However he seems to be fairly quiet today"
Jordan Lamonte III,2024-12-28 00:19:33+00:00,"Wait, are you implying pay for play?

Not with this administration!"
Vik,2024-12-28 00:04:52+00:00,Old news this…matter of time.
BK,2024-12-28 00:25:30+00:00,Good investment!
otack85,2024-12-28 00:53:43+00:00,60 days from now there will be a list of donors responsible for Trump abandoning each thing he swore he’d do on his first day. MAGA will be completely silent.
Jib Jabber,2024-12-28 01:28:26+00:00,Eek
…loading,2024-12-28 02:29:22+00:00,This apparent flip-flopping is actually concerning
Jay Huber,2024-12-28 06:55:14+00:00,Source?
Jeff Glassman,2024-12-28 11:18:41+00:00,No wonder he changed his mind.
Steve Barns,2024-12-28 14:23:13+00:00,"He doesn’t oppose the ban but wants to extend the deadline to not one day before he takes office. It’s far more than squid pro quo for a donor. From the SCt brief: “President Trump alone possesses the consummate deal-making expertise, the electoral mandate and the political will"
Jason,2024-12-28 19:00:32+00:00,Wut? A billionaire can’t be bought remember? Fact is billionaires are probably more susceptible to monetary influence than anyone.
Colton,2024-12-28 22:31:10+00:00,Who cares
Amar Rathor,2024-12-29 08:58:54+00:00,Money gets heard
Louis Milonas,2024-12-30 17:02:25+00:00,Of course he does because that’s how the orange one operates
,2024-12-28 08:17:36+00:00,"TikTok is being banned because it is not under the control of Jews. Trump opposing the ban is a good thing, even if he is only doing so for transactional reasons."
Pamela P Kramer,2024-12-30 21:18:10+00:00,Trump asks Supreme Court to delay TikTok ban enforcement
doomsday clock two minutes to NOTHING,2024-12-30 22:58:32+00:00,it's funny how the tiktok ban issue is one where i totally support it and think tiktok is an egregiously toxic social force but also it's really fucking bad politics and i wouldn't fucking do it if i was in charge lol
AccreteWebSolutions,2024-12-30 15:25:31+00:00,"Donald Trump asks the Supreme Court to delay the TikTok ban via 
@engadget"
Mike Pence's Other Mother,2024-12-28 22:23:12+00:00,"Remember this? I do. When Trump made an EO banning TikTok, that was only stopped by the courts? Wonder what changed his mind"
Mike Pence's Other Mother,2024-12-28 22:23:13+00:00,https://trumpwhitehouse.archives.gov/presidential-actions/executive-order-addressing-threat-posed-tiktok/…
Jesus Freakin Congress,2024-12-28 22:38:49+00:00,"Based on my engagement over the past year… it’s bc tiktok worked for him. It’s truly wild how much my engagement dropped, even though my content stayed exactly the same."
Mike Pence's Other Mother,2024-12-29 00:09:29+00:00,"Tik Tok has been suppressing blue accounts bad, I’ve heard"
Dan Ricker,2024-12-28 22:34:35+00:00,They had not paid him yet...
Mike Pence's Other Mother,2024-12-28 22:56:05+00:00,Not yet
IslandOfSuzanne,2024-12-28 22:42:06+00:00,$90M give or take a few …
Mike Pence's Other Mother,2024-12-28 22:55:30+00:00,A few pennies here or there
Kelly D,2024-12-29 14:06:52+00:00,Cash
waltb31 (docb2020 on Threads) waltb31.bsky.social,2024-12-28 22:41:26+00:00,The owners of TilTok paid trump:
Chiefs Mama,2024-12-28 22:25:45+00:00,$$$$$$$ a cut of the profits when one of his donors buys it.
Patrick,2024-12-28 22:31:25+00:00,"Russia influenced  TikTok to change their algorithm to get him elected, just like in Romania"
Amber Gannon,2024-12-28 22:35:57+00:00,Not sure
Dick Horn,2024-12-28 23:59:57+00:00,President Musk is not in favor of the ban!
Janice Hough,2024-12-29 02:25:47+00:00,More like how many yuan changed his mind?
Ohio Blue Diana #Resister,2024-12-28 22:26:10+00:00,Yass and his money.
SmartChick #resist,2024-12-28 22:32:51+00:00,An American with a large stake in tiktok went down there and kissed the ring!
Lee (I did not vote for the rapist) Johnson,2024-12-28 23:05:46+00:00,Pay offs always work for him.
whydontyoucare,2024-12-29 22:11:33+00:00,$
jgriff,2024-12-28 22:30:00+00:00,When he sought support for his campaign from them..
Wellington Wigout,2024-12-28 22:30:16+00:00,
Reclaiming My Time,2024-12-28 22:36:08+00:00,Maybe this?
C.Awbrey,2024-12-28 22:40:32+00:00,He wants his cut before he greenlights it.
Father Ted Crilly,2024-12-29 08:40:56+00:00,He did that to rile up his base for re-election. Now his one & only goal is to stay in the White House till he shuffles off to hell. To this end he needs to dismantle the US government. Who better to help him than one of his idols’ tools to destabilise democracies outside China?
GreenArrowList,2024-12-28 22:24:03+00:00,Jeff Yass
Suzanne W. #TrumpisaTraitor,2024-12-28 22:27:55+00:00,Money changed hands or a quid pro quo somewhere . 45 does nothing without an angle
MaxxMilly Browne,2024-12-28 22:34:22+00:00,He wants China bucks? And to be a dictator like Xi?
LM,2024-12-28 22:35:27+00:00,The only thing that ever changes his mind…
Dawn Anderson,2024-12-28 22:36:05+00:00,"The meeting with the largest American stockholder of Tik Tok prior to the election that banned, shadow banned, and silenced everyone who exposed #TrumpIsAConvictedFelon, #PresidentManboobsMusk, #PutinIsAWarCriminal while pushing the #EnemyWithin content is what happened"
Patricia Kreger,2024-12-28 22:40:00+00:00,Hmmm
"Fire the Goat, as played by Jerome Taylor",2024-12-28 22:41:02+00:00,And how many of them it took?
Stephanie Meidas Mighty,2024-12-28 22:44:06+00:00,
John W,2024-12-28 22:45:37+00:00,Elon likes TicTok.
tweeeet,2024-12-28 22:45:58+00:00,Is Elon trying to buy it?
SUMMERWIND #ENDtheMUSKTECHCOUP,2024-12-28 22:49:44+00:00,$$$$$$$$$$$$$$$$$$$$$$$$$$$$$$$$$$
Cincinnati Democrat,2024-12-29 00:19:29+00:00,"He got paid. He is for sale to the highest bidder.

Donald Trump is a traitor. Pure & simple."
Cat,2024-12-29 00:26:07+00:00,$
Chris Original Black Navy Vet,2024-12-29 01:50:32+00:00,I bet he doesn't remember. I just wish we had a media that wouldn't be afraid to remind him.
Kal Of The Rathi,2024-12-29 12:19:11+00:00,"You know he had a meeting with some dude who owns a significant stake in TikTok

This last week he met with its CEO
Grifter's gonna grift"
Medusa,2024-12-29 14:37:57+00:00,"When he needed appeal money, he got it from a owner/ investor of tiktok"
Wolves take no prisoners!,2024-12-29 00:12:18+00:00,$$$
Timothy Lowe,2024-12-29 00:24:43+00:00,"China.
#PutinOwnsTrump"
mommawassi,2024-12-29 00:28:52+00:00,He received a big fat check from China
Rosey News And Sports,2024-12-29 00:38:48+00:00,Owners have “greased his palms”!
Dr. Scht0nkFella,2024-12-29 00:49:38+00:00,tRump is for sale. Just insert coins.
BIG DADDY,2024-12-29 00:51:20+00:00,Money
Nana Manley,2024-12-29 01:15:42+00:00,Money.
Donna,2024-12-28 22:26:12+00:00,Money
モンブラン・ノーランド,2024-12-28 22:29:45+00:00,Larry Ellison told him to. Dig deeper
Kim,2024-12-28 22:36:11+00:00,
Adept Info Solutions,2024-12-28 22:47:58+00:00,
msfrogladie2,2024-12-28 22:49:41+00:00,$$$$$$
barbnevertrump,2024-12-28 22:52:39+00:00,Around 93 million dollars changed his mind
MforFreedom. #Resist,2024-12-28 23:00:52+00:00,$$$$$$$$$$$$$$$$$$$$$$$$
Kineoborn,2024-12-28 23:01:51+00:00,Tech bros.
Thia Carrillo,2024-12-28 23:02:24+00:00,$ from the owner.
Infinite Soul,2024-12-28 23:04:37+00:00,Follow the
Tom,2024-12-28 23:05:28+00:00,Money
Dmarguriet,2024-12-28 23:08:38+00:00,Id guess money
CityGirl75219,2024-12-28 23:13:02+00:00,I’m guessing Tik Tok’s CEO made a very robust ‘contribution ‘to Trump.
Dianne Bongiorno,2024-12-28 23:23:08+00:00,Money! The only thing that changes his mind!
Anne Bolynn #NotMyPOTUS,2024-12-28 23:23:34+00:00,"He’s not president yet, but has used this charade since he lost in 2020–he will be paid big moneyto stop ban. Guarantee it. 

Which asks question; ‘the MAGA bootlickers who supported ban, how far up his arse will you be when you say no to the ??!?’"
Democratic Republic Freedom Fighter,2024-12-28 23:24:51+00:00,A huge $98 million donation.
"I Me Mine ,",2024-12-28 23:26:50+00:00,Putin owns Musk…and China owns Putin.
All them cats,2024-12-28 23:28:21+00:00,Money! Of course!
WalkingWithPurpose,2024-12-28 23:29:19+00:00,Or who changed his mind.
Alison Beatty,2024-12-28 23:34:42+00:00,"Maybe he’s been talking with President Xi! Easily influenced by Dictators, no doubt!"
Karen,2024-12-28 23:36:39+00:00,$$$$$
Sam,2024-12-28 23:42:49+00:00,"Money   what else.
I am sure the CEO will pay him billions."
Josh Smith,2024-12-28 23:49:59+00:00,Elon being owned by the Chinese
Annette C. Welling,2024-12-28 23:50:38+00:00,The owner gave him money towards his reelection then 34 changed his mind
Rochelle Heider,2024-12-28 23:54:35+00:00,Finding out he can grift off it!
Joyce and Karma,2024-12-28 23:54:55+00:00,
Mary,2024-12-29 00:05:30+00:00,$$$$$. TikTok CEO visited him.
Greg Long,2024-12-29 00:17:12+00:00,"First, he believes The Tiktok helped him win the election.
Second, and more importantly, the owner donated $100 million."
Rose - BodyAndSoul,2024-12-29 01:44:22+00:00,
Steve Parsons,2024-12-29 01:47:12+00:00,I suspect there’s a puppet master pulling a string or two.
G-Man,2024-12-29 01:59:04+00:00,He is not the president.
Pat #AccountabilityJusticeHealingPeace,2024-12-29 02:01:57+00:00,
creative scorpio,2024-12-29 03:43:47+00:00,Money
William Brathwaite,2024-12-29 04:14:51+00:00,The check from Billionaire TikTok investor cleared
Paula Cornell,2024-12-29 07:58:09+00:00,A yuuge bribe. China has financed trump and Musk. And Russia backs them too
Donald Sims,2024-12-29 14:38:56+00:00,More money what did you except?
🄲🄱,2024-12-29 15:07:38+00:00,His son Barron helped him get more popular with the 18-29 group by telling him which tik tok podcasts were most popular and what he should say.
man of mystery,2024-12-29 15:37:13+00:00,Jeff Yass
Michael G,2024-12-29 16:56:40+00:00,Everything is transactional.
hoping for better,2024-12-29 18:00:23+00:00,$96 million in campaign contributions
Dean S. Seneca,2024-12-31 17:31:07+00:00,Money!
Paul E Morris,2024-12-31 18:43:36+00:00,"One of the primary owners donated to his campaign, if there's any doubt what the most corrupt SC in US history will do you're not paying attention."
"Susan Jane (, , , )",2024-12-31 18:56:55+00:00,Elon…
Haiku News,2024-12-28 22:57:27+00:00,"Your new in haikus...

Trump bans TikTok fast, Tables turn with funds from Yass, App now gets a pass."
Sharon,2024-12-28 23:30:37+00:00,The all mighty dollar.
Golden Cross Stocks,2024-12-30 20:16:55+00:00,"$ILLR South Carolina Attorney General among those asking to keep national TikTok ban in place
https://wmbfnews.com/2024/12/30/south-carolina-attorney-general-among-those-filing-keep-national-tiktok-ban-place/#…
@triller
 #triller #talkcapabilities
$MSFT $NVDA $UPST $BGLC $DJT $AMZN $TSLA $SOFI"
Variety,2024-12-27 19:39:08+00:00,"“Banning TikTok would trample on the constitutional rights of over 170 million Americans,” says an ACLU leader. “[TikTok allows people] to tell their own stories in key moments of social upheaval, war and natural disaster while reaching...global audiences."""
"Hollaria Briden, Esq.",2024-12-27 20:34:15+00:00,Moms of trans toddlers would be hardest hit.
Jess Fields,2024-12-27 19:53:39+00:00,"The irony is that while those in favor of state control of social media claim that they are trying to protect us, the exact opposite is true. In a free society, people can choose what platforms they use and how to use them. We should be free enough to make that choice."
JWF,2024-12-28 02:44:23+00:00,Nonsense.
Brian Doherty,2024-12-28 05:24:35+00:00,"“President Biden signed the TikTok divest-or-ban bill into law on April 24, 2024, after it passed in Congress with solid bipartisan support. U.S. lawmakers have expressed deep concern about TikTok’s Chinese ownership, suggesting that the Chinese communist regime could use the app"
Phil,2024-12-27 21:24:10+00:00,So does every other social media platform not owned by China.
John Knight,2024-12-27 20:18:23+00:00,I mean it’s literally a Chinese spy app.
Zach H,2024-12-27 19:55:12+00:00,Xi approves
Kat,2024-12-27 20:05:38+00:00,Yet I’m already censored on it and so are millions of Americans. Any comment I make gets auto reported.
Interval Anachronous,2024-12-27 20:12:13+00:00,"That argument was probably made for Twitter, before Musk. Just because something allows SOME people to tell SOME stories at SOME moments and reach SOME audiences don’t mean it ain’t being used nefariously to fuck with us. Ban TikTok until it is certified free of CCP influence and"
Daniel Ku 顧仲文,2024-12-27 20:12:22+00:00,"TikTok allows the Chinese Communist Party to tell its story to half of the United States. That’s dangerous, because Xi Jinping wants to divide Americans against each other. 

The CCP doesn’t have First Amendment privileges. Don’t twist the Constitution to strengthen our enemies. x.com/Variety/status…"
Emperor Jabo,2024-12-27 19:57:41+00:00,Privacy matters more than likes. Ban TikTok to protect personal info.
JustAnotherSteph,2024-12-27 20:20:38+00:00,"TikTok requires permission to scan your local network. It then sends the information it gathers about all devices on the same LAN to the CCP.  Now, why would a social media app require network scans? To build an infrastructure map, of course. It's a National Security issue."
SlyFly,2024-12-27 20:11:28+00:00,TikTok is awful. I know full grown adults who have completely changed who they are because stupid videos about how every damned thing makes them a victim are being fed to them constantly. They have cut off their own once very close family members for the dumbest reasons and can't
Athena,2024-12-27 21:01:55+00:00,Did Variety check the ACLUs donors?
TXTrumpGal(No Filter),2024-12-27 19:59:36+00:00,@RandPaul
Katt Rambo,2024-12-27 19:54:36+00:00,I agree... But we do need to get rid of the China influence over it.  Our constitution does not give China rights to manipulate our youth or gullible adults.
Cyn,2024-12-27 19:58:37+00:00,"I could care less about Tik Tok specifically, but they have a point. Create a better product, rather than banning it because Facebook, X, and Google can't dethrone them."
Alejandro Wilhelm,2024-12-27 22:18:52+00:00,"DO NOT send more money to China, DO NOT Sale/Buy TikTok, just banned, like China does with Americans corporations..."
tjefferson76,2024-12-27 19:53:33+00:00,"Crazy but I completely agree with 
@Variety"
Not Kevin Bacon,2024-12-27 20:25:31+00:00,"Maybe, but there are several other apps that do the same thing, and they don't give all of your data to China. They sell it to American companies like good capitalists."
Entropy’s Beard,2024-12-27 20:38:35+00:00,"Now we know who ACLU is receiving their funding from, and there’s enough to pay for the PR placement of their messaging."
Yehudah Zemel,2024-12-27 20:52:14+00:00,‘ACLU leader’
MiWiHi,2024-12-27 22:05:34+00:00,"TikTok ""allows"" people to both lower their IQ and shorten their attention span all in one app."
Bradford L Griffith,2024-12-27 19:53:28+00:00,As if Tik tok could not be replicated
Katy - On Full Force,2024-12-27 19:54:04+00:00,And?
Whynotgoforit,2024-12-27 19:57:05+00:00,"It's pure Chinese spyware, no one's right is dependent on tiktok."
Vinny,2024-12-27 20:06:45+00:00,"@ACLU
 is always trampling over conservative and Christian's rights. Sounds like ACLU loves the CCP. It's not privacy or ""rights"", it's propaganda China spews to all that use TikTok."
Iwasyourfavorite,2024-12-27 20:12:45+00:00,It will also get kids off their butts and outside doing kid stuff instead
RAB AG,2024-12-27 20:25:10+00:00,Til Tok allows teenage girls to learn new dances & boys to learn stupid stuff. There’s no constitutional right to post things on the internet
Scott Harlan,2024-12-27 20:30:23+00:00,"Let's them tell it to the Chinese...  Break up social media and no one will miss this one.  Let the market flourish by removing the tight grip from the handful of tech companies running the show.
Where were the ACLU when they came for my cigarettes?"
Sonja Lytle,2024-12-27 21:00:07+00:00,I did not meet their community  standards
Trumpette,2024-12-27 21:05:09+00:00,TIKTOK SUCKS !!!
OneFedUpAmerican,2024-12-27 19:53:36+00:00,"Google partnered with the NSA  and ruined YouTube, why would TikTok fare any better?"
YumYumButtons,2024-12-27 19:54:08+00:00,"I agree, keep it!"
Jeremy L,2024-12-27 20:25:59+00:00,"The Constitutional free speech only applies to sppech aimed at the Govt. There is no Constitutional right to an app, especially an app that has a danger of compromise by the enemy. Yes the CCP is an enemy."
enemy of the status quo,2024-12-27 20:51:01+00:00,"I would refute this because it's simply not true I had an account that addresses social media censorship and it was censored. Tic tok only tells the narrative they want. They do not allow the truth much like Facebook. Instead of CIA and FBI thugs, they have communist thugs."
Jason “JJ” Johnson,2024-12-28 01:06:08+00:00,"Wait, NOW people have a constitutional right to post on social media?"
Concerned Chinese Canadian,2024-12-28 16:59:28+00:00,"TikTok: A CCP Weapon for Economic and Media Warfare? 

TikTok, owned by CCP ruling factions, is more than a social media platform—it’s a powerful tool in a broader strategy of economic and media warfare. By collecting user data and shaping global narratives, TikTok"
watsdiz,2024-12-28 20:47:57+00:00,"@ACLU
 is stupid like that sometimes"
',2024-12-27 19:53:03+00:00,No.
JAK55555,2024-12-27 19:54:33+00:00,Unless it’s a Chinese spy tool.
Dr.Suze,2024-12-27 19:55:41+00:00,Idiots.  TikTok won't be banned.  It WILL be forced to quite giving all the US users' info to CCP!  THAT is a national security issue.
robin clyne,2024-12-27 19:56:52+00:00,Get rid of tictok
"Cyber Norm (mostly cynical, parity-like)",2024-12-27 19:58:24+00:00,"Sounds like somebody made a paycheck...

Er, oh wait... ""advertising"""
AmerPat72,2024-12-27 20:01:15+00:00,TikTok is one of many mediums for information to flow.  X is the only one truly that allows for “Free Speech”Not perfect - but a state run application of China will fail Free Speech if it doens not fit their needs.
Ben Peterson,2024-12-27 20:02:40+00:00,Nope. There is no right for Chinese spyware to compromise our country. National Security takes precedence.
Fedupcowgirl,2024-12-27 20:08:51+00:00,As long as it fits their narrative.
Suzanne Bronson,2024-12-27 20:11:32+00:00,"In other words, the libtards want the CCP spying on Americans."
a76c1824me@cox.net,2024-12-27 20:20:47+00:00,YouTube and several other outlets do to.
MrsLiberty1776,2024-12-27 20:26:08+00:00,Ban TikTok and everything from China. Spyware.
Jim,2024-12-27 20:31:53+00:00,Oh come on. Tic Tok is the rear end hole of the internet. It's garbage. I don't like any of these types of bans but if it happens let's not pretend something of value was lost.
CAS,2024-12-27 20:33:56+00:00,"Yea, I dare that person make that argument in Court. What an idiot."
Taro Tsujimoto,2024-12-27 20:35:28+00:00,It would do no such thing.
AwesomeDude,2024-12-27 20:36:27+00:00,"It's a CCP controlled organization. Foreign governments do not have constitutionally protected rights. 

Also, the fact that the ACLU either doesn't know, or purposefully misstates what the constitution is/does is grotesque. It protects existing rights, it doesn't create them."
FecundAwesomeLawns,2024-12-27 20:37:57+00:00,"There's plenty of non-CCP options. 
@RandPaul
 you're the man. 
@Variety
 lolololololol EAD"
Siglo IV,2024-12-27 20:52:35+00:00,Totally.  Because people can’t “tell their own stories in key moments of social upheaval….” on any other social media platform.  All story telling would cease to exist without TikTok
Ian,2024-12-27 21:20:41+00:00,"Hahahahaha, idiots"
Ellie,2024-12-27 21:29:02+00:00,It should have been taken down when Trump was in office his first time around!
Rae Rae,2024-12-27 22:58:36+00:00,There are other apps that can accomplish the same thing
Ted Washburn,2024-12-28 21:18:27+00:00,"I can't buy cigars from Cuba, yet we let China...our primary enemy run rough shod in the United States."
Phoenix Analytica,2024-12-28 22:33:17+00:00,"TikTok is malware, it's not any of these PR-fairytale advertising ""storytelling platform!"" buzzwords.

It has nothing to do with freedom of speech.

Its owner, the Chinese gov, would love nothing more than to abolish free speech and suppress all speech it doesn't like.

Wake up."
Whatuwannaknow4,2025-01-03 14:30:40+00:00,"That same level of freedom is available at numerous social media sites, without having to be concerned about why the Communist Chinese would want to be in the forefront of ""free expression"".  They aren't!"
Healthy Skeptic,2024-12-27 20:24:34+00:00,"banning TikTok would prevent the Chinese government from continuing to gather data on at least 170 million Americans, data they use to build dossiers and then influence those people"
J A H,2024-12-27 19:56:43+00:00,"There arecways to ""tell your own stories"" without doing it on a Chinese government controlled web entity. Spoiler alert: there are no privately owned Chinese businesses. Every business is an arm of the Chinese government. Let it die. Regroup and move on."
Suzanne Bronson,2024-12-27 20:08:21+00:00,"I think people need to actually read the US Constitution. There seem to be a general lack of understanding what the 1st Amend. says. Banning TikTok so the Chinese gov can't spy on us, is NOT an infringement on free speech."
Stephen Porter,2024-12-27 20:02:24+00:00,"@realDonaldTrump
 This is analogous to trying to ban Rock and Roll in the '50's."
Gilo,2024-12-27 20:07:00+00:00,TikTok is the 21st Century equivalent to Tokyo Rose or Joseph Goebbels. You are an idiot if you don't comprehend this.
The World's Greatest DJ,2024-12-27 20:12:21+00:00,If there is proof of Chinese Government Shenanigans... Ban it... If not... Variety is a very bad mouth piece .. Celebrity's and the media have lost all credibility...
Maddog301,2024-12-27 23:12:57+00:00,It has nothing to do with individual free speech rights. It's about foreign ownership of a social media company. TikTok can continue operating if the Chinese divest ownership.
KScores,2024-12-27 23:45:53+00:00,Another Trump W
Rotten Fish,2024-12-28 01:06:34+00:00,"Unfortunately, social media has become a disease"
When How @ “Grounded A.I.”,2024-12-28 06:13:49+00:00,Yawn. Nonsense there are many platform out there. It is purely a Communist propaganda tool.
Big_A,2024-12-28 07:00:11+00:00,"Lol, get the fuck outta here"
glenda,2024-12-27 19:53:52+00:00,We love Tik Tok.
TexEcon,2024-12-27 19:53:56+00:00,"They just need to sell it to an American company, it doesn’t need to be banned"
Colin Locke,2024-12-27 19:55:25+00:00,It is not being banned. It just has to be sold.
Mike Ramirez,2024-12-27 19:57:54+00:00,TikTok doesn’t need to be banned but it should promulgate the following: WARNING accessing TikTok may expose you to Chinese propaganda and your private conversations may be monitored by the CCP.
Jay Williams,2024-12-27 19:58:27+00:00,The Anti Civil Liberties Union
TomMY,2024-12-27 19:59:48+00:00,Just realize what tik tok in China looks like. It's educational for Chinese kids. Not quite the same version as here. Should tell you all you need to know
Chris Matthews,2024-12-27 20:08:02+00:00,"Yeah, the last move of freedom limitation & spying was over X.  The Deep State hate people as evidence by reaction to Bill oversight & systematic killing and physical reproductive attack released from Govt. funded labs.
Parents responsibility, for both their behavior & oversight."
Lil' X,2024-12-27 20:10:15+00:00,What rights?
Richard McGee,2024-12-27 20:24:29+00:00,"You are kidding of course! TIKTOK is out until Facebook, Instgram, X, UTube, What'sAPP and Snapchat are approved in china. You are not kidding; you are stupid!!"
Noneofyourfuckingbuisness,2024-12-27 20:25:05+00:00,"What a load of shit. Shit tok steals all your information.
Tell the ccp to go fuck themselves and guess what happens to you account. 
Why the fck would you want a spy tool from a Dictatorship, When chinese can't use western social media."
RinoHunter1619,2024-12-27 20:34:07+00:00,That doesn't make any sense considering the ACLU has spent the last decade declaring constitutional rights to be racist and therefore needing to be abolished.
Meghan's Feet,2024-12-27 20:34:58+00:00,"I don't think Tik Tok should be banned, but don't pretend these people don't have a million other places where they can post content. This is why people hate the news."
Bygones_be_Bygones,2024-12-27 20:38:28+00:00,It’s a good thing no one cares what the ACLU thinks anymore.
Stan Dombrowski,2024-12-27 20:38:38+00:00,"No one cares about the ACLU anymore, after witnessing their lack of care for civil rights during Covid."
George,2024-12-27 20:48:54+00:00,"Lmao ""free speech means the Chinese government is alllowed to run a mass media app aimed at American youth"" where is that clause in the Bill of Rights?"
George,2024-12-27 20:50:20+00:00,"The same left-wing people who say the First Amendment should be abolished say we can't ban a Chinese spy app cause ""free speech."""
Karl Lagerpug,2024-12-27 20:51:59+00:00,"Chinese spywear. Grow up, Karens."
M■ N■■e ■s C■■■s,2024-12-27 22:09:10+00:00,"LMAOOOOOOO!!!!  No, clowns, it wouldn’t “trample” on any Constitutional rights."
Honey Bunches of Stoats,2024-12-27 22:40:15+00:00,"It's a Chinese spy app designed to make Americans even more miserable.

It's not a violation of rights for Congress to ban one specific platform in the interest of national security.

Doesn't the ACLU ever get tired of being wrong on everything?"
Bethany Renea,2024-12-28 05:04:29+00:00,"Ban tiktok for all i care. They censor so heavy its nitneven worth it. It would save a whole generation of youth from brainwashing propagandalies, too."
Loudmouth Reviewer,2024-12-28 10:04:03+00:00,The Chinese Communist Party does not have First Amendment rights!
darrell fowler,2024-12-28 10:40:52+00:00,Is being surveiled by the Chinese now called free speech violation wake up idiots
Gadsden,2024-12-28 13:13:00+00:00,"Why use Chinese spy apps to tell a story? Why not use American-owned, NON-SPY apps to tell our story? 

Why is everyone so hellbent on saving a COMMUNIST CHINESE GOVERNMENT SPY APP?!?"
Mim Warlick,2024-12-28 17:55:24+00:00,There is no constitutional right to use TikTok. The functionality of TikTok can be achieved by other means…there are alternatives.
Daniel Wagner,2024-12-28 19:38:33+00:00,"This is the wrong argument. In order to be a conduit for speech, free or otherwise, within the united states, ByteDance must conform to a certain standard. If they do not, they lose their rights. If they were Ford you would just buy a Toyota, not assume you can't drive anymore."
Frank McDonough,2024-12-28 20:50:17+00:00,"Do it on Facebook, or Truth Social or Twitter, or other social media giants not controlled by the CCP"
exeronex,2024-12-29 03:40:20+00:00,"do those ""freedoms"" extend to chinese citizens? In china?
@ACLU
!"
Valco,2024-12-29 05:03:29+00:00,We should investigate ACLU leader right away.
BBC News (World),2024-12-28 08:21:58+00:00,Trump urges US Supreme Court to delay TikTok ban
CEO Branding Expert,2024-12-28 08:27:53+00:00,The Tik Tok ban was going to impact his presidency either way!  Smart of him to want to take another look at it first……
Joe Portman,2024-12-28 08:28:08+00:00,"TRUMP TO THE RESCUE: SAVING TIKTOK & FREE SPEECH! 

Donald Trump just pulled a power move, asking the Supreme Court to delay the TikTok ban. While Congress wants to nuke the app, Trump’s stepping in to protect free speech AND the 170 million Americans who love their dance"
BobTofBHam,2024-12-28 18:30:51+00:00,Trump needs to choose his sugar daddy. Is it Xi or Putin?
Sedef Uludağ,2024-12-28 08:22:13+00:00,Any chance the court will rule in favor of TikTok?
Azzubhai,2024-12-28 08:27:22+00:00,"Yes,may be Trump got big gift from tiktok"
Em,2024-12-28 14:51:46+00:00,Urges?? Or command?
Abeer Ul Haq,2024-12-28 08:28:12+00:00,You’re re elected with the Social media! Don’t ban it
Chris,2024-12-28 09:29:41+00:00,Sweet Chinese money has to flow in.
2VNews,2024-12-28 08:22:42+00:00,Good call by Trump
Positive Pulse,2024-12-28 08:23:02+00:00,I love Tiktok
hollowman777,2024-12-28 08:23:13+00:00,ban that crap.
Ken,2024-12-28 08:27:52+00:00,Corruption!
ROSA IYN,2024-12-28 08:25:22+00:00,The whole country feels like a patience simulation.
Michel,2024-12-28 08:33:38+00:00,Not sure about that one.
yaridama,2024-12-28 11:03:42+00:00,Trump appears to believe that TikTok is particularly popular among young Americans and that he wants the platform to remain open to garner their support.
John Mitchell,2024-12-28 11:57:17+00:00,Good
kamaljit,2024-12-28 12:28:58+00:00,If he can direct the Supreme Court to do things or not the there is a big problem with the Justice system.
next-gen Ape,2024-12-28 13:09:11+00:00,So that he can ban it and claim victory??
Terry Dunlevy,2024-12-28 13:52:32+00:00,The bribe is in.
Vintage Apple Watch,2024-12-28 16:03:48+00:00,"Since I'm a woman,I have no problem with princess, how are the women in your life doing with ""beard?"""
Xi Jimping,2024-12-28 10:16:11+00:00,Thank you my friend Donu  appreciated
Fay,2024-12-28 10:26:41+00:00,He is the man to save the world
The Soltesz,2024-12-28 15:23:38+00:00,So good at leadership that he's doing it before he has the job. What a tool. Wait your turn sir
Our City of Angels,2024-12-28 15:37:43+00:00,MAGA
Vintage Apple Watch,2024-12-28 15:54:07+00:00,He's been in bed with China for a while.  MAGA is controlled by billionaires and immigrants.
Alex 今月就是你我,2024-12-28 18:14:31+00:00,Double face
Stephen Pender,2024-12-28 18:32:15+00:00,Bought and paid for.. Trump is a clown
Dawn Karam,2024-12-28 19:22:38+00:00,
jay2762321754,2024-12-29 05:15:21+00:00,I believe the law was made it was voted on and it should stay
Fatima NoOr,2024-12-28 08:23:59+00:00,"The TikTok ban, set for January 2025, stems from national security concerns over its parent company, ByteDance."
Mara Nedzela,2024-12-28 08:26:28+00:00,I go on Tik Tok myself
Mara Nedzela,2024-12-28 08:27:50+00:00,I am a Tik Tok user.
ChristChris Jordan,2024-12-28 08:29:04+00:00,Nooo
ChristChris Jordan,2024-12-28 08:31:00+00:00,I like TikTok don't Ban it
Vijay Kumar,2024-12-28 08:34:15+00:00,Trump 's turnaround from the first term.
Guy Go Ahead,2024-12-28 09:11:59+00:00,Elon will buy ?
Astra,2024-12-28 08:35:42+00:00,BREAKING: The Taliban has declared war with Pakistan and has taken over several checkpoints at the border https://x.com/newsrated/status/1872863494443590005?s=61…
Sawera,2024-12-28 08:23:47+00:00,Trump urges US Supreme Court to delay TikTok ban any chance to ban TikTok
Cefradine Squib,2024-12-28 08:34:43+00:00,"Why does 
@X
 delete my reply and pretend to post it."
Kenneth Boman,2024-12-28 11:06:16+00:00,"Guess he sees an opportunity for some bribes!

Oh. and take credit for something done by other people!"
Love Classical Music and Dance,2024-12-28 14:21:12+00:00,"Effortless and relaxed, yet technical and rhythmic.

The culmination of years and years of practice and training has given these dancers an unparalleled grasp of classical Chinese dance."
Alexey,2024-12-28 15:28:38+00:00,Trump is owned by the Chinese CCP
tสมิตาห์น,2024-12-28 18:53:55+00:00,Why? Ban the Chinese spy app NOW
OWENTweets,2024-12-28 22:51:32+00:00,SELL OUT--Wonder How MUCH CA$H Communist China PAID TRUMP
Sheila for Patriots,2024-12-29 00:30:50+00:00,Could  this ban being asked for be because tik Tok leaks out crimes by politicians against Trump
Olupot okure,2024-12-28 09:30:27+00:00,Is trump share holder to TikTok
dslawrence@hotmail.com,2024-12-28 09:36:18+00:00,He hopes China and Russia has time to steal as much as they can.
"Ready, Steady...",2024-12-28 09:38:10+00:00,Spying and Spyware must end.
KurdDil,2024-12-28 09:42:46+00:00,#Save_Kurd #Save_Kobane
MUSIC TOWN,2024-12-28 10:10:17+00:00,"Well, What you see is what you get. Going the opposite direction is his thing."
crozet,2024-12-28 10:13:23+00:00,Keep TikTok ban Zuckerberg
Starlightsiren,2024-12-28 08:22:36+00:00,Trump pushing for a delay on the TikTok ban could have major implications for both users and businesses relying on the platform.
Aleey Namoda,2024-12-28 08:24:55+00:00,Terrified The West  China 6th Generation Fighter jet | USA Russia Ir...
one usa,2024-12-28 08:28:25+00:00,China is here to stay a guess. Keep corrupting our children
Edward,2024-12-28 09:21:33+00:00,"Does he has the right to reject the law , which issued during the Biden’s administration?"
WBTW News13,2024-12-30 23:00:18+00:00,"South Carolina attorney general signs onto brief pushing for national TikTok ban
https://trib.al/fzayvN3"
Sopo Japaridze,2024-12-22 10:03:00+00:00,"So let me get this straight, Romanian government, the pro-EU National Liberal Party financed the TikTok campaign to amplify their rival Georgescu, and when he started winning, then the same party claimed this was done by ‘Russia’ and the courts annulled the elections based on security concerns of ‘Russian interference’ and a ‘hybrid attack.’"
Sopo Japaridze,2024-12-22 11:44:23+00:00,"#Romania: New findings from Romania’s ANAF, the body that oversees financial integrity, show that the pro-EU National Liberal Party (PNL) financed the TikTok campaign that ended up amplifying public visibility of Georgescu in the presidential election. Some important findings:  x.com/DionisCenusa/s…"
Sopo Japaridze,2024-12-22 11:44:51+00:00,"This is an absolutely bombshell: the story about the cancelled elections in Romania is even far more sinister than previously thought.

A new report from investigative outlet http://snoop.ro (https://snoop.ro/anaf-a-descoperit-ca-pnl-a-platit-o-campanie-care-l-a-promovat-masiv-pe-calin-georgescu-pe-tiktok/…) reveals that the TikTok campaign which was cited in the"
Sašo Ornik,2024-12-22 11:11:33+00:00,"Will there be any consequences? I doubt it. What is more, there will be more of this blaming everything on Russian meddling, anytime an alternative political party comes close to taking power anywhere in Europe."
Sopo Japaridze,2024-12-22 11:18:21+00:00,"They’re gonna work to spin some Russian interference stories anyway. While there is relentless articles on the alleged Russian interference, there will barely be anything about the truth but if somehow this makes it in mainstream, it will be spun"
DaeguDave,2024-12-22 14:29:51+00:00,"Same thing we did here in the USA.  Hillary Clinton propped up Trump as an opponent, thinking it would be a cakewalk to the White House.  When Trump won, she and her campaign blamed ""Russian interference"" and that is all we heard from them for 4 years."
Etienne van Wyk,2024-12-22 15:53:02+00:00,"NATO's biggest base in Europe is planned for the Romanian coast.  Facing Crimea.

Romanians don't want to die.

They are funny like that."
The Larkinite,2024-12-22 10:10:23+00:00,"I think Ukrainomania has given US client regimes in eastern Europe a false sense of how easy it is to pull off a Maidan. I mean, it IS quite easy with the full support of the western media and the State Department, but you still gotta put the work in."
Stephen,2024-12-22 13:52:35+00:00,"It looks like they set it up so that they win either way. They win by the vote, and if that didn't materialize, then they win by blaming Russia for what they themselves did."
Nemo,2024-12-22 12:04:04+00:00,Liberals are just fascists who want to be liked.
Cai Stark ☭,2024-12-22 11:56:41+00:00,"Yep.

It's *almost* the craziest electoral story at the moment, but that prize goes to South Korea, where the president declared martial law, planning to become a dictator--no more elections--by *starting a war with North Korea*. They tried, but the DPRK refused to be provoked."
litfranksteel,2024-12-22 11:37:01+00:00,What's the source for this?
Sopo Japaridze,2024-12-22 11:45:04+00:00,I posted it below the OG tweet
Habana,2024-12-22 15:02:25+00:00,"yes, so, basically a false flag operation + a coup."
Ingemar,2024-12-22 10:19:15+00:00,Rules based order at its best.
Barbarism CoCrider,2024-12-22 13:07:10+00:00,"They did the same thing that the democrat party does in America. They find the dumbest, most off-putting guy and they amplify him to make themselves look better and it backfired. That's how Hillary gave Americans Trump."
Janekin24 Let’s grow the future WE want!,2024-12-22 12:42:40+00:00,There need to be arrests and for the election results so far to stand....
Hugh Gascoyne,2024-12-23 07:06:15+00:00,"The Romanian election interference has clearly been orchestrated by the usual suspects, but they have been caught in the act. It’s all about the new NATO base and Ukraine and slavish obedience to the EU. Again thanks to X,  these people’s contempt for democracy has been revealed."
Brook Bay Pirate,2024-12-22 10:12:09+00:00,"Hypocrisy has consequences 

1975 UK referendum on staying in* the EEC/EU - in favour
41 years later - leave

*we were never given a referendum on whether we wanted to join - because the establishment knew we’d refuse"
Till Wöhler,2024-12-22 10:32:58+00:00,"It follows the same pattern since 100 years...

Been a Jesuit operation all along.
Kress Pasha from Nürnberg was in Georgia and in Gaza.

Below, an election campaign poster of the German Christian Democrats (CDU) after 1949...

Trump ""Russian collusion"" was their PsyOp as well..."
amzg pndarino,2024-12-22 16:17:55+00:00,"exactly not sure where we are in the eu

kleptocracy?
corpocracy?
oligarchy?
back in feudalism?

certainly not in a democracy!

maybe because the eu commission isnt elected the governments start to think elections are overrated"
Kay,2024-12-22 13:03:29+00:00,"They always do this, we are only discovering because people have access to Internet and do thorough research."
Karsten Garland Sjursæther,2024-12-22 13:03:46+00:00,They are no longer hiding their contempt for democracy.
Tsing Shi Tao,2024-12-22 13:14:49+00:00,"He was a controlled opposition to take votes from other candidate, but it seems the experiment went out of control?"
Randy Hendrickson,2024-12-22 14:24:59+00:00,Who is giving these bozos their playbook?
Tam Clark,2024-12-22 16:15:49+00:00,"But there's no way we can prove Russian interference they said, they really think we plebs are dumb."
Aki K,2024-12-22 13:44:45+00:00,It sounds as if the campaign was handled in a sloppy manner and it started unintentionally amplifying Georgescu. But the fact that they actually nullified elections because of this is a complete travesty.
redz,2024-12-22 10:47:29+00:00,"After moldovan and constant Georgian fiasco I have every faith that one day if Russia becomes socialist in any slight chance, US will set fire in the whole Europe"
Yehanoha,2024-12-22 15:11:59+00:00,"As far as I understand they didn't see Georgescu a threat, they just wanted to draw votes from the social-democrat candidate they considered a rival"
Proton,2024-12-22 15:31:08+00:00,"Yes, that’s a good summary. The corruption and game playing is beyond imaginings. Betting NATO was heavily involved."
GR in RS,2024-12-22 16:21:07+00:00,"It's like the EPP is not just loyally following the US foreign policy, but it's also copying the election manipulation and propaganda ops"
Mihai M,2024-12-22 23:38:25+00:00,"It’s the old apprentice wizard story, time and again.
One party, whose candidate was 3rd in the polls, pumped up another candidate that they thought was an outsider, hoping to divert votes from no’s 1 and 2 toward the outsider. But this backfired. The outsider won the 1st round"
Lucian Sârbu,2024-12-23 07:07:01+00:00,"Yup.
To amplify Georgescu and to drag down Simion, because they wanted to avoid a final round between Ciolacu (PSD) and Simion (nationalist, AUR) which would have been easily won by Ciolacu.
Instead, the Romanians discovered Georgescu, who was mostly an anonymous guy."
Emanuel Pietrobon,2024-12-22 12:34:13+00:00,@LucaPicotti
xBEAR 🅉,2024-12-22 16:45:19+00:00,I bet anything that no TikToks were financed and Russia wasn't involved in anything way. just an excuse to close down a losing election.
feargal the cat,2024-12-22 19:08:08+00:00,"This is an absolutely bombshell: the story about the cancelled elections in Romania is even far more sinister than previously thought.

A new report from investigative outlet http://snoop.ro (https://snoop.ro/anaf-a-descoperit-ca-pnl-a-platit-o-campanie-care-l-a-promovat-masiv-pe-calin-georgescu-pe-tiktok/…) reveals that the TikTok campaign which was cited in the"
Christian Binder,2024-12-22 13:34:52+00:00,"Technically the constitutional court didn't cite russian interference, but ""irregularities"" and breaking electoral law. Public discussion however, up to German and US foreign ministers and president 
@KlausIohannis
 who Wednesday was pointing finger at Russia, is another thing"
Christorup,2024-12-22 14:18:28+00:00,"Well, the candidate looking to win had been photographed on a horse … so why would anyone, leave alone the Constitutional Court, need further evidence that he is pro-Putin?"
Liberal H!tler,2024-12-22 15:00:03+00:00,Sounds familiar
LJDALES61,2024-12-22 16:15:03+00:00,"Yep
But remember they are the defenders of democracy!"
Jonny_5,2024-12-22 16:36:19+00:00,Europe is done. There is no future here…
ᚱᚨᛏᚨᛏᛟᛋᚲᚱ,2024-12-22 18:00:49+00:00,It was a coup
10dread,2024-12-22 18:17:16+00:00,Exactly right.
Ohm Bun,2024-12-22 19:18:50+00:00,"Yes, it is a shit show!"
Lucifer,2024-12-22 19:44:48+00:00,That is Democracy for Europe or the West.  So stop preaching us
Ewinters,2024-12-22 21:31:05+00:00,Election manipulations are now a standard
Steve,2024-12-22 23:50:19+00:00,Looks like it
Snake,2024-12-23 01:00:28+00:00,The stench of the CIA is all over this
Philip Edward Crosbie,2024-12-23 04:59:13+00:00,"Yep, thats how it works."
jake,2024-12-23 09:56:11+00:00,This is also what the Clinton campaign did in 2015/2016 lol
Marta Valeria,2024-12-27 17:30:55+00:00,Iohaniss is a Dictator! He is the arquitect of the Coup d'etat!
Amit Shah,2024-12-22 12:00:46+00:00,Yup. Crazy or what. With this new info can't they appeal??
G Perrin,2024-12-22 12:59:46+00:00,I’d say that’s a great way to catch the fox in the hen house
Christorup,2024-12-22 14:16:22+00:00,"Yep, pretty much"
Dr. Carl Reed,2024-12-22 15:27:25+00:00,Exactly
Alexandra Alex,2024-12-22 15:44:05+00:00,it's much worse than you wrote
MultipolarAffair,2024-12-22 15:51:26+00:00,Yup. The state of European democracy
Nesha St®,2024-12-22 16:29:51+00:00,
Cristi Tanase,2024-12-22 16:32:20+00:00,YES!
stfdt,2024-12-22 17:11:31+00:00,That is word for word what happened.
Brian Michaels,2024-12-22 22:17:53+00:00,Straight out of Clinton's playbook.
Sorin,2024-12-22 23:36:58+00:00,That’s pretty much the gist of it. A bunch of crooks playing with fire.
T Mac,2024-12-23 00:21:15+00:00,Definition of false flag.
Lewis H Perkins,2024-12-23 03:13:31+00:00,Truth and a what we say it is.
Wokebuster,2024-12-23 04:59:46+00:00,"just ""gringe"" ..."
Chris,2024-12-23 07:20:59+00:00,such a ludicrous affair
mountain man,2024-12-23 09:46:30+00:00,Just like that.
DjnjatrputraMahavira21,2024-12-23 19:01:45+00:00,"Yes, in EU member state."
Jeroen van Kessel (Akash).,2024-12-23 19:11:51+00:00,"Yes, that sums it up pretty accurate."
Solgato,2024-12-23 23:00:12+00:00,gotta schtoppen das kommunizms!
Baab,2024-12-24 08:15:46+00:00,Ze German democracy strikes again.
Agent Orange,2024-12-26 17:21:20+00:00,You can see what is happening. Folks need to step up to the real commies which are the ones who rule the EU.
madi,2024-12-22 13:28:08+00:00,"Yeah, you got it right, except Georgescu wasn’t seen as a rival, the Liberal Party tried to split the populists’ votes and ended up boosting mr Georgescu by accident. People listened to him, liked what he was talking about and voted him in droves.
Basically there were 3…"
Bart Vargas,2024-12-22 12:51:03+00:00,Just like Hillary’s failed pied piper strategy against Trump in 2016 and subsequent Russiagate farce…seems liberal retardation transcends borders…and time…
Marvel,2024-12-22 13:13:08+00:00,And the #EU is implicated just as they are in #Georgia. #Romania
Jiu Shijiu,2024-12-22 13:38:32+00:00,Incredible people still think that Russia is really more likely to meddle in other countries’ elections than US of fxxking A!!!
It starts with A,2024-12-23 12:13:13+00:00,"It’s a coup. Romanians voted for Georgescu!!! He is pro-EU, pro-NATO. First they said he wants to take us out from Nato and EU… after this they said he s pro-Russia… now they arrest people and influencers who supported him….."
Yehanoha,2024-12-22 15:47:00+00:00,"This is an absolutely bombshell: the story about the cancelled elections in Romania is even far more sinister than previously thought.

A new report from investigative outlet http://snoop.ro (https://snoop.ro/anaf-a-descoperit-ca-pnl-a-platit-o-campanie-care-l-a-promovat-masiv-pe-calin-georgescu-pe-tiktok/…) reveals that the TikTok campaign which was cited in the"
TheDanishcookie,2024-12-22 18:56:53+00:00,Biden and obama is funding another election interference
the fool,2024-12-22 11:09:39+00:00,Supported by a wealth of invisible evidence
Li Deliang,2024-12-22 13:51:37+00:00,It is undemocratic. Hope Romanians make deep reflection on it.
MUE psd usr pnl udmr nafo usaid,2024-12-22 17:32:28+00:00,Nice in this comunist country! Heil klaus... This is our dictator
lifesign,2024-12-22 17:57:52+00:00,Rmanians let them by sitting and doing nothing about it they don't deserve independence being such cowards
Stifaka_2,2024-12-22 21:57:07+00:00,"So from what is understood here, Georgescu would have won without this campaign , they already knew so they had to link his winning with illegal Russian interference. Reminds me of Hillary’s 2016 arguments on Trump."
GlobalIntel,2024-12-26 09:29:35+00:00,they will cancel elections in Germany and France as well if AfD or Le Pen were to win as well. Russian meddling or some excuses
Walter Wood,2024-12-30 15:48:02+00:00,Trump asks the Supreme Court to hold off TikTok ban.
𝗨𝗻𝗰𝗹𝗲 𝗽𝗼𝘀𝘁𝘀 🆇,2024-12-30 15:55:18+00:00,"Interesting move, let’s see how this plays out."
RapTV,2024-12-28 21:40:51+00:00,Donald Trump has submitted a Supreme Court brief seeking to postpone the enforcement of a law requiring TikTok to be sold or shut down by January 19
50/50innertainment,2024-12-28 21:47:47+00:00,"I'm ok with TikTok being banned, it won't bug me one bit."
Future,2024-12-28 21:46:22+00:00,Great move. Tiktok played a big role in his elections victory
Fisk Vicious,2024-12-28 21:41:24+00:00,That's my president
Dreamy,2024-12-28 21:42:22+00:00,Tiktok is rotting our brains.
T.wap,2024-12-28 21:43:15+00:00,sell it its crap
Raw,2024-12-28 21:52:55+00:00,Sell it to Elon Musk
BLAZE,2024-12-28 21:41:16+00:00,Wow #zelena
WembySZN,2024-12-28 21:54:30+00:00,we got IG reels i could care less
RUBY,2024-12-28 23:47:35+00:00,i could care less about TikTok being banned but they've been saying this for 4 years!
H A M Z A,2024-12-28 21:41:44+00:00,Cook Mr president
•michael o.cfury•,2024-12-28 21:42:07+00:00,W decision.
promise,2024-12-28 21:42:31+00:00,Ok so I should be happy?
Sniper,2024-12-28 21:46:07+00:00,No
Mia♘,2024-12-28 21:48:41+00:00,Woh woh
Xander 38K,2024-12-28 22:00:19+00:00,Twitter next??
Anton,2024-12-29 06:42:45+00:00,Wonald Wrump
moonchild nasire,2024-12-29 10:31:32+00:00,Lol never been a fan of tik tok..
Glenn Greenwald,2024-12-26 15:13:39+00:00,"Trump denounced the TikTok ban throughout 2024. He just urged SCOTUS to block implementation (for now).

As I showed below, key GOP sponsors admit they got the needed votes because TikTok allows too much Israel criticism. Here's Mitt Romney and Antony Blinken in May saying this."
Glenn Greenwald,2024-12-28 20:42:13+00:00,Trump's didn't take a position on the ban's constitutionality. He clearly wants to protect key TikTok investors - including a major donor of his - by ensuring it's not banned but sold to a company the USG is more comfortable with (can control more). Biden still supports the ban.
Marshal Law,2024-12-28 20:46:23+00:00,"Glenn, one of Trump's last EO's was banning TikTok in 2020.
He only switched his position because one of their largest investors Jeff Yass gave him money."
Glenn Greenwald,2024-12-28 20:47:42+00:00,"I don't actually care why politicians do things if it's the right thing -- among other things, motives are unknowable -- but I explicitly mentioned this role that donation played in the second tweet."
Jack Maxey,2024-12-28 21:44:31+00:00,BINGO
GuidoTorpedo,2024-12-29 09:16:38+00:00,"Blinken is Jewish, has deep ties to AIPAC and likely has dual citizenship with Israel. His stance on TikTok should surprise absolutely nobody."
Suporte640,2024-12-28 20:49:22+00:00,"Elon told him to do this. Elon Musk also allows criticism of Israel on Twitter, but I believe he makes Americans not see these posts. He leaves Americans in a bubble so they think that the genocide of Palestinians is right."
Matthew Ⓐ Ⓐ Ⓐ Ⓐ,2024-12-28 21:15:40+00:00,"Trump is owned by AIPAC, these negotiations are probably just a way to alter the feeds so that content is eliminated."
Christus Julius Maximus - SPQR,2024-12-28 23:29:50+00:00,Sounds like censorship.  Very Un American.
Panama Reg,2024-12-29 11:52:07+00:00,The banning of Tik Tok is being demanded by the Israeli supremacists in order to suppress visibility of their land theft and genocide.
AMMAR,2024-12-28 20:49:52+00:00,It seems like politicians engaging in shady business practices has become the norm these days. What’s even more concerning is that they don’t seem to mind being caught or telling bold-faced lies!!
Outer Depth,2024-12-28 21:43:45+00:00,Tiktok ban mre about censorship than China
GG,2024-12-29 01:43:41+00:00,recebeu algum recadinho do cabeça de piroka pra não postar mais nada ou foi grana mesmo?
dasdas,2024-12-28 20:44:07+00:00,It's so obvious that the ZOG (Zionist Occupied Government) theory is true. There is no other explanation for the American government's subservience to Israel.
Richard,2024-12-28 21:17:14+00:00,"I love the Jewish peoples, their government is just as corrupt as any, maybe more.
Why are we not allowed to criticize their leaders, if we criticize all equally? Is speech no longer free?
Now I will probably get tons of hate replies, its like being bombarded by liberals."
Ayman Trancer,2024-12-28 23:16:51+00:00,Trump also won the election thanks to his  Tik Tok audience
nillbezz,2024-12-29 00:48:25+00:00,Pq parou com as reportagem sobre Alexandre e STF? Ameaças?
Luis tás,2024-12-29 16:34:21+00:00,Cadê os 6 GB?
é verdade,2024-12-28 21:11:53+00:00,"Apparently he doesn’t believe in the principle that we should have an independent judiciary. I find that disturbing, myself. As for banning the app, i personally think it should be struck down as unconstitutional."
lucid_interval,2024-12-28 22:38:25+00:00,This genocidal dual citizen piece of human filth should pack up his  yamaka and get his ass to isreal. He will never get a moments peace in the UNited States. Go torture some kids you Jeffrey Epstein lackey. There is film of you my man. Get going you murderous piece of shit.
Speak The Truth-Shame The Devil,2024-12-29 01:26:37+00:00,I don’t care about Israel focus and Tictoc. I care about it is controlled by the CCP. And installs 24 APK’s and one is Russian. I care that any Chinese own land in the US. Period. They must divest
Destroyer of Lies,2024-12-29 04:37:51+00:00,When will you stop taking money from Qatar and Iran?
Sabrina Smith,2024-12-30 11:15:08+00:00,"My family does NOT use TikTok and never will.  American only like Facebook, X, and YouTube for us.  The United States should go back to only the BEST = American Made, Trusted, Secured!"
Jon,2024-12-30 15:12:22+00:00,We all of us that know this knew instantly.  My question is has that number changed at all-
Blast Radius,2024-12-30 15:25:01+00:00,He completely flipped on it once Jeff Yass started donating to him. There is no principle at play here
Cristiane Pizzoli,2024-12-31 16:17:46+00:00,Cadê  os 6 GB?
umih #NoWar,2025-03-07 10:14:59+00:00,The truth has always bothered them
Kelley A Lynch,2024-12-29 03:43:28+00:00,"This issue needs to be raised in court.  We have a right to criticize our own gov't so clearly it goes without saying that we have that right about Israel.  
@TheJusticeDept
 position is untenable given that 170 million Americans are on 
@tiktok_us
 and 7 million small businesses"
Separation of private and state,2024-12-29 09:25:37+00:00,Because the platform allows our adversaries the ability to control  donestic narratives … in a democracy that translates to controlling the government who is run by elected officials… glen you been really out of it recently. I hope everything is ok
Jamir Boscari,2024-12-30 00:09:05+00:00,E os 6 gigas senhor. Se acovardou? Como que na vaza jato o senhor divulgou?
Joe Kawaja,2024-12-30 00:46:00+00:00,"Zionist occuption of America will continue to lead this country down a dystopian authoritarian path. In essence, the end of American civil liberities."
Jim Webster,2024-12-28 20:42:35+00:00,Good to see you back Glenn!
Rambling Rodeo,2024-12-28 22:23:17+00:00,"@ggreenwald
 come on man, we know what China is up to when it comes to #Tiktok and it is a National Security issue, stop with this nonsense, you are falling for propaganda by the Chicoms."
Thomas Marks,2024-12-29 01:13:46+00:00,Truth does not equate to criticism.
Ben Rutman,2024-12-29 02:03:04+00:00,Why do you hate the jews?
WatchDog®,2024-12-29 02:33:02+00:00,Interesting. I think this is why
Toxic Megloaf Pengo,2024-12-29 02:49:56+00:00,you are a genocide apologizing bitch
Erica Z,2024-12-29 14:57:14+00:00,This is also the reasoning behind the Murthy v. Missouri SCOTUS ruling earlier this year.
NorK™,2024-12-29 17:14:54+00:00,"Parou com a Vaza Toga, bunda mole, lixo, canalha!"
PeasantParty ©,2024-12-29 17:37:16+00:00,"Killing TikTok at this time will DUMP Thousands of Jobs, which this country cannot take at this point in time.  The Job Market is already riddled with SERIOUS problems."
the fool,2024-12-29 18:22:12+00:00,Maybe he wants to sell it to Elon?
Bill the man,2024-12-29 21:02:52+00:00,Not seeing multiple much less key GOP sponsors (whatever that means) saying that the tik tok ban is because to much anti Israel screeds. I also support listening to Trumps requests to go slow on this issue right before he takes office.
icarus,2024-12-29 21:44:12+00:00,Happy Hanukkah Glenn !
Belakor,2024-12-28 21:44:47+00:00,"Trump this, Trump that. You judge Biden and the democrats-rightfully so-but the rotten fruit if their labours. Yet you constantly portray Trump as a well meaning anti-establishment rebel foiled by his sycophants. Stop being a cheap maga hack, you’re much better than this."
GG,2024-12-29 01:42:35+00:00,e aí meu filho? 500 milhões de terra bytes  e há meses sem postar nada sobre aquel assunto? o que aconteceu? ameaça?  covardia? dinheiro? fala aí pra nós
Mister Dealio,2024-12-29 01:50:44+00:00,"False. There was a push to ban TikTok starting in 2020 before the conflict in Gaza started in 2023. Stop lying please, this is too easy to verify and disprove."
Fight4YourRights,2024-12-29 02:26:31+00:00,"People like 
@MittRomney
 & 
@SecBlinken
  get scared when they start to lose control over THEIR NARRATIVE
Can't stop the TRUTH coming out though
#FreePalestine  #GazaGenocide #RejectAIPAC #NetanyahuWarCriminal #IsraeliApartheid #DeirYassin #Nakba #EndTheOccupation #IDFTerrorists"
Rod,2024-12-29 14:21:11+00:00,"Dude, trump wanted to ban it in 2020. This isnt new. And there are many reasons...can yo be more stupid and bias?"
Tubarão,2024-12-29 15:00:10+00:00,"Falando em censura, ainda está falando alguns gigabytes para expor ao povo brasileiro não é mesmo?! 
Se estiver com receio, faça a divulgação fora do país mas não se curve ao totalitarismo."
CCwriter,2024-12-30 19:57:37+00:00,Oh Glenn.
Roi Lopez Rivas,2024-12-30 19:04:01+00:00,"TSJ impone multa de $10 millones a la plataforma Tik Tok por permitir la difusión de retos virales.

La multa deberá ser pagada a Conatel."
amilcarrock,2024-12-30 20:00:33+00:00,"Una pregunta roi

Si los chinos se niegan ¿Romperán relaciones con el gobierno comunista chino?"
Roi Lopez Rivas,2024-12-30 20:08:12+00:00,"Si, como Milei"
Victor Marcano,2024-12-30 19:51:26+00:00,Como si el TSJ de la dictadura fuese algo que las empresas deben acatar
Roi Lopez Rivas,2024-12-31 01:41:53+00:00,Por eso la empresa de María Corina Machado no fue a presentar sus actas.
HASTA EL FINAL,2024-12-30 19:15:02+00:00,"¿Será por eso o porque  en TikTok  dejaron en ridículo a Diosnarco con sus  habilidades y destrezas  para cargar un arma.?
Mandan a decir los chinos que se van a descontar lo que le debe el régimen y si queda algo ¿se lo pasa por Zelle o pago móvil?"
JB,2024-12-30 20:00:29+00:00,
Anibal Camacho M,2024-12-30 20:04:42+00:00,Tu eres el que vas a NY a Cobrar la Multa o solo le envías tu Pagó Móvil..
Rafael Ruiz,2024-12-30 19:48:11+00:00,Primero paguen las deudas que le tienen a las aerolineas y la indemnización a General Motors y Kellogg’s
jhoan @rtigas,2024-12-30 20:09:13+00:00,Y no que seguían profundizando los lazos con china y le multa una red social de su país
Michell,2024-12-30 20:09:56+00:00,Estos chabestias andan buscando plata hasta debajo de las piedras
cristina,2024-12-30 20:22:19+00:00,Pregunta seria… Por qué no en Bolívares ? O en Petros ? Por qué en moneda imperialista? Les gusta los dólares
Freedom,2024-12-30 21:24:38+00:00,El dia de los chistes estupidos ya pasó
Mario Migliazza,2024-12-31 01:38:07+00:00,Jajaajajaajajajaaja como lo van a obligar? Jajajaaja
LARAS VENEZUELA,2024-12-31 03:53:31+00:00,
Punisher,2024-12-31 18:43:20+00:00,Roi tu eres marico de nacimiento? O te hiciste marico después que le viste la asquerosa cuca negra a lu mujer?
Ave‍Fenix,2024-12-31 19:54:24+00:00,"Otra loca más, como la que Ratificó el Fraude del 28J !"
HASTA EL FINAL,2024-12-30 19:18:25+00:00,La “nigligencia” es más arrecha! Por eso la multa
Juan José Urdaneta González,2024-12-30 19:32:37+00:00,"Venezuela merece respeto en nuestra patria amada tenemos leyes que protegen los niños, niñas y adolescentes"
Michael.,2024-12-30 19:36:29+00:00,Hago eco de tus palabras en tu tweet más reciente “No se rían por favor:”
@chelincolina_,2024-12-30 19:44:16+00:00,
Juan Navas,2024-12-30 19:44:48+00:00,Control y conciencia
reymer betancourt,2024-12-30 19:53:16+00:00,
Davidyan,2024-12-30 20:05:39+00:00,Ese tribunal es una payasada jajajaja
Yigson Labordaꑭ,2024-12-30 20:16:39+00:00,Salitre pero que vaya Maduro a cobrarlos a EEUU
Alex oramas,2024-12-30 20:28:42+00:00,
Anibal Rodriguez,2024-12-30 20:38:10+00:00,Otra garrapata
Don Perro,2024-12-30 20:38:38+00:00,Tengan fe
Youknow,2024-12-30 20:47:13+00:00,"Que mierda le interesa a la gente las estupideces que se inventas estos chavistas de mierdas para pasar como palomas blancas, lo rico de todo estos días así es que cada vez son más las direcciones de ustedes que están a la luz para la hora de timbre y a darles su dosis"
José Alvarez,2024-12-30 21:10:56+00:00,"Tampoco tengo Tik Tok. Siempre me han dado cierto miedo los MANICOMIOS. Pero los problemas mentales no se resuelven con la CENSURA, deben ser tratados individualmente"
Libertad.,2024-12-30 21:38:47+00:00,Quién es el dueño de tik tok?
Angel C.,2024-12-31 01:06:31+00:00,"Ahora te quedarás sin ver tiktok?
No vas a poder usar esa red social si tanto daño le han hecho al socialismo."
Fernando Monasterio,2024-12-31 01:36:48+00:00,"Y si no pagan los bloquean, justo antes del 10 enero!!!"
Henry molero,2024-12-31 03:09:32+00:00,
And mjk,2024-12-31 03:14:14+00:00,Jajajajaja el chiste se cuenta solo jajajaja
Luis,2024-12-31 03:19:38+00:00,No verán un dolar
Oliver Jack,2024-12-31 03:22:40+00:00,CEO  de TikTok en estos momentos
Rafaela Barragan V.,2024-12-31 05:02:02+00:00,Jajaja ¿por dónde va a cobrar eso?
xFuel,2024-12-31 05:28:49+00:00,De Bolívares? Que barato
Jeitson Cabrera,2024-12-31 06:45:36+00:00,
Israel,2024-12-31 16:05:17+00:00,Muy inteligente multar a uno de los pocos países que os da ayudas para que podáis comer
John Carr.,2024-12-31 16:08:19+00:00,Cada día más parecido a corea del norte jajajaja
El Pajudo,2024-12-31 16:31:35+00:00,Parranda de ignorantes. Tik tok puede cagarse de la risa de semejante estupidez.
ELE Lobo Gris,2024-12-31 16:32:10+00:00,Excelente.
BACHURA,2024-12-31 16:34:35+00:00,Porque la multa no es bs ?
Hector E. Canelon,2024-12-31 16:52:39+00:00,"Por primera vez en los 25 años algo que debieran haber hecho como correcto, pero hasta aquí. Lo demás es un robo parejo."
FISHER,2024-12-31 17:37:24+00:00,Y los q están presos desde el 28 de julio?? De esos no dices nada o también vas a decir q no hay menores presos en venezuela
La de Venezuela Libre,2024-12-31 20:30:39+00:00,Zurdos lambucios jajajajajaja. No hallan de dónde rascar dólares.
Ian,2024-12-31 20:32:26+00:00,Jajajaja esta muy preocupado Tik Tok son solo maricones y putas en Venezuela
HP,2024-12-31 02:00:46+00:00,Quién coño te va a pagar eso come mamá el chavistanoes gente vergacion de sevilluos son
divergente,2024-12-31 02:24:35+00:00,Jajajajajaja
Marquez,2024-12-31 02:42:03+00:00,
@papirin,2024-12-31 06:02:43+00:00,Por qué no en bolívares?
José David Borges,2024-12-31 07:11:47+00:00,Hay pendejos y ustedes....   Circo con postes de humo.
ALG,2024-12-31 07:57:17+00:00,NIGLIGENCIA?
Michael Venegas,2024-12-31 07:59:47+00:00,Y esta gente enserioooo  no se dan cuenta que ante el mundo no más que unos payasos  con título de la misión de chiavezzzzz
Jesús Cordero,2024-12-31 08:26:43+00:00,"Yo no sé si la mamá tuya la empujó a ella cuando nacieron y ambos cayeron de cabeza, pero igual la maldición estará presente en ustedes por Idiotas. Ni el último engendro de tu generocion se salvará ."
Franklin Muñoz,2024-12-31 08:56:20+00:00,"Y le hicieron caso, XD"
Juan Jesús Carballo Gonzalez,2024-12-31 09:14:23+00:00,"Cuando eso suceda,ustedes estarán en Cuba"
Gato Nocturno,2024-12-31 15:57:44+00:00,"Tiktok es chino...
No querrán pelearse con los jefes de jefes"
mr_trashmetal22,2024-12-31 21:57:11+00:00,Alguien les dijo que esa red social es china?
precis0x,2025-01-01 00:37:15+00:00,Lo mas gracioso es que hay gente ignorante que cree en estas estupideces que dice esa gente xd
Encar Díaz,2025-01-01 02:20:31+00:00,"No se dejen engañar de 
@RoiLopezRivas
 el régimen esconde su totalitarismo bajo la excusa de los 'retos virales' para justificar la censura de TikTok. Imponiendo multas y tratando de silenciar voces, demuestran que temen la libertad de expresión. ¡No dejemos que nos callen!"
Carlos,2025-01-01 03:11:57+00:00,"Administrando justicia o cumpliendo órdenes, que tanto miedo le tienen a tik tok, que casualidad en diez días dicen que tik tok no pago y lo bloquean también."
Nelson Pino,2025-01-01 03:52:38+00:00,
WATCHMAN,2025-01-01 03:56:19+00:00,Mayor ridiculez IMPOSIBLE!
carmen,2025-01-01 06:34:21+00:00,"@RoiLopezRivas
Feliz año compatriota vivo en Barquisimeto la carucieña donde abusadores tienen años que se instalan con los sonidos de los carros a todo volumen e llevado el problema a la fiscalía e denunciado en varias partes resuelven por poco tiempo vivimos g 94 yo tengo 78"
Sin dios nada,2025-01-01 07:47:23+00:00,Demanda a chino que es el dueño de tik tok rolo e jala bola a ver que les hace china
Fafa la maestria,2025-01-01 08:44:41+00:00,"Jajaja cada día estos politicos del tsj se dan el pujon para su salida inmediata ,tic tac les queda poco tiempo."
El burro,2024-12-31 13:28:07+00:00,Cuánto será eso en bolívares?
tititi,2024-12-31 13:54:19+00:00,Por qué en dólares no i que mucho odio la los yanques
ELBER GATIEZA,2024-12-31 13:57:01+00:00,"Respuesta del ceo de tiktok .
吸吮一大隊雞蛋，你們這些該死的查維斯塔，去他媽的陰戶吧。"
Octavio Islas,2024-12-31 14:02:58+00:00,"Distractor de fin de año
Y si mejor presentan las actas? 
Ya terminaron de ajustarlas?"
RicardoM78,2024-12-31 15:03:20+00:00,En dolares?? no son soberanos ponganla en bolívares comunistas choros
Juan Carlos Loaiza D,2025-01-01 11:58:32+00:00,Pagarán por Zelle?
pedro sanchez,2025-01-04 14:17:02+00:00,Urgente hay que multar y cerrar
Hidora,2024-12-30 20:39:11+00:00,Los ejecutivos de tik tok en este momento
Capitán Centella,2024-12-30 20:49:02+00:00,Estos malditos chavistas creen q le van a pajar.
Ernesto Diaz,2024-12-30 20:55:05+00:00,Jajajaja
Jesus,2024-12-30 21:10:21+00:00,"TikTok es chino, no que muy aliados ?"
NO SOY UN BOT,2024-12-30 21:13:47+00:00,Cuando ustedes van ya nosotros venimos! Ya no es igual que antes mamaguevos
Dante Durand Moreno (DasH),2024-12-30 21:16:24+00:00,JAJAJAJAJAJAJAJA ALGUIEN HAGA CASO AL MAMARRACHO DE JUSTICIA VENEZOLANA PORFAVLR ALGUIEEEN HÁGALE CASO JAJAJAAJ
Javier Vz,2024-12-30 21:30:50+00:00,No será que el gobierno quiere bloquear Tiktok antes del 10 de Enero y encontró la excusa perfecta para hacerlo. Si de verdad se preocupan por los niños empiecen por los que están pidiendo en la calle y los que son víctimas de abusos que son miles.
El Gato,2024-12-30 21:51:34+00:00,Se jodieron los 15 pela gatos que ven tus LIVE por la mañana
Carlos Eduardo,2024-12-30 21:54:36+00:00,Y como es eso si Tik Tok es de los hermanos comunistas jajajajaj el chiste del día
Andrés Bautista,2024-12-30 21:55:45+00:00,Ajá y de eso se 10millomew cuántos son para los perjudicados? Jajajaj que chiste mmgvos
Samuel Martinez,2024-12-31 00:26:17+00:00,Sabes si Conatel acepta pago movil a tasa del BCV.
Crap Bag,2024-12-31 00:30:28+00:00,Jajajaja
Marcos Campos,2024-12-31 00:49:28+00:00,Jajajaja 10M si es que se los dan
Jose Libertario,2024-12-31 00:52:29+00:00,Ya va!! Tiktok es una app china pero quieren pagos en dolares gringos del imperialismo? Como es eso??
Betto Guevara,2024-12-31 01:46:34+00:00,Al paso que va Venezuela van a tener que comunicarse con vasos amarrados a una cuerda
felix,2024-12-31 09:30:34+00:00,"Pero tik tok bes chino 
Ya los veré retractados llorando cuando su jefe xin les hale las orejas !!"
Agencia de Marketing Digital,2024-12-31 09:43:29+00:00,Xi Jingpin muy preocupado...
catalane,2024-12-31 10:02:00+00:00,seguro q te la vas a pagar huevona
☆★★★★★☆,2024-12-31 10:03:18+00:00,Que espere esa plata sentado por qué parado se va a secar
mmUSA,2024-12-31 00:09:20+00:00,Este chiste debe ser subido PERO URGENTE A TIK-TOK
Eclipse,2024-12-31 00:11:21+00:00,Ahorita lo hacen
Alberto Consiglieri,2024-12-31 00:13:32+00:00,"Jajajja, esperen esa plata, que por el ORO les llega XD."
ALEJANDRO SILLET,2024-12-31 10:53:06+00:00,"Pero, en dólares?? Esa moneda asquerosa del imperio??? Jajajajaja"
Víctor Manuel,2024-12-31 12:03:28+00:00,
eagle007,2024-12-30 23:14:46+00:00,"El narcorégimen cerrando medios para aislar a la sociedad de las noticias. Hacer eso a esta altura es no entender el hueco en el que están, muy pronto estarán presos con su braga naranja y los demás corriendo por las trochas y buscando asilo en embajadas, están derrocados ok"
Salimibanana,2024-12-31 00:12:44+00:00,Esperen sentados a que les paguen la multa
Xercker π,2024-12-31 00:20:39+00:00,Marico que risa esta verga... Jajajajajajaja
Anibal Redlich,2024-12-31 01:13:19+00:00,"Jajajaja que esperen sentados , nadie le va a pagar un dólar a esos retrasados mentales chavistas"
𝐑𝐄𝐘 𝐃𝐀𝐕𝐈𝐃,2024-12-30 21:58:28+00:00,Lo más RIDÍCULO del día
chely9114,2024-12-30 22:23:32+00:00,"Jajajajajajajajajaja desde cuando LA MONEDA DE CURSO LEGAL EN VZLA ES EL DOLAR ($) ????? Ah si es VERDAD SE ME OLVIDABA ES QUE TAMBIEN DESTRUYERON LA MONEDA, SON UNA PESTE, UN CANCER, ser CHAVISTA ES SER MIERDA"
Leonel,2024-12-30 22:43:09+00:00,"Que miedo, JAJAJAJJAJAJAJJAAJAJAJJAJAJQJA"
Carlos Marxi Simba Jarle,2024-12-30 22:47:17+00:00,Esa cámara con grabaron a esa loca debe tener 30 años.
CanBarçaWorld,2024-12-30 22:57:20+00:00,Jajajaja es una empresa china
viking black..,2024-12-30 23:00:51+00:00,Nigligencia  esa palabra es nueva no saben ni hablar
Ibiza,2024-12-30 23:03:10+00:00,Empresa? Jajaja
Juanchova.,2024-12-30 23:05:40+00:00,Jajajaja jajajaja se los van a mandar en modedas de bolívares
Angel Rafael,2024-12-30 23:11:11+00:00,Como si tik tok los obligara
Rhuks,2024-12-30 23:22:39+00:00,"¿Urgencia de ""cobritos""?"
Anons-Libertario,2024-12-30 23:23:10+00:00,Hasta coimeros son estos sapatras descarados muertos de hambre
Will,2024-12-30 23:23:42+00:00,Y como quedan los hermanos chinos ?
Anons-Libertario,2024-12-30 23:24:04+00:00,Ojalá tiktok los demanden a ellos y les saque los trapos al sol
...,2024-12-30 23:55:07+00:00,jajaja esperate sentadito que los chinos ya les depositaran
Enrique Tarazona,2024-12-30 23:55:49+00:00,Buscando plata donde sea ? Que paso amiguitos
Jesús,2024-12-30 23:59:57+00:00,"Me parece bien que multen esa red, esa guarida de descerebrados .
Bien"
José Calderón,2024-12-31 00:02:12+00:00,"Cada día se superan estos Hijos de Puta, la estupidez no tiene límite.."
Arturo0385,2024-12-31 00:03:51+00:00,
Chao,2024-12-30 19:17:54+00:00,Buenas tardes  para los chaviburro y chaviburra alguien me puede decir si diosdado sin cabello termino de cargar el fusil
Firülais 2.0,2024-12-30 19:33:55+00:00,Dice Tik Tok que dejen de hacer el ridículo! Nosotros somos chinos webón!
ZX6-R,2024-12-31 01:20:41+00:00,Le damos los 10 millones y otros 5 millones de propina. Para cuando los quiere?
THE-GAB,2024-12-31 02:22:19+00:00,Tu debes ser Idiota si crees que los Chinos van. Pagar a sus necesitados
LoKeTuKieras,2024-12-31 02:27:05+00:00,Jajaja el nivel de imbeciles de estos tipejos es sorprendente… deben ser de raza muy pendeja estos caniches
RicardoSanchezM,2024-12-31 02:57:17+00:00,Coño pero ustedes son brics debieron pedirle yuanes a la red china pero piden dólares  estos psuvistas no tienen ni lógica en su discurso
Noticias Monitor,2024-12-31 03:09:12+00:00,"Tengo varias preguntas: 
1) La multa de los $10 millones, va a las familias que perdieron a sus familiares en los retos que le quitaron la vida ? 
2) Los $10 millones es al cambio del BCV o al Paralelo ? 
3) No pudo Estados Unidos obligar a vender a TikTok y este tribunal cree"
Gil JB,2024-12-31 03:13:10+00:00,10 millones de bolívares o q
Andres Cifuentes,2024-12-31 05:02:39+00:00,La respuesta de Til TOk: nos la pela
perico,2024-12-31 05:45:04+00:00,"tik tok es chino,tocarle los cojones a china a ver q tal os va jaaaa"
Claudinho,2024-12-31 05:57:04+00:00,"Coño! No sean ridículos!!!

$10MM. Los quieren en Bs a tasa BCV? O del mercado negro? IDIOTAS"
alex,2024-12-30 20:03:33+00:00,Los directivos de tik tok les mandan a decir q vayan a china buscarlos !
anatmarquez58,2024-12-30 20:06:09+00:00,Y te lo van a pasar a tu cuenta para que lo disfrute con tus camaradas comunistoides.  JAJAJAJAJA.
Bill Foster,2024-12-30 20:13:10+00:00,"Estoy seguro que ahora saldrán corriendo en 
@tiktok
 a pagar esa multa a tu gobierno bananero"
Ronald Montilla,2024-12-30 20:20:49+00:00,"No encuentran de donde seguir sacando plata. Ya como que la inflación se les llevó el 9% qué nos quitan obligados para el ""supuesto"" fonde de pensiones. Igual están pagando los mismos 3 $"
Ángel Galeano,2024-12-30 20:50:25+00:00,Se meten con China y se secan
GabeMars,2024-12-30 22:16:31+00:00,$10 millones de que??? $$$$??? Y que paso con los bolívares?? Bahahahahahaha. Leguleyos de mierdaaaaa
Pedro G,2024-12-30 22:31:43+00:00,"Ustedes cada día son más patéticos e idiotas,  bueno los lavaperros y arrastrados como tú, porq Maduro y los intocables les importa poco las redes sociales, para ellos es mejor sino existieran.."
Kevin Velázquez,2024-12-30 22:32:18+00:00,"Sois un meme, hijos de puta jajajajajaja"
EMCO,2024-12-30 22:47:55+00:00,Esperen sentados…. Es más si quieren pónganle 100 millones y que hagan un edificio…. No les van a pagar nunca  ellos no son venezolanos para que abusen… son chinos!!
EMCO,2024-12-30 22:53:52+00:00,"El gobierno bolivariano de Venezuela decreta en un documento con peso de ley que a partir de la fecha en Venezuela ahora Google debe llamarse Voogle, que X debe llamarse V… si no cumplen y como es ley antiimperialista…Multa de 100 millones y embargo de sus bienes…"
Ibiza,2024-12-30 23:02:48+00:00,Jajaja multa a plataforma? Jajajaaj la ignorancia es gratis
Cielo Gomez,2024-12-30 23:29:33+00:00,Ya China les va mandar el cheque ladrones
Hammer,2024-12-30 23:42:01+00:00,La dictadura necesita reales para pagar sobornos porque están  y se quedaron sin plata.
Luis Enrique,2024-12-31 01:18:16+00:00,"Que sean 10 millones en Bs a ver si los agarra jajaja, hasta eso son traidores devaluando una divisa como el Bolivar e irrespetando al Libertador, TRAIDORES SON USTEDES corruptos chaveztias!!!"
siemprefiel,2024-12-31 02:13:02+00:00,que bananero es todo . Da risa pero es una lástima que haya gente pareciéndolo
jakeys,2024-12-31 07:21:37+00:00,"Jajajajajaja, como quieren esos 10 millones y millones a precio BCV o en paralelo...???"
Boricua Conservative,2024-12-31 12:19:07+00:00,"10 millones de bolívares, verdad?"
Carlos De gois,2024-12-31 12:55:20+00:00,"Las actas de María Corina son las mismas que tienen ustedes los chavistas y el centro cárter reconozcan que perdieron y evitar la confrontación vamos hacia la inteligencia artificial y electromovolidad y ustedes quieren imponer el estado comunal ,200 años de atraso"
Edixon Bastida,2024-12-31 15:55:35+00:00,Ai te vas a secar esperando esos millones
Gato Nocturno,2024-12-31 15:58:54+00:00,"Ahora entiéndase...
Multa de 10 millones de $...
Dólares hahaha
Pagan en dólares...

Y Venezuela pide dólares...

Haha"
Cielo Gomez,2024-12-31 17:07:51+00:00,Jaja ya se los van a repartir los 10 millones jajaja vayan a pelar puerco china no es pendeja para darle a un gobierno sin fuerza ni legitimidad 10 millones que burla la de esa mujer
Matilde Barrera Magdalena,2024-12-31 17:21:45+00:00,"Toda una farsa para bloquear a tik tok, como no presenten la querella en un tribunal internacional todo es una burla.."
𝕏 Betsur Halabi 𝕏,2024-12-31 20:00:52+00:00,10 millones de dólares más para las arcas de la corrupción...
Holly,2024-12-30 18:10:27+00:00,I had no idea that the heavily politicized “TikTok ban” was set to go into effect just one day before Trump’s inauguration
The Post Millennial,2024-12-30 13:20:11+00:00,"Attorneys general from VA, MT ask SCOTUS to uphold TikTok ban"
Dumb S Other People Post,2024-12-30 14:26:45+00:00,"How many times must you post the same shit? You posted this an hour ago, you posted it 9 hours ago, you posted it 16 hours ago. Both you and Prager seem to be following the same spamming path. Just post one time, we do not need every article spammed 3. 4 or 5 times."
Dexerto,2024-12-27 22:40:36+00:00,Donald Trump urged the Supreme Court to pause the law that would ban TikTok in January
cj,2024-12-27 22:42:43+00:00,Trump saving TikTok was not on my 2024 bingo card
Angelica Reed,2024-12-27 22:44:13+00:00,dude needs his Chinese investments
.,2024-12-27 22:46:23+00:00,"Finally, he our savior rn"
The Streaming Owl,2024-12-27 22:41:22+00:00,He know's how to make the people happy
Tetsuo 𒉭,2024-12-28 01:24:09+00:00,"Once again, nothing ever happens"
METAGOONS™,2024-12-28 00:02:29+00:00,He's recording a TikTok
Jessie,2024-12-27 23:27:45+00:00,W TRUMP
xen noah,2024-12-27 23:11:09+00:00,W trump
BiancaData,2024-12-27 23:32:20+00:00,"So many people depend on Tiktok for income, really hope it doesn’t get banned"
Lucky13,2024-12-27 22:41:09+00:00,As they should ! Stay out of companies business!
Clover Lavender,2024-12-27 22:41:13+00:00,This same ban every week
Grayson Rogers,2024-12-27 22:43:49+00:00,"let’s go DT! 
@realDonaldTrump
 !"
Kay,2024-12-27 22:45:15+00:00,He’s going to save it for sure.
BC.Game Esports,2024-12-27 22:52:26+00:00,The hero we need
FOWLISH,2024-12-28 13:14:07+00:00,Lllaaaaammme.
Catalyst,2024-12-28 13:53:29+00:00,Lets get it
Crypto Stoner,2024-12-27 22:41:05+00:00,I mean we have X
SⓄL Boss,2024-12-27 22:41:23+00:00,"BabyPENGU a 2222 NFTs Collection of Penguins on @solana 

Giving away 10x WL

Rt+like& follow me+@babypengumeme 

OG = FREE MINT

Drop"
w2truong,2024-12-28 01:20:32+00:00,Omg he is truly for the people
CryptoHado | Catalyst,2024-12-28 14:07:22+00:00,Maga!!!
pompino,2024-12-27 22:41:03+00:00,"Noooo I don’t agree with him on this.

Let it burn"
Robin,2024-12-27 23:11:32+00:00,so many people depend on Tik Tok for work. for their sake I hope it doesn’t get banned.
Gruthum,2024-12-27 22:41:25+00:00,AURA
Dsa 4Teen,2024-12-27 22:41:09+00:00,I knew that shit wasn’t getting banned lmao
clips of legends,2024-12-27 23:53:12+00:00,About time trump is doing something
James Murphy #musicbox30,2024-12-28 00:56:35+00:00,"You know what's the problem If you can't live without tiktok, then you know you seriously have an addiction. If x was banned, i wouldn't be happy but i would accept it"
Monster,2024-12-27 22:46:57+00:00,Rare trump W (not a full W since he also literally wanted it banned as well)
Sir YapALot,2024-12-27 22:47:20+00:00,Trump doing great things here already
Xercist,2024-12-28 06:02:27+00:00,We don't even need it
BARKNEY,2024-12-27 22:40:57+00:00,Who uses tik tok still?
2daclipz,2024-12-27 22:42:03+00:00,Shi he need to so i can lock in on thea
James Lasher,2024-12-27 22:41:04+00:00,He’s about to make TikTok MAGA lol
inky,2024-12-27 22:55:24+00:00,trump goated for that
"Jay, the Immortal",2024-12-27 22:49:35+00:00,The Supreme Court should NOT abide. It's not his personal court to manipulate as he sees fit.
Tom MUFC,2024-12-28 01:24:26+00:00,"Yet progressives will say he's ""ruining everything""."
zTPSY,2024-12-27 22:42:28+00:00,W TIKTOK IS LIFE
Jacob,2024-12-27 22:50:49+00:00,My wife is also urging the supreme court to pause this law lol
Mind Blown Gaming,2024-12-27 23:35:18+00:00,"Trump should let TikTok go, the platform doesn’t support free speech, if it did they wouldn’t be censoring and you wouldn’t have to keep appealing videos."
Apollo,2024-12-27 22:42:43+00:00,W
Jayson,2024-12-27 22:55:46+00:00,Trumps gonna save TikTok and America!
Chad Cain AKA Manny,2024-12-27 22:45:40+00:00,Well when he owns the Supreme Court I’m sure they will listen
,2024-12-27 22:42:26+00:00,Common Trump W
Justin,2024-12-27 22:45:47+00:00,He's trying to keep China's money.
Alio,2024-12-27 22:56:55+00:00,He’s got bigger things planned lmao
Kyle Zajac,2024-12-27 23:00:04+00:00,This is a w
Anonymous,2024-12-27 23:05:24+00:00,What the fuck is Trump going to do? The ban takes effect on the 19th and his administration doesn't start until the 20th.
kz!,2024-12-27 23:06:05+00:00,pretty please
J,2024-12-28 00:20:16+00:00,W Trump man of the people
Sam Hahn,2024-12-28 00:32:52+00:00,RIP TikTok
Cliff,2024-12-28 01:06:16+00:00,It's downright un-American to ban Chinese Spyware!
Sae,2024-12-28 23:13:33+00:00,Tiktok might clutch the gulag
MMA TALK,2024-12-27 22:42:43+00:00,Trump the goat
James,2024-12-27 22:42:57+00:00,Those National Security concerns aren't so concerning when they work in your favour
Bradley Baller,2024-12-27 22:47:57+00:00,"Interesting that he led the opposite charge, I wonder what made him change his mind…"
dylanjkl,2024-12-27 22:52:21+00:00,"Interesting move from Trump. Pausing a TikTok ban might seem out of character, but it could be a strategic play. Whether you love or hate TikTok, the debate over free speech vs. national security isn’t going away anytime soon."
Tev. on 𝕏,2024-12-27 23:05:50+00:00,I don't think they should make rulings till his in office or am I wrong?
BDBRENT,2024-12-27 23:20:01+00:00,We need TikTok!
David Belote,2024-12-27 23:32:41+00:00,Bro single handedly is saving tik tok for gen Z
Hyena balls,2024-12-28 04:04:02+00:00,"A few years ago he wanted to ban Tiktok because the Chinese spy or something.

What changed?"
Domango,2024-12-28 16:59:35+00:00,Wasnt he the first one who wanted TikTok ban? Now he’s taking it back?
Tanner,2024-12-27 22:42:22+00:00,Donald trump knows he can make a solution and he knows the benefits of TikTok media and not news outlets that are sheep and say lies
Abdul-Rahman,2024-12-27 23:41:30+00:00,Trump and Elon are really out here single-handedly saving humanity
Curry,2024-12-27 23:43:24+00:00,No……..
Abdul-Rahman,2024-12-27 23:45:25+00:00,TRUMP IS REALLY ABOUT TO TURN AMERICA INTO A UTOPIA
Marcelo Lopez,2024-12-28 00:17:46+00:00,W Trump I hope they make the announcement to eliminate the LGBT and Woke community
KDKJ7,2024-12-28 00:44:12+00:00,5 years straight they say we are going to banned TikTok then they change their minds
joseph villarroel,2024-12-28 01:07:18+00:00,Trump saving TikTok
Empare,2024-12-28 01:33:51+00:00,"Knew it wouldn’t go away, happens every year"
Daddy’s Favorite,2024-12-28 15:49:58+00:00,Ban tik tok!
KeithSmiling,2024-12-27 22:48:42+00:00,The legend always making smart moves
ArticSkyFox,2024-12-27 23:10:51+00:00,I wonder how this will go.
Knoyhead,2024-12-27 23:20:14+00:00,PTL. Was terrified my toilet scrolling app was getting hosed
Jsph,2024-12-27 23:27:16+00:00,Is brainrot crap that hard to defeat??
Memer,2024-12-27 23:39:32+00:00,Let's go MTTGA
Grammy!,2024-12-27 23:52:38+00:00,Trump got us fr
Slay.Lyk.Zay,2024-12-28 00:52:39+00:00,I cannot believe I’m saying this but huge W trump wtf
Zombee,2024-12-28 01:21:29+00:00,Please please stop the ban
Heroic News,2024-12-28 01:28:47+00:00,Save TikTok!!
Mike Oxlong ,2024-12-28 01:58:28+00:00,SMH
Δbbie,2024-12-28 02:54:25+00:00,"I support trump, but I don’t like him banning TikTok"
depressed celtics fan/KD FAN,2024-12-28 12:06:41+00:00,then later in 2025 they gonna talk about wanting to ban this app
anon,2024-12-28 12:12:28+00:00,trump sold out….
RebelYelliex,2024-12-28 13:08:28+00:00,Easiest cop out to get them to like you again
Joey,2024-12-28 13:50:46+00:00,Good thank you trump
Shedewff,2024-12-28 20:44:29+00:00,bro NEEDS people to like him again
𝕞𝕖𝕝𝕠𝕕𝕪 ෆ,2024-12-29 00:38:06+00:00,why do we even need tiktok for
,2024-12-27 22:40:58+00:00,Amen
NebulousNub/ᐠ - ˕ -マ,2024-12-27 22:41:16+00:00,some of the shit on tiktok is so funny i stg
Robert Ling aka Corlag the Bard,2024-12-27 22:43:46+00:00,Based!
Mo,2024-12-27 22:47:26+00:00,Otherwise millions small businesses will bankrupt
Z,2024-12-27 22:50:20+00:00,"Yes, more brain rot for me"
Yusuf,2024-12-27 22:59:21+00:00,Good news
kale,2024-12-28 02:39:41+00:00,ultra rare trump W however it’s obvious that it’s just because he wants the US to get that tiktok money
Nate Hawthorne,2024-12-28 05:20:00+00:00,I wonder why trump want tik tok??
Alan 'The jaguar' Torres,2024-12-28 05:29:25+00:00,What changed his mind
KingSympathy,2024-12-28 05:40:24+00:00,W Trump
CorFNLeaker,2024-12-27 22:41:34+00:00,Ban in USA or world wide?
Lunaatic_Craze,2024-12-27 22:42:49+00:00,Wait. Wut. I fully expected him to take the opposite stance ngl.
uncle,2024-12-27 22:51:56+00:00,First ever good trump decision
ひ,2024-12-27 22:52:09+00:00,W
DonutHeart,2024-12-27 22:53:32+00:00,Why he pause it? Just get rid of tiktok already bruh
Jtalon,2024-12-27 22:54:57+00:00,Bro has to obey his Chinese overlords
MC3GTV,2024-12-27 22:57:01+00:00,What if he buys it? Can he own it as POTUS?
Mike,2024-12-27 22:57:31+00:00,Keep your eyes on Elon. That dipshit is about to steal the source coding and create a replica
𝐊𝐂 𝐆𝐚𝐳𝐞𝐫𝐎𝐟𝐟𝐢𝐜𝐢𝐚𝐥,2024-12-27 23:01:04+00:00,just ban the damn app already
MX,2024-12-27 23:01:36+00:00,Finally it’s all over now
𝓔𝓷𝓳𝓸𝔂𝓮𝓻 𝓸𝓯 𝓢𝓽𝓾𝓯𝓯 (Ashley Arc),2024-12-27 23:02:39+00:00,shame
creamycrawler,2024-12-27 23:09:55+00:00,they ain’t doin anything
Ctrl_Fury,2024-12-27 23:13:34+00:00,"Fuck that, let it burn."
Cody,2024-12-27 23:21:29+00:00,Banning TikTok would immediately put a ton of people out of work.
The Honorable Clayton Sterling,2024-12-27 23:24:31+00:00,L
Papo,2024-12-27 23:25:46+00:00,MAGA
YUNG EMO COBAIN,2024-12-27 23:27:36+00:00,Didn’t he wanna ban it like 3 years ago
GeekyTurboMax7,2024-12-27 23:35:12+00:00,Bro just saved tiktokers
Michael,2024-12-27 23:37:19+00:00,Truzz trump
The Mayor™,2024-12-28 08:31:37+00:00,"He seen how tik tok helped win him the election and said “hold on now, we might need to rethink this”"
OG MAGAZINE,2024-12-28 14:23:46+00:00,I don't think anyone saw this coming
Crimson,2024-12-28 17:19:55+00:00,I thought it was him who tried to get it banned in the first place
Snippin Hammer,2024-12-28 18:31:19+00:00,
Swissdreamer,2024-12-28 19:37:04+00:00,Tiktok is for many a business oppurtunity
Eris,2024-12-29 00:58:18+00:00,Abysmally rare Trump W?
Roddy Bucks,2024-12-29 02:49:12+00:00,Real nigga
YngPharaoh,2024-12-29 04:20:39+00:00,Only Trump and Elon can save TikTok
Luiz Fernando (élio hype),2025-01-01 14:36:31+00:00,Good news
Chase_of_Spades,2025-01-03 00:02:51+00:00,No! Get rid of it! Let it die!
Sousie,2024-12-28 19:59:59+00:00,I’m not going to believe it until I see it this is like the 100th time they said they would ban it but they didn’t
Mahogony C. Greene “M.G.”,2024-12-28 20:13:02+00:00,SHUT IT DOWN
Green Goblinite,2024-12-28 20:41:51+00:00,Wasn't he the one trying to ban it years ago?
NoviNova VR,2024-12-28 20:47:35+00:00,Wasn't he tryin to get rid of it? Idk I ain't knowledgeable at all lol nor do I care bout politics lol
A Cookie,2024-12-28 22:12:38+00:00,WE WERE SO FUCKING CLOSE
Twitch Cold_War_Goat,2024-12-28 23:19:56+00:00,Trump is true to his word
Your Sharpest Teeth,2024-12-28 23:37:36+00:00,"I'm sick of that guy's face. Tho TikTok shouldn't be banned
Now this site on the other hand..."
gekoft,2024-12-27 22:43:03+00:00,All the Tiktokers seeing this news
