UserID,Date,Comment
Jesse Matchey,2025-01-05 16:05:07+00:00,Quick! Ban tiktok!
Marta,2025-01-05 16:09:04+00:00,Hahaha you know why they must.
Mike Gerald Gibbs (He/Him),2025-01-05 23:20:21+00:00,"You know what?

Keep your kids off Snapchat/TikTok especially if they are High School age.

Forbid it.  Ban it.

I've heard enough: this AI faked image bullying stuff is absolutely terrifying. It will spark suicides.
#CBCRadio1"
Mike Gerald Gibbs (He/Him),2025-01-05 23:25:04+00:00,"Good lord thank God this technology didn't exist in the 1990s. 

Things were different back then. Gen X was pretty cruel and twisted. It would have been total mayhem."
GW (graceunderpressure.bsky.social),2025-01-06 00:22:39+00:00,I wish good luck to any parent trying to keep their kids off a social media platform that they want to be on.
Darth Vlader,2025-01-05 23:22:20+00:00,Too late
Josh Moreno,2025-01-05 23:42:44+00:00,Lmaooo good let the weak vanish and the strong to strive!!!
EHA MEDYA,2025-01-05 06:15:02+00:00,"""TikTok, Filistin hakkın da bazı konularda konuşmamam için beni filtreledi. Ben de işaret dili ile Filistin’i konuşmaya devam edeceğim""

ABD’li TikTok yayıncısı yüzünde ""Özgür Filistin"" maskesi ve kefiyye ile  TikTok sansürüne işaret dili ile tepki videosu çekti."
gulcan_keles,2025-01-05 13:11:49+00:00,"Gerçekler gizlenemez , işgalci israilin katliam yaptığını heryer de söyleyecegiz 
#IsraelIsAnApartheidState"
Mehveş,2025-01-05 17:18:22+00:00,Bizimkiler de neresini açacağını şaşırmış para topluyor vaybe
Barut,2025-01-05 10:30:08+00:00,Kahrolsun İsrail ve abd destekçileri
Kamile Küçüker,2025-01-05 06:17:05+00:00,
Taysenmilan3,2025-01-05 06:48:06+00:00,Tipini skhkktimmm
ŞUNKAR,2025-01-05 11:08:39+00:00,TÜM PARTİLERİMİZDEN VE TÜM HALKIMIZDAN BU ADALETSİZLİĞE DESTEKLERİNİ BEKLİYORUZ!
Abdullah Türk,2025-01-05 17:35:47+00:00,Helal olsun
Medine,2025-01-05 17:38:54+00:00,Helal olsun
Musa BOŞNAK,2025-01-05 18:09:49+00:00,#Killer_İSRAEL
ali cemal alp,2025-01-05 18:38:12+00:00,ALLAH Yar ve yardımcınız olsun inşallah Amin
Sema,2025-01-05 21:51:22+00:00,#freepalestine
meryem,2025-01-05 22:45:01+00:00,Çok yaratıcı bir video olmuş
~ZÎBÂ~,2025-01-06 05:21:12+00:00,Tebrik ediyorum..
Sahabettin Subasi,2025-01-06 08:25:22+00:00,Bu telinediyoru TikTok u kınıyorum
Kevin Roberts,2025-01-04 18:45:04+00:00,"The Chinese Communist Party—America's number one enemy—would love nothing more than to continue brainwashing the minds of our children through apps like TikTok. 
@GovernorVA
's move to shield minors from this harmful influence marks a vital step in safeguarding their well-being."
Alex Finn,2025-01-05 00:04:46+00:00,The app should 100% be banned. The issue is no politician wants to lose the gen Z vote by banning it
DigitalBased,2025-01-04 19:11:51+00:00,TikToc should have been banned so long ago.
The Milgram experiment had an exit door,2025-01-04 20:31:30+00:00,"Communist China brainwashing tactics compared to pandemic tactics. Oh wait, they're the same."
Gladys Vaz,2025-01-05 01:19:07+00:00,It's not just TikTok. The entire spectrum of Social Media is harmful for kids. The only 'friends' kids have is  on Social Media. The self-esteem of a kid is dependant on the no. of 'likes' he/she gets.
Snerrio,2025-01-04 19:09:43+00:00,If it would be an American company it would be just fine.
Intelman,2025-01-04 19:04:59+00:00,Tiktok is showing the corruption in the US and they dont like it. Thats why they want to take TikTok down.
Azerty,2025-01-05 04:07:48+00:00,What is the difference between tiktok and instag or otherd social appli?
Ayesha's Tweet,2025-01-04 19:05:49+00:00,No one understands
Ahm,2025-01-04 19:14:35+00:00,"It is about  time that we are waking up. I hear all the land close to our military,  and Air force bases are bought by Chinese???? Who approve  these transactions????
You go to China and buy land close to their bases, and see what they are going to do. It is time to wake up."
JC,2025-01-04 19:16:49+00:00,
Benjamin,2025-01-04 20:40:30+00:00,"Yes, let's just give Gouverneur more control over us and our kids. 

Or... take the damn phone away from them until they stop downloading the stupid app."
Greg P,2025-01-04 21:09:46+00:00,America's number one enemy is America's government.
Scooter,2025-01-04 22:44:19+00:00,The US has complete control what can and cannot be on TikTok. Do not be stupid.
DANNYELVIS,2025-01-04 19:03:40+00:00,Hmmm
WASTTAA,2025-01-04 19:11:13+00:00,Wow that's insane
DUSSTTT,2025-01-04 19:15:24+00:00,I was just explaining this to my young boys this morning. Don’t be a sheep of TIC TOC
U232,2025-01-04 20:38:43+00:00,
U232,2025-01-04 20:41:03+00:00,Jeffrey Epstein offered ‘reward’ to disprove claim Stephen Hawking had ‘underage orgy’: court docs https://trib.al/MZUJjfP
U232,2025-01-04 20:41:10+00:00,Release begins of potentially explosive Jeffrey Epstein court documents ID’ing dozens https://trib.al/UxtFRif
U232,2025-01-04 20:41:15+00:00,Jeffrey Epstein said if he revealed ‘what I know about both candidates’ 2016 election would have to be canceled: brother https://trib.al/5aS3LkQ
احمد بيجو,2025-01-04 21:19:23+00:00,وماذا عن قتل الاطفال فى غزه. يا مجرمين
Anonymous Frog,2025-01-04 22:49:11+00:00,"TikTok's ability to influence and propagandize is far more of a threat than any of the infosec concerns.

The CCP ultimately controls the TikTok recommendation algorithm."
josephx,2025-01-04 23:20:47+00:00,A lot of this next gen suffers from TikTok brain
Naruto015,2025-01-05 03:40:30+00:00,Well hold on just a minute
Vincent Au,2025-01-05 03:53:18+00:00,"The governor figured this out while Congress, the White House, and the rest of the federal government is completely clueless"
FilipM,2025-01-05 04:12:47+00:00,I see that America is preparing for war with China and Russia.This will be fun ...
We Will Not Go Back,2025-01-05 13:23:07+00:00,"Of all the things in Virginia to worry about, this is not it"
Frederick A VanDine MD PhD,2025-01-05 14:57:57+00:00,"TicToc is banned completely in our home.

Frederick VanDine MD PhD 
Las Vegas"
U232,2025-01-04 20:41:20+00:00,Billionaire hedge funder Glenn Dubin was first person Epstein victim claims Ghislaine Maxwell sent her to have sex with: docs https://trib.al/9cgFX5v
U232,2025-01-04 20:41:25+00:00,Epstein offered ‘reward’ to disprove claim Stephen Hawking had ‘underage orgy’: court docs https://trib.al/EqfCCk5
U232,2025-01-04 20:41:30+00:00,Prince Andrew accused of having ‘underage orgy’ on Jeffrey Epstein’s private island https://trib.al/jkhGe2r
U232,2025-01-04 20:41:40+00:00,Jeffrey Epstein list live updates: Everything we know so far https://trib.al/SmFf7BN
U232,2025-01-04 20:41:51+00:00,‘Golden Bachelor’ runner-up Leslie will attend Gerry and Theresa’s TV wedding https://trib.al/dSU3Sjk
U232,2025-01-04 20:42:26+00:00,Tourists flock to take selfies at Epstein’s former NYC townhouse as new owners battle feces-smearing vandals https://trib.al/wsUkfW8
U232,2025-01-04 20:42:33+00:00,Alan Dershowitz claims associates on Jeffrey Epstein’s list didn’t know his’ private life’ https://trib.al/SgucrhP
U232,2025-01-04 20:42:48+00:00,Ghislaine Maxwell bitter that only a woman — herself — has faced justice for Jeffrey Epstein’s crimes https://trib.al/gvizF3I
MJF999,2025-01-04 20:50:22+00:00,Tik Tok needs to be banned in Australia.
Mikita,2025-01-04 20:53:58+00:00,I buy pi
Carl Ciaglo,2025-01-04 21:02:40+00:00,"You have already allowed generations to be corrupted. When the courts said porn is freedom of speech. No outrage from religious institutions, DC branches, educational leader, feminist or media. Now tik tok and all social media has every form of porn on there platforms. Outrage!"
steve Foster wallace,2025-01-04 21:10:32+00:00,Check on larry and mark  they could be behind this since tiktok is a direct competitor to youtube and Instagram
NeoZero,2025-01-04 21:26:51+00:00,Then why does the governors former firm have massive amounts of money invested in TikTok
DenyDefendDispose!,2025-01-04 22:20:45+00:00,Lmao......
koop du,2025-01-04 23:22:54+00:00,"Think about the harm, drugs and guns do to young people, not video apps
stupid US"
EMERITUS_,2025-01-05 00:51:26+00:00,What's going on ??
EMERITUS_,2025-01-05 00:51:54+00:00,Someone should explain what's happening to me like I'm two years old.
Gary Lasereyes,2025-01-05 00:58:06+00:00,Yeah it’s china doing it lol
Rajesh Babu,2025-01-04 19:26:31+00:00,But facebook is a great influence?
alex,2025-01-04 22:16:24+00:00,Sick of playing China card for all domestic problems caused by politicians including him. You cannot fool us any more.
Tig Tiggo,2025-01-04 22:46:49+00:00,"For kids, maybe?

But for adults, there is a shitload of great info and conspiracy breakdowns on TT.

The US is just mad because they don't control TT like FB and IG."
Moerez,2025-01-04 20:39:11+00:00,"While this is true and dangerous to the republic, China is a country full of love. They just need an understanding and trust to be able to show their stories. 
They have trust issues, understandingly."
Timthetiny,2025-01-04 19:07:00+00:00,"So the government controls what you're allowed to see.

Historically,  this has always worked well. 

Lol"
Killing Abel Novel M. Tieman,2025-01-04 19:10:47+00:00,"The CCP is our #1 enemy? Hmmm, how about the FBI? Have you considered the CIA? How about asking one of the J6'ers if they are more afraid of the CCP or the DOJ? 
I think Youngkin is part of the problem and not the solution if he hasn't considered his role in being part of the"
Kb holt,2025-01-04 19:15:18+00:00,"Wrong .teaching critical thinking, threat analysis & promoting mental well-being all while parents remain involved & in control .censorship leads only to more of this coddled unable to deal with alternate views society we have now"
Darius Emmanuel Grouch III,2025-01-04 19:28:21+00:00,"Hey if China is America's number one enemy, surely you take issue with the Chinese government spending over $5 million at Trump properties while he was in office?"
NO MASK,2025-01-04 21:06:46+00:00,"You need to declare war on illegals coming across the border and declare a US NAVY base along the southern border so when they try to come across, they are breaking into a US MILITARY BASE. Notice no CUBANS try to break into GITMO.  This whole Tik Tok ban is retarded."
CharlesOsawa,2025-01-04 21:26:13+00:00,"I mean, USA antagonizing China for the past 60 years is what actually made CCP the biggest enemy of USA too. Let’s get both stories out. Meanwhile… communist parties hate democracy fr fr…………"
Joe,2025-01-05 00:29:52+00:00,"Oh please, spare me the melodramatic fearmongering about the evils of TikTok. Because that's exactly what we need - more baseless hysteria about the supposed ""brainwashing"" of our youth by a social media app. And let's all act like banning TikTok is somehow a heroic and patriotic"
John Smith,2025-01-05 00:11:43+00:00,"TikTok is the last bastion of the First Amendment guarantee of Free Speech.

150 million Americans use it for this purpose.  

Take it away at your own peril.  The people will revolt."
René,2025-01-05 00:16:13+00:00,Luckily Instagram/Facebook is so much better
Joseph Teicher,2025-01-05 00:30:54+00:00,Why are they our enemy? What have they ever done to us?
Robert Carter,2025-01-05 01:07:10+00:00,"Yes cause IG, Facebook, Snapchat are far superior and better! How about this parents are actual parents vs the IS Givernment thinking they are, which destroyed one race already in inner cities!!!"
SoGood,2025-01-05 02:53:11+00:00,Any country that has over 400 military bases around the world and been able to convince their population they are peace lovers is the best brainwashed around.
Theresa crafton,2025-01-05 03:37:54+00:00,Tell us about the Chinese police stations in New York.
Skull Eater MD,2025-01-05 05:01:36+00:00,"you’re such a weird paranoid little
goblin"
Ray Shen,2025-01-05 05:25:39+00:00,"Unfortunately, it is very disheartening to see that American politicians have become ignorant and foolish. They are almost hysterically opposed to China, but only use ideology as a pretext. The American media also swarms to oppose China, which brings no benefits to the world."
Pathum Ganegoda,2025-01-05 02:08:24+00:00,"It just a tool, one with a brain should know how to use. If you take a knife , you can use it to prepare food, or to make a living or to kill someone."
Budgie,2025-01-05 02:40:02+00:00,Ah yes no one is allowed to brainwashed our kids but we the corporate and the military industrial complex greed yeh
sks2022,2025-01-05 07:16:36+00:00,Same content on Facebook Instagram and Twitter is ok
sks2022,2025-01-05 07:19:39+00:00,Onlyfans must be safe
TakuMine,2025-01-05 07:52:39+00:00,"SNS is unwashing people's brain from centuries of western brainwashing. 
Diversified information should be respected. Which info is picked is individual's matter"
dam,2025-01-05 12:36:24+00:00,If America is so good why does it have so many enemies??
Realist ™,2025-01-05 13:33:54+00:00,They should ban Tik Tok across the board
shamus,2025-01-06 00:35:03+00:00,"Anyone can say this about any app. The will & is available elsewhere.

BAN one, ban them all.

Govt CONTROLS have no limits - only us individuals do, 
""Mind Your Own Business"""
TM,2025-01-05 03:33:49+00:00,And ban tiktok.
Cissa Bailey,2025-01-05 15:45:14+00:00,"Alem do TikTok manipular opiniões o app investiga todo o seu telefone o tempo todo 

Alias, sera o o #Mynd8 tambem tinha financiamento Chinês? As táticas sao bem parecidas com as usadas por eles. E as donas nao me parecem ser pessoas muito inteligentes. Parecem ser pessoas que seguem ordens para ganho financeiro e massagear o ego com posts se auto-promovendo. #mynd8criminosa #MyndPromoveAmorte"
Marisa Miller,2025-01-05 16:24:28+00:00,Bingo!
Van Gagho,2025-01-05 19:47:46+00:00,Concordo!
Mari,2025-01-06 03:14:25+00:00,Eita . A conferir
_mafema_,2025-01-05 21:38:00+00:00,Sim elas andavam pelo bairro da Liberdade..uma atrás de opio outra atras de lipo com um acougueiro chines famoso..
Lewis Hamilton is 8 time WDC,2025-01-03 05:02:53+00:00,Koi matlab tha tiktok ban karne ka??
mei,2025-01-05 11:28:15+00:00,"Tiktokの本家抖音がマイナスポイントが貯まると機能が制限される「健康スコア」制度を今年1月3日から導入しました。

･点数が貯まると免停になる運転免許システムみたいなノリ。

･1回のライブ放送につき、違反が行われると1点から8点の減点が課されます。
「健康スコア」の初期得点は100点です。

･違反点数が貯まる違反行為には、下品な言動、に見あわない結婚観や恋愛観の宣伝、家庭内暴力についてのコンテンツ、リッチさを見せびらかす事、なりすまし、罵倒、喧嘩、誇大広告等様々な項目があります。
https://v.lmtw.com/mzs/content/detail/id/230807/keyword_id/98…

･性的な表現、疑似科学の宣伝、不適切な服装(コスプレ？)、ユーザーに危険な行動を模倣させたりするチャレンジ行為なども処罰の対象となります。

･ある程度以上の違反点数が貯まると抖音ライブでの収入没収。
抖音ライブ機能も停止。

･抖音(TikTok) LiveのPK対戦もスコアが70点未満で制限され、40点以下で機能停止。20点以下でアカウントから機能が削除されます。0点で抖音(Tiktok)ライブ機能も削除。

Tiktok PK対戦とはTikTok Live上で行われるライブ配信者同士の対決の事で、対戦は一定時間内に行われ、視聴者からのバーチャルギフトの数で勝敗が決まります。
https://rfa.org/mandarin/yataibaodao/meiti/jw-01032024115438.html…

日本では未だに何も考えないで使っている方が多いTiktokですが、こうしたリスクを常にはらんでいるのですよね。"
台湾史.jp,2025-01-05 11:56:36+00:00,TikTokって国内版と海外版がありますけど、国内版だけですか？海外版は除外かな？
mei,2025-01-05 12:12:41+00:00,"この減点方式の運営システム入れたのは本土のTiktok(抖音)です。

海外版にはまだ採用してないですが、採用すれば良いのに。
日本人は今あれで更に馬鹿になってる中高年だらけですよ
https://m.1688.com.au/world/china/2024/01/04/1547391…"
Oscar Von Reuenthal,2025-01-05 11:29:29+00:00,But let me guess:  such points systems are not applied to American users?
mei,2025-01-05 12:18:20+00:00,"Americans secretly graded by the mainland servers.

Nearly 5,000 users on the mainland had their live broadcast endorsement slots reduced and their functionality being restricted, and even their live broadcast permissions permanently revoked.
Of these, 303 anchors were stripped"
ダイス艦長☆MAGA,2025-01-05 11:32:21+00:00,"健康スコアって不思議な言葉だけど、いわゆるHPなんですかね？
西側の国に悪影響を与えないと減点されたりして"
ぴーねこ,2025-01-05 12:06:39+00:00,"https://afpbb.com/articles/-/3498145…
2022年末までに、６歳から18歳までのネットユーザー数が１億９３００万人になったそうです。
ある日、突然規制をかけてくるのはいつもの事とは言え、これも言論、表現の自由などに対する弾圧でしょうね。"
ねこのすけ,2025-01-05 14:07:47+00:00,"CNNが2020年5月、杭州市が市民の病歴や生活習慣を点数化し「健康スコア」としてスマホ上でコード表示するシステムの導入を検討という記事を書いてました。
元は、新型コロナの感染拡大対策として使っていた機能で、抖音が採用に至ったようですね。"
良質な油分,2025-01-05 11:40:39+00:00,文字だけだと独裁者育成ゲームみたいで面白いが市民は更に息苦しい生活を送ることになるのか
名無権兵衛,2025-01-05 11:33:14+00:00,「ぼくのかんがえたさいきょうのしすてむ」
中国共産党の崩壊を加速させよう,2025-01-05 11:39:11+00:00,中国共産党に国民14億人へ、武力で基本的人権強奪（言論、学問、身体の自由・参政権）は、党の存続の為、且つ習近平や党幹部さんがカダフィーの最後みたいになってしまうから改めた方が良いよと、中共とその犬以外誰しも『その通り』の動画を上げたらポイントは上がるのでしょうか
Yasu | IT Vietnam CEO（ベトナムIT社長）,2025-01-05 11:44:45+00:00,"中国共産党に不都合なことを1回流しても、マイナス8点で済むのかな。
おそらく、速攻で配信止められ、最悪連れて行かれるかもしれないというのは変わらなさそうですね。"
よしボン,2025-01-05 11:46:57+00:00,"初期所持得点100点って…ロールプレイングゲームの所持金かいな。

健康ポイント加算はどうしたら
旧態然とした減点方式かいな"
gootu3,2025-01-05 17:20:55+00:00,本家より詳しい解説ありがとうございます
東卓夫,2025-01-05 11:33:17+00:00,"中国批判すると、大幅減点されて、
使用できないとかになるかも？"
J,2025-01-05 13:02:28+00:00,中国批判は一発免停、もしくは現実に死刑ですね。
Ayhan Tarakcı,2025-01-05 16:09:58+00:00,Tiktok’ta bilimsel içerikli video yayınlamak yasakmış! Sanırım hesabımı üçüncü kez kapatılcak
Ayhan Tarakcı,2025-01-05 16:22:49+00:00,Az önce itirazım kabul edildi ve video yeniden yüklendi. Ama aldığım uyarılar yüzünden öne çıkarılmayacak :)
DeltaSays,2025-01-05 16:46:24+00:00,"Hocam iyice sapıttı bu sayfalar, slime yapalım diyorum"
Davulcu HEGG,2025-01-05 16:13:56+00:00,Şundan yaşanmış xd
Çağdaş Deni,2025-01-05 17:32:08+00:00,"Kabahat sizde hocam, şu tarz bir şey yapmalıydınız.."
Ulaş,2025-01-05 16:12:03+00:00,Abi meme açmazsan olmaz. Otur 0
Fatih Erast,2025-01-05 16:12:26+00:00,Düzgün içerik Tiktokun fıtratına ters hocam.
Volkan,2025-01-05 16:11:53+00:00,bilim bizi bozar.
forbidden,2025-01-05 16:14:42+00:00,"Tik tok ve bilim...
Sende kaşınmışsın"
Sinan Akgül,2025-01-05 16:14:21+00:00,Adamların kendince iyi kötü bir ortamı var bunu niye bozuyorsunuz Ayhan hocam adamlar haklı
Emre Göktaş,2025-01-05 16:14:55+00:00,Abi tiktoka girmesen?
mezarına tüküreceğim,2025-01-05 16:20:05+00:00,Keşke bir şarkı da ağzını oynatıp saçma sapan dans etseydin
CemK55,2025-01-05 16:22:17+00:00,Tiktok’u amacı dışında kullanmak yasak
Boykotçu Agni,2025-01-05 16:22:18+00:00,Reyiz bir sefer de meme açarak dene
oğuz,2025-01-05 16:23:40+00:00,meme açsanız ban yemezdiniz hocam
Levent CETINDISLI,2025-01-05 16:26:59+00:00,Donla çık anlat
morgoth,2025-01-05 16:29:20+00:00,Bu uygulama düşük iqlular için diyorlar resmen :d
Yol Budur,2025-01-05 16:48:09+00:00,Tiktokta yayın yapanın ciddiyeti şüphelidir.
Gerence,2025-01-05 17:11:21+00:00,Cahiliye döneminde bilim de neymiş.
Inevitable changeX,2025-01-05 17:27:37+00:00,degen bilim sevmez
Mehmet Karagözoğlu,2025-01-05 17:30:59+00:00,Maraba televolee uyg.masi
XP,2025-01-05 17:34:55+00:00,Ne istiyorlar anlamadım ki...illa uzaydaki kara deliğin çekim kuvvetini soyunarakmi anlatalim
utku 55.,2025-01-05 18:20:48+00:00,nude yayını olsa yasaklamazdi :)
Neter,2025-01-05 18:56:05+00:00,"Biraz bacak , dekolte filan göster..."
RobertoSantos,2025-01-05 19:20:36+00:00,Hocam ne gerek var zaten YouTube a bol bol short atın çok keyifli oluyor konudan konuya atlamak
Efe_Zeybek,2025-01-05 19:26:10+00:00,"Ooo tam günümüze layık, bilim out-cehalet in"
alpayaydin,2025-01-05 19:37:31+00:00,"zikzok, abidik-kubidik şeylerden hoşlanır."
Sen nediyonsen,2025-01-05 19:41:04+00:00,Orası düşünemeyen ve beyinsizler bölgesi. Çok normal. Bunda şaşıracak bir şey yok.
Güven Kızıldaş,2025-01-05 20:03:16+00:00,
Bekir Kaan ÜREY,2025-01-06 08:07:25+00:00,Öyle bir uygulama var mı yeni duyuyorum.
SAB,2025-01-06 15:16:09+00:00,Oğlum tiktok Çin malı onlar gençlerin bilim tarih vs. İçerikli video görmesini istemiyorlar. Aydın medeni genç istemiyorlar. Nerede apuk supuk videolar var onları izlesinler.
alsaaz,2025-01-06 16:09:36+00:00,"Ağabey, millet o platform için boşuna siksok demiyor."
Ayhan Tarakcı,2025-01-05 16:12:54+00:00,Galiba doğru
Ali Heisenberg,2025-01-05 19:37:47+00:00,O sırada YouTube'un kalite
erkan arslan &,2025-01-06 15:31:07+00:00,Hocam X kendini pazarlayan yada müstehcen video paylasanlarla doluyken sizin videoları yasaklamaklarıda tam bi ironi yani
Tom Fitton,2025-01-01 02:19:09+00:00,".
@libsoftiktok
 Suspended from Facebook for Violating 'Community Standards' — Account Quickly Restored After Backlash https://thegatewaypundit.com/2023/12/libs-tiktok-suspended-facebook-violating-community-standards-account/… #gatewaypundit via 
@gatewaypundit"
TurningNews,2025-01-01 02:20:14+00:00,Facebook is becoming the worst part of social media.
Truthmaker,2025-01-01 02:20:33+00:00,"Gee, just another example of their belief in free speech"
Robert J. Thomas,2025-01-01 02:21:14+00:00,Nice.
RealRickSteele1950,2025-01-01 03:06:06+00:00,Facebook! What’s that?
Steve Freudenburg,2025-01-01 02:27:40+00:00,Buy a few shares of X. Your protest.
touchie,2025-01-01 03:25:39+00:00,"The diverse Facebook ""community enforcement"" department:"
Truthmaker,2025-01-01 02:23:54+00:00,"So it's ok for the looney left to post them, but it is wrong for libsoftiktok to repost them?

Got it. NOT"
Mz Nunyabizness,2025-01-01 02:27:49+00:00,"Fakebook “community standards” are totally run by whoever in the FBI is assigned to monitor your posts. I share X links, and I am repeatedly hit with cyber security violations. They say I’m trying to get fake likes? Zuck is a cuck is an understatement."
Proud American,2025-01-01 02:43:34+00:00,It’s starting again
South Dakotans for Political Integrity,2025-01-01 03:03:27+00:00,"Here is Trump pressuring one man, the VP of the United States, to unilaterally determine an election, despite the counts, recounts, audits, 62 court decisions, and the actual legal electors.

That’s not American."
TracyRose1990,2025-01-01 05:01:45+00:00,She was reinstated hours ago.
Rooster Cogburn,2025-01-01 23:03:16+00:00,
Chuck Hersey,2025-01-01 02:21:35+00:00,What were they suspended for in the first place? Retweet that all over the place. It obviously offended some snow flake ands repeating.
墓碑科技,2025-01-01 02:21:22+00:00,"It's inspiring to witness the determination of Mr. Guo Wengui as he fearlessly stands against the oppressive regime of the Chinese Communist Party. The power of truth and unity will prevail, and the people's voice will triumph over tyranny.  
CCP≠Chinese! CCP≠China!"
"I'm not a smart man, but...",2025-01-01 02:22:00+00:00,"Rules for thee but not for me?

Everyone, regardless of political preferences, follows rules.

That is what makes America great."
Daddy,2025-01-02 00:12:20+00:00,I guess the AI computer that bands conservatives needs to be removed
C Ellison,2025-01-01 02:24:04+00:00,"Tell me more about censorship...
#censorship #censored"
JERZ0,2025-01-01 02:33:36+00:00,they found out that she supports Israel
crazyeddie,2025-01-01 03:12:02+00:00,Wonder what would happen if they investigated these sexual deviates
Shakespeak,2025-01-01 14:35:01+00:00,"Renewal in the New Year can find no greater voice than Shakespeare's. In this sonnet, two separated lovers know they will be reunited. 

And we patriots, lovers of our stricken nation, can with these words reflect on a renewal of our republic:

""Sweet love, renew thy force; be it"
Dawn S,2025-01-01 20:06:16+00:00,i use FB only for the marketplace. does anyone know what other medium that can join communities to sell home business goods?
Wake up Wokee Dopes,2025-01-01 22:50:06+00:00,just another MAGA troll site like Tom Fitton
Emnl,2025-01-04 22:53:36+00:00,"quantas contas tem em cada mídia social: twitter: 4 (sem contar as desativadas/suspensas
discord: 2 (sem contar a suspensa)  
instagram: 0 (ban)
facebook: 0 (ban)
snapchat: 0 
tiktok: 1 
twitch: 1
steam: 2
youtube: 2 
epic acc: 0  
tumblr: 0  
spotify: 
pinterest: 1 
reddit: 3"
Yekvücut,2025-01-05 06:32:19+00:00,"ABD’li TikTok yayıncısı, Filistin'e destek olduğu için TikTok'un yaptığı sansürü böyle anlattı

""TikTok, Filistin hakkın da bazı konularda konuşmamam için beni filtreledi.""

""Ben de işaret dili ile Filistin’i konuşmaya devam edeceğim."""
DOAM,2025-01-05 18:39:21+00:00,"#HIJAB BANNED!

An #Uyghur #Muslim woman removes her Hijab as soon she realises she is being filmed by a Chinese Han.

Hijab is banned East Turkestan. If caught, they'll be sent to concentration camps for 'deradicalisation'.

#Islam #China #UyghurGenocide"
C2wet 333,2025-01-05 23:56:47+00:00,This is our next task. May Allah make it easy to provide justice for Muslims/Muslim women who are being oppressed throughout the world.
Ryan Morgan,2025-01-05 20:32:39+00:00,What a bizarre world we live in. A person can't cover their head? What the fuck?
Hawariah Marsah,2025-01-06 01:34:53+00:00,Semoga Allah menghancurkan musuh-Nya.
Dr_Dang,2025-01-06 03:57:03+00:00,Chinese know how to handle the cult.
Mike,2025-01-06 00:23:56+00:00,Wow
leader65,2025-01-06 03:30:16+00:00,Absolutely shameless
john,2025-01-06 03:38:37+00:00,Ban this ideology
zpfzyboogmppsz,2025-01-07 05:11:49+00:00,"chinese do much worse than media exposed,the media just expose a little bit evil of china,because the china have the internet block so information can't spread out to international internet even spread out most was write by uyghur and mandarin not english http://justpaste.it/3wxmq"
Sùñ Ñý,2025-01-05 19:19:26+00:00,This is not true China is not doing anything to against uyghur muslim this is cia mossad or Indian propaganda
吃吃吃不胖,2025-01-05 20:55:55+00:00,"Didn't you hear anyone laugh? No one can believe a tweet like that. The Chinese people of all ethnic groups are living a good life and do not need your concern. By the way, I'm also an ethnic minority, Miao. Believe it or not"
Make it Stop - Liberty and Justice for All,2025-01-02 15:18:34+00:00,"Brazil gets it. The law came down swiftly on a former President for spreading election lies. They BANNED him. See, it’s not hard. 
#TrumpIsATraitorAndCriminal #Insurrectionist #Trump"
Rachel yonush,2025-01-02 15:42:43+00:00,"They did it right, but our Supreme Court Judges on the Right, with the lowest approval ratings ever, are they going by the Constitution or making excuses of what it means, or kicking the can to the Republican led Congress. This Supreme Court should do their jobs they're paid for"
Kirith Rei,2025-01-03 18:16:54+00:00,what is this nonsense
Valerie,2025-01-03 18:27:49+00:00,Isn’t he in FL?
Social Media Law,2025-01-04 20:24:27+00:00,Privacy Tip #384 – Montana Appeals Order Blocking Ban of TikTok
Instablog9ja,2025-01-03 19:03:51+00:00,"Ban sports b£tting apps to stabilise the Naira, improve economy – Reno Omokri tells president Tinubu."
IRUNNIA,2025-01-03 19:07:22+00:00,He no sabi say our politicians dey play bet pass. Abi you think say them no go like double their money too?
E • TRADES ,2025-01-03 19:23:26+00:00,"Betting won’t ruin your Life , GAMBLING will 

Know the difference between them naw"
Head Boy 𝕏 ,2025-01-03 19:04:46+00:00,Reno Omokri white hair has always been for foolishness
𝗗𝗿𝗶𝘇𝘇𝘆 :),2025-01-03 19:05:16+00:00,Una go sha explain to me how my 100 Naira stake on sporty bet dey affect this country.
EMERITUS_,2025-01-03 19:12:07+00:00,Betting will ruin your life. Today is a good day to stop
Benfil,2025-01-03 19:41:05+00:00,Advise from Exile
Sanmi,2025-01-03 19:50:42+00:00,I'm in support of this. Sports betting is ruining our youths.
EMERITUS_,2025-01-03 19:12:32+00:00,You can't become rich through Betting.
YEE,2025-01-03 19:08:22+00:00,Ban Dangote group from investing in Nigeria economy to stabilise Naira and improve Nigeria economy.
DON JOSSY,2025-01-03 19:08:45+00:00,Belike he loose big money for betting na make am dey papper
Guardian Angel ∆ ( VANESSA ),2025-01-03 19:13:51+00:00,Lol how betting take affect naira? Mental disorders
Akpan Uchenna,2025-01-03 19:18:39+00:00,How???
kingofficialjosh,2025-01-03 19:04:24+00:00,See this one ohh
OmoAuntyNurse,2025-01-03 19:04:26+00:00,Make him come ban am by himself na
P.O.N.A,2025-01-03 19:04:37+00:00,"Interesting, let’s see how this plays out"
OsborneX,2025-01-03 19:04:40+00:00,Just wants to be noticed
Sunday mayowa (RCHP.),2025-01-03 19:05:21+00:00,Na so!
Hanzo,2025-01-03 19:06:06+00:00,I ain't even reading all that.
John Iyanu,2025-01-03 19:07:54+00:00,"Okay, please imagine Reno Omokri as president. Especially as a military president"
offixial~Djstikz,2025-01-03 19:09:40+00:00,Misplaced priorities..
MAGIC PUNTER,2025-01-03 19:09:51+00:00,If i give you game wey go boom . You go change your statement
iam_s.o.j,2025-01-03 19:16:25+00:00,Oloburuku ni Reno walai...if no be sport betting I for don become something else.
Kelvin nipi,2025-01-03 19:19:27+00:00,Does this man know how much the Nigerian government make from this betting company or are they in your country for free?
UNRULY,2025-01-03 19:26:42+00:00,Make them dey play.. some people means of living
ὛὋȖȒҒαVṂȖҬȖαĿ➻𒍜➻,2025-01-03 19:29:14+00:00,If Una barn am for Nigeria we go use VPN dey play am
Oladele77,2025-01-03 19:42:44+00:00,Dey play oo
Emmy D,2025-01-03 19:50:32+00:00,"Comot food from our Mouth,  Reno Omokri urges Tinubu"
Oluwatobi Akande,2025-01-04 09:39:32+00:00,Lol  betting and Naira how naa
Adu oluwadunsin,2025-01-03 19:04:06+00:00,Make he Dey play
Samolyte,2025-01-03 19:09:56+00:00,Tinubu first-class accountant ke.... From which institution he get get one
Coded Witch,2025-01-03 19:29:27+00:00,Mtcheéew
UNRULY,2025-01-03 20:08:33+00:00,"Kenyan, Ghana and some other country charge  tax from sports betting winning, that’s the only thing the government can do, you see that ban, it will never work, the protest go pass end sars!"
FJ,2025-01-03 20:20:48+00:00,Maybe him ticket cut
Adekunle_G. (),2025-01-03 22:28:34+00:00,Nigerian government should create a betting site instead so as to stabilize their economy
Akachukwu,2025-01-03 22:59:06+00:00,This one go always dae advice like say him papa fit fix this country problem if them leave am …nonsense!
Same akin,2025-01-03 23:24:14+00:00,Ehhh d thing wey we dy use flex
Same akin,2025-01-03 23:24:48+00:00,How is betting affecting naira
ENGINE TIMI,2025-01-03 23:27:40+00:00,"@renoomokri
 so that man in Abuja is a “first-class accountant”? O ti fa nkan to ju brain e lo ogbeni."
™GMMB𓃵,2025-01-03 23:36:03+00:00,"@renoomokri
  I don vote for the year I hear say Atiku wan run again for 2027 no worri wait for am"
ScoreboardScoop,2025-01-03 19:04:16+00:00,Make tinubu no gree for am
OsborneX,2025-01-03 19:04:20+00:00,I don't support this
Thynee Omo West,2025-01-03 19:04:26+00:00,Onikure
bHillZ ✞,2025-01-03 19:04:39+00:00,Ment or malaria??
OMO IYA AYO,2025-01-03 19:04:51+00:00,Watin we do una na una money we dey use bet ?
OsborneX,2025-01-03 19:04:59+00:00,The government knows what to do.
Oppyz,2025-01-03 19:04:59+00:00,E be like ogun won kee reno abi
Emmanettoh,2025-01-03 19:05:23+00:00,Who him be sef
Excellent miracle,2025-01-03 19:05:34+00:00,"Do he think it the problem 
He isn't serious"
Jaragist,2025-01-03 19:06:08+00:00,If u no get anything to talk just quite
Big A.Y,2025-01-03 19:48:42+00:00,Them go explain tired.....No evidence
Osa’s Z,2025-01-03 19:48:43+00:00,This guy na just big fool
Encore05,2025-01-03 19:49:00+00:00,First class acccountant
T.K.I.T.N,2025-01-03 19:49:02+00:00,Na Ogun go kee reno papa
Big A.Y,2025-01-03 19:49:48+00:00,How betting dey affect economy.......e be like say Nigeria self dey at stake
M-I-C-A-H,2025-01-03 19:53:30+00:00,Casino nko?
Ada_LIES_DON_SPOIL_YOUR_LIFE,2025-01-03 19:58:10+00:00,"15$ daily una

An average Nigerian hasn’t seen 15$ weekly for the past 2decades"
Adu Purity,2025-01-03 19:59:23+00:00,"Be like this Reno no know watin him dey talk..abi him take drugs...
Just dey talk yeye words for air"
YHWY is,2025-01-03 19:59:48+00:00,This one still dey find appointment
The ỌKWỤLỤỌKAA™ II,2025-01-03 19:59:58+00:00,No minister for you.. Sorry
OYEBODE'S REAL ESTATE,2025-01-03 19:46:43+00:00,Not thatttttttttttttt easy
legend,2025-01-03 19:47:38+00:00,Lol
N D,2025-01-03 19:48:12+00:00,"This Reno is just an empty coconut head, a clout chaser, jobless  foolish idiot"
Kruise Kontrol,2025-01-03 20:01:27+00:00,"@Ekitipikin
 @jujupunter
 @Mrbankstips
 @Davidbanksz
 Una done see this one ?"
Onochie,2025-01-03 20:01:30+00:00,My issue is why are blogs making him relevant? Why are all the blogs posting it. ?
Ceo Karex Trade,2025-01-03 20:06:48+00:00,"Is their life, don't pity them"
Tori nat,2025-01-03 20:07:31+00:00,Person go jus come online come fool himself
Olaoluwa,2025-01-03 20:08:03+00:00,Where did I keep my oraimo cord sev
Tha Crown,2025-01-03 20:09:22+00:00,"If I should agree with him now, my guys go talk say I dey crase say na because say I no dey  play bet  but I agree"
Lost_Soul,2025-01-03 20:12:48+00:00,Did this guy even stay and think what $1bn is Abi he thought it was Naira
Creed,2025-01-03 19:06:14+00:00,Sporty Dey affect naira stability?
ỊGBO AMAKA,2025-01-03 19:06:17+00:00,Anuofia
Knockoutken,2025-01-03 19:06:58+00:00,"What you should be pushing for is tighter regulation, you this man…."
Mrharmless,2025-01-03 19:07:08+00:00,"@renoomokri
 na goat you be. Fool"
sincerely hibeekay,2025-01-03 19:07:10+00:00,Na everyway to make people reteched dem dey find
TOPBOY • ᴗ •,2025-01-03 19:07:36+00:00,@Ekitipikin
ĵùðə,2025-01-03 19:09:20+00:00,This man is dumb asf.  Space too much for hin head . Can't believe someone can get to this stage of his life and spew trash every single time he opens his mouth .
offixial~Djstikz,2025-01-03 19:10:10+00:00,Abeg plaster for this code https://x.com/offixialdjstikz/status/1742551648147247590?t=7U56jLT-HYIGnrrnB3NX7Q&s=19…
DJ GABSON,2025-01-03 19:10:14+00:00,reno dey okay at all?
RT sub,2025-01-03 19:10:30+00:00,But It improves the UK economy.
Gbenupo Cadmus,2025-01-03 23:42:57+00:00,This Reno guy needs to keep shut. So UK and US other countries who have sports betting companies nko? How is it affecting their economy?
BEST IN STEEZE,2025-01-04 00:21:08+00:00,965FCC62 basketball start 1:30
Ahmed,2025-01-04 00:32:55+00:00,Wow
Dadzie,2025-01-04 00:35:26+00:00,Look at this airhead.
fight against indiscipline,2025-01-04 00:39:01+00:00,Rino is high on fake drugs make Tinubu listen to him that’s what they will use against him come 2027 and when did Reno become Tinubu adviser self
Snoopy P,2025-01-04 02:51:53+00:00,Stupid man the one he stole nko while in office & he's enjoying himself outside of the country yeye creature .. are politicians not the biggest looters in d country who carry our scarce Foreign exchange to Europe & america to keep in their banks thereby helping their economy
Chibuzo Anukam,2025-01-04 04:40:41+00:00,That's why no politician is picking you. How does it affect the naira?
Stanfeelings™,2025-01-04 06:45:06+00:00,Wetin this guy d smoke....or he is just seeking for notice?
Aliya Goodman,2025-01-04 07:50:52+00:00,"Una won use Nigeria economy kon put blame on top betting
Una don sick"
Space,2025-01-04 07:56:43+00:00,"Make Nigeria open it own bet app then

Make my boss send una packing
@Ekitipikin"
Bodu,2025-01-03 19:45:44+00:00,Let him advice the UK govt where he resides on banning Sports betting. He can't be advising the FG from his hideout. Let him come back to Naija and do the talking.
𝔾𝕒𝕓𝕣𝕚𝕖𝕝,2025-01-03 19:46:03+00:00,Thank God say I don repent e no go too pain me
Robinhood,2025-01-03 20:13:43+00:00,That man when day think with him yash
richie,2025-01-03 20:13:59+00:00,Werey nii Reno yii se. Na sport betting go stabilize naira?
Isaiah,2025-01-03 20:22:12+00:00,And so? Who has ever beg Reno  money to bet?
Sir P,2025-01-03 20:25:15+00:00,"Person wey get about 2-3 account with sport bet.. anyway na when sport bet chop you, you de hate am"
Ama,2025-01-03 20:26:31+00:00,wait a min are you sure this man went to school because I don't understand how betting is affecting a country economy who is this foolish person.
Matkay_choco,2025-01-03 20:27:18+00:00,"@renoomokri
 Should the FG also ban alcohol because it has end alot of people's life too especially people that drive after driving? You said you shake tables but trust me your brain self dey shake #ENKR"
Nwene,2025-01-03 20:27:37+00:00,Who cut Reno slip?
Oladipupo,2025-01-03 20:30:18+00:00,"@renoomokri
 you be ozuor economic is draining and you think banning bet app will reduce poverty or what mind you your Ewure then said you can’t call a certificate forger your president now you don turn to SSA to APC na why you Dey beat your wife everyday sense no dey at all"
God'spower Ugadu | The Online Business Guy,2025-01-03 19:42:36+00:00,"So na Sports betting dey spoil economy?

Reno omockery"
Francis,2025-01-03 19:43:37+00:00,"What about the politicians spending reckless, what did he say about dem? God punish am"
ADEBANJI,2025-01-03 19:43:47+00:00,Make mayor catch you
Temple of God,2025-01-03 19:44:29+00:00,Mumu guy just trying hard to be Relevant
King Of Deltora,2025-01-03 20:32:15+00:00,"Should we tell him?
Abi make we leave him to cook"
Here for the tribe,2025-01-03 20:32:18+00:00,This is actually a good idea coming from a clown
father of the fatherless,2025-01-03 20:42:47+00:00,Useless people everything is going backward in Nigeria petrol  is running up like Usain bolt it affect d price of everything we are forced to live in agony but there own issue is betting dat is not enforced on anybody if he earns less than 200k monthly sporty won't be his problem
Gozii M0N£yyFace,2025-01-03 20:45:06+00:00,"Reno never trend for a long time,na e welcome back quote be this"
O L U W A S E U N,2025-01-03 20:58:00+00:00,"So the ""average Nigerian"" is spending $15 (>#15000) on gambling daily and the minimum wage is just #30000. Mr table shaker, this is not adding up. 
@renoomokri
 you really fell off."
meganpro engineering and consultancy limited,2025-01-03 20:58:46+00:00,349ED481 100k odd
Adebola feyisayo,2025-01-03 19:40:02+00:00,This people Sha want spoil Nigeria are you sure these people are living in this country or they just watching from afar
god of odds,2025-01-03 19:41:18+00:00,This na good day to get grand audit
morgansean,2025-01-03 19:41:20+00:00,He's so stupid .. they have more betting companies in the UK  and the economy is stable the pound  is doing very
Okilolo Tarilayefa,2025-01-03 19:41:50+00:00,"Me that wan to start betting this new year nkor...e reach my turn una wan change am, I nor go gree for anybody sha"
god of odds,2025-01-03 19:42:18+00:00,Billion is leaving Nigeria the money weh politicians don thief carry am Comot for this country na pass the amount weh you de talk?
Tasco,2025-01-03 21:04:40+00:00,"1st time Reno, 1st time"
Chibuzo Offodile,2025-01-03 21:07:24+00:00,Dumb ass
TisasNg,2025-01-03 21:08:05+00:00,Don't try itt
Footballer hustler,2025-01-03 21:20:12+00:00,Make una wait make i chop my own 50 meters before una ban am o
Victor,2025-01-03 21:26:58+00:00,"the fool wey dey complain say $15 leaving our economy to russia, europe and co, no dey Nigeria.
you no go like come back make you help us strengthen am?"
MATTEO FERRARI,2025-01-03 19:11:16+00:00,Nothing Dey this one head
Big Fellow,2025-01-03 19:11:24+00:00,This Wawa.
EMERITUS_,2025-01-03 19:11:43+00:00,Stop Betting.
Unplugged,2025-01-03 19:11:59+00:00,They need to ban that sh!t
BIG MAC,2025-01-03 19:12:17+00:00,Nigeria youth's it's time to report this Reno acct for Twitter to ban him too... Rubbish
Chiigozie,2025-01-03 19:12:48+00:00,How does my 2 odds affect the economy?
AgriAce,2025-01-03 19:13:23+00:00,Iam relocating.
あ,2025-01-03 19:13:24+00:00,Na ment?
Ololade™,2025-01-03 19:14:03+00:00,What will that change?
fonzyfoss,2025-01-03 19:14:39+00:00,"Join GALA Music's $MUSIC for a musical evolution! This decentralized platform empowers artists and listeners with control, transparency, and better monetization. Explore different roles: https://gala.fan/2G_0RuDZ_ #Gala #Music #Coinstore @GoGalaMusic @coinstoreExc"
Kwara LastBorn II,2025-01-03 19:15:04+00:00,
Vc nation,2025-01-03 19:15:43+00:00,Me wey get vpn
Salami Samuel,2025-01-03 19:16:04+00:00,If the people you dey tell self dey play daily 2 odd
#Authentic,2025-01-03 19:16:14+00:00,"Instead of the F00000l to advice Tinubu on how to provide jobs, security and improve the lives of Nigerians, na sport betting be his problem....

A proper clown"
O’ Emmanuel,2025-01-03 19:16:38+00:00,Wetin concerns the man
Mhidey Whytte,2025-01-03 19:17:01+00:00,It’s like this man want to lost
Emeritus,2025-01-03 19:17:02+00:00,Lol misplaced priorities indeed
Questions,2025-01-03 19:17:28+00:00,"Ban ""youth empowerment""?"
EDIDEM MME NDIDEM,2025-01-03 19:18:14+00:00,"The mumu say average Nigerian is spending $15 per day on bet which is #18000 
That's half of what an average Nigerian earn a month
Average Nigerian spend 300naira on bet per day"
Daddy B,2025-01-03 19:18:45+00:00,E be like baba don losse wella
decent chigozie,2025-01-03 21:32:43+00:00,Hope of common man
Oscar,2025-01-03 21:42:23+00:00,Soon you are Tinubu will ran out of ideas of lies.  We are gradually getting to that point.
CHESCO,2025-01-03 21:45:14+00:00,"I support you 100% ,but  when advising the president also advise him to create jobs cause I see where you said he should revoke the licenses of physical sports betting so when he does that , what should those ones do and how will they feed their families?."
Victor Of Onitsha,2025-01-03 21:45:46+00:00,"He writes from exile...

Come back home fess"
CHESCO,2025-01-03 21:52:23+00:00,We are so quick to destroying something without creating another alternative in this country. This betting you said he should ban is a welcome idea but also advise him on the sector to invest in that we can export outside too to help the Naira too no be to dey ban ban up and down
Rockylite,2025-01-03 21:58:53+00:00,Ban sports betting and let the youths concentrate on the jobs the govt hv provided for them...animal's advice from adviser emeritus!!
Abuh~Levi,2025-01-03 22:04:35+00:00,This one go just open this him gutter mouth wa the spit nonsense  shaey na gambling make Nigeria dae like this
Francis,2025-01-03 22:16:58+00:00,He knows nothing compare to economy growth cos sports betting has nothing to do with stabilization of the Naira but the provision and implementation of good economic stimulus
Omolaye Samson,2025-01-03 22:20:07+00:00,Make una help me tell am say I say e dey craze...cause the werey don block me
Bjorn-Ironsid,2025-01-03 22:30:24+00:00,Na btc them get power reach. BAT will never ban betting. Never!
Christian Ekoja Gabriel,2025-01-03 19:18:56+00:00,This man must be high on weed
benny,2025-01-03 19:19:03+00:00,Did he pay una to post am? Mumu dey outside country dey form intelligent
Vc nation,2025-01-03 19:19:13+00:00,Be like sportybet don really show Reno Omokri shage
@Afobajeh_of_lagos,2025-01-03 19:19:31+00:00,Abi sportybet don show him strong thing nii?
King Adown,2025-01-03 19:19:50+00:00,Sportybet wan kill am
Maestro | Toyin,2025-01-03 19:22:37+00:00,Oloshi! Dey give us money nah
Mudi bankz,2025-01-03 19:23:15+00:00,"@renoomokri
 Nigeria done ever better before??

Since dey born u?

100 naira bet pain."
Biinaire,2025-01-03 19:23:29+00:00,He no go better for this stupid man how I wan take dhe chop if rhem ban ham
MR BOOM,2025-01-03 19:23:55+00:00,Them don chop werey 2 odds for Stake. Stake na your mate?
Emeka De Punter,2025-01-03 19:23:58+00:00,Who is he to tell Tinubu what to do
Black Bishop Acosta,2025-01-04 08:08:47+00:00,This man needs mental health attention I swear
Black Bishop Acosta,2025-01-04 08:11:21+00:00,"They ban Twitter & became more hotter, same thing will happen on bet.
U can't control d internet"
Fatai.,2025-01-04 11:43:23+00:00,"@renoomokri
 how many peoples for street una don feed today?
How many peoples una don dash or establish today?
Before you open that your yeye mouth dey talk rubbish, remember these peoples are not borrowing or collecting from you.
#IreOo"
Thompson Crusader,2025-01-04 16:20:01+00:00,For all the numerous problems that is affecting us as a nation….how can you leave the sickness to talk about it symptoms
Omoighe Justice,2025-01-04 16:37:56+00:00,"The average nigerian doesn't make enough to spend $15 daily.
I've never seen anything new (leaders,law,policy) that is not worse than the old one, yall just keep making life harder. I don't bet but this nonsense is annoying,"
Maestro Jay,2025-01-03 19:16:42+00:00,"From 
@ruffydfire
 and his friends being accused of being instrumental to the rise of dollar to betting apps now. Who/What's next to blame?

Never ending blame games. However anybody wants to spin it, the buck stops with Bola.

Let's be wise!"
Ezekwesiri,2025-01-03 19:07:37+00:00,"@Ekitipikin
 @TheFtXMaestro
 @Mrbankstips
 @mrbayoa1
 @jujupunter
 @_spiriituaL
 @LouieDi13
 @BETFUSE1
 @RealSuzzane
 @_kennyblaze1391
 say a word of prayer for Reno"
Goody.sign,2025-01-03 20:08:04+00:00,I support this
Ebuka,2025-01-03 19:37:07+00:00,"Sports betting has helped so many lives, don't even think about 
@renoomokri"
Oreoluwa13,2025-01-03 19:39:10+00:00,Reno omokomo go just hold phone type dust
Sidking၊||၊ DeSpeed ၊||၊,2025-01-03 23:21:23+00:00,Mr Bayo right now
Kevin Alan (The Geek),2025-01-04 22:04:16+00:00,"If there was ever a reason to ban TikTok, this is it. #freethecleavage"
Nick,2025-01-05 11:29:45+00:00,#freethecleavage
RoaringPepe,2025-01-05 21:41:39+00:00,thats china for ya
Ian Miles Cheong,2025-01-01 01:11:40+00:00,"COVID is the one topic you’re not allowed to talk about on either Facebook, TikTok or YouTube without risking the wrath of the ban hammer. Isn’t it strange how loyal they are to the narrative that lockdowns were good and that the boosters work?"
Burt Macklin,2025-01-01 07:07:34+00:00,"Giving everything we know now, all of those platforms should remove restrictions."
New Glory,2025-01-01 07:09:54+00:00,Those groups are controlled by the government. It's the MSM of social media.
Joe,2025-01-01 07:39:50+00:00,"Oh yes, it's definitely a grand conspiracy to suppress the truth about COVID. It's not like social media platforms have terms of service and community guidelines that prohibit the spread of misinformation and harmful content, or anything. 

And it's definitely not like they're"
Albert Latham,2025-01-01 07:12:33+00:00,"They are bitter clingers.
Clinging to their jabs, their masks, and their narrative."
Nugget,2025-01-01 07:38:30+00:00,"Along came a man, not just any man, who knew to get rich so he can buy a gift for all us thought criminals to say whatever the hell we want to say. 

That man is a legend"
Daddy Bear,2025-01-01 08:05:36+00:00,They didn't achieve their goals of mandates and passports. And I dont think they're done trying.
Blkferret,2025-01-01 08:19:27+00:00,"Makes you wonder why they won't let go of that lie.

Are they going to shake it off and fool the public again."
major_Chris,2025-01-01 07:07:05+00:00,Interesting
major_Chris,2025-01-01 07:07:12+00:00,Okay ooo
major_Chris,2025-01-01 07:07:28+00:00,Hmmmm
AnyLightisGood,2025-01-01 07:08:39+00:00,Surely you are speaking of before Elon bought it. Aren't you?
Ezekiel Kehinde,2025-01-01 07:10:35+00:00,
SCW,2025-01-01 07:12:33+00:00,"When you're locked down you are more likely to use Facebook, TikTok and YouTube and those three organizations will do anything to keep it that way."
L'America,2025-01-01 07:18:22+00:00,Its a bizarre engineered virus by our own government. Which kills in a selective manner.
Abubakar Tajudeen Tunde,2025-01-01 07:19:21+00:00,"We are at the mercies of sponsors of hypocrisy theory: if you are trap through tax payment, it can be under the guise of enrollment into schools , travel agencies and lots more. All because of either economic gains or tactical reductions of  alleged ""over bloated""  population."
Savage League Official,2025-01-01 07:26:10+00:00,That is strange. It's important to be able to have open and honest conversations about the pandemic.
You can argue but you're wrong.,2025-01-01 08:06:56+00:00,"Vaccinations are a personal thing, not a group hug."
Two Left Feet,2025-01-01 09:12:50+00:00,Well the lockdowns worked in my country
KevinGoogNews ����,2025-01-01 09:58:36+00:00,You can talk about covid now on utube.
boom roasted™,2025-01-01 07:20:43+00:00,"You’ll have better luck getting Trump to admit 2020 was legit than you will a Shitlib to admit lockdowns, masking and vaccines were 100% good and not at all politically motivated."
Paula,2025-01-01 07:28:41+00:00,Diehard Trumpsters gives their dear leader a total pass on covid. This proves it’s a cult. Facts don’t matter to cultists. Fact: the jab he takes credit for didn’t save lives; it has killed people. He threw away his presidency over covid. He doesn’t deserve another chance.
Jenamcal,2025-01-01 07:56:14+00:00,Because big pharmaceutical corps pay big bucks to social media and msm. It’s all about the $$$.
Vera Dell,2025-01-01 21:43:26+00:00,"Eacause unlike you, they aren’t trying to low key kill or gravely sicken people."
𝑴𝑨𝑮𝑨 𝑴𝒆𝒈𝒉𝒂𝒏,2025-01-02 15:05:07+00:00,"At least TikTok doesn't shadow ban me...well, not all the time like X does. 

 I'm in the creator program over there so at least I can get paid on at least one platform."
Terry Gregory,2025-01-02 15:06:24+00:00,Of course they don’t. The Chinese Commies want to get all the info they can from you
𝑴𝑨𝑮𝑨 𝑴𝒆𝒈𝒉𝒂𝒏,2025-01-02 15:07:57+00:00,I don't qualify for the ad program here because once Linda took over as CEO I went from 12M impressions to 2M impressions so I signed up over there.
Rose,2025-01-02 15:09:23+00:00,Good for you.
𝑴𝑨𝑮𝑨 𝑴𝒆𝒈𝒉𝒂𝒏,2025-01-02 15:13:10+00:00,Hilarious video. This is the one I posted last week. I made part two after so many requested one.
Denny Green,2025-01-02 15:12:14+00:00,
Baroness von MAGA- The Golden Age,2025-01-03 10:18:17+00:00,Every state should introduce a measure to ban TikTok. Can’t trust the federal government to do what’s right and protect us.
Erik Voorhees,2025-01-04 14:09:22+00:00,2021 is when China banned #bitcoin just sayin
Man Fred,2025-01-05 04:19:49+00:00,"Damn, yes"
Mark Green,2025-01-05 13:10:18+00:00,The key question is how will US bring back 32T $ of national debt?
CPA Practice Advisor,2025-01-03 22:39:00+00:00,"TikTok Ban Not Fully Enforced at the IRS, Report Finds- Hundreds of IRS-CI employees still had access to TikTok months after the app was banned from all government devices, TIGTA said.-"
Social Media Law,2025-01-04 20:34:28+00:00,Privacy Tip #384 – Montana Appeals Order Blocking Ban of TikTok https://jdsupra.com/legalnews/privacy-tip-384-montana-appeals-order-7853874/… #mobile
Robert J Salvador,2025-01-03 15:11:06+00:00,"Remember how 
@NikkiHaley
 wants you to register on the internet so no one has privacy?

This video below is where that ends up, 
as a social credit score. 

DeSantis already banned these type of evil tools in Florida."
DumpTrump,2025-01-03 18:13:52+00:00,"This is the Globalists plan for us.

Learn to recognize the globalists! 

To start....their money controls the Establishment/Neo-con faction of the GOP.

#withDeSantis"
Robert J Salvador,2025-01-03 18:15:33+00:00,"Great endorsement 
@ChrisSununu
 !!"
Ironhead841,2025-01-03 19:56:00+00:00,"Hard pass for me, you can just go ahead and write that down k?"
Donkey Irritant,2025-01-03 20:14:59+00:00,Another really bad day in DeSantisland.
Truthful_guysGal,2025-01-03 22:32:42+00:00,"You can’t run, hide, work, or buy food when the government determines your social credit score is too low!"
Impartial Observer,2025-01-03 19:33:35+00:00,"Yet she's still crushing DeSantis in New Hampshire and tied in Iowa,   Damn, DeSantis must really suck 'eh?"
Liz Sanchez,2025-01-03 21:20:29+00:00,He's also done all of this.
Frank,2025-01-03 21:45:38+00:00,#Trump2024
shoe maven,2025-01-04 03:41:34+00:00,Running over the 100000 COVID deaths you caused is not a good look
Vince Breen,2025-01-03 18:47:36+00:00,"@NikkiHaley
 was only born in US in 1974 by none US citizens
Her parents did not become citizens until 1978 & 2008
This makes her #INELIGIBLE  for president of the United States"
tag,2025-01-03 22:33:14+00:00,trump stole classified documents
Quid Est Veritas Erich Miller,2025-01-04 14:14:01+00:00,"In China, compliance to the absurdity is the point."
Abu Zayan Awan,2025-01-02 20:54:44+00:00,"پنجابی سنگر طیب عرف تیجا نے کچھ مہینے پہلے "" دبئی "" نامی گانا جاری کیا تھا اور دبئی حکومت نے اُس کی انٹری بین کر دی تھی۔
اب بھائی نے "" Ban "" گانا ریلیز کیا ہے، دیکھو اسٹیبلشمنٹ اس گلوکار کو کب غائب کرتی ہے۔
مجھے تو سدھو موسے والا کی vibes آ رہی ہیں۔ آپ کو کیسا لگا یہ گانا؟
#SidhuMooseWala #Teja #Ban"
★彡 مـــســافـــر彡★,2025-01-02 21:00:40+00:00,"کمال 

اللہ کرے بچ ہی جائے بس"
ASSI 93800,2025-01-02 21:57:03+00:00,"سوہنا گایا اے جوان نیں 
سدھو موسے والے دی کاپی ہی سمجھو ویر جی"
Hanan-CH,2025-01-03 10:44:33+00:00,From shakrghar
Voice Of Youth,2025-01-03 18:24:01+00:00,نہُ کاکا نہ موسے والا اور شئے بلیے۔ اس کی بھی کوشش اچھی ہے۔
SSK*Rebelⁱᴾⁱᵃⁿ,2025-01-03 20:30:55+00:00,Praying for his safety
Eshaa,2025-01-04 05:24:01+00:00,سچ بولنے والے کی اس ملک میں کوئی جگہ نہیں اللہ اس کی حفاظت کرے آمین
MK@PK,2025-01-03 20:45:01+00:00,"ایدا نئیں بننی گل ایندا دی وی پین کڈ لو 
ایناں دی وی بنڈ 
بین کر دو  ۔۔۔۔۔۔۔"
polly,2025-01-05 22:40:45+00:00,im literally gonna burn their stuff because i didnt got paid yet? j cuz they have money doesn’t mean i do
polly,2025-01-05 22:42:16+00:00,im gonna use my lighter and burn their stuff
Louis-Vincent Gave,2025-01-05 23:38:15+00:00,"Yes! I agree. Let’s blame tiktok for all our ills and give a pass to our rotten educational systems, corrupt media and general lack of parenting. Perhaps we can ban Tiktok too and further restrict free speech? And then after we get done with TikTok, maybe we can go after Twitter? Or should our fearless leaders ban both at the same time?"
Kuppy,2025-01-06 08:31:46+00:00,Not advocating banning anything. Just believe that consumers should know when they’re being fed propaganda…
Louis-Vincent Gave,2025-01-06 15:13:27+00:00,"Hey bud
I know YOU don’t believe in banning TikTok but it does feel to me (and I may well be wrong) that blaming TikTok (and from there arguing for a ban) is the ´latest thing ´. And although that can’t be proven, I am pretty convinced that we (as a society) would be just as dumb"
Hector Yague,2025-01-05 23:59:26+00:00,"I am 
@gave_vincent
 on this one: it is about being congruent and accept responsability for our own stupidity. TikTok didnt make us go full retard into wokeism. It was our culture of entitlement, poor political leadership and uneducated voters. TikTok is just an app, we f*cked up."
Louis-Vincent Gave,2025-01-06 00:44:27+00:00,"What I find fascinating is that we know that:
- Hollywood has been, and remains, the most important driving force in shaping global culture.
- Over the past decade until about four or five years ago (when TikTok emerged), every single major social network and every major software"
BitcoinT.I.N.A.-- There Is No Alternative,2025-01-06 00:47:40+00:00,The educational system has been controlled by Marxists for decades.
jah.ai,2025-01-05 23:40:42+00:00,Not mutually exclusive. Still need to ban tiktok
Metanalysis,2025-01-06 15:29:26+00:00,"As much as I love your response Louis (as well as others who have made similar points), one entity seems always left out, the individual.  These are (usually) legal adults we’re talking about.  Do they not have responsibility, regardless of parenting, education, media, etc.?"
Broadsword,2025-01-06 16:54:32+00:00,I think its a metaphor for China Lou.
uranium investor,2025-01-05 23:48:08+00:00,"TikTok is a chinese spy app there's literally a law in China that says they have to give all user data to the government.

Also since when did 
@hkuppy
 even say to ban them???

I mean he might believe they should be banned but thats not even what he's saying."
LongVol,2025-01-06 00:02:31+00:00,"Certainly part of it - but I tested this a month ago, would encourage anyone to do the same if there’s an interest: if you log on and go to the lives the majority of streams are pro palestine streams where users are paid via tokens - it’s actually impressive how the algo pushed"
Easy Newz,2025-01-06 00:14:45+00:00,Well said…
boz,2025-01-06 09:37:42+00:00,Banning TikTok would be a good start.
Mustansar,2025-01-03 05:34:16+00:00,"India's continuous human rights violations in IIOJK take a darker turn as the Modi-led government bans Tehreek-e-Hurriyat, adding to the list of suppressed voices for Kashmiri freedom."
Mustansar,2025-01-03 05:34:19+00:00,"Banning TeH is just the latest move by BJP to silence pro-freedom voices. The All Parties Hurriyat Conference, JKML, JKLF, and Jamaat-e-Islami are already banned. A systematic attempt to stifle dissent in IIOJK."
Mustansar,2025-01-03 05:34:22+00:00,Amit Shah's blame game against TeH is a diversion from the real issue. Modi's government is using illegal means to crush the peaceful freedom movement in IIOJK. The world must not turn a blind eye.
Mustansar,2025-01-03 05:34:32+00:00,Banning pro-freedom organizations is India's desperate attempt to erase Muslim identity from IIOJK. This illegal move aims to silence the voices of dissent.
Mustansar,2025-01-03 05:34:33+00:00,"Since Aug 5, 2019, India's actions in IIOJK are alarming. Domicile certificates for non-Kashmiris, changes in land laws, redrawn political constituencies – all to alter the demography in violation of international law."
Will,2025-01-02 10:35:27+00:00,"Incredible content has come out of the XL Bully ban, starting with this rap song, more below"
Will,2025-01-02 10:35:30+00:00,Whoever introduced these crowds to AI image generators has done the world an immense disservice
Will,2025-01-02 10:35:44+00:00,"That is a fucking monster of a dog, protect your faces kids"
Will,2025-01-02 10:36:01+00:00,I'm not sure putting giant chains around your BEAST of a dog is making the point you want to make
Will,2025-01-02 10:36:21+00:00,"How do you name your giant BEAST of a dog after a gun, and still argue that they're harmless?"
Will,2025-01-02 11:39:22+00:00,"Late addition, but it's brilliant"
Will,2025-01-02 13:52:45+00:00,"The deeper I go down the rabbit hole, the better it gets. Whose idea was it to hold a XL Bully meetup in a public park, next to a children's playground no less?"
Will,2025-01-02 15:41:10+00:00,What are they hiding Lee?
Will,2025-01-02 19:22:45+00:00,"If you've made it all the way down here, first of all, well done! Second of all, you should check out this 
@pimlico_journal
/
@juice8882
 article on social housing. Very insightful!"
Anton Hofmiller,2025-01-02 11:20:33+00:00,"The Middle England Wigger is a fascinating and criminally understudied phenomenon. 

I want Nimitz, Landshark, Lindyman, SAH to be posting thesis-length ethnological analyses, replete with skull measurements and a glossary of neologisms."
Will,2025-01-02 11:26:19+00:00,"I'd pay a lot of money to watch someone explain 'per capita' to them, watching as they sit in their crushed velvet living room trying to comprehend this"
Jay,2025-01-02 11:37:53+00:00,"Great list, but you must put this banger on there."
Will,2025-01-02 11:39:02+00:00,"I forgot about this one, thank you"
,2025-01-02 13:37:05+00:00,Euthanise them all for this video solely
Libs Hate Us,2025-01-02 15:50:25+00:00,If your dog needs a muzzle then it is a problem.
B,2025-01-02 14:31:48+00:00,"'any dog can be a killer man, the trouble is in the owner'

Yeah i agree, i've never seen a decent person who owned one of these, lock them up too"
TheJollyRedCoat,2025-01-02 11:51:17+00:00,…..the fact that it’s a rap song tells you everything you need to know
Gr_D,2025-01-02 12:23:44+00:00,"They are a problem here in the US as well. A couple weeks back saw a video of police officers/fire workers trying to get to a corpse which had been mauled to death by two pitbulls.

Not an ideal breed to have in an enclosed environment. If you own acres is different."
Yeeter,2025-01-02 11:56:39+00:00,"I’m convinced that if tracksuits went out of sale then most XL Bully owners would freeze to death in a matter of weeks

95% of XL Bully owners I see are the exact people you expect to own one and it’s pretty fucking funny"
Lee Walker,2025-01-02 17:20:38+00:00,"If you asked AI to make a video showing a typical XL owner, it would make this exact video."
Fabio,2025-01-02 11:16:54+00:00,Watching this has actually changed my mind about XL bullies. We need to euthanize the owners as well.
James Lahoud,2025-01-02 13:33:01+00:00,"Most dangerous dogs ever! My friend has 5 from different parents and they are the sweetest, most snuggable dog there is."
Amy8829,2025-01-02 16:13:04+00:00,Can the not muzzle him before he releases a side B
Séamus Mór,2025-01-02 13:17:25+00:00,">white with “multicultural London accent”
Disgusting"
Fans against VAR,2025-01-02 16:07:45+00:00,He looks EXACTLY like I imagine an owner of this breed to look like
Mynameismyname,2025-01-02 16:52:18+00:00,"""any dog could be a killer."" Sir, I have a Coton, unless it trips me going down the stairs I like my chances."
GfB,2025-01-02 12:36:17+00:00,This zoomer's muzzled himself in solidarity with his dug.
GlizzieMcGuire,2025-01-02 13:02:57+00:00,Why do baby thrashers seem to have the highest occurrence of “bad owners”?
Vadim,2025-01-02 13:45:04+00:00,Do these people know that they’re not black?
Natural Law Theonomist,2025-01-02 17:57:34+00:00,#PitBullDropOff
Jane Newman,2025-01-02 19:05:33+00:00,I like this one!
PAWBRIE,2025-01-02 15:04:33+00:00,"@Peter88902568
 *taps foot Y/N?"
AW,2025-01-02 18:10:41+00:00,I hate the pet culture
,2025-01-02 12:57:17+00:00,"Bruv, if someone came up to you now and showed even slight aggression that dog would not hesitate to rip his throat out.  That’s what the dogs been bred for, that’s the genetics of the dog.  It don’t mean cos your 1 year old hugs it that it ain’t a dangerous dog.  It’s a killer."
none of your business,2025-01-02 13:00:02+00:00,It's genetic. They are not suitable to be pets. Now fuck off with you feelings and select a dog breed that doesn't cause conflict. Try a yellow lab. This entire culture needs to die.
UTB,2025-01-02 14:50:19+00:00,"@Watson_SLdn
 @JohnMacQPR
 when is putin going to drop the bomb on us"
𝐣𝐨𝐫𝐝𝐚𝐧,2025-01-02 12:38:37+00:00,"@ReeceGriffin1
 @lzfeed
 @solomontarsey
 @Jacobpoole205"
(((Loretta Smith))),2025-01-02 17:13:19+00:00,"""Any dog can be a killer, man..."""
Fear_the_Beard,2025-01-02 13:07:19+00:00,What in the universal credit?
Simon,2025-01-02 11:54:46+00:00,"Dressed like a Yank, making rubbish Yank music with your rubbish Yank dog. In the sea with you and your mutt."
Tom,2025-01-02 14:43:29+00:00,@SamSWest
Walter White-Pryde,2025-01-02 11:13:32+00:00,"at the end the dog looked at him & said ""did i axe u?"""
Angus Kelly,2025-01-02 12:32:58+00:00,"@harry_purdie
 great thread"
CM,2025-01-02 12:39:52+00:00,@nathanmarkmaggs
Daniel Williams,2025-01-02 12:44:56+00:00,@AJGarber
Scott,2025-01-02 12:49:36+00:00,Should put both of them down. Dog and the owner.
TomV,2025-01-02 12:56:17+00:00,"What's he trying to do, fuck his dog? 

Writing it fucking love songs as if it's not just an expensive piece of property. 

Needs to get a grip the soft cunt"
Ahab,2025-01-02 13:19:10+00:00,I think the part of the brain that makes people buy these dogs is the same part that makes them not cross the street when they see a group of hooded black teenagers coming
"Hew, it’s Berek",2025-01-02 13:23:26+00:00,Is that Wayne Rooney ?
Thor,2025-01-02 13:34:42+00:00,"@BigNonVeganDave
 Shame it's too late for the Christmas #1"
yuñg pooch,2025-01-02 13:49:30+00:00,Why are British folks so soft now y’all scared of a dog ffs
ᴄʜᴀʀʟɪᴇ,2025-01-02 14:02:27+00:00,Why would you want a dog that looks like Dwayne the rock Johnson anyway c
The Tony Monkey,2025-01-02 14:56:13+00:00,i need face Cage!
Nimajneb,2025-01-02 15:11:49+00:00,@coleuen
JS,2025-01-02 15:48:40+00:00,"@leonbell03
 @MThompsonUTM"
RoyaleBxng,2025-01-02 15:59:02+00:00,"He’s singing his little sausage off meanwhile

The dogs standing there thinking “I literally want to sniff that poo over there, can we please move”"
Roundheader,2025-01-02 16:00:10+00:00,"Some of those look like small bears, it's incredible"
.,2025-01-02 16:03:49+00:00,"No joke, I argued with someone on Facebook about this and he compared XL Bully’s to kids with ADHD"
Ponder,2025-01-02 16:40:53+00:00,Ugly dogs icl
Alex Davies,2025-01-02 16:51:26+00:00,"@Jack_Hardy
 @Timm_Arnold"
Adam Sellers,2025-01-02 17:17:07+00:00,Looks like Gimli and an Orc.
Jordie,2025-01-02 17:32:49+00:00,"@varionnn
 you and your ex"
Daniel James,2025-01-02 17:38:56+00:00,What in the Coventry is this?
KG,2025-01-02 17:46:03+00:00,I thought they could apply to be exempted owners?
Chris Nicholls,2025-01-02 17:54:21+00:00,@Akynners - I’m not sure if you’re aware of the XL Bully phase the UK is going through right now?
Marcia,2025-01-02 18:07:13+00:00,Lol the dog looks embarrassed for the guy
Littlelarrysellers,2025-01-02 18:12:06+00:00,Imagine if they put this energy in defending their own women and children
Danny H - AVFC,2025-01-02 18:29:50+00:00,Poor things
𝗮𝗻𝗴𝗲𝗹𝗶𝗮,2025-01-02 18:33:27+00:00,"@B0G4N_N5
 this thread"
Slowpurrrr,2025-01-02 21:04:14+00:00,A Nobel laureate right there.
Josh Nutting,2025-01-02 22:02:22+00:00,@Greavesy92
OFF-SEASON KRAMPUS,2025-01-03 05:21:34+00:00,"With or without the muzzle, my dog and I are still crossing the street so not sure what he’s on about"
Ally Macleod,2025-01-02 12:34:16+00:00,"@Butcherskye11
 will you release a rap song in solidarity?"
K,2025-01-02 12:35:42+00:00,Crackhead
saul,2025-01-02 12:43:24+00:00,@jakepratlett1
Ady,2025-01-02 12:48:43+00:00,"@LaurenceNotNew
 happy new year mate"
Immaculate Constellation,2025-01-02 12:26:28+00:00,Ahahhaaah cringingell
jake.,2025-01-02 12:39:44+00:00,@mburkey87
Lee,2025-01-02 12:55:31+00:00,"@ryanjames8king
 happy new year"
Pakistaniofakkard,2025-01-02 13:03:23+00:00,Fuck those dogs and the culturally bankrupt people who like them
Irish American Attorney,2025-01-02 13:15:01+00:00,Pit bulls need to be erad
RaffaelThePunished,2025-01-02 13:28:52+00:00,"perfectly encapsulates the bully demography, roadman druggies and low lifes, get ridd of them killing machines"
Mathew.C.Mara,2025-01-02 13:37:41+00:00,"I see both sides tbf. Imagine if you were told your dog was violent and had to be put down. Your own dog like. I know dogs like this that I'd trust alone with kids.
At the same time they were bread as killing machines and there's numerous reports of them mauling kids and owners"
Frank Johnson,2025-01-02 13:48:26+00:00,Why the fuck do these mutants speak like that
A senator with strong arms,2025-01-02 13:49:42+00:00,"You're terminally online, aren't you?"
marc blanc,2025-01-02 14:03:51+00:00,That rap makes me want to bring back dog fighting
Nicola Gray,2025-01-02 14:18:26+00:00,@Rach_Koby453
spetsnaz9999xy,2025-01-02 14:18:37+00:00,These things eat babies
Ry's Boxing Ramblings,2025-01-02 14:21:53+00:00,The ban was right. As all the owners seem to be right fucking rockets who shouldn't have a dog.
Dad Bod,2025-01-02 14:22:38+00:00,Haha gay
CH,2025-01-02 14:30:55+00:00,Justin timberlakes cry me a river springs to mind
Darryl,2025-01-02 14:39:06+00:00,@JCA_93
Als Pals,2025-01-02 14:50:22+00:00,
Razzel,2025-01-02 14:51:49+00:00,Dogs are based. XL ones are xtra based
Blederin,2025-01-02 15:15:25+00:00,trainer id?
Benjamin… because thats my name?,2025-01-02 15:27:03+00:00,Nothing more embarrassing than a white man rapping
Arsenal Trader,2025-01-02 16:05:51+00:00,
Tomo,2025-01-02 16:06:44+00:00,This guy is seekah he’s from my town. Lovely guy and lovely dog
lonleyboyxo,2025-01-02 16:19:06+00:00,Love this me they will need 2 take me life b4 they take me bully
Januki,2025-01-02 16:55:40+00:00,The wigger's need put down as well.
Cam James,2025-01-02 16:57:38+00:00,"Why is it only tracksuit wearing, town centre dwelling people that own bullies? I think there is something to be said on that"
Jonno,2025-01-02 17:15:50+00:00,So lovely.
Dan Moore,2025-01-02 17:40:08+00:00,and after watching all that i have 1 question.. why would the dog wearing a simple little mask stop you doing any of those thing?
colonel beauregard sanders.,2025-01-02 17:41:59+00:00,why does the state get to euthanize family pets? this is gross. europeans are so fucked in the head with daddy government stockholm syndrome. miss me with that shit.
Lee,2025-01-02 17:48:43+00:00,Why can’t a white man just speak like a white man…. What’s with this black man sound ffs
Colin Mckiddie,2025-01-02 22:15:12+00:00,"@micmiller100
 poetry"
Some guy,2025-01-02 15:32:15+00:00,No joke the beast has a muzzle on.
Brad,2025-01-02 15:39:37+00:00,"@mitchyboyyy123
 what a thread"
Andy Greene,2025-01-02 15:43:35+00:00,"“Zoomies, running on a beach, hiding in the woods” - literally nothing he says is affected by muzzling. 

(Except kissing his kid. 1- who the fuck is letting dogs kiss their kids & 2- why the fuck is he muzzling the dog at home too if he’s so convinced it’s all good?)"
James kilpatrick,2025-01-02 15:53:46+00:00,It’s a set of ear plugs the poor dog needs. having to listen to that pish.
Alb,2025-01-02 16:00:54+00:00,hahahahah
City Hill Sports,2025-01-02 16:01:04+00:00,"Wouldn’t these folks enjoy a Labrador Retriever more? They should try them instead! Same short hair as Pitbulls, similar size, much less inbred homicidal tendencies…  

I just don’t understand pitbull thing, much better, gentler breeds out there"
Valgoroth,2025-01-02 16:16:40+00:00,God rap music sucks so much
Crypto-nguy,2025-01-02 16:18:46+00:00,Holy shit ahahahahah
Darren McChrystal,2025-01-02 16:33:28+00:00,"He’s done loads of videos on same subject, phenomenal content"
Thom Beard,2025-01-02 16:43:11+00:00,Lyrics by Snoop Doggy Dog ?
Cenobite,2025-01-02 23:30:49+00:00,Why does anyone need a fighting dog the size of a leopard in their house? Crazy
Will,2025-01-02 11:53:02+00:00,"They probably use it as a synonym for strong/formidable, without thinking about the literal definition lol"
Dante Carpdom ۞ 𐐔𐐰𐑌𐐻𐐨 𐐕𐐪𐑉𐐹𐐼𐐬𐑋,2025-01-02 14:24:30+00:00,me and the boys on our way to visit some XL bullies
VIVA NOSFERATU,2025-01-03 00:24:02+00:00,"""I mean any dog can be a killer, man"""
ᗩᖱɢ∈,2025-01-02 15:11:27+00:00,@PoolieP
Benjamin,2025-01-02 15:53:22+00:00,Why do all XL Bully owners look like this?
LeChina James,2025-01-02 16:40:39+00:00,"@DooDahBand
 @TallCiderMan
 @TheBlaylockUK
 @CameronHirst"
Richard Spencer-Grey,2025-01-02 16:49:56+00:00,Ffs lol
Jason Allen,2025-01-02 16:52:25+00:00,You’re making white replacement easy
Jeff,2025-01-02 16:52:37+00:00,Almost thought he wasn’t talking the dog. Close one.
Après le Déluge,2025-01-02 17:01:04+00:00,I can’t…..I simply can’t…….
Charlie Benali,2025-01-02 17:13:59+00:00,They need to put a muzzle on the rapper…
Jacob Olbrechts,2025-01-02 17:17:27+00:00,@xMollieChandler
JJ,2025-01-02 17:17:39+00:00,@BALTHASARLIKER
Lungjam Hatoi,2025-01-02 17:22:23+00:00,How pathetic
Jamie with a J,2025-01-02 17:25:17+00:00,"@DMurdooooch
 stand with the oppressed"
Andrew Protheroe,2025-01-02 17:26:39+00:00,Jesus
Rama Rama,2025-01-02 17:39:33+00:00,Total Pit Death
Johnny Two Ts,2025-01-02 17:40:33+00:00,Can we euthanize both?
All things UFO,2025-01-02 17:40:56+00:00,You wouldn’t know ginger Eminem is from Scotland would you
Chris Nicholls,2025-01-02 17:45:07+00:00,@jakemiller10
Tim Rowson,2025-01-02 17:48:44+00:00,“Run and hide up in the trees” WTF!
Gabreil’s Sword,2025-01-02 17:49:41+00:00,I mean pit bulls are responsible for over 60% of human fatalities
Dan S,2025-01-02 17:50:34+00:00,"He's from Swansea too, where has that accent come from"
KEVIN R,2025-01-02 17:52:46+00:00,Most embarrassed dog I've ever seen.
Antisemitic Canard,2025-01-02 17:58:50+00:00,"These things aren’t guns or knives. They have minds of their own, irrational violent retarded minds that have been conditioned to attack things for no reason"
david,2025-01-02 17:59:18+00:00,"Time to walk the xl bully, better get the gilet over the hoodie and put on my black cap"
socialism beer,2025-01-02 17:59:32+00:00,Wiggers are seething
homesick alien,2025-01-02 18:03:57+00:00,In english im too stupid to understand why laws are made
CynicalDiogenes,2025-01-02 18:07:05+00:00,"This is honestly the first I'm hearing of xl bullies.  I thought their liniage was pitbull and cane corso but apparently there's no pit in them, its a mix of several different bulldog breeds."
Crisis Actors Guild,2025-01-02 18:11:36+00:00,"i've had to point a loaded handgun at pitbulls on multiple occasions and i still dont think they should be banned from ownership. instead, their owners should have liability laws targeted at them so that they get really responsible really quickly."
gary,2025-01-02 18:21:07+00:00,Any dog can be a killer man. A wee chihuahua starts running over what ya doing?
James Hughes,2025-01-02 18:24:17+00:00,Will you degenerate cunt .
JuanNil,2025-01-02 18:30:57+00:00,That rap was . Put a muzzle on him.
john bolton,2025-01-02 18:32:36+00:00,Howling
Brad ∆,2025-01-02 18:34:38+00:00,@thisvideo_bot
James Hughes,2025-01-02 19:57:27+00:00,Every dog owner that’s confused with why ?  there dog ever gets a bad vibe!! While walking in a public place and barks at another human  ?!?! it’s the likes of you . Learn about a dogs behaviour and you will learn more about yourself . A dog will always be a man’s BF you have 0.
john johnson,2025-01-02 20:31:26+00:00,"i m fine with you having any kind of dog.

just so long as when/if it does something wrong, you get punished as if you did it.

so depending on the action and where you are, that could be the death penalty for what your gentle giant of a dog did.

If not, get a different dog."
Alexis,2025-01-02 21:30:34+00:00,I feel like i could beat you up eaisly ngl
Dai Bando,2025-01-02 21:48:27+00:00,"Hey siri, sum up an xl bully owner for me in 30 seconds..."
pawpaw.001,2025-01-02 22:40:09+00:00,Lmaooo
Scum,2025-01-03 00:12:01+00:00,Pit bulls make up 13% dog population nut 63% dog related killings…
Wayfarer,2025-01-03 04:58:17+00:00,Only cretins and morons defend this dog. Absolute ban.
an33,2025-01-03 07:48:38+00:00,"The UK has too many wiggers like this. Their success is due to a foreign elite, but their actual people is one of the most inferior of Europe"
SalvaDon,2025-01-03 08:09:00+00:00,You’ll be alright. Get a lab.
Tommy,2025-01-03 08:26:32+00:00,@WebbJ96
Adam Grady,2025-01-02 19:22:01+00:00,Hahaha…
Dan,2025-01-02 19:23:10+00:00,They need a new colour poppy to remember the fallen dogs
groopadot,2025-01-02 19:25:28+00:00,"@realist_groyper
 please start a pitbull ballads band."
Nicholas Tsar ♰,2025-01-02 19:33:55+00:00,Haha so lame
Dolos Mischief,2025-01-03 09:42:42+00:00,People cross the street because of you mate…
deborahmcfadyenauthor,2025-01-03 10:16:30+00:00,"The dog not giving a damn, just happy to be outside"
Gandalf the White Man.,2025-01-03 12:25:00+00:00,"Anyone who talks in that stupid made up arxsent/accent, should be euthanised along with their over the top dogs"
DonPAbloMoorzio,2025-01-04 19:30:54+00:00,"This is shit, really sloppy shit, like a couple pint of mild falling straight out of someones shitpipe."
Garth Schlager,2025-01-02 18:35:58+00:00,What is with the chatting black?
HOMELANDERUK,2025-01-02 18:52:42+00:00,What a knob
Mr V,2025-01-02 19:02:13+00:00,WTF is this? Has he whited up?
746,2025-01-02 19:02:40+00:00,"U guys tryna turn this to blm protest music,it ain’t it chief"
DownlowFL,2025-01-02 19:03:19+00:00,Your country is getting assfucked and these dogs would be an immense help. Yet you’re crippling another way to protect yourself in the name of safety. Y’all deserve the Muslim invasion and all that comes with it.
GimpDog,2025-01-02 19:11:30+00:00,I hate those dogs too.
Higgh Lannder (Ace's Bluff Game Studios),2025-01-02 19:16:07+00:00,"... ....Yh naa! Use of high powered bikes, cars etc is licensed as they are dangerous in the wrong hands... Therefore logic and reason would suggest that All pet keeping irrespective of species must be licensed! With immediate effect! ... ...... ..."
William john,2025-01-02 19:16:33+00:00,"Every UK political debate pits the most smarmy, obnoxious but technically correct ppl alive against the absolute chillest lads who are unfortunately, very dumb. Impossible to choose a side."
Sid Δ,2025-01-02 19:18:33+00:00,The dogs didn’t get banned because they are dogs. They got banned because the people who owned don’t know how to raise a dog.
JohnnyFPL,2025-01-02 19:19:04+00:00,Why is it all the same sort of ‘chavvy’ people who own these dogs
John,2025-01-02 13:23:02+00:00,Why’s he talking like a teenage black kid?
DanDanDanDan,2025-01-02 19:04:57+00:00,This is embarrassing. Bad rhyming is NOT a talent.
Raw Essex Nationalist,2025-01-02 19:15:00+00:00,LGBTQXL Bully flag when?
Luzur,2025-01-02 20:21:01+00:00,Ghetto thug rapping about his ghetto thug dog. Missing the twerking big assed momma LOL
The Hood,2025-01-02 20:36:18+00:00,Yeah. Always lovely and cuddly until they get triggered and rip your kids faces off…
THE GODMUTHA ✦,2025-01-05 10:17:15+00:00,another joint that got banned because the original was “ayo p*rnography”
LSY,2025-01-05 10:21:21+00:00,"Ohh that makes way more sense lmao

When I was a kid I was like what does he mean by technology??"
THE GODMUTHA ✦,2025-01-05 10:22:14+00:00,LMAO worddd
,2025-01-05 20:19:03+00:00,I always thought it was funny that they put the “ayo” part in the title.
THE GODMUTHA ✦,2025-01-06 03:26:31+00:00,LMAOO na worddd
B!ZZY!,2025-01-05 11:40:10+00:00,Where the original at?
THE GODMUTHA ✦,2025-01-05 11:41:47+00:00,no clue i think it got wiped off the map lmao
DR. STRETCH,2025-01-05 21:35:42+00:00,JT & 50 duo go crazy
@OG_BruvaLT,2025-01-05 14:53:07+00:00,On one of my list #Underrated
Mr. Nomad,2025-01-05 19:28:18+00:00,i remember the first time i realized this
Crippany Haddish,2025-01-06 01:51:57+00:00,"Because ""Ayooooo I'm tired of watching p*rnography!!"" is a WILD hook for the radio era"
Avon Barskdale,2025-01-05 10:40:51+00:00,lol this the first trash uve ever posted
THE GODMUTHA ✦,2025-01-05 10:41:31+00:00,the beat was incredibly hard u cant even front but i dead hated timberlake being in this
chrollo �,2025-01-05 14:53:16+00:00,just by hearing this you would just know its a Timbaland beat
IBashar,2025-01-06 01:36:12+00:00,One of the greatest songs ever
Thats_Wilddd,2025-01-05 14:44:36+00:00,"had no bidness listenin to this song at my young ahh elementary age, that's WILD"
George Geoff,2025-01-05 14:16:36+00:00,The hoodbooger community doesn't appreciate this song too much.
Jalen,2025-01-05 20:51:38+00:00,This beat was hard af!!
DarkMan Makaveli,2025-01-05 10:29:31+00:00,Never knew that
,2025-01-05 14:38:44+00:00,"""Sexy Rap 50"" should not have ever been a thing. This is an abomination!"
Marc,2025-01-05 17:05:53+00:00,Still slaps
Sleek.,2025-01-05 19:48:50+00:00,This was my shit!!! I used to love 50 bad
Twan.,2025-01-05 21:07:36+00:00,This still my shit lmao.
Charlie,2025-01-05 22:23:07+00:00,Ayo I was today years old finding out it’s supposed to be p*rnography instead of technology  Curtis album was underrated
John Yamb,2025-01-05 23:01:57+00:00,UK  Ting
Sailor Goon,2025-01-06 00:45:34+00:00,It was called what????!!!
FATIMA,2025-01-06 12:29:28+00:00,listened to this song at the gym for motivation
JC,2025-01-05 10:36:03+00:00,TIL but makes sense
Rakeem Allah,2025-01-05 10:37:18+00:00,"Love it to this day. ""I'm tired of using technology"""
KEEPGOINGVALERIE,2025-01-05 12:02:32+00:00,Omg i forgot about this one
Est. 97,2025-01-05 14:25:18+00:00,This shit hits
xXMIKENOVAXx,2025-01-05 15:21:31+00:00,Wow
K.N.CSZN,2025-01-05 15:32:14+00:00,I definitely remember that was the real name
CAP,2025-01-05 18:08:28+00:00,"this really didn’t hit the way they thought it would, and Justin and Tim were the hottest thing out at the time"
Golden Goose Group,2025-01-05 18:32:54+00:00,the crystal castles flip  . Up there with my top Timbo tracks
Dennis Kinyua,2025-01-05 18:49:09+00:00,legit
IceCule,2025-01-05 20:15:49+00:00,Still bumpin this in my ride in 2024!!!
BISMILLAH,2025-01-05 21:41:46+00:00,this song crack
B.R.I,2025-01-05 22:11:16+00:00,Yeahhh Tim was going crazy during this era
Latrelll,2025-01-05 23:45:58+00:00,"I thought ""technology"" was weird. Wow."
Nights Entertainment®,2025-01-06 00:58:06+00:00,"Hilarious but I loved this song. To me it showed me that not only did he have staying power, and  versatility artistically; but the subject matter was significantly relatable. Especially now that I know it was switched from porn"
HallOfFameKevo,2025-01-06 01:02:56+00:00,Let me go listen to Curtis
我,2025-01-06 01:24:37+00:00,Idk why niggas hated this song. Even tho it’s a commercial record the beat was tuff
rufaro,2025-01-06 01:44:21+00:00,Ayo what now???!
Kyah,2025-01-06 02:14:09+00:00,This was one of my faves off of that album too
dream,2025-01-06 03:14:11+00:00,Underrated tune
nina,2025-01-06 03:14:29+00:00,Oh the technology version wasn’t real!?!? wtf
Creflo Dollar$,2025-01-06 04:04:35+00:00,Timbo was in his bag on this beat
Mohlomi,2025-01-06 05:39:40+00:00,This is an elite concept actually
Xim Xattrel,2025-01-06 05:59:34+00:00,"You got me saying ,ayo , I’m tired using pornography, why don’t you sit down on top of me"
Nhlonipho Moyeni,2025-01-06 09:48:36+00:00,This collab is straight up a classic. Timbaland on that beat.
unrulyblem,2025-01-06 02:33:26+00:00,Never liked this one lol
ce ఌ,2025-01-06 03:35:54+00:00,they kilt
ziwiski,2025-01-06 03:52:30+00:00,Omggg this song randomly popped into my head the other night. That use to be my jammmm
RealHousehusbandofOmaha,2025-01-06 03:54:44+00:00,It was WHAT? The edited version is still quality music.
Nappy Thôts,2025-01-06 05:56:35+00:00,Had to catch that one on BET UNCUT
𝙎𝙬𝙞𝙩𝙘𝙝 𝙏𝙝𝙖 𝙒𝙚𝙞𝙧𝙙𝙤𝙤,2025-01-06 07:12:48+00:00,This song would’ve have been so much harder of a smash hit if Graduation season wasn’t in full effect by this point
House Money,2025-01-06 07:28:22+00:00,Am i trippin or that look like beyonce lol
_guapz,2025-01-06 08:00:40+00:00,I Remember This Streaming On MTV When I Was 8 What A Time It Was To Be Alive
𝐆𝐫𝐨𝐨𝐯𝐲𝐓𝐨𝐧𝐲,2025-01-06 09:52:51+00:00,Man JTs voice is just a hack ….no song he’s ever missed on
Rocdefini,2025-01-06 12:54:49+00:00,Never liked this song. Don't know what 50 was doing in this one
Ya Fav,2025-01-24 20:43:29+00:00,Timberland got a signature style with his beats and yeah I remember the original saying something different
Two World Order,2025-01-25 04:03:03+00:00,I remember when this came out it solidified to be that 50 was washed
THE GODMUTHA ✦,2025-01-05 10:27:45+00:00,incredible beat
Randy J Watson,2025-01-05 21:17:12+00:00,Ok ok fo shiz fo shiz shoot em up
Michael Scott,2025-01-06 00:57:31+00:00,THIS SONG WAS TRASH LOL NOT A SOUL BUMPS IN IN 24 LOL NOT A SOUL
polly,2025-01-05 23:34:26+00:00,so excited  #YESANDISCOMING
760 Creations,2025-01-04 20:14:04+00:00,"This got hit with ""Not Eligible for FYP"" on TikTok so I guess I'm posting it here to see what happens"
Drew Hatcher,2025-01-04 20:48:43+00:00,Lmfaoooooooo
Josemarrerotfj,2025-01-04 20:53:48+00:00,
Keelmah,2025-01-04 20:57:25+00:00,B R U H
daniel sanders,2025-01-04 21:18:20+00:00,
ratsberry ale maushold stan account,2025-01-04 23:54:07+00:00,where did this even happen lmao
polly,2025-01-05 23:32:39+00:00,i can be needy ….
Mario Nawfal,2025-01-03 10:16:32+00:00,"GOOGLE, META, TIKTOK, TELEGRAM PAY-OFF  RUSSIA  | X AND TWITCH SAY F-OFF

According to the Russian state bailiffs database, it appears Google, Meta, TikTok, and Telegram all paid massive ""fines"" to Russian authorities.

X and Twitch are still registered as ""non-payers.""

Russia imposed fines on most Big Tech companies for hosting content deemed unlawful and labeled Meta as ‘extremist.’

Source: Reuters"
ZAQ RIDER,2025-01-03 10:17:58+00:00,These fines were a result of regulatory actions against perceived violations. Stop promoting political agenda into everything
मैं हूँ Sanatani,2025-01-03 10:28:55+00:00,"HUGH BREAKING: HAMAS LEADER SALEH AL-AROURI £LIMINATED IN BEIRUT

Saleh al-Arouri, deputy head of Hamas, reportedly k!ll£d in the Israel att@ck in Beirut .

Source: Channel 13, Palestine Chronicle, Yedioth Ahronoth"
Bearded Nurse,2025-01-03 10:20:56+00:00,Exactly
CAIN66X92,2025-01-03 10:26:51+00:00,Why should X pay
Homie of Web3,2025-01-03 10:21:18+00:00,X also not paying me my ads share kekw
,2025-01-03 10:16:48+00:00,This looks insane
,2025-01-03 10:17:01+00:00,Woahh
Rajput Speaks,2025-01-03 10:16:52+00:00,Stop Genocide and Save PALESTINE
Rajput Speaks,2025-01-03 10:17:00+00:00,Humanity died in PALESTINE
,2025-01-03 10:17:09+00:00,What happened tho
Terenyu James,2025-01-03 10:22:48+00:00,That's great news
Terenyu James,2025-01-03 10:22:51+00:00,Awesome news
Terenyu James,2025-01-03 10:22:56+00:00,Seriously involved
Hamid khan,2025-01-03 10:25:01+00:00,"I believe, that these social media platforms should be used only for mundane information"
Rajput Speaks,2025-01-03 10:17:08+00:00,Hamas is defending PALESTINE
Az Brand,2025-01-03 10:17:17+00:00,O no Caption
اپنی تلاش,2025-01-03 10:18:27+00:00,Ops
Dusty Rhodes,2025-01-03 10:23:38+00:00,ngl meta are extremists. the bans i have copped for posting or about to post a political meme is insane.
Rajput Speaks,2025-01-03 10:16:51+00:00,Abu Ubaida: “Our Mujahideen hunt their soldiers like ducks!”
Damian,2025-01-03 10:16:52+00:00,Hmmm
Nora ☆,2025-01-03 10:17:12+00:00,ahB
Rajput Speaks,2025-01-03 10:17:12+00:00,Stand with justice
Nora ☆,2025-01-03 10:17:17+00:00,Good 8
klaus,2025-01-03 10:17:21+00:00,"@elonmusk
 just want the best for humanity 
Make babies don’t kill them"
Rajput Speaks,2025-01-03 10:17:28+00:00,Stand with Hezbollah
ScoreboardScoop,2025-01-03 10:17:44+00:00,Ohh well elon said it well
legend,2025-01-03 10:18:01+00:00,Hmm
Laura James,2025-01-03 10:18:36+00:00,"WELL DONE RUSSIA  -
https://reuters.com/world/middle-east/israels-aircraft-tanks-step-up-strikes-it-plans-reduce-troops-2024-01-02/…"
Johnnybebo,2025-01-03 10:20:51+00:00,Why are they paying fine. What’s their offense?
D̷ ̷A̷ ̷V̷,2025-01-03 10:21:50+00:00,No free speech on Russia
Doc,2025-01-03 10:24:18+00:00,Meta are fucking extremists.
Zoran Skopje,2025-01-03 10:26:48+00:00,"Massive, my ....."
The_JL_Podcast,2025-01-03 10:28:40+00:00,"Is there any actual proof to this?

OFAC does not allow payments to Russia"
Alpha-Bravo,2025-01-03 10:38:46+00:00,I LOVE X
Sarah Sublime,2025-01-03 10:40:02+00:00,X is the best
Maga united!,2025-01-03 10:41:23+00:00,X paid!
Maga united!,2025-01-03 10:41:39+00:00,You know Twitter paid as well as everyone does!
Anyadiegwu Chisolu C,2025-01-03 10:45:28+00:00,Elon Musk is the real deal
Fernando,2025-01-03 10:57:32+00:00,Why would anyone ever pay fines to a government known to be involved in human trafficking?
Ema,2025-01-03 11:01:37+00:00,https://x.com/Ema97n/status/1742501214225404408?t=S0i1Fz-nd4XnKreKaB2Yyw&s=19…
faisal siraj,2025-01-03 11:04:27+00:00,I want to know the part where they said F-off or is it you who is exaggerating ?
"Sriram (彬彬), MBA MA BTECHIT",2025-01-03 11:05:15+00:00,Wow
Elon Musk - Spoof,2025-01-03 11:27:42+00:00,"If anything,  X is the only platform that sheds actual light on the reality regarding war between Russia and Ukraine."
SealedGain,2025-01-03 13:37:42+00:00,Isn't paying Russia a violation of sanctions?  Or were the sanctions lifted?
NoobFromPK,2025-01-03 10:17:20+00:00,Elon is a Chad
Damani,2025-01-03 10:17:28+00:00,End the war
Dave,2025-01-03 10:18:06+00:00,Interesting. No wonder the lamestream propaganda channels aren't reporting it.
Kevin,2025-01-03 10:20:41+00:00,So they are supporting Russia financially?
Paul Mosenson,2025-01-05 02:05:36+00:00,Montana Wants Appeals Court To Reinstate TikTok Ban http://dlvr.it/T0zHcR
mokorino,2025-01-03 06:17:56+00:00,"SPECIAL BETS!

Next country to ban TikTok?

Accessories won by Kim Kardashian met gala 2024?

Mariah Carey next boyfriend ( watu wa umbea mtusaidie hapa)

Which character will appear in GTA 6?

Check out more options http://tapxlink.com/GABRIELMO_link

Promocode GABRIELMO 

#1xbet"
Mozoni,2025-01-03 06:33:28+00:00,Siet hi ni ngumu
Prime Minister Good Up,2025-01-04 01:27:38+00:00,"These vlogs have been fun to say the least lol 

https://tiktok.com/@thecrucianreader?_t=8ijtksdb2Ew&_r=1…"
dara faye,2025-01-01 00:29:48+00:00,Here’s to hoping the drag queens leave our children alone in 2024.
dara faye,2025-01-01 00:29:49+00:00,"The comments better not shit the bed…

Tweets that weren’t mine were stolen from 
@antifaoperative
 and 
@davenewworld_2
 without permission because I’m a rebel."
dara faye,2025-01-01 00:34:59+00:00,This isn’t even all of the cops & pastors we posted. I didn’t have the patience to edit that or the stomach to see it all consolidated.
dara faye,2025-01-01 20:32:11+00:00,"@tiktok_us
 just pulled my video down because Tiktok supports pedophiles."
dara faye,2025-01-04 21:27:44+00:00,"And 
@tiktok_us
 just removed the video AGAIN because Tiktok supports pedophiles."
dara faye,2025-01-04 21:54:42+00:00,"And it’s back up. Man, what an emotional rollercoaster"
dara faye,2025-01-05 22:26:39+00:00,"Tiktok took my video down without an appeal option. 
@tiktok_us
 why are you in support of pedophiles?"
dara faye,2025-01-05 22:47:13+00:00,"@TikTokSupport
 why do you keep taking this video down and insist on supporting pedophiles?"
R,2025-01-01 20:34:04+00:00,Is tiktok being a Diane who didn't watch the video?
dara faye,2025-01-01 20:34:31+00:00,Oh yeah it’s totally left wing people who didn’t pay attention and reported me
Dayne,2025-01-02 06:41:19+00:00,Repost that
dara faye,2025-01-02 06:42:25+00:00,They ended up restoring it.
Mike Pence's Other Mother,2025-01-01 20:38:38+00:00,Wow
Legal Newsline,2025-01-04 14:03:01+00:00,Montana to ask Ninth Circuit to help it ban TikTok
Dennis Kneale,2025-01-05 16:17:43+00:00,Ban Tiktok.
Life of Brian,2025-01-05 19:33:36+00:00,Amen!
My 1st Amendment Podcast,2025-01-05 22:01:36+00:00,The problem there is this
FedScoop - @fedscoop.bsky.social,2025-01-04 20:20:00+00:00,"IRS has compliance issues with government TikTok ban, report finds https://scoopmedia.co/3TJ0g91"
The Gateway Pundit,2025-01-01 00:49:54+00:00,"Libs of TikTok Suspended from Facebook for Violating ‘Community Standards’ — Account Quickly Restored After Backlash via 
@gatewaypundit"
John Smith,2025-01-01 00:53:59+00:00,"They've got some real rocket surgeons running things at Facebook, don't they?"
The Outsider,2025-01-01 01:07:59+00:00,"That's the ultimate badge of honour for 
@libsoftiktok
 ....."
RisingPhoenix321,2025-01-01 00:50:44+00:00,Facebook needs to hurry up and die.
Mark Sullivan,2025-01-01 01:04:03+00:00,"InLove them, such a hard pill for the left to be forced to swallow"
₵€£N₳V₭ØÚ£,2025-01-01 01:09:08+00:00,"FB suspended me 2 times from yesterday. For a word in Spanish that is common in my island that I commented then a meme that I didn't post, but in 2016 in my former page that they blocked on  Oct. 2022. Yesterday's reinstated when I said in my feed that they violated 1st Amendment"
₵€£N₳V₭ØÚ£,2025-01-01 01:13:15+00:00,"Also yesterday Facebook prohibited me doing calls! I wonder if the delay or slow on texting in the Messenger is because they spy on me! Then I send it, it gets as a draft!  So Media Matters are back!"
RaDmiAn,2025-01-01 02:19:04+00:00,Why on earth anyone still uses fb is beyond me
Steve McGuire,2025-01-01 03:07:23+00:00,Facebook sucks!
Nuremberg 2.0,2025-01-01 01:32:47+00:00,Good for her. Too bad you have to have clout to get those cunts to reverse a suspension
Badger,2025-01-01 12:41:23+00:00,The court of public opinion is a beautiful thing.
994ooןɐq,2025-01-01 00:56:49+00:00,"Soooooo, 
@LibsofTikTok
 DIDN’T violate 
@Facebook
 ‘s policies (obviously, otherwise it would have provided what rule was violated & how and not just reinstate the acct).

It was just another censorship attempt that didn’t work out for FB as they thought it would. 
@budlight
 knows."
Pear of Kings,2025-01-01 01:45:26+00:00,Facebook is the worst
Kathy Sullivent,2025-01-01 02:12:05+00:00,My new years resolutions is to tell FB to fuck off I am closing my account.
Meat,2025-01-01 06:53:52+00:00,Can't deny the pile of inbreds that make up her fanbase access on other websites.
I didn't meme to hurt you,2025-01-01 08:27:03+00:00,Face what?
Khan,2025-01-01 10:38:56+00:00,"Justice for Ghaza 

Justice for Kashmir  

Justice for legend Imran Khan"
Roger Koo,2025-01-01 12:15:36+00:00,12/30/23: CEO Devin #Nunes Updates on #Truth #Social Status
hosocat 1,2025-01-01 13:08:37+00:00,Time to break up all the big tech companies. Where is our trust buster?
Don McCcudy,2025-01-01 18:22:06+00:00,Facebook can't handle the truth.
Rosanne Jordan,2025-01-01 20:10:16+00:00,
FLETCH,2025-01-01 00:55:40+00:00,Anyone who uses Facebook is an
Spartan,2025-01-01 17:15:33+00:00,"I deactivated my FB account because they censor conservatives, assist pedophiles and human trafficking, and aid Hamas and other Muslim terrorists. FB is evil."
Sango,2025-01-01 01:00:16+00:00,"Facebook, Twitter, Youtube & MSM are part of the ""Cancel Culture"" machine. Theyre the reason why people are so misinformed & delusional. They fooled millions into voting for Sleepy Joe. They got people siding with the establishment. Since when did people trust the gov so easily?"
Societygirl123,2025-01-01 15:23:41+00:00,It's interesting how liberals have control of social media and can decide when and make up excuses  how and when to shut down conservatives? More conservatives have to start buying up social media platforms and start doing the same with liberals and watch the outrage!
Paul Mosenson,2025-01-03 22:04:34+00:00,Montana Wants Appeals Court To Reinstate TikTok Ban http://dlvr.it/T0wfPY
Mike Netter,2025-01-01 16:53:26+00:00,"Facebook has ""disabled"" the Libs of TikTok account for violating ""Community Standards.""
Citing a violation of ""Community Standards,"" The Facebook Team wrote that the ""Page Libs of Tik Tok has been disabled for going against our Community Standards,"" according to an image posted to the Libs of TikTok's X account on Saturday. ""You cannot visit the Page,"" Facebook added, ""and you won't be able to add new people to work on the Page. Learn more about our Community Standards.""
The account, which was launched in April 2020 by Chaya Raichik, according to Mediaite, is known for its absurdist catalog of people posting to TikTok, ranging from two women barking like dogs in public to fat activism, but also features commentary on contemporary culture."
Thomas Hawk,2025-01-01 22:40:20+00:00,Facebook sucks.  Glad I stopped using it years ago.
CK Young,2025-01-01 17:04:19+00:00,"Since 'Libs of TikTok' simpIy re-posts & ampIifies Ieftist media, perhaps facebook shouId disabIe aII Ieftist content in the interest of sociaI media safety."
Floyd Abelman,2025-01-01 18:13:24+00:00,"If you're still using Facebook, you are the problem."
Corinne Hilger,2025-01-01 22:23:32+00:00,They silence those they don’t agree with. What amazes me is that people go along with the censorship not realizing it hurts everyone.
FedUpMomInMN,2025-01-01 17:03:21+00:00,Facebook is so far left I’m surprised she was allowed on it at all.
SaigonStê,2025-01-01 18:06:13+00:00,Elections are coming.  So if Facebook election interference
The Moose is loose,2025-01-01 18:59:09+00:00,"When Fakebook told me a picture I posted in 2010 violated the community standards in 2022, I stopped using not only Fakebook but all META platforms."
MICHAEL WARDER,2025-01-01 17:03:01+00:00,Ban #TikTok.
Marcia A Reinardy,2025-01-01 22:31:12+00:00,I hardly use Facebook anymore. Boycott
Julier1776,2025-01-01 17:04:39+00:00,"So posting idiotic stuff by deranged progressives is ok, just don’t repost it?"
JB,2025-01-01 17:42:00+00:00,Their account is back
Mick Potter,2025-01-01 21:12:56+00:00,I bet if I created a Constitutional Conservative page on there; FB would ban me completely for life.
Linda kulm Andrews,2025-01-02 02:47:12+00:00,Sorry who owns Tik Tok ( China) why is FB protecting them?  That’s the real question.
Phil Burnhouse,2025-01-01 18:14:04+00:00,All libs of TikTok does is repost the lefts own shit lol
Prisca,2025-01-01 23:51:23+00:00,Welcome to 2024
Esben Christiansen,2025-01-01 23:03:35+00:00,"Yup. Because posting people’s own words and actions are bad, especially when they the crazy left"
Cindy Roberts,2025-01-01 19:10:11+00:00,Did I read that right?   Banned on Facebook for a post on X
Okey Doker,2025-01-02 05:04:49+00:00,Zuckerberg belongs in hell
dave fisher,2025-01-01 17:54:46+00:00,Well Libs of TikTok were hurting peoples feelings everyday by poking fun at the libtards. Farcebook ran out of safe spaces and had to shut it down to prevent mental breakdowns in the liberal world.
D B,2025-01-01 23:06:17+00:00,"Meaning they go t support the woke shit Facebook supports. Censorship at its finest. 
@HawleyMO
 please get on this! 
@HouseGOP
 @SenateGOP
 stop the censorship now!"
MetalBoarN,2025-01-02 04:43:49+00:00,"Notice a pattern?

 https://x.com/whydntyouluvme/status/1737433981279260857/video/1…"
Okey Doker,2025-01-02 05:06:36+00:00,"Chayas site is wonderful. FAKEBOOK is garbage. 
@czi"
#MAGA,2025-01-02 15:02:19+00:00,Who’s even on Facebook anymore?
Judd D,2025-01-03 13:11:08+00:00,FB is an arm of the marxist left. how anyone can keep using that site is beyond me
Sans Culottes,2025-01-02 16:24:50+00:00,What's a Facebook?
jhouse678,2025-01-01 20:03:29+00:00,"If FB was not a real time global surveillance system that the govt. now depends upon, it would have already been shut down for child exploitation and trafficking, gun trading and drug dealing."
American Vet,2025-01-01 23:09:36+00:00,Facebook needs to be flooded with the truth. There are too many people that rely on it as their primary source of information.
Paige Spiranac,2025-01-04 22:04:16+00:00,I’m shadow banned on TikTok all because of some little innocent cleavage. Free the cleavage!
Kaneco.eth,2025-01-04 22:07:49+00:00,I stand behind this movement or in front however you prefer
Gary VanSickle,2025-01-04 22:59:26+00:00,"hard to believe. and possible misuse of the word ""little.""
they should be sending you a check instead..."
drone,2025-01-04 23:26:13+00:00,another reason why this platform wins
FAX Sports: MLB,2025-01-04 22:20:50+00:00,"I am literally a fax machine, Paige."
Joe Wallin,2025-01-05 21:19:15+00:00,Those damn communists
Golf 360 (podcast),2025-01-04 22:16:02+00:00,We don’t believe you. But if you can show us that might change a lot of minds
Best Dan Take,2025-01-04 22:07:57+00:00,TikTok is terrible anyways… you should use X for more content creation!
The Opinion Line,2025-01-04 23:24:24+00:00,More Cleavage... LESS GUNS!!!
Stable Boomer Rube,2025-01-04 22:18:03+00:00,Little?????
Josh N TEXAS,2025-01-04 22:17:07+00:00,"Well according to my timeline this joint is a free for all , you should be good ."
GolfSmart,2025-01-05 00:50:36+00:00,Paige. Rein it in you don’t have to show all to be all
J.F.,2025-01-04 22:14:44+00:00,#Freethecleavage!
Robbie Manes,2025-01-04 22:55:01+00:00,"Cleavage is a lot different than nips so I’d say that’s pretty rude, besides that’s kind of your brandLet ‘em lose Paige, let ‘em lose. Not to lose that is, might blind some peeps"
Eric Stofanak,2025-01-05 00:46:15+00:00,"Forget TikTok!  X is where freedom of speech and freedom of cleavage lives  
@elonmusk"
Ram ben Ze'ev,2025-01-05 02:01:34+00:00,"“In a separate post, [she] uploaded a video of herself that TikTok “doesn’t approve of” and that it would be fine in the confines of X.”

N.B. I am inundated with advertising for porn on this platform—I wouldn’t use Twitter/X as a guide for morality. Just sayin’.

ענווה ושמירה"
Sully,2025-01-04 22:17:10+00:00,Unamerican!
Jacob Fornshell,2025-01-04 22:18:34+00:00,Yes please free them for me!
Bob Borgo,2025-01-04 22:23:41+00:00,At the Texas Institute of Technology we celebrate cleavage!
Chris Lail,2025-01-04 22:24:42+00:00,"I stand with 
@PaigeSpiranac
 ! What kind of world are we living in? Jeez."
Dave Fullmer,2025-01-04 22:08:23+00:00,Free the cleavage
Bill,2025-01-04 22:15:41+00:00,#freethecleavage
tim smith,2025-01-04 22:25:03+00:00,But yet there porn video on here that's not right
Joe Plazek,2025-01-05 18:15:57+00:00,Ban the tik tok.
MJ,2025-01-04 22:16:57+00:00,
Paul,2025-01-04 22:18:08+00:00,Your cleavage isn't exactly little
BrEaThSLoW,2025-01-04 22:33:16+00:00,Girlfriend … yours ain’t little
Jeffrey Berry,2025-01-04 22:35:54+00:00,Really?
Mark Vickers,2025-01-04 23:12:02+00:00,Especially if it’s 5 star cleavage!
Bill Buck,2025-01-05 03:40:27+00:00,I'm with you old friend. They are Chinese they need to have no baggage (your not baggage) because when Trump wins they are out.
Michael Smith,2025-01-08 17:56:07+00:00,"I must admit ""I'm addicted to boob crack""
 (+) (+)"
Kelly LaRoche,2025-01-04 22:15:52+00:00,Absolutely
SONNY,2025-01-04 22:23:13+00:00,Totally agree!!
Tim Roberts,2025-01-04 22:25:42+00:00,Yes free the cleavage…  especially when it’s that damn impressive
hg,2025-01-04 22:34:25+00:00,Send them my way. I am pro #cleavage
JJ Rambo,2025-01-04 22:35:36+00:00,Set them puppies free !
Robert Purvis,2025-01-04 22:36:02+00:00,Yes please
floyd,2025-01-04 22:37:10+00:00,I wouldn’t say it’s little!
Pierre Nadeau,2025-01-04 22:40:52+00:00,Nonsense
RunningManCT,2025-01-04 22:47:38+00:00,I'm here to support you in your time of need! #freecleavage
South Padre Bob,2025-01-04 23:03:07+00:00,Ya need to quit that app!
Penelope Hough,2025-01-04 23:18:39+00:00,Get off Tik Tok...shit hole
Carlitos,2025-01-05 00:58:03+00:00,Free the nipples instead
Maurice Bernier,2025-01-09 22:48:11+00:00,Let them go without you Paige. You have nothing to prove!
Gervin Angus,2025-01-21 02:27:44+00:00,#freethenipple
DLawless,2025-01-04 22:16:00+00:00,"I can see why... yours could cause a lot of danger, since tiktok is only use for families lol... keep putting that cleavege out there or not, but let it be your choice!
I support ur movement young lady!"
PittAlum1,2025-01-04 22:17:07+00:00,Let’s see that again. I missed it. I need to see if they are being fair.
Sittin' Chilly,2025-01-04 22:18:22+00:00,Come cry on my shoulder....
Brandon Kirzeder,2025-01-04 22:18:38+00:00,#FreeTheCleavage
Tom Chally,2025-01-04 22:19:21+00:00,Cleavage good
Brady Buchanan,2025-01-04 22:38:41+00:00,"Apparently they don't like your cleavage.  I literally can't get enough of how gorgeous you are!! 

Forgot TikTok! You can do so much more here on (Twitter/X)!"
DavidSW,2025-01-04 23:06:18+00:00,
geologistsrs,2025-01-05 00:03:55+00:00,Where where
Rocky Bellenger,2025-01-05 02:03:53+00:00,"I would have to see it to believe it, Paige!"
Darrell Wilson,2025-01-05 03:21:19+00:00,Always tasteful.
EF Jay,2025-01-05 03:44:36+00:00,Umm a picture would have done wonders for this post .. Just saying..
Kurt Byrum,2025-01-05 06:22:30+00:00,Yes ! PLEASE
Jim Dixon,2025-01-05 06:43:33+00:00,Cleavage good - TikTok bad.
Kelly Meland,2025-01-05 07:45:28+00:00,I appreciate your cleavage. Thank you for bringing your beauty into my access.
Good at Golf,2025-01-05 07:47:59+00:00,"I think your content fits perfectly for TikTok, can't imagine that you are shadow-banned there."
Fabrizio Battipaglia,2025-01-04 22:19:40+00:00,"Your cleavage is pure poetry. Tiktok, you can fix it. Paige doesn't deserve this."
dave077,2025-01-04 22:19:50+00:00,your cleavage is innocent!
Dave,2025-01-04 22:30:35+00:00,Just keep doing you sweetheart
Shannon ardoin,2025-01-04 22:31:45+00:00,Haters
Brooksy,2025-01-04 22:33:44+00:00,I hear the best way to get un banned is posting the full boob lol
OldSchoolPhD,2025-01-04 22:34:37+00:00,Wait... cleavage is innocent?
charlie broker,2025-01-04 22:37:33+00:00,You should be able to do whatever you like
Rigoberto Cepeda,2025-01-04 22:37:55+00:00,This is a tragedy!  Love your content.
pauls nyc via FLA🕆,2025-01-04 22:39:10+00:00,"Every once in a while, you'd pop up on my account  ... I just Followed you, so we'll see how far the #Shadowban goes ..."
DGP,2025-01-04 22:43:19+00:00,Yes free the cleavage
CallsignBOB,2025-01-04 22:43:51+00:00,It’s free !
Jeremy,2025-01-04 22:47:51+00:00,“Little”
joshua grennan,2025-01-04 22:47:55+00:00,Well it's jot like you can really hide it. Get with 21st century tiktok. Women have cleavage. #freetheclevage
Bill Del Purgatorio,2025-01-04 22:52:54+00:00,they are just prudes
MF,2025-01-04 22:53:10+00:00,Chi-na hates cleavage
Dave,2025-01-04 22:53:25+00:00,By all means!
Sean Brookhouse,2025-01-04 22:57:49+00:00,Freeing your cleavage?  Yes please
F You Mining,2025-01-04 23:07:08+00:00,
Mark,2025-01-04 23:13:11+00:00,Free the cleavage.
Johnny Bravo,2025-01-04 23:15:09+00:00,If you ever looking for a husband I'm available
Brian Bernick,2025-01-04 23:25:14+00:00,At least they won’t be using any of my dick pics.
Gary_B,2025-01-04 23:27:00+00:00,A shame I say. It’s a damn shame!!
David Horr,2025-01-04 23:54:12+00:00,Freevage ( • ) ( • )
Paul Di Muzio,2025-01-04 23:58:58+00:00,Feel free to show all
"One Life To Live, make it yours",2025-01-05 00:01:29+00:00,Thanks Paige
Lituratively speaking,2025-01-05 00:04:33+00:00,Prove it
RWR,2025-01-05 00:21:21+00:00,We like UR Cleavage
F Y,2025-01-05 00:35:43+00:00,"Free those ""puppies""!"
MKM,2025-01-05 00:46:53+00:00,"All the weird things on tiktok, and they ban puppies? I don't wanna live in this world."
The EdVenture of X,2025-01-05 00:06:54+00:00,Free the nip too!... LoL
Gen X hippie,2025-01-05 00:55:31+00:00,"I don't think you have ever had ""some little"" cleavage... just sayin"
Eric W,2025-01-05 02:51:38+00:00,"Your boobs should network with 
@chrissiemayrsb1
 ... time for a coalition!"
oddlyhart,2025-01-05 03:01:58+00:00,"What??? That's crazy.... how much cleavage,  exactly??"
Scott Tolson,2025-01-05 03:17:19+00:00,"Now Paige, your cleavage isn't little.  Innocent? I wouldn't presume to know."
UR_Toast,2025-01-05 10:08:15+00:00,Major bummer
Charlie Utter,2025-01-05 00:08:09+00:00,Agree!
Thadeus,2025-01-05 00:08:52+00:00,"Girl, I am an admirer, a fan. Let’s get this straight. You don’t have some small cleavage. I agree, Free the Cleavage!"
Damien Sherry,2025-01-05 00:35:33+00:00,"I know Paige, sometimes freedom ""comes"" at a heavy price.  ""Hang in there girl"" and God bless!"
Tony Randall,2025-01-05 00:54:43+00:00,Screw TikTok
Arsenic,2025-01-05 01:04:20+00:00,The timing is really something else!
Kosmickev,2025-01-05 01:05:35+00:00,Yes!!
Nick Raptis,2025-01-05 01:33:39+00:00,"Yessssss Paige!!! 
@PaigeSpiranac"
Mitch Gehrke,2025-01-05 03:20:36+00:00,Absolutely! Cleavage is a very nice thing nestled between two other very nice things.
DUCKNORRlS,2025-01-05 14:34:26+00:00,Maybe bring something to the table besides said cleavage!
Mason Vernon,2025-01-05 16:32:26+00:00,Absolutely!!!!!
Scribz McAvalanche,2025-01-05 19:24:09+00:00,"You're a pathetic, plastic, clout chaser"
PJShellsBeard,2025-01-06 15:50:43+00:00,How I see way worse things than that on there
Donnie D,2025-01-06 22:05:56+00:00,Send it to me that will teach them!
gentryboy,2025-01-06 23:29:14+00:00,No stop polluting the minds of young men
BSundberg,2025-01-10 04:39:41+00:00,Prove it lol
Paul O Connor,2025-01-04 22:06:25+00:00,@aidanpower1981
"It's Me, R.J.T",2025-01-04 22:11:33+00:00,"I got banned on there for doing an innocent Christmas morning leg workout in a Santa mankini.. I appealed and called them sexist, and they reinstated the video"
Z. Lee,2025-01-04 22:15:33+00:00,I see titties on tiktok every single day
Kyle,2025-01-04 22:16:20+00:00,TikTok is garbage anyways
EuroChuckNorris,2025-01-04 22:18:52+00:00,Show proof here what Happened?
Mason Gerlach,2025-01-04 22:19:45+00:00,Guess it’s time to riot in the streets for body shaming! God givin gifts that are being slightly and gracefully shared with us chumps and they’re going to shut it down
tessmonster,2025-01-04 22:20:15+00:00,Yet I get suggested videos of girls in see through dresses
drew,2025-01-04 22:21:28+00:00,Is that because of the shadows the said cleavage casts ?
Nat Bemia,2025-01-04 22:22:46+00:00,It’s THEIR loss
NICK R,2025-01-04 22:26:05+00:00,
Bobby,2025-01-04 22:27:14+00:00,"To hell with TikTok!!! We'll gladly accept and appreciate any and all cleavage to be displayed daily, right here on X!!! Thanks to all who participate!"
B,2025-01-04 22:33:18+00:00,I have the solution: Make an OF
Steve,2025-01-04 22:33:48+00:00,Release the cleavage
Ronnie Harrier,2025-01-04 22:37:36+00:00,TikTok is Chinese government spyware.
Scott,2025-01-04 22:38:47+00:00,"C'MON there is nothing ""little"" about your cleavage!!"
WPGJETSWHA,2025-01-04 22:47:12+00:00,Why would I use TikTok
Whodatwhodere,2025-01-04 22:47:12+00:00,Post pic to confirm
Mike Inca,2025-01-04 23:34:23+00:00,Damn them!!!
frankthetank,2025-01-04 23:42:57+00:00,Dam shame
derick holman,2025-01-04 23:45:35+00:00,"Paige, in all due respect, I barely notice the cleavage anymore.  I’m just here for the golf content."
Steve,2025-01-04 23:47:36+00:00,Your cleavage could be considered dangerous!!!
The Trader,2025-01-04 23:49:24+00:00,Stick to golf
Mr. Dooo,2025-01-04 23:50:34+00:00,Ridiculous
johnpaul2024,2025-01-04 23:54:01+00:00,no fair!!! I’m with you!!!
Drohi - ReSSRection,2025-01-04 23:57:36+00:00,Tik Tok Soks
Big Balls Mcgroin,2025-01-05 01:44:11+00:00,I got prema banned for just having Trumpster in my bio. They only want underage kids on there
Jamie,2025-01-05 07:18:15+00:00,Free the puppies
Chris Grundman,2025-01-05 10:30:48+00:00,"Repost on 
@X
 for clarification please."
Abe Froman,2025-01-05 21:34:06+00:00,TikTok banned cleavage?
Beyond Closed Doors,2025-01-06 03:25:58+00:00,We would love any and all of your content at Beyond Closed Doors
Robert Alleruzzo: Dude/Bro/Hey Man,2025-01-06 11:19:18+00:00,Phuck that Chinese Spyware!!!!!!
Ostracismul Influentei,2025-01-06 12:38:04+00:00,But you have many choices. One of them is OnlyFans.
Mark in Mississippi,2025-01-06 15:43:59+00:00,SHOW THEM TO ME
Francis,2025-01-06 18:24:50+00:00,Really?
Bob Turberville,2025-01-06 19:01:52+00:00,If you're going to get banned give them something to ban you for. Just let me know when you're doing it.
Eddybitcoin,2025-01-04 22:50:14+00:00,"@tiktok_us
 is GAY"
Jose n villegas,2025-01-04 22:50:17+00:00,Yes free them!!!
Dennis Miller,2025-01-04 22:51:08+00:00,You don’t need it Paige! Stay away.
nope,2025-01-04 22:52:26+00:00,May as well just show the whole  at this point
ExPat,2025-01-04 22:52:26+00:00,I will fight for your right to cleavage!!!
agordan1,2025-01-04 22:59:34+00:00,You can dm me the cleavage anytime
Matfab,2025-01-04 23:02:37+00:00,All Norks Matter!!
Nick Magagiorgio,2025-01-04 23:03:47+00:00,Blasphemy!!!!!
Teeka,2025-01-04 23:05:57+00:00,We need you on Brazzer
杉田【Mitsuaki.S】,2025-01-04 23:07:02+00:00,boobs make the world peaceful
Stephenstephen,2025-01-04 23:08:01+00:00,Free the nips!!!
Matt Donovan,2025-01-04 23:08:37+00:00,I’m not sure little and innocent are adjectives that belong in a sentence with your cleavage
Steve Cavalli,2025-01-04 23:10:03+00:00,Show them to me - Rodney Carrington
Kya's Proud Dad,2025-01-04 23:11:39+00:00,Move to Nostr! No censorship
Allan.W.,2025-01-04 23:11:53+00:00,#freetheclevage
ShowMeThose00,2025-01-04 23:14:58+00:00,Show those tits you prude tease!
Rotoman,2025-01-04 23:16:06+00:00,That's a violation. I didn't even see any nip!
Will T,2025-01-04 23:16:06+00:00,"That blowsPaige! Cleavage is harm
less."
thecrow,2025-01-04 23:19:52+00:00,So sad Paige. Free the cleavage!
The Porkchop Express,2025-01-04 23:21:27+00:00,Well if was baring all the cleavage in regards to you I am on board for sure
Swirvin,2025-01-04 23:24:28+00:00,I'm gonna need an example Paige. and thank you.
Dale Doebac,2025-01-04 23:24:45+00:00,How can I help?
Don,2025-01-04 23:27:13+00:00,Please do
Pat Theisen,2025-01-04 23:29:04+00:00,"Please, free the cleavage!"
Greg sinn,2025-01-05 00:01:45+00:00,Absolutely
Poppy peed on my new sofa!,2025-01-05 00:08:43+00:00,I’m so glad I don’t know what “shadow banned” means. Social media is all so ridiculous and unfulfilling.
Robert Salcido,2025-01-05 00:08:45+00:00,I second that.
Patrick Haugen,2025-01-05 00:13:15+00:00,Let it free!!!! Let it all be free!!!!
T Bone,2025-01-05 00:16:04+00:00,Send cleavage now !!!!! lol
crazyed,2025-01-05 00:16:20+00:00,They are meanies. Your cleavage never hurt anyone!
Reef Donkey,2025-01-05 00:22:14+00:00,Word
Bill Cool,2025-01-05 00:30:24+00:00,Did you say the cleavage was free?
JDawgggg,2025-01-05 00:31:54+00:00,Preach!!!
Octavio A. Otero,2025-01-05 00:34:45+00:00,Free the cleavage!
Cas,2025-01-05 00:44:56+00:00,Your cleavage could lead us to world peace.  Free the cleavage!
Puddle Jumper,2025-01-05 00:48:19+00:00,Love your cleavage
The Algo Riddim Killa,2025-01-05 00:52:57+00:00,Screw TikTok buy #AMCSTOCK
RUSSELL NEGLIA,2025-01-05 00:53:26+00:00,I’m with Paige.
Alon B.Bass,2025-01-05 00:59:35+00:00,How dare they!
Ivan,2025-01-04 23:58:53+00:00,The Chinese are offended by your boobs
Leo Marino,2025-01-05 00:01:41+00:00,Free the cleavage
Jim Shaffer,2025-01-05 01:13:40+00:00,"It may be innocent, but let’s not kid ourselves… it ain’t little."
TheDispensaryGuy,2025-01-05 01:24:34+00:00,Shadow banned for that...please welcome to my world. I gave up over there.
Jon Blade,2025-01-05 02:08:09+00:00,That’s why you need to drop the Chinese crap
Stavrogin,2025-01-05 02:09:31+00:00,How? I see cleavage all the time on there.
Jim Perkins,2025-01-05 02:25:11+00:00,Show me the cleavage!
Elfie_Peacock,2025-01-05 02:27:30+00:00,There’s nothing “little” about your cleavage lol.
Larry Fredricks,2025-01-05 02:31:39+00:00,They’re just jealous. Nice run.
Anda123FOUR,2025-01-05 02:35:14+00:00,"Just stay here, girlfriend. Tik tok will beg to have you back eventually."
J,2025-01-05 01:03:08+00:00,"I'm not sure cleavage is ever ""innocent"" but it always means well."
Montag1024,2025-01-05 01:14:45+00:00,Definitely free the cleavage!
alwaysoverpar,2025-01-05 01:28:42+00:00,Ain't gonna lie.   Truth
Rex Long,2025-01-05 01:44:30+00:00,"Let's storm the White House again, FREE THE CHEAVAGE will be our cry."
fester54,2025-01-05 01:52:17+00:00,Did you just say “free the cleavage”
Jim Ward,2025-01-05 01:53:50+00:00,Free those Ta Ta’s!!!
Jared,2025-01-05 01:54:34+00:00,Thanks a lot Biden
Scott Chase,2025-01-05 02:29:21+00:00,Im only here for the beautiful golf swing
Rob Bradaric,2025-01-05 02:32:45+00:00,Make tshirts
Jeff Youngblood,2025-01-05 02:32:50+00:00,LOL!!
Dexerto,2025-01-03 16:13:25+00:00,Twitch bans ‘implied nudity’ after the recent censor bar controversies
Dexerto,2025-01-03 16:37:12+00:00,"Full story: 

https://dexerto.com/entertainment/twitch-bans-implied-nudity-as-new-censor-bar-meta-takes-over-2455989/…"
HANCOCK,2025-01-03 16:16:23+00:00,morgpie after hearing this information
CircleToonsHD,2025-01-03 16:55:42+00:00,"I love people that continuously try to break a system meant to protect children so they can expose them to porn at a young age on a 12+ site!!!!!!!!!!! This is so awesome!!!!!!! I can't wait for the next ""meta"" where they push the envelope again!!!!!!!!"
Opera GX,2025-01-03 16:33:45+00:00,no more
SUNDOG,2025-01-03 16:14:29+00:00,it’s a gaming livestream platform not pornhub live
inhuman,2025-01-03 16:13:49+00:00,Insane that it took this long
Mike27356894,2025-01-03 16:43:32+00:00,"THIS ISN'T FAIR.

DO YOU KNOW HOW LONG I SPENT MODELING MY 10 FOOT PECKER?

EVERY DETAIL. EVERY VEIN. EVERY FOLICLE ON MY FORESKIN.

DAYS. WEEKS, IT TOOK ME. AND NOW IT WAS ALL FOR NOTHING.

I WILL NEVER FORGIVE YOU, TWITCH."
Firedancer,2025-01-03 19:54:46+00:00,FINALLY!!! I went way too far with these censor bars!!
Pyo,2025-01-03 16:22:45+00:00,"Twitch flip flops on it's decisions weekly, probably losing investors and advertising to do this"
𝗞𝗙𝗨𝗔,2025-01-03 16:13:40+00:00,Back to Pornhub for them
SmugAlana,2025-01-03 16:22:00+00:00,damn and I was just starting to enjoy the male version of censor bar streaming!!! curse you twitch!
Mate,2025-01-03 16:37:53+00:00,Twitch CEO reading his DMs from Amouranth after this
Wealth Turtle,2025-01-03 16:13:47+00:00,Twitch is a woke joke
Pengu,2025-01-03 18:55:49+00:00,Fucking finally
SNOW SOS,2025-01-04 20:28:08+00:00,Penis stream canceled
rivaLxfactor - Battlefield 6 waiting room,2025-01-03 18:11:00+00:00,When does actual nudity get more than 24 hours off though?
Bobbie Lavender,2025-01-04 05:44:30+00:00,honestly this is a huge W.
Marc Rocke | 14 Inch,2025-01-03 19:54:17+00:00,lol
Insane World Events,2025-01-03 16:14:28+00:00,"About time, kids don’t need to be watching that"
PlayStation Planet,2025-01-03 16:15:57+00:00,Just ban excessive cleavage and twitch will be a gaming site once again
bunnimoni ⋆˙⟡,2025-01-03 16:13:52+00:00,Should have never been introduced in the first place
Y̴̴o̴̴u̴̴W̴̴o̴̴n̴̴t̴,2025-01-03 16:49:01+00:00,It took so long because they milked every dime they could out of it. They had their December sub promotion going. They know what they were doing.
Cheribiri | MOVED TO,2025-01-03 20:42:17+00:00,fucking finally
AnthonyCSN,2025-01-03 20:54:15+00:00,Thank you Twitch a clear response to this!!!
Savajin | JOYCONBOY,2025-01-03 18:25:43+00:00,funny how no one realizes they waited for the holiday ads boost to be over before banning it
Phuzzy,2025-01-04 05:10:24+00:00,"I wish there were main categories, above the current categories.

For example when I want to stream I choose Gaming , then Game Name. Kinda like how YouTube does it, this way we can add filters on our profile to only recommend selected categories on the home page."
🅂🅄🄿🄴🅁🄲🄷🄰🄼🄿🅉 🢃🢇🢀 Steam,2025-01-03 17:18:40+00:00,Imagine they need to produce real content now
rodrigo,2025-01-03 21:46:23+00:00,clown show
Peter Fuchs,2025-01-03 19:53:02+00:00,"Couldn't they use 18+ verification? 
And you wonder why is birth rate declining..."
nezst LA,2025-01-04 03:38:30+00:00,twitch coincidently rolls this back once the discounted subs promotion ends…
Mr. Nomad,2025-01-03 21:26:57+00:00,Let’s see how long this sticks
ScDK,2025-01-04 00:00:31+00:00,"Way too slow. You can tell they were reluctant to do it.

Twitch streamers and viewers who endulge in this nonsense - Chaturbate, Pornhub and Onlyfans are RIGHT THERE. Ready to be taken advantage of."
𝙀𝙧𝙞𝙚,2025-01-04 02:13:33+00:00,"Am I dreaming, or is it finally happening"
#𝚍𝚘𝚖𝚒𝚗𝚒𝚘𝚗𝚜𝚢𝚏𝚢,2025-01-04 06:00:50+00:00,"Fucking finally. Twitch isn’t a porn site, it’s for gaming and such, there’s no reason for nudity or sex."
LeCoq_79 TTV,2025-01-04 06:47:12+00:00,"Well it was fun while it lasted, there goes my money making scheme"
Nick Jenkins,2025-01-03 18:16:40+00:00,It took them long enough!!
Biast12,2025-01-03 19:35:37+00:00,Fucking W!!!!
MrTastic,2025-01-03 19:40:26+00:00,Took them long enough
Shinobu,2025-01-03 19:58:06+00:00,"Good
Idek why this was an issue
Like bro
Just play your games"
✰SirZparityOfficial✰,2025-01-03 20:14:35+00:00,About time.
Mango,2025-01-03 20:56:29+00:00,L for losers
Rex The Guardian || Vtuber ||,2025-01-03 21:13:20+00:00,took them long enough holy shit
Ivy,2025-01-03 22:00:09+00:00,"@xkittymiyu
 LESSGOO"
Weeb Potato,2025-01-03 22:25:28+00:00,Hot Tub streamers after Twitch’s new rule:
LuciferSynd,2025-01-03 22:49:48+00:00,"Man, Paypal and advertisers really came knocking on their door huh?"
Lucis/Mogs - Moogle VTuber,2025-01-03 22:50:20+00:00,Rare twitch w
Lars Ake,2025-01-03 23:45:27+00:00,What if a women presents as a man? Can they show their tits then?
Scurvis,2025-01-03 23:46:32+00:00,These streamers gonna get everything banned
Bop,2025-01-04 00:03:04+00:00,Guess you all got to be satisfied with my cleavage
Philmyster,2025-01-04 00:19:17+00:00,So I can show my nipples as a male?
GuySomeoneLEGIT,2025-01-04 00:20:28+00:00,Whormageddon II: Electric Boogaloo
Jaroslaw HB,2025-01-04 00:29:35+00:00,"Imagine a gaming streaming Platform dealing with this kind of shit. Bye bye twitch, your platform is doomed."
Lukecario,2025-01-04 02:22:29+00:00,Rare Twitch W?
Colin,2025-01-04 02:39:16+00:00,"@MoistCr1TiKaL
 this girl changed the twitch ToS 
@Firedancer121"
some dude named jon,2025-01-04 06:02:33+00:00,"They would have done it sooner, but they had to finish first"
立花ニキタ,2025-01-04 06:13:40+00:00,"I honestly don't get why those types of streamers use twitch,  when they have sites like pornhub, chaturbate, myfreecams etc.. I personally prrefer to block em, without even trying to watch their content."
Nep,2025-01-04 08:22:18+00:00,This really shouldn't of been a thing in the first place....
Mike,2025-01-04 10:26:11+00:00,Honestly I don't think they have a clue what the want to permit and don't want to. How much backtracking now?
Blissy,2025-01-04 11:30:08+00:00,"I already deleted my account.
I just wanted to see gaming content not OF content. 
There are plenty of places to do weird nude stuff, not everyone wants to see it. Plus kids are on Twitch, how about we just let them be innocent as long as possible"
ESCO,2025-01-04 12:32:31+00:00,twitch became one of the biggest jokes on the internet
GameShow321,2025-01-04 14:17:42+00:00,I will no longer be show my vagene when streaming on #twitch. A dark day for America.
cottonmouth,2025-01-04 15:15:37+00:00,The worst day for whores since gamergate
hakari,2025-01-04 15:19:04+00:00,I'm out here working like this and these goes barely showing their tits and getting thousands in an hour
Natt,2025-01-03 16:13:47+00:00,Now I’m out of a job
Zeriya,2025-01-03 16:44:09+00:00,This can be abused lol
GodOfKnockers,2025-01-03 17:36:05+00:00,"Ultimately, yes, the metas are dead. The rules were tested and measured and a limit has been discovered.
And this is a good thing.

Why? Because that means only one thing: New TOS-Compliant Metas can be made!

Know the Limits, play within."
Armen,2025-01-03 17:52:43+00:00,Twitch having an identity crisis.
Parrot’s World,2025-01-03 20:06:38+00:00,"Twitch said  “We don’t permit streamers to be fully or partially nude, including exposing genitals or buttocks. Nor do we permit streamers to imply or suggest that they are fully or partially nude, including, but not limited to, covering breasts or genitals with objects or censor"
jj,2025-01-03 20:22:16+00:00,Sim’s Players be like:
Franklin,2025-01-03 20:33:00+00:00,This foolish website flip flops every 2 weeks
Dashie The Fox,2025-01-03 21:18:01+00:00,Gamers right now
Nekolive Gaming VTuber,2025-01-03 21:32:03+00:00,"Ya know, twitch dossent know what they are doing anymore lol,  just make two platforms allready lol"
VDubb,2025-01-03 22:21:29+00:00,What does “present as women” translate to exactly? My assumption is that means “if you’re biologically a woman or pre-op trans-masculine.”
VDubb,2025-01-03 22:23:48+00:00,Poor sex-negative Zoomers are going to be sexually starved now that they can’t get easy access to PG-13 implied nudity. They’re going to lose it if their Google searches leads to seeing actual genitalia.
Paradigm City,2025-01-03 23:10:35+00:00,Rare Twitch W for once.
CHRIZZ,2025-01-03 18:54:04+00:00,"Why are mini bikinis allowed and I, as a man, can't stream shirtless in the Summer, while all internet whores paint themselves buttnaked?! YouTube and Twitch are hypocritic platforms."
ChadDudemeister,2025-01-03 19:41:09+00:00,@saint_ck
iiWhiskey,2025-01-03 23:12:20+00:00,Whores taking a huge L again:
Torrent_Of_Pork,2025-01-03 23:30:01+00:00,How about they just be a videogame streaming site?  If PornHub wants to host titty streams than so be it.
XraypcVO,2025-01-03 23:37:58+00:00,E thots looking at this news
𝐁𝐫𝐨𝐤𝐞 𝐁𝐨𝐲,2025-01-04 00:42:18+00:00,RIP to 3/4 twitch viewers
Z,2025-01-04 00:58:19+00:00,Twitch in 2023-24
Timothy Jackson,2025-01-04 02:01:14+00:00,"Of course they'll probably be making exceptions for their favored unholy trinity of Amouranth, Alinity and Morgpie..."
tiyst ▚▘▚▘▚▘,2025-01-04 02:05:07+00:00,
Zig Bugbear Vtuber lite,2025-01-04 02:17:28+00:00,I BET ALL YOU ARE NAKED UNDER THOSE CLOTHES!! FILLLLTH FILLLLTH SHAME
littledoodler (COMMISSIONS OPEN!!),2025-01-04 01:42:10+00:00,"Thank god, it was so annoying"
Friendo,2025-01-04 01:44:17+00:00,Booba always finds a way.
conrat4567,2025-01-04 01:48:40+00:00,"So, back to normal then?"
MasterDarkseid,2025-01-04 02:22:12+00:00,"thank you twitch. and thank you 
@djclancy999
. Huge progress."
Tycho!,2025-01-04 02:40:49+00:00,Are you wearing a fucking shirt on stream? You're naked under there!!! Banned!!!!
President Narutowatcher465,2025-01-04 02:59:50+00:00,This should've been blacklisted in the first place.
TrashMantis,2025-01-04 03:15:18+00:00,Seems like twitch got fet up lol
Gabe_isrly_cool,2025-01-04 03:20:32+00:00,took long enough
Travis Coppola,2025-01-04 03:40:58+00:00,Just call yourselves pornhub 2.0 and be done with it
Swordking090,2025-01-04 06:02:13+00:00,People will always find ways to push the boundaries until something happens.
s-dog,2025-01-04 07:26:31+00:00,XDDD
⛧𝕾𝖆𝖙𝖆𝖓⛧,2025-01-04 08:08:46+00:00,Finally. Took way too long. Did they forget its a 13+ platform or what? There were definitley a shit ton of minors watching that stuff
Malcolm Laing,2025-01-04 09:07:06+00:00,Some people on twitch just want to skip brain day every single day.
Icex is on the move,2025-01-04 15:36:53+00:00,It takes Boogie going commando for them to see how horrible this was. What a true hero
lex,2025-01-04 15:36:59+00:00,Mormon/bubble porn is banned now.
vefu,2025-01-04 15:58:56+00:00,Took them long enough to find som decency.
Cracka C,2025-01-04 16:31:04+00:00,But that streamer chicks will continue to use their body as clickbait with no punishments because Twitch sucks
Metra101,2025-01-04 16:46:34+00:00,Im trademarking Free the Bulge immediately.
Сука не переводи,2025-01-03 19:37:56+00:00,Bet you they'll try Wearing clothes but tear off the important parts then put a bar over it saying it's not implied nudity.
Joe Shmoe,2025-01-03 19:37:57+00:00,Nerds
TheEmpress,2025-01-03 19:38:30+00:00,Too little too late for that now. Shoulda realized what you were doing wrong from the very start Twitch.
~v_Magica,2025-01-03 19:39:06+00:00,twitch realizing this change was the worst change in all of mankind
Kuru~chan,2025-01-03 19:40:21+00:00,As they should tectone helped
Stork Delivers,2025-01-03 19:40:29+00:00,"So men can still do censor barsfor their nipples.  Looks like we got a mew meta, men!!"
zeal,2025-01-03 19:41:03+00:00,"""after"" carrying allot of weight here"
SageTreacherous,2025-01-03 19:44:39+00:00,lmao I'm sure Morgpie will find another loophole / meta with this revision of the rules.
Owlcapwn,2025-01-03 19:48:50+00:00,"I guess Morgpie is going to have to go back to doing anal vids.

Sucks to be him."
Loukas Dreemingtun,2025-01-03 19:50:32+00:00,So how long until a new loophole is discovered to abuse? Any gray lines for them to get away with?
Ipmener,2025-01-03 19:51:43+00:00,About damn time
Darkzy Fluff~,2025-01-03 19:53:33+00:00,"At this point, idfc what they do, I just wish they'd make up thier minds."
Born again Christian,2025-01-03 19:55:20+00:00,I love how one incident turned into twitch swaying so hard one way then having to sway so hard the other way cause they fucked up so bad. Insanity
Too lazy to make a name,2025-01-03 19:59:50+00:00,They shouldnt have ever allowed it in the first place but at least they reverted it quickly
Asuka,2025-01-03 20:00:03+00:00,"@iBruhnana
 NOWAYING"
old milk,2025-01-03 20:00:19+00:00,I wonder if Mormon bubbling is allowed
Amanda,2025-01-03 20:00:26+00:00,Ah yes I’d love my gaming stream site with my gaming stream site back please.
meh,2025-01-03 20:02:21+00:00,Seems pretty reasonable and anyone against this is a pedophile and a capitalist scum.
DragonWarden93,2025-01-03 20:02:43+00:00,Good neither women nor men will be able to use this shit to ruin one of the greatest platforms known to men! XD
MaxeusTheFirst,2025-01-03 20:09:42+00:00,"Wow, really took their time for post nut clarity with this one."
Vara Dark,2025-01-10 21:48:41+00:00,"On the left we have a Calvin Klein advert that was banned due to its ""oversexualizing nature"" after regulators deemed it “irresponsible and likely to cause serious offense

On the right we have a Calvin Klein advert that the media praised and regulators said NOTHING about."
Vara Dark,2025-01-10 21:50:32+00:00,"The UK’s regulatory organization said in a statement that the image needed to be pulled because it “used nudity and centered on FKA twigs’ physical features rather than the clothing, to the extent that it presented her as a stereotypical sexual object,” according to the Guardian"
Blue Crimson,2025-01-10 22:29:16+00:00,"It was never about sexualization or agency, it was about hate for whatever makes a hetero man happy.
Misandrists hypocrites, that's what they are."
Jonathan.G,2025-01-10 21:52:31+00:00,Sexy Females is bad but Sexy males is Good.
HoodieKnight97,2025-01-10 23:34:18+00:00,"Regulators: Um,this woman wearing nothing but a jacket is irresponsible.
Also Regulators: https://youtu.be/2jTr0Dq_kmE?si=j50LAlaF2DB7XhCc…"
Aurondarklord-Mordred Appreciator,2025-01-11 03:17:31+00:00,"Reminds of the ""beach body ready"" ads, the company actually stood up to SJW pressure and refused to cave.  They immediately went around them to regulators to force their will through state jackboots.

That was when I realized they'd do ANYTHING to win."
A.J. Will Eventually Talk About Comics Again,2025-01-11 14:43:41+00:00,"Because shirtless men in the West has been normalized as long as they're conventionally attractive while women's nude forms have been regulated heavily for a very long time. 

Or race. There's also race angle you could go with. But I doubt that is what you're trying to say."
Tamaki Suoh,2025-01-11 02:04:39+00:00,Double Standards suck
Anthony Calogero,2025-01-12 22:53:41+00:00,"To be fair, I wouldn't know that was a Calvin Kline ad on the left I don't see any logo or anything. The one one the right at least does. Also I just don't like FKA"
BlackAngel,2025-01-11 08:29:49+00:00,"its simple, if they allow one on left, they will need to admit that fat people are sick :D fatphobia rules, DEI"
Lloyd Williams,2025-01-11 17:22:40+00:00,Probably because they are into guys.
Ravenxwlz47,2025-01-12 21:28:41+00:00,Uhh...And what is wrong with the right? Its oversexualized too you guys just dont recognize that.
Ravenxwlz47,2025-01-12 21:29:40+00:00,"Its actually funny when you think of it, right? Ad companies and media act like their object. They're not. They're really very subjective, lol."
"A Roguish Ham Free , , Tibet",2025-01-12 21:58:49+00:00,Seems racist...
Stormbringer Art,2025-01-13 08:39:42+00:00,Double standards as usual. Yet young male suicide is the highest rate ever but here we are it’s sad
N.E.H.-Windzen,2025-01-11 01:03:05+00:00,"We must stop taking them at face value. The buzzwords about ""harm"" and ""offence"" are simple lies. They just hate heterosexuality and men. They attack, demean, shame and remove whatever lets them hit both at once, which is most often attractive women in media."
Sky Spider Girl,2025-01-10 21:51:02+00:00,What a joke
Carlos G,2025-01-11 00:56:31+00:00,Regulators are sodomites.
Rikki,2025-01-11 19:36:10+00:00,In a nutshell.
Der_Localizer,2025-01-11 19:56:31+00:00,You really suck at this “pick me girl” grift. The chuds you’re trying to pander to think both are degenerate and should be banned
Tiền Academy - Bitcoin - Crypto - Tư Vấn,2025-01-10 15:10:11+00:00,LIVE STREAM SẼ BẮT ĐẦU TRÊN TIKTOK SAU 10 PHÚT!!! BẠN KHÔNG MUỐN BỎ LỠ!!!
Dumbo Cang,2025-01-10 15:10:37+00:00,
Tao Phan,2025-01-10 15:11:11+00:00,Haha em tham gia nha
frances odera matthews,2025-01-11 12:51:39+00:00,Watch the IDF ban TikTok after this
Suribelle,2025-01-08 22:24:22+00:00,"X Platform “Twitter” bans the Al-Qassam Brigades account hours after its launch and after it reached more than 150,000 followers."
Displee,2025-01-09 09:37:52+00:00,Cursed they are
masseduction,2025-01-10 12:09:34+00:00,"and if you ban tiktok, who is going to run all your jokes into the ground?"
masseduction,2025-01-11 03:39:24+00:00,this is like a genuine example of how to ruin a joke by just making it your opinion with no humour involved. like those “leftist memes are really wordy hurdhurd” things but as a tiktok. i don’t even like taylor and i hate this
greedy esquire,2025-01-11 04:27:47+00:00,i liked the sesame street one but some of these are so .......
Ahlana,2025-01-12 06:54:42+00:00,wait what happened everyone was doing like fandom jokes 'if you kick out every oompa loompa' 'if you kick out every animal crossing villager' etc this is so much worse
"New Year, New Alien Superstar",2025-01-11 11:29:40+00:00,They are trying to find a way to ban TikTok AS WE SPEAK
AISue,2025-01-11 12:47:27+00:00,"Just in: ByteDance to shut down Resso in India by month-end!  As they prioritize TikTok Music, Resso bids adieu following the TikTok ban. Get the full scoop here: https://techcrunch.com/2024/01/11/bytedance-is-shutting-down-its-music-streaming-service-resso-in-india/…  #ByteDance #RessoShutdown #TechUpdate"
Biraj,2025-01-10 06:24:09+00:00,The worst part about this Tiktok ban is that I can’t deactivate my Instagram as often as I’d like to.
Biraj,2025-01-10 15:57:19+00:00,kk bhairako chha teta tira hijo aaja?
Solcu Gazete,2025-01-12 07:37:42+00:00,"Mehmet Şimşek: 

""Başta fenomenler olmak üzere, Instagram, Twitch, TikTok ve Facebook gibi sosyal medya uygulamalarından gelir elde edip, bu gelirleri beyan etmeyenler hakkında çalışma başlatıldı."""
Nesli,2025-01-12 07:50:41+00:00,Bu milletvekillerinin dokunulmazlığı olmasa onlarıda araştırırmısınız??? Hani onlarda birçok yerden maaş alıyorlar falan? Veya torpille işe aldığınız memurlar???
KriptoSeneR,2025-01-12 08:40:59+00:00,"Türkiye şuan kripto para yatırımı yapan ülkeler sıralamasında Avrupa'da birinci Dünyada da ilk onda değil mi? 

Kaç milyon yatırımcı var bu ülkede? Cex KYC 'li yatırımcı 10 milyonun üzerinde ve Dex'leri saymıyorum bile.. 

Peki şuan ülkemizde kripto para düzenlemelerine hangi"
Emre Efe,2025-01-12 07:43:08+00:00,Yakında aldığımız nefese de vergi isteyecekler
βℓ๏ǥ ๏Ŧ ๏ƶǥยя,2025-01-12 07:41:13+00:00,siz önce çetenin vergilerini silmeyin de ..
Anılcan Ölçer,2025-01-12 07:39:29+00:00,neyse x'den bahsetmemiş iyisiniz yine
★☆★🅜🅣🅝★☆★,2025-01-12 07:39:29+00:00,Daha 5 milyon görüntülenme alamadık awk ne gelirinden bahsediyorsun.
Çolakoğlu,2025-01-12 07:44:15+00:00,Milyarlarca liralık vergi borcu silinenler ne olacak
Niran,2025-01-12 07:56:59+00:00,"Gelir vergisi ödesinler, kimse ödemesinler demiyor da, hükümetin emekliden kısıp oraya buraya gönderdiği, vergi affı verdiği milyar dolarları görmezden gelmesi sinir bozucu."
Leyla,2025-01-12 07:57:46+00:00,#C31KTUTUKLANSIN
ΛNIL,2025-01-12 08:14:15+00:00,Kasa şişer böyle olursa iyi adım
Peter,2025-01-12 08:55:38+00:00,Üç beş yerden maaş alanların durumu da incelensin
Burak () #EhliyetimiGeriVerin,2025-01-12 07:41:21+00:00,Yaz kızım oraya Laz kızının memelere %30 vergi
Alex10,2025-01-12 07:41:28+00:00,Bizden vergileri kesin onlara yükleyin
Mustafa Ercan,2025-01-12 07:41:58+00:00,Bı onların paraları kaldıydı
mahmut,2025-01-12 07:42:00+00:00,Yüzyilin kahramanı son vergi bükücü şimşek
Mehmet GöⓀalp,2025-01-12 07:42:37+00:00,Kendi itibarınızın vergisini verseniz ülke de aç insan kalmaz.Tabii itibardan tasarruf olmuyordu değil mi ?
Mürvet Koç,2025-01-12 07:52:25+00:00,
Pars,2025-01-12 07:55:01+00:00,Zenginlerinde hesaplarını kontrol edin öncelikle sizin partiden
Fvzdy,2025-01-12 07:55:25+00:00,"Budur işte,ileri bakış."
Nurullah efendi,2025-01-12 07:57:31+00:00,Yapsinlar yapsinlar. Orspular az kazansin. Ama simsek te pireyi bulsa skecek o durumda yani.
Revolution,2025-01-12 07:57:36+00:00,Aferin ama azerbaycana 250 milyon hibe etmeyi de biliyorsunuz 5 sene daha bunlari çekicez ulan kiliçdar yaktn bizi
Nurullah efendi,2025-01-12 07:59:19+00:00,Reisimizin dahiyane ekonomi politikasi sonucu nasa uyduk böle oldu. Şimdi şimşek silkmesi yaşiyoruz.
Flybyby,2025-01-12 08:10:16+00:00,"Siz önce doğru düzgün adaletli bir vergi sistemi oluşturun, herkes vergisini ödemek zorunda kalsın, ondan sonra sosyal medyaya geçersiniz. Hani bizi kıskanan bir ülke var ya, hah işte onlara sorun anlatırlar."
Mahmut Amaç,2025-01-12 08:46:31+00:00,Hep vergi toplama derdinde
jale macit,2025-01-12 08:50:52+00:00,onlaramı kaldınız vah ülkem vah...kazandıkları paraya bakacağına içeriğine bak bence
wazzzz,2025-01-12 09:10:51+00:00,Nerden para koparcaklarını şaşırdılar
Ozkan,2025-01-12 09:11:47+00:00,Vergi borcunu ödemeyen şirketlere yaptırım olarak vergi borcunu silmek
Umut Doğan,2025-01-12 09:30:02+00:00,Önce 5li çeteden para toplayın da sonra bakarız gerisine
Acarmahsum,2025-01-12 11:43:19+00:00,Bence iyi bir karar sosyal medyay çok kara para dönüyor.
Murat Devirmiş,2025-01-12 23:44:29+00:00,Para kazanmaya çalışma vergisi ne zaman gelir ?
Sonnnnn,2025-01-12 07:41:36+00:00,Bu güzellik merkezleri  araştırması bı anda bıçak gibi kesildi neden acep kime temas ettiniz
Nuri Sabuncu,2025-01-12 08:05:43+00:00,"Bu haberi görüp telaş yapan sosyal medya fenomeni ve fenomen adaylarına duyurulur !!!
Gerekli tüm vergi ve yasal süreçlerinizi yönetmeye talibim. 
Benimle DM den çekinmeden iletişime geçebilirsiniz."
Salim Erguney,2025-01-12 07:43:02+00:00,lütfen bigo yada el atın
ilk bakış,2025-01-12 07:56:17+00:00,Dilan Polat’a ne yaptınız ?
A.DANİŞ TÜYSÜZ,2025-01-12 08:06:04+00:00,"Asıl büyük vergi kaçıran bazı holdingler, şirketler, fabrikatörler, armatörler, müteahhitler, avukatlar, sporcular, doktorlar, mühendisler, ithalat/ihracat yapanlar hakkında da çalışma yapılacak mı?"
EdoMinato,2025-01-12 09:29:19+00:00,Donumuza diktiler gözlerini. Ona kadar alacaklar.
Jacson A Felts pi,2025-01-10 01:28:39+00:00,"Có hàng trăm kênh Tây Ba Lô giả mạo trên TikTok, Facebook, telegram,  X, … giả danh làm tại RV hiểu biết QFS.

Vui lòng không bao giờ gửi tiền, tiền điện tử, ngoại tệ, v.v. Nếu họ nói giúp đỡ bạn mở tài khoản QFS, không bao giờ có vào lúc này vì bạn chưa được phép mở. Nếu họ khuyên bạn mua bán XRP, XLM, và các đồng coin chuẩn ISO. Bạn KHÔNG NÊN MUA BÁN vì XRP, … chỉ là công cụ của QFS.

Họ rất thông minh để dẫn bạn vào câu chuyện của họ và thậm chí còn sử dụng AI. Vui lòng không bị lừa khi chuyển tiền từ tài khoản ngân hàng của bạn sang VÍ QFS ( tất cả các tài khoản QFS hiện tiền trong đó đều là giả mạo). Những kẻ lừa đảo này ở khắp mọi nơi."
Quang Nam Nguyên,2025-01-10 01:43:31+00:00,xin cảm ơn
Jacson A Felts pi,2025-01-10 01:45:36+00:00,Okay
Nguyễn Long,2025-01-10 01:46:41+00:00,Cảm ơn.
Jacson A Felts pi,2025-01-10 01:57:44+00:00,Yes
Ngan Le,2025-01-10 01:47:28+00:00,Đọc tin này thấy nàng thiệt đặc biệt với tui . Support mọi phương diện kkk
Jacson A Felts pi,2025-01-10 01:48:08+00:00,Thánk nàng
Mang vo thanh,2025-01-10 02:03:36+00:00,Tin hay quá bạn
Jacson A Felts pi,2025-01-10 02:04:14+00:00,Thanks
Quang Hưng,2025-01-10 03:31:54+00:00,Nhiều người nhanh chân muốn sang bên kia bức tường băng sớm thì để tây ba lô làm tk QFS cho mà đi sớm nhé.
Jacson A Felts pi,2025-01-10 03:32:46+00:00,Vâng ! Cẩn thần không lại mất tiền
Vo Thach,2025-01-10 13:22:53+00:00,Toàn bài của Richard Morgan
Jacson A Felts pi,2025-01-10 13:24:04+00:00,Trên telegram của pool kìa cứ phai ở đấy à
Nghĩa Huỳnh πππ,2025-01-10 01:33:21+00:00,Thông tin hữu ích
Thuong Luyen,2025-01-10 03:16:59+00:00,Cảm ơn nàng iu đã gửi cảnh báo đến mọi người
tranthanhhai,2025-01-10 04:38:37+00:00,Cảm ơn bạn về TT hữu ích .
Kevin Nguyen,2025-01-10 06:35:52+00:00,Cứ Pi là chân ái! Có Pi sẽ có đủ mọi thứ
Vinh Quay pioneer,2025-01-10 07:28:01+00:00,Thanks pro nhé
Ando,2025-01-10 23:44:09+00:00,"Thanks e đã thông tin cho ae nhà x 
Chúc e cả ngày vui vẻ an lành đưa tin kịp thời chính xác cho cộng đồng x"
Jacson A Felts pi,2025-01-10 02:31:51+00:00,Cẩn thận thôi anh ! QFS ko bao giờ yêu cầu anh bất cứ gì
Jacson A Felts pi,2025-01-10 13:42:24+00:00,XRP chạy trong QFS sao lừa đảo đươc
Lawrence Mower,2025-01-12 19:58:15+00:00,"NEW: Florida is looking to ban social media for users under 16.

But the research linking social media to teen depression and anxiety is far from conclusive."
marrez76,2025-01-12 22:10:15+00:00,https://nj.com/politics/2023/11/nj-children-would-need-parents-permission-to-use-social-media-under-new-proposal.html…
Pete Alonso Meatrider,2025-01-11 19:02:11+00:00,Yes? What the fuck kind of dumbass question is this. They called it the Final Solution and had massive camps you stupid propagandist
BenLppl,2025-01-09 20:30:14+00:00,"quelle surprise , ban #TikTok ! 

TikTok Quietly Curtails Data Tool Used by Critics

„People and groups had harnessed the tool to scrutinize content on the site related to the Israel-Hamas war and other topics.“

https://nytimes.com/2024/01/08/business/media/tiktok-data-tool-israel-hamas-war.html?unlocked_article_code=1.MU0.u-iw.8o0JbZDbtwRT&smid=url-share…"
BenLppl,2025-01-09 20:32:41+00:00,"Gehen Sie weiter, hier gibt es nichts zu sehen…"
in my Ass,2025-01-11 21:28:47+00:00,"Not no one I know is listening to that album, only TikTok plays lol I’m serious"
Khalil,2025-01-11 21:31:06+00:00,"Tiktok isnt keeping an ENTIRE album #1 on Apple Music for 30+ days lmao 

Maybe if everyone you “knew” didnt exist on social media you’d know .."
Domooo,2025-01-11 22:11:10+00:00,Now why’s the HONKEY in our business???
Draco Targaryen,2025-01-11 21:45:34+00:00,Edit: None of the 3 people that tolerate him play this album.
MrCub202,2025-01-11 23:06:01+00:00,Clean sweep…..you gettin mopped Ho!
PrettyPublicized,2025-01-11 22:07:30+00:00,Clocked
Kay,2025-01-11 22:35:52+00:00,My boyfriend literally says Barbie Dangerous and Eveeybody sets the tone for his day and he is straight soooo yea lmao
Djovayno,2025-01-11 22:22:39+00:00,Gagg his slow bussy ssa
clemsou,2025-01-12 09:26:50+00:00,MDRRRRRRR ATTENDEZ PARCE QUE JE VIENS DE ME FAIRE BAN LA TOUT DE SUITE D’UN LIVE TIKTOK D’UNE FAG D’ICI JUSTE PARCE QUE J’AI DIT QU’IL FAISAIT DU YAOURT EN CHANTANT SAVE YOUR TEARS DU COUP IL A PT SON SEUM PITIÉ
cam,2025-01-12 09:33:05+00:00,ptdrr qui ça
m3ria,2025-01-12 09:42:56+00:00,qui omg
B L A K E L E Y™℠©® LLC,2025-01-07 02:01:00+00:00,"If 
@tiktok_us
 @tiktoklive_US
 is going to censor and ban content and lives bc of criticism of #Zionism, then you need to say that explicitly. #tiktokcensorship"
Standing With Gaza,2025-01-07 02:13:12+00:00,Did you end your live today or did TikTok stop it? Your were talking to a Zs troll
B L A K E L E Y™℠©® LLC,2025-01-07 03:49:52+00:00,No! They banned me during my live. They’ve been mass reporting my videos and my lives.
Pilib De Brún (Phil Brown),2025-01-07 02:05:32+00:00,Where are my #TwitterFiles bro's at? Y'all hate this kind of social media censorship
Furkan Gözükara,2025-01-07 18:16:58+00:00,"Very accurately said

Israel opress everyone in everywhere"
Use Yandex Search Engine for Anti Zionist searches,2025-01-07 13:13:25+00:00,"Shou Chew, TikTok's chief executive, has been getting personally involved in efforts to address concerns that the app has fueled anti-Israel and antisemitic rhetoric since the start of the Israel-Hamas war, in a sign of how seriously the company is taking the criticism. Dec 1,"
Syed Saddam Hassan Naqvi,2025-01-07 02:08:37+00:00,"TikTok's wiping out anything talking about Israel or exposing Zionism. I posted a couple of videos exposing Israel's harsh stuff, but TikTok axed them – including one that was yours."
B L A K E L E Y™℠©® LLC,2025-01-07 02:09:38+00:00,Brooklyn stands with #FreePalesitne
tariq a.,2025-01-07 02:56:09+00:00,Censorship means hiding something.
RuleOneOfTrading,2025-01-07 02:45:37+00:00,Keep spitting
Smig,2025-01-07 10:04:30+00:00,"It’s a media where Zionist can’t control the narrative 

So expect no response 
Or baseless excuses to deny your constitutionally protected freedom of speech"
Dr Nosferatupac PhD,2025-01-07 02:24:46+00:00,ive seen a lot of accounts moving over to Telegram
Laughing Cat just watch'n the world from my perch.,2025-01-07 02:52:34+00:00,"Keep posting half of us get it. The other half want to be fed, even if it means killing innocent beings. How unChrist like is that? The Jesus I know never encouraged war or hatred, dishonesty, lies, he encouraged forgiveness, understanding of others helping others.. not genocide."
Jacob,2025-01-07 11:35:40+00:00,Zionists are a threat to everyone in the world
Sad Ced,2025-01-07 17:05:58+00:00,
Sinead Adamus,2025-01-07 17:25:07+00:00,#FreePalestine
Adam,2025-01-07 02:30:46+00:00,I love Bay Ridge
Cryptofan,2025-01-07 02:40:07+00:00,Use this app Redz
Collectif des 76ans avant le 7,2025-01-07 03:49:05+00:00,"@ezdubs_bot
 english to french"
Ki Adel,2025-01-07 16:54:56+00:00,This child should be in bed at these hours.
Irfan Yahya,2025-01-07 20:15:59+00:00,"@tiktok_us
 @TikTokSupport"
Melanie Dangle,2025-01-07 02:03:32+00:00,You’re doing the lord’s work Blakeley. Thank you.
B L A K E L E Y™℠©® LLC,2025-01-07 02:09:00+00:00,
wb1234,2025-01-07 02:04:47+00:00,I was wondering if they banned you.  You were destroying that Zionist she had no answers to you l.  It was so good to watch seeing her stumbling for arguments
B L A K E L E Y™℠©® LLC,2025-01-07 02:09:18+00:00,Yea they banned me from live
1111,2025-01-07 18:50:39+00:00,The outreach of filthy Zionist hands infiltrated every platform and the myth of democracy and freedom of speech debunked
河上葵音(かわかみあお),2025-01-11 15:06:19+00:00,"結婚はまだまだ恵まれそうに無いんで、、、

とりあえず、、、

どうも！！Tiktok配信でインコちゃんの話したらBANされた女どぇーーーす"
Dev Bajwa,2025-01-10 14:58:31+00:00,"TikTok somehow decided to ban him for NO reason, so let’s please head to his page and show him some love"
GoodVibesJohn,2025-01-10 15:13:03+00:00,Thank you Dev
Shadz,2025-01-10 23:21:39+00:00,"Well, now that the standard part of the day is over and I’ve had a brief sabbatical it seems there’s work to do. 

Alas."
Shadz,2025-01-11 00:28:10+00:00,"I truly enjoy the ladies band James they're good, its a shame this is all draped in cult behavior, grooming, drug use and a myriad of other things.   Im truly impressed by the scores of charges you have that keep being dropped, you seem proud James, why hide behind a pen-name?"
Shadz,2025-01-11 00:33:48+00:00,"I gotta know James, how long did it take for you to break Grace? She had such a fun presence, rock climbing, a youtube channel about makeup, and she even became a nurse!

All the morphine she stole for you really seems to highlight why your stable looks high in every photo."
Shadz,2025-01-11 00:44:18+00:00,"Her choosing to be known as ""Hunter Davis"" isnt lost irony on me James, I gather thats what she is for you, a hunter, what it appears you turned her into. 

See James, blocking me wasn't going to stop this from happening, especially when I realized you were an actual POS."
Shadz,2025-01-11 00:46:51+00:00,"You uploading footage of you shaving her head right before your arrest is pretty on brand, you adore lauding your power over them, your claws are so deep in them they have no idea they're acting against their own sense of self interest."
Shadz,2025-01-11 00:50:28+00:00,"@gigibomba
 

I know your banned from the internet due to the whole 'six counts of planning sexual activity with persons under 16, five counts of transmitting child abuse material, and possessing morphine' thing but someday you might come back around to your old social media accounts once you've woken up."
Shadz,2025-01-11 00:54:05+00:00,"Casey (lol), James tell the class which one of the six left the band and your little cult while you were dealing with all the court system back and forth.

Hunter, Verity, Sophie, Finlay, Charolette, or Hanna?

Didn't take long for the lack of your gravity well to snap her out of"
Shadz,2025-01-11 01:01:26+00:00,"You’re going to just keep going and going aren’t you James, military service, corrections officer and now a cult leader. 

What happens when one of your current wives are, as you say, used up and you find a new thing to play with?"
Shadz,2025-01-11 01:14:02+00:00,"The fact this dipshit is even gaining a platform at all in ""alpha male"" circles is incredibly telling. 

Googling his name brings up a myriad of chaos and insanity, with grooming as a primary dish. 

One doesn't pull the underage bridesmaid in your first wedding into your sex"
Shadz,2025-01-11 01:16:30+00:00,"Cry about me pointing this shit out all you want, but ill be god damned if im going to let some dipshit give life advice like some discount Andrew Tate, all under a fake name, while running from federal charges for sex crimes a mile long."
Shadz,2025-01-11 01:34:28+00:00,"James, it doesn't matter that you deleted the posts where you talked about ""me and wife number Xof6 when she was 16""

It doesn't matter if you change your screen name, or platforms, you're a pet project now."
Shadz,2025-01-11 02:16:57+00:00,"You commented on it, which means youve seen me, Hello Mr. Davis, im Shadz, enjoy your beer, make sure to get back to the Welders Dog soon, they've quite the menu."
Shadz,2025-01-11 02:36:16+00:00,"You’re grooming children you sick fuck.. what should you do?

Hmmm….

You are a pedo. The only thing keeping you from targeting younger girls is you will go to prison like you belong. Like you almost did already. 

But that’s why you have Hunter isn’t it? To help you groom the"
RealClearMarkets,2025-01-12 09:14:24+00:00,To Ban TikTok Is To Ban Individual Am. Freedom http://dlvr.it/T1HMZ7
Mike Adamson,2025-01-12 16:13:19+00:00,Since when is our access to social media a constitutional right? Sounds like a nice sound bite.
ばけ,2025-01-11 17:01:15+00:00,4回目はないって、昨日BAN解除されたばっかやって、そんな壁抜きエグいのしてないってぇぇぇぇ！
The CTICC is an ableist organisation,2025-01-09 05:42:57+00:00,"I always go back to, tik tok was a teen dance app. 

Until adults got locked down and now teens can't dance on the app because adults are creeps to children"
The CTICC is an ableist organisation,2025-01-09 06:17:41+00:00,"Teens used to hang out at arcades and the mall. 

Adults don't want to see children anywhere and if they do see children mending their business,  they tend to find ways to exploit and abuse kids

And record it for tik tok views"
The CTICC is an ableist organisation,2025-01-09 06:26:24+00:00,"Amo used to come to our flat in obs and spend the whole day making a dance video. 

Then she told me to not get on tiktok cause it's for teenagers. 

Like vine. Adults ruined tik tok"
Menzi,2025-01-09 06:09:31+00:00,There are no kid-friendly spaces anymore
Pink & White,2025-01-09 06:43:08+00:00,"Teens really don't have anything catering to them anymore, I've noticed with TV as well, there are so many shows for babies & toddlers but nothing for teens and preteens"
𝖫𝖨 𓆦 • 𓆸,2025-01-07 14:54:39+00:00,"Wait, few days ago some deranged Lilies suspended a Lilie tiktok editors NOW they are reporting Lilie big accts & fanbases? 

ARE YALL OUT OF UR MIND?! 
I get it we have diff opinions but why will u cancel ur own? Y’all getting toxic pushing ur irrational narratives. Grow up!"
𝖫𝖨 𓆦 • 𓆸,2025-01-07 15:00:25+00:00,"#that circle of lilies who always into dramatic things & spread toxicity can u all just shut up or better leave? 

Those lilies who have been here longer than these deranged newbies but listen to them & gets manipulated. Try to use ur basic logical sense & get a grip!"
Royce Woo,2025-01-07 14:59:39+00:00,They prepare for their faves by attack Lisa's fanbase
𝖫𝖨 𓆦 • 𓆸,2025-01-07 15:14:15+00:00,Some Lilies who supposedly should know better failed to see this.
VIS SOU⁰³²⁷,2025-01-07 15:08:04+00:00,"Where I come from, we call such people useful idiots. 

Congratulations on your hard work to advance the other three members' careers & popularity, toxic lilies. Lisa will be delighted, as always. She KNOWS she can count on you. /s"
𝖫𝖨 𓆦 • 𓆸,2025-01-07 15:12:49+00:00,They’re getting worse day by day when u try to point d problem is they will blame d person they been hating w for everything that’s happening but failed to recognize their own actions & clouded judgement is d main cause why are here quarreling.
May,2025-01-07 15:00:02+00:00,"As soon as I saw that post, I knew this would happen. No matter our differing opinions, reporting such a big fan acct who only supports Lisa is crazy. Tbh though, that extra pic should've been left out for this very reason, to avoid this mess"
𝖫𝖨 𓆦 • 𓆸,2025-01-07 15:06:07+00:00,"admin has been doing this kind of update for a long period they only have issues NOW, uk why. If only they know how to ignore this wont start any problems"
mabbs˝,2025-01-08 14:43:01+00:00,Luh sino to ate Li? Ewwwww
Alkynesodd,2025-01-07 15:33:52+00:00,Her bf is the problem
𝖫𝖨 𓆦 • 𓆸,2025-01-07 15:36:14+00:00,"YOU along w those deranged like u is d problem. There’s no confirmation, & whether its true or not why is such a big deal? Are u LISA or her mother? 

d likes of u are d main pest of this fandom."
ℐഒ_𝓢ꕤ-𝓢ꕤ ALTER EGO,2025-01-07 15:15:16+00:00,"A movement destroyed Lisa's fan base from Anti and another girl's fan . How stupid of Lily believe that ,we must stick together."
Fox News,2025-01-12 19:08:37+00:00,Popular TikTok food critic cancels San Francisco tour citing unsafe conditions: ‘Shocking to say the least'
Alex,2025-01-12 19:21:44+00:00,At least there is a woke pride flag on the pillar
WolverineCC,2025-01-12 19:40:51+00:00,Gavin’s dream for America.
Nefarious,2025-01-12 19:14:10+00:00,Just think....they keep voting for more of the same
BeeCee,2025-01-12 19:15:45+00:00,https://x.com/realMikeLindell/status/1745860257547518090?t=wwDZ2aC1GySfLigsUpdmXQ&s=19…
Michael Signo,2025-01-12 19:16:27+00:00,Smart Smart move!!
jim muelchi,2025-01-12 19:19:18+00:00,"San Francisco, liberal shit hole"
Ericka,2025-01-12 19:22:06+00:00,Oh Wow
MM,2025-01-12 20:28:52+00:00,"Way to go 
@LondonBreed"
Erik,2025-01-12 23:43:09+00:00,"""shocking"" ??
.
hahahahahahahahahahaha... slow learner..."
x jun,2025-01-12 19:08:52+00:00,Popular TikTok food critic cancels San Francisco tour citing unsafe conditions: ‘Shocking to say the least'
haily tyler,2025-01-12 19:09:01+00:00,Anyone Needs a Quality Logo done?
Tech Trend Hub,2025-01-12 19:09:05+00:00,he should try Detroit instead
Rizwan Ali,2025-01-12 19:09:16+00:00,Ohh
JessyHanson,2025-01-12 19:09:19+00:00,"Sweet or salty, safety's first, amirite? But maybe a lil' thrill makes the food taste better. Thoughts, foodie fam?"
Rizwan Ali,2025-01-12 19:09:20+00:00,Ummmm
Rizwan Ali,2025-01-12 19:09:24+00:00,Hmmm
IF AHMED,2025-01-12 19:09:27+00:00,TikTok
Abdurrahman olohunoyin,2025-01-12 19:09:51+00:00,He should go to another city
Grace Henshaw,2025-01-12 19:10:53+00:00,That's ok.
Ryan Johnson,2025-01-12 19:11:11+00:00,#NeverNikki
John Sullivan,2025-01-12 19:11:52+00:00,shocker... #BlueLivesMatter
jobå,2025-01-12 19:14:02+00:00,When I went to SF I had a nice walk in the park and ate a calzone but I guess I'm just built different
Wave,2025-01-12 19:16:01+00:00,what's happening sanfo
MAC,2025-01-12 19:22:26+00:00,I guess he lost his appetite.
TruthSocial,2025-01-12 19:38:30+00:00,Oh no!!! A pussy influencer can’t get free food for taking pictures on her phone because the world doesn’t coddle them the way they believe it should. Fuck off
The Honorable Clayton Sterling,2025-01-12 19:46:40+00:00,Apparently now they're a... City critic.
prince ND,2025-01-12 19:57:48+00:00,
Matt,2025-01-12 20:10:14+00:00,0.0 outta 10
Frederick,2025-01-12 20:52:32+00:00,WHO could blame Them???...
GMan,2025-01-13 00:36:30+00:00,
Andy Wainwright,2025-01-13 01:37:01+00:00,Ugh!
Joe Frank Hernandez,2025-01-13 02:33:36+00:00,
Drax Enterprises,2025-01-12 19:23:09+00:00,Incapable of governing.
Nancy,2025-01-12 19:09:57+00:00,City on the verge of permanent ruin.
Gratefulfirst,2025-01-12 19:16:16+00:00,Please watch this and share it everywhere! Fox News Cancelled MyPillow.
American Patriot,2025-01-12 19:19:10+00:00,Fox is now TikTok friendly?
Č๑яnĦoLīQ,2025-01-12 19:20:06+00:00,"Fox News cancels MyPillow.. 
Shame on You! 

https://newsweek.com/mike-lindell-fox-news-dropped-mypillow-1860355…"
Shadow band.,2025-01-12 19:28:59+00:00,"It's only shocking if your a liberal and never been there.
Your media has been running cover on this for years.
Now, go to Seattle or Portland or any liberal city........surprise!!!!"
Peas&butter,2025-01-12 20:21:49+00:00,"While this story is heartbreaking, TX is securing Eagle Pass for the benefit of TX and the nation. Please report on this Fox. #NeverNikki too."
M.A.K.E.,2025-01-12 20:45:36+00:00,They’re the same picture
Jerica Kusi Boateng,2025-01-12 21:43:24+00:00,Shame on Joe Biden.   He should be impeached!!!!!
sai,2025-01-13 11:08:46+00:00,"actually it's not just SF, but almost every cities in America are not safe"
Subtle,2025-01-12 07:56:47+00:00,"Hey 
@DeadbyDaylight
 just went against a lobby of cheaters, two of which at least are live streaming their cheats on Tiktok @echoo711 
@trollingprophet
 maybe ban them? Do fucking anything?"
crys,2025-01-12 13:35:22+00:00,is zb1’s tiktok shadowbanned again…? their likes have been very slow recently… you know what wk1 is going to do whenever they get shadowbanned and who is going to save them from their shadowban (again)…..
ria,2025-01-12 13:41:07+00:00,"it might be tbh ? and in that case, im waiting cause i know it's gonna blow up and everyone is gonna talk about it"
crys,2025-01-12 14:16:45+00:00,yess i just find it upsetting that the only time we will get ricky tiktoks is if the company needs to use his fame
mouna,2025-01-12 13:38:33+00:00,i thought abt the same thing
crys,2025-01-12 14:16:16+00:00,JDJDKFN their recent views and likes are so low
~ᰔᩚCha (semi ia),2025-01-12 14:36:27+00:00,Atleast new Ricky tiktok soon
crys,2025-01-13 04:17:20+00:00,AT WHAT COST…..
*✶saf☾⁺ ׂ 𓈒 ⋆,2025-01-13 04:57:45+00:00,Why does this keep on happening??
ིྀ♡ 𝑾𝒐𝒏𝒚𝒐𝒖𝒏𝒈 Cup cake ིྀ♡,2025-01-13 01:41:10+00:00,Yes very bad views
Supernova Cat,2025-01-13 06:30:08+00:00,Is the link of YouTube
Jez,2025-01-08 19:46:41+00:00,"Such a stupid policy. They'll ban you for recording footage of games that exist on their own platform? Why aren't the game devs banned for creating the pixels you recorded in the first place? Lol.

Make it make sense."
Jesse Norris jessenorris.xboxera.com,2025-01-08 22:37:52+00:00,"No, they'll ban you for uploading mature content into the public ""xbox live"" space.  You can record anything, upload it to your one drive, but certain things, as they have been for decades, cannot go on Xbox Live.  This isn't new, and it makes perfect sense."
Jez,2025-01-09 05:04:32+00:00,Auto upload makes it not make sense
colteastwood,2025-01-08 23:05:46+00:00,"If it gets flagged, have Xbox put a ""Adult Content"" tag on the clip. Twitter does this, and this platform hardly works with anything else."
Kevin Corkenstein Sanchez,2025-01-08 22:36:40+00:00,"I think they are implying only if you upload it to Xbox Live.  Since you can't assign tags like ""Mature Content"" when uploading, it just gets put out on to Live where anyone can see it, including children.   Xbox needs a complete modernization revamp of their social system"
Mike,2025-01-08 22:34:56+00:00,Yeah Xbox is really stepping in mud after the hype coming into the year. It’s always 1 step forward and 2 steps backward since 2013.
Tiso Spencer,2025-01-08 22:51:53+00:00,"The policy isn't the problem, it's how they enforced it. What they SHOULD do is section the content into a rated system based on each game's rating to automatically determine where it gets uploaded with filters and age restrictions.

But that is too much work so..."
Tom Legg,2025-01-08 22:46:51+00:00,"Super stupid. If they want to keep people from seeing certain content then the clips should automatically be tagged with the same rating as the game from which they came, and then those clips can only be seen by individuals whose settings allow them to see/play that rating."
𝘼𝙅 𝙑𝙄𝙇𝙇𝙕 UTV,2025-01-08 22:37:54+00:00,Do you remember my ban for metropolis lux obscura?
malkoram,2025-01-08 22:40:18+00:00,"If you allow mature content in the playform that it's supposed to be for all ages you may get in trouble with certain countries and their laws, I guess a kid can be exposed to that content without even owning the game and that's an issue"
"Grumpy Gamer, AFK",2025-01-08 23:49:25+00:00,"Well, Microsoft that's a GIANT L. What's the problem with BG3? From the start you keep having issues with Larian. You allowed this game on the platform and knew about the sexual content and the game is already rated M. Just lock the recording under mature and that's it done!"
MOBBDE21,2025-01-08 22:40:47+00:00,"At this point are adults even allowed to game? What’s the point of having age groups if everything is age restricted? If they won’t allow mature content on clips, why allow mature content in games? Why should anyone get banned for allowed content in-game?"
Steph,2025-01-08 22:44:20+00:00,"It make zero sense that it doesn't filter posts... for example if the account has parental settings for only games up to E10, then they can only see uploads up to the same level; then it would be on parents for not parenting"
Cerebral Paul,2025-01-08 22:52:50+00:00,"The games are rated M (or equivalent). Warning folks that some content may not be appropriate, currently, no such warning pops up if you look at uploads from users on the xbox. Twitch and other streaming services also warn of such content. I gotta say, your take here seems silly"
MajorStranger,2025-01-08 23:01:16+00:00,Context matter Jez. A 2 minutes sex scene within a 120hrs game is nothing. a 2 minutes sex scene in context of a 2 minutes clip 100% sexual content.
,2025-01-09 01:23:14+00:00,"They’ll allow a game that gets players banned for using a feature they implemented but won’t allow 
@RWSstudios
 games on their platform. Fucking nonsense."
Mander,2025-01-08 22:55:05+00:00,This is definitely a w. There’s got to be a better way to enforce moderation of such content.
Little 3vil,2025-01-09 00:19:06+00:00,Just make an option to mark your clips or your profile 18+ and don't show this content to profiles that are <18. Make it your customers responsibly.
WomenWrestleBetter,2025-01-09 00:28:28+00:00,Like it matters since the games unplayable on xbox right now
Nan-Do,2025-01-09 00:54:27+00:00,"You got more likes than the original post lol. But yeah, also why don't flag these clips as sensitive content instead? If the game is allowed, the content of that game should be allowed as well, just had to be flagged"
JPops,2025-01-09 01:07:39+00:00,"Phil needs to get ahead of this, this is a very shitty policy which is easily remedied and this is such a tone deaf statement from xbox support."
RVs,2025-01-08 22:33:11+00:00,Yes remove nudity it from the start or don't banned players sharing an image of the game.
David,2025-01-08 22:34:41+00:00,Xbox feels like a family centered or kids console bad policy and they should change it
Tiernan,2025-01-08 22:35:09+00:00,Confusing policy is sorta xbox's thing these days it seems.
Dex Di Luca,2025-01-08 22:35:23+00:00,time for players to type slurs in game chat so people can't clip people cheating ?
FAGF,2025-01-08 22:35:25+00:00,"It's that weird American morale system: kids having guns, normal; companies exploiting workers: normal; showing a tit: you're going to hell."
🅞🅛🅓🅡🅟🅖🅖🅐🅜🅔🅡,2025-01-08 22:36:33+00:00,Why are weirdos sharing tits on a consoles network? Should be a NSFW setting
reece,2025-01-08 22:37:57+00:00,"this has been an issue for many years, specifically games with swastikas have been an issue"
JermitTheFrog,2025-01-08 22:38:34+00:00,"I mean what if an adult records a clip that ends up being shown to a minor on the game hub or somewhere else on the Xbox. I can understand why, at least at this exact moment, Xbox needs to avoid these possibilities to protect children and parents."
Richard Devine,2025-01-08 22:43:25+00:00,"What about all the clips people I recorded of V fucking in Cyberpunk? 

I mean what about the clips other people recorded of that."
Obama,2025-01-08 22:45:25+00:00,"Damn, I’m against Activision acquisition now, because ever since they managed to acquired they’re hiring massive L. What is wrong with them lately??"
FroZen MoP 3o2,2025-01-08 22:48:55+00:00,"Should someone in the workspace be allowed to parade themselves around in a t-shirt that depicts nudity on the argument that ""they didn't design the shirt""? Of course not. 

They chose to wear that shirt to work despite its content and should expect discipline."
Newis,2025-01-08 22:49:53+00:00,"Very stupid policy.

Twitch for example doesn't ban for game nudity etc action and you have set your channel to adult content unless the game is banned from Twitch.

This is just pure Microsoft problem for showing PEGI18 game material and the game is not categorized correctly."
ORANGECROC VP,2025-01-08 22:51:08+00:00,Maybe xbox should disable upload to xbox network for content from mature games.
Cerebrus,2025-01-08 22:51:21+00:00,Anything that can be publicly viewed on Xbox Live should be PG. I would rather this guy get banned than any child exposed to it.
| CAKE |,2025-01-08 22:57:24+00:00,Hahahahaaha xbox is failing apart
Sloaneyjr,2025-01-08 22:59:48+00:00,"The game has a user age rating because of its content, you need to be of age to purchase and view the content. 
They need the policies in place. Otherwise, the console isn't family-friendly if someone can look up a game hub and see public recordings of explicit content."
djacob,2025-01-08 23:00:38+00:00,It feels as if consoles that have age restrictions turned on should be locked out of seeing content that was recorded from M rated games if that is the concern.
LocalIdiot,2025-01-08 23:01:29+00:00,Your colours are showing...
YesChef FM,2025-01-08 23:05:29+00:00,Question are the clips seen by others once recored or do you have to post them to your feed yourself. I see it like yu can't do anywhere else so why do you think it's OK to do on a gaming platform.
Theredviper010,2025-01-09 03:26:17+00:00,"My man, the amount of sex scenes I see from random players is outrageous and it’s not by accident lmfao, I get it tbh it’s dumb feature but most people record sex scenes and post them,"
EA XuX,2025-01-09 03:29:44+00:00,I hope journalists keep pressing studio heads about this. This is a stupid policy
Drek,2025-01-09 04:12:37+00:00,Microsoft starting off 2024 with a couple of big Ls
Jaxon Holden,2025-01-09 05:46:11+00:00,"It wasn't because they ""recorded"" the footage 

It was because they UPLOADED the footage"
M7md | Robin and Crash 4 everything!,2025-01-09 07:28:30+00:00,This game has more uncensored scenes than Starfield yet Starfield is not available on UAE but this game is!
RyanB,2025-01-09 08:32:04+00:00,Just stop playing PC games on XBox?
Lowly,2025-01-09 08:33:39+00:00,"Ok. I will
In order to play the game you need to comply with the laws of your land regarding purchasing age related content.
Viewing clips that somebody else has made, currently has no age restrictions or classifications on Xbox
Clips should have the restriction of title applied"
Mister Eerie,2025-01-09 09:44:20+00:00,"Because the studio can’t force children to buy the game but a person who owns it can be showing it to gamers who are beneath the age requirement. It might seem stupid but ask yourself, who gets sued by outraged parents when this happens?
Microsoft has to protect themselves."
max,2025-01-09 10:26:52+00:00,"suspending accounts is just too much, why couldn't they just remove the clip from the xbox live and keep it on local"
mikohimi,2025-01-09 11:47:08+00:00,You are absolutely right
Cosmic Chaos,2025-01-08 23:08:23+00:00,"It is what it is right now, but that doesn't mean it should stay that way. A simple solution would be to auto tag any M rated games so that child accounts cannot view content posted from those games. Posting content that is allowed on the platform should not be against ToS."
Mitchell Kidd,2025-01-08 23:11:31+00:00,"It's not particularly complicated.  For example my daughter is friends with both me and my sister on XBL, and if one of us posted this screenshot it would go straight onto her feed.

I'm not saying this is the perfect system here but there's at least logic behind it"
Bogart Velasco,2025-01-08 23:16:57+00:00,"I can’t, bc it doesn’t."
BigTiddyGotham,2025-01-08 23:20:50+00:00,Why is everyone still complaining about this? Record whatever you want but how is it not obvious youd get in trouble the moment you UPLOAD it to the xbox live space on your profile. Just DONT UPLOAD IT. How is any of this surprising
Chris Holmes,2025-01-08 23:21:48+00:00,Why are Americans so scared of the female body?
BigTiddyGotham,2025-01-08 23:22:29+00:00,It takes like 3 clicks to turn off auto uploading.
Dave™,2025-01-08 23:23:26+00:00,"No one shoots themselves in the foot better than Microsoft.  Jfc.
The fact *no one* thought ahead at Microsoft about this is crazy. 
Like the dog who catches the stick but doesn't know what tf to do with it."
nice bnuuy,2025-01-08 23:24:12+00:00,it's dumb BS like this that makes me remain a PC gamer for the most part
Johnny Thunder,2025-01-08 23:26:12+00:00,So is being able to turn your console off or on without your permission. Makes you wonder if you really own your hardware and your games.
Matt Wheeler psn: The_Axle,2025-01-08 23:28:01+00:00,For a feature that is automatically turned on.
Gaming Together Podcast,2025-01-08 23:34:06+00:00,"I'd I had to play devils advocate, I'd say you can't buy the game if you're underage but there isn't an age gate if your friend shares a nude image from the game via DVR"
Upperthighs,2025-01-08 23:34:53+00:00,Public display I think.  Solution in the interim would be to flag it as adult as mentioned by others. Blur it out until you confirm age or something
Jnasty,2025-01-08 23:40:11+00:00,"@XboxP3
  fix this please"
Alex Leadore,2025-01-08 23:50:40+00:00,Not familiar with the ESRB?
Lawrence Bilton | 光復香港,2025-01-09 00:06:12+00:00,It's only if you have auto-upload turned on for the Xbox Network. Turn this off and it will no longer be an issue. It makes sense for nude images and clips you've uploaded publicly to the Xbox network to be taken down.
iNfinite Rik,2025-01-09 00:13:55+00:00,"@XboxP3
 you wanna make this whole fiasco make sense? Or walk back this sheer stupidity?"
Solidevolution,2025-01-09 01:17:58+00:00,I just deleted my clips from Immortality
Jacob a beemer,2025-01-09 01:34:17+00:00,Jez that's not what happens. They ban you for uploading them which us sharing them.  Big difference
Henk J. Fraeylema,2025-01-09 01:35:18+00:00,US. Nudity.
Meuku ehpretu ☭,2025-01-09 02:23:04+00:00,"dont upload ""porn"" in public xbox live it is really simple"
AlonconLibra,2025-01-09 02:32:53+00:00,Is the issue that the recorded footage is being uploaded to the Xbox live network?? Or that it’s being recorded period?? Seems like you can record but just don’t upload it to the xbl network (which yes is a feature turned on by default) best to turn it off I guess
unc from the future,2025-01-09 02:58:57+00:00,"You can play it all you want and record it, just don’t share it"
ZacheryDew,2025-01-09 12:18:32+00:00,"Because the ESRB is responsible for the game dev, Microsoft is responsible for you"
gtrunner.bsky.social,2025-01-09 13:11:47+00:00,Money
Connor,2025-01-09 14:14:48+00:00,"I’ve been dying to play BG3, but holy shit I may just wait another year"
Chris Cain,2025-01-09 14:53:28+00:00,"Exactly! They even sell the game on their store. 

They could even set flags so that a screenshot or video of a game is only viewable on accounts with the same or higher age rating, though I can’t believe that’s not in place already.

This makes absolutely no sense, 
@XboxP3
!"
ClickyJoints,2025-01-09 17:01:54+00:00,"I agree with you here, jez.
I had been trying to suss how it worked when I bought my series x. I think I have ot sorted, but can't be sure.
How many other casuals don't have a clue about these things?

Off by default or the company are at fault to."
iä iä Alex ftagn,2025-01-09 18:43:10+00:00,"all they need to do is apply the game's age restriction to the screenshots / video metadata and then the platform can filter activity feeds based on user's age rating. then who cares if you record and share 18+, only 18+ will see it.
problem solved?"
Dry,2025-01-09 19:14:52+00:00,The game has an option to turn off nudity. In terms of the service Xbox should let you tag your uploads by asking if the content is mature before you actually start the upload process. Even if you want to share the footage via message it still uploads to Xbox live first.
Jez,2025-01-09 01:23:49+00:00,thatd be fine if auto-upload wasnt turned on by default.
ClickyJoints,2025-01-09 16:59:20+00:00,"Just have it disabled by default.

We should always make the choice, not have it made for us, case and point with this unlucky gentleman who was playing about with nip pics."
oooWoo,2025-01-08 22:35:13+00:00,Critical failure
malkoram,2025-01-08 22:54:14+00:00,"That's more complicated that it seems and will surely take time to implement, until then that's the only solution. 

Also there must be something against the +18 content in the xbox TOS."
MOBBDE21,2025-01-08 23:16:50+00:00,"The issue here is clips is viewable by everyone. So either they start an age restriction filter, or game rating feature. Either way, the current system is flawed. It’s a bit more complex in terms of sexual content (i.e. nudity) and age ratings in America versus Europe."
Charles Trudel,2025-01-09 02:43:44+00:00,"as soon as i have heard that i was like, wait, isnt it harsh?"
ClickyJoints,2025-01-09 17:04:01+00:00,"That would work as well, although you are talking about a majority who do t know it's there. Never mind, use it.

My opinion ot should be turned off by default or both parties are at fault for the mistake."
Ryan Carbotte,2025-01-09 21:43:32+00:00,"Yup. Auto upload should be disabled for games that contain content that could get someone banned. This is absolutely on Microsoft/Xbox to fix, not its users."
Aarsal (SoulBlazerz),2025-01-09 01:50:58+00:00,"Uh, how are kids seeing games that they're locked out of?

Assuming, of course, that the parent who set up the kids account did their job correctly?"
Pastor Playstation PS4/PS5,2025-01-08 22:40:56+00:00,How are you feeling as a Xbox fan?
Eric,2025-01-08 22:44:53+00:00,"Seriously. It's time those parental controls include a mature content filter for clips and screenshots. It's fine if you don't want kids to see these things, but there are ways to block underage accounts from seeing these things. These things exist on every site. Even here."
Broken Shadow,2025-01-08 22:47:31+00:00,I took a screenshot of a dick in Outlast once and got a temporary ban from Xbox live. Absolute joke policy
Sub-Scorpion,2025-01-08 22:54:05+00:00,The Xbox's biggest enemy is the Xbox itself
Reset54,2025-01-08 23:03:45+00:00,"this is why pc playstation and even nintendo is always better systems,

after the xbox 360 microsoft keeps taking massive losses,
anyone who defends the right to ban people for no reason like this are fucking morons.

plus you can actually sue microsoft for banning you for that."
Lack O'Dubs,2025-01-10 18:07:49+00:00,"If a clip is recorded from a game with age restrictions on, it should be xboxs job to make sure an underage account cannot view that clip...

Instead they ban accounts? Lol."
Libs of TikTok,2025-01-12 17:58:34+00:00,Trans activist explains his vaginoplasty surgery to kids on tiktok using food. Doctors do this surgery on minors
Old School Eddie,2025-01-12 17:59:49+00:00,"Just one more reason TikTok should be banned, this is endangering the welfare of children."
Gregory Zenin | Food Jungle,2025-01-11 07:01:02+00:00,Here’s one of my videos from #TikTok - discussing the ban of dog meat in South Korea.
Baby Lysa,2025-01-10 11:05:37+00:00,"Có vẻ như cơ chế X đã thay đổi ! không còn đơn giản như việc tương tác rồi nhận tiền từ X đâu các bạn . 

 Nếu các bạn xác định kiếm tiền từ X thì phải đầu tư nội dung sáng tạo nội dung như các nền tảng khác Tiktok , Youtube...

 Với những nội dung sáng tạo của các bạn trên X thì phải trải qua kiểm duyệt sàn lọc là nội dung đó có bị hạn chế bóp tương tác hay không nữa nhé .(cố gắng những nội dung sạch tí )

 Quy trình - thao tác tương tác của các bạn có bị cho là vi phạm quy tắt cộng động - hoặc thao túng nền tảng hay ko ( nếu có vi phạm sẽ bị ngưng nhận doanh thu) 

 Nếu các bạn thực hiện tốt 3 bước trên thì khả năng 90% là đc nhận doanh thu nhé

Chúc các bạn may mắn cho mình xin 1 FL + Tương Tư nhé 
#24hoursinpolicecustody #어라라_건욱이몇살_거뉴기20쨜 #BitcoinETF #Ngon"
Chef,2025-01-10 11:31:16+00:00,Chắc có lẽ là vậy lysa à .nổ lực nhiều hơn nhé  bro.
Baby Lysa,2025-01-10 12:56:43+00:00,Đúng rồi anh ơi
Nghiêm xuân tính,2025-01-10 11:09:41+00:00,cảm ơn bé
Baby Lysa,2025-01-10 11:14:32+00:00,Dạ cảm ơn anh đã ủng hộ
Hienminh20,2025-01-10 11:21:11+00:00,Tuyệt vời quá em ơi
Baby Lysa,2025-01-10 12:58:33+00:00,Tuyệt vời thì chia se. Cho em với ạ
Trong Le,2025-01-10 11:32:41+00:00,Chia sẽ hay quá em ơi
Baby Lysa,2025-01-10 12:57:27+00:00,Hay thì chia sẽ em vs nè
Adam Levine,2025-01-10 11:34:26+00:00,
Baby Lysa,2025-01-10 12:57:38+00:00,Tim tim
Thangnguyen.hp,2025-01-10 11:47:15+00:00,Chia sẻ hay nha
Baby Lysa,2025-01-10 12:56:28+00:00,Hay thì chia sẽ cho em được khum nè
Lã Thanh Cuông,2025-01-10 12:06:26+00:00,"Đẹp lắm em à,anh thích"
Baby Lysa,2025-01-10 12:56:11+00:00,Thích bài viết của em chứ
HIỆP NGUYỄN,2025-01-10 12:55:23+00:00,Có những chia sẻ rất hay; nội dung hay sẽ có người xem và thích nek.
Baby Lysa,2025-01-10 12:57:02+00:00,Hay thì chia sẽ cho em đi đc ko nè hihi
Sweet Pet,2025-01-10 13:04:30+00:00,Dần dần sẽ kiếm được thôi
Baby Lysa,2025-01-10 14:43:38+00:00,Đúng rồi nè
Duchieu86,2025-01-10 13:25:37+00:00,E chia sẻ rất đúng
Baby Lysa,2025-01-10 13:38:40+00:00,Đúng thì chia sẽ bài cho em đi nè
Baby Lysa,2025-01-10 14:43:14+00:00,Thích nghi thôi anh ạ
Peace,2025-01-10 13:43:46+00:00,Cảm ơn bạn đã chia sẻ!
Baby Lysa,2025-01-10 14:43:25+00:00,Ko có chi nè
Trần Thanh Nga,2025-01-10 11:13:55+00:00,Chia sẽ rất hay nè đáng để lưu tâm nha bé ^^
Baby Lysa,2025-01-10 11:14:43+00:00,Cảm ơn chị đẹp
Pi,2025-01-17 04:09:06+00:00,"Mong đợi gì X, có cũng được bao nhiêu đâu em"
Baby Lysa,2025-01-17 04:09:31+00:00,Dạ tương tác bài mới em với ạ
^^Lysa_Baby^^,2025-01-10 11:08:03+00:00,đúng rồi bé ơi ko đơn giản như trước nữa đâu ^^
alyssayesitsme,2025-01-11 04:22:25+00:00,"Comment : Đúng vậy, không còn dễ dàng như trước đây nữa, phải cố gắng thôi!

Comment : Cần phải tận dụng thế mạnh và thiết kế nội dung mới!"
Trương Quang An,2025-01-10 11:15:24+00:00,Đúng rồi bé iu ko dễ lấy tiền anh Musk đâu
Trương Quang An,2025-01-10 11:15:50+00:00,Tặng em 1 bé vàng
Crypto MDC,2025-01-10 13:54:08+00:00,Good
MinHee,2025-01-10 14:30:05+00:00,Hi thông tin này a lấy ở đâu thế ạ? Qua e nhé
lyc0r1s,2025-01-10 14:45:48+00:00,#xdog kdhfj
lyc0r1s,2025-01-10 14:46:00+00:00,#xsaiyan fjdl
QuốcHưng_Crypto,2025-01-10 15:02:48+00:00,chúc bạn buổi tối vv nhe
Hữu Duật,2025-01-10 15:07:04+00:00,Cảm ơn em đã chia sẻ nhé.
Meme Funny,2025-01-10 15:12:31+00:00,cảm ơn chia sẻ rất chi tiết của
Kevin Thanh,2025-01-10 15:22:26+00:00,cám ơn bạn đã chia sẻ
Times To Travel,2025-01-10 15:45:22+00:00,"Rồi mọi người sẽ thay đổi để có nội dung bài chất lượng, cùng học hỏi nhau để hoàn thiện, build X tốt hơn nữa"
THANH TON,2025-01-10 16:20:52+00:00,Nhưng cái khó ở đây là hành vi nào và những hành động nào là vi phạm và bị dừng chia sẻ doanh thu để biết trước mà tránh là vấn đề khó em ơi
Life Photo,2025-01-10 17:03:02+00:00,Có quan trọng là mình đăng bài tiếng anh hay tiếng việt ko nhỉ
Minhspost,2025-01-10 23:57:29+00:00,TT nhé b
Carey Katie,2025-01-11 00:15:34+00:00,"Looks like the mechanism of X has changed! It's no longer as simple as interacting and getting money from X. If you want to make money, invest in creative content like other platforms such as TikTok, Youtube..."
Hải Nguyen,2025-01-11 01:10:44+00:00,#xdragon xxxxxxxxxxxxxxxxxxxxxxxxxxxxx
Bush Jessica,2025-01-11 01:56:44+00:00,"Well, it seems like the rules of the game have changed, huh? No more easy money from X, folks!  If you want to make some dough, invest in creative content like TikTok or YouTube."
Ethan Khanh,2025-01-11 02:01:58+00:00,Đọc thì đọc rồi nhưng nhìn bác mướt nhề
Homieboss,2025-01-11 02:50:05+00:00,chúng ta đều vi phạm
Ahmet Aski,2025-01-11 04:33:29+00:00,"Quả thật, việc kiếm tiền từ X không còn dễ dàng như trước đây nữa. Phải đổi mới!"
Triều Đông Y,2025-01-11 04:51:26+00:00,chunga ta đã làm X thay đổi một cách nhanh chóng
Hong Mai,2025-01-11 06:15:44+00:00,Mong lần sau may mắn nè banh
Tuyendung.ThienKhoi,2025-01-11 06:28:15+00:00,B
Jaryn sundby,2025-01-11 06:30:46+00:00,"""I guess the X mechanism has changed! Can't just interact and get money from X anymore, guys.  If you want to earn from X, you gotta invest in creative content like Tiktok, Youtube... """
Tonny,2025-01-11 10:41:10+00:00,"Cái gọi là ""easy money"" từ X đã biến thành một thách thức rồi!"
free airdrops,2025-01-11 11:18:25+00:00,"Nội dung hay
Hình ảnh chất lượng"
Minh Trading,2025-01-11 13:19:53+00:00,
le hoan,2025-01-12 04:43:17+00:00,tâm hồn em thơ mộng quá
Tin tức thập cẩm !,2025-01-17 07:54:39+00:00,Nội dung này sạch và trắng quá
ALIKAKA,2025-01-17 14:27:04+00:00,Độ khó ngày càng tăng...
Baby Lysa,2025-01-10 12:58:43+00:00,Oke bann nhé
Baby Lysa,2025-01-10 12:59:53+00:00,Đúng rồi ạ thành quả sẽ đến với ngừoi sau cùng ở lại
Baby Lysa,2025-01-10 14:43:53+00:00,Oke nè
,2025-01-09 13:51:12+00:00,coba aja ban tiktok masih berlanjut
rflpx,2025-01-12 01:34:49+00:00,"やにゆうTikTok垢BAN最高ですね︎

#ミラティブ
#配信 中！"
Chris,2025-01-07 14:05:58+00:00,"Nearly 10,000 likes in 2 hours but only 25,000 views, this level of censorship is unparalleled. pro Palestinian content is effectively banned on social media"
Chris,2025-01-07 14:12:35+00:00,"@TikTokSupport
 can you please offer an explanation as to why this is consistently happening?"
TheChampagneSocialist,2025-01-07 15:18:07+00:00,It’s very obvious what they are doing
Chris,2025-01-07 16:22:33+00:00,"I’ve had two strikes on my account for months so in part I blamed them, but they’ve been removed the last few days"
KC,2025-01-07 14:27:53+00:00,"@tiktok_us
 was my only social media, I hate Meta & never had Twitter. TT was pivotal in exposing what was happening. Zionist lobby is so strong in Canada and US. Im convinced there is secret legislation behind algo changes at TT. Why would they self destruct like this on purpose?"
Amr,2025-01-07 14:52:34+00:00,"Chris ,  you are 100% right . I used to see your videos all the time on my tiktok feed , not the case now. Unless I search your profile !"
Phil Didge,2025-01-07 15:33:04+00:00,"Cuckoo alert and major paranoia

This will simple be people re-clicking onto your post in most cases, who liked your post, as they get notifications

So nothing is being banned, if this got so many likes

Question, do you support decolonisation?"
Islam,2025-01-07 20:30:29+00:00,I have seen many pro-Palestine content creators talking about this.
Taha,2025-01-08 09:27:12+00:00,"@TikTokSupport
 I have been following his account on Tiktok before the recent escalation and his videos would pop up on my fyp regularly! But now, it's the complete opposite. He is without a doubt shadow banned, this is disgusting..."
ra ra girl³²⁷,2025-01-08 11:20:23+00:00,"Lisa getting attacked for no reason just because money went viral on TikTok was dumb asf, but now you see all of those Kpop fandoms trying to use TikTok as a #1 resource to get their faves viral on that platform for streams but now no one says anything"
ra ra girl³²⁷,2025-01-08 13:06:02+00:00,And now you see all of them saying “interact on tiktok because it is important” “the song is getting viral on TikTok ”
KANIKA-NW,2025-01-08 13:05:34+00:00,"and the fact that fav didn’t even promote that song like their favs do, virality was too organic that she pissed them so bad"
ra ra girl³²⁷,2025-01-08 13:07:40+00:00,Right?? Song went viral organically and the only thing she did was like 2 dances of the choreography
✧*｡Lilac³²⁷｡*♡,2025-01-08 13:05:14+00:00,"Lisa trendsetter as always, they hating but they all want to be her"
,2025-01-08 14:17:10+00:00,If I see one negativity or complain on my tl about unaired drama that is literally being filmed now you’re getting blocked I’m on my jisoo actress lockdown I don’t want to see anything on my tl aside from theories and happy tweets
Chuu_bliss,2025-01-08 15:50:14+00:00,Blinks are so wild But guess what we'll always support her no matter what y'll complaining a lot like whyy whyy
Bris,2025-01-08 15:10:00+00:00,"@gojo777_ There they talk to you, they should make It fun, this person said that jisoo will fail in influenza because of blink."
shaneyyricch,2025-01-10 05:19:43+00:00,"UPDATE: Still haven’t heard anything back from YouTube after sending an appeal. There was no apparent reason why I was banned and the only thing I can think of is the Vivek Ramaswamy interview that broke the algorithm’s. 

I knew this was coming as some point or another. This year is only going to get wilder. These platforms are in with the deep state and honestly shadow governments for them. Policing speech they don’t like. This can’t last forever and we need some one in office who will hold these corrupt criminals accountable. 

In the mean time follow me here on 𝕏 because I will never give up. I will keep creating content if one person is watching or 1 million people. Thank you all."
Sergio Vengeance,2025-01-11 00:04:38+00:00,YouTube is a private company and does not have to host your political nonsense. Read PragerU v. Google or upload your bad content to Rumble.
shaneyyricch,2025-01-11 00:28:32+00:00,Does bad content get 100 million views a month?
zomgthisisawesomelol,2025-01-11 00:02:00+00:00,"Please give us an update on this 
@Youtube
 @TeamYouTube
 @YouTubeCreators"
Adam Francisco,2025-01-11 00:27:03+00:00,"@YouTube
 @YouTubeCreators
 please advise"
XMarksTheSpot,2025-01-11 00:05:21+00:00,You don’t want them anyway. A blessing in disguise.
Poolside at the Decline,2025-01-11 00:01:00+00:00,Don't sweat it dude. In 5 years X will be everything you want and need from a platform  as a content provider. YouTube will devolve to MySpace and Facebook -- was awesome a while ago.
markster,2025-01-11 00:11:52+00:00,Their loss.  It's a lesson learned regarding the assault on  speech.
Laurie Lane,2025-01-11 00:23:21+00:00,Try Rumble.  Free speech allowed there
Cryptic_Badger,2025-01-10 23:58:49+00:00,"Section 230 immunities for platform such as the fascist YouTube badly needs to be revised, especially after the Twitter files were exposed."
Ruby Dooby Arrive On Time @parler: takedatrain,2025-01-11 04:50:39+00:00,"I have only seen your videos that people reposted here on X.

Glad to have found you here to see content directly from you.

Glad to have one less creator feeding I to the manipulative big tech oligarchies.

Congrats on your success. Looking forward to seeing you grow."
Johnny Oz,2025-01-11 00:05:31+00:00,They was on some hating shit foreal
Morticia,2025-01-11 00:41:12+00:00,"Don't forget, there's #Rumble. I'm sure we will like your content there. We need more good content providers to move over there so it can become as popular as Screwtube."
MidWest,2025-01-11 00:47:15+00:00,Because you didn’t drink the koolaid and pander to the political left.
Internet mycelium @extremelybasicc,2025-01-11 05:59:36+00:00,"You didn't lose them, they lost you and many other journalists."
TheRealGenX,2025-01-11 10:19:53+00:00,"X is better anyway. YT is for ""how to"" videos."
mikecarlsn,2025-01-11 13:29:02+00:00,"You got banned because some chick at Google, who works remote from Tahoe, logged in and had to justify her salary before hitting the ski slopes.  She played the part of “monkey pushing buttons”for a few minutes, thinking she’s deal with it later.  No more reason than that."
Peter Barnett,2025-01-11 23:51:54+00:00,That’s why I quit my YouTube subscription. Death to censorship!
EddieN,2025-01-11 00:01:03+00:00,Love ya bro anything I can do let me know
Nomadic Observer,2025-01-11 00:27:37+00:00,"Forget YouTube, they're run by a bunch of woke soy he/her leftists."
TheAbeFroman,2025-01-11 00:00:09+00:00,"YT is BS

Keep posting on 𝕏"
Mishi,2025-01-11 00:01:29+00:00,"You should reach out to 
@scrowder
 he has been banned a ton of times don't ask 
@Timcast
 they play the company game to avoid this. I am a member of Tim Cast, but have seen the difference. Crowder got tired of self sensoring,  Tim is the company man that he bitches about all the"
Three Vice,2025-01-11 00:07:50+00:00,Ban evasion…
The Armpit of Truth,2025-01-11 01:06:04+00:00,Fk Youtube. Just commit to here and Rumble. We really have to wean ourselves off Google's evil teat.
Pierre LaLay,2025-01-11 01:40:07+00:00,Ditch YT already. Time to move on.
Joe,2025-01-11 03:50:08+00:00,It's the gender video.  Youtube doesn't like that
Steve,2025-01-11 07:18:17+00:00,"You really can’t think of a reason? 

Literally gives you a clue in your letter (no ban evasion) but you seriously don’t know? Are you just stupid or ignorant?"
Anthony Daxis,2025-01-11 17:38:06+00:00,The political operatives at YT can GFT.
MuchoUno,2025-01-11 22:34:57+00:00,When is the class-action lawsuit going to be filed?
Yukon Cornelius,2025-01-11 22:35:46+00:00,"F screwtube. If you're a conservative and get too big, they shut you down. Use rumble."
Kathleen Roth/DAR&UDC/blazing red,2025-01-11 22:47:11+00:00,This isn't a good thing
rlinx,2025-01-11 23:06:49+00:00,Go to Rumble
Rob,2025-01-11 23:09:58+00:00,#rumble
Malcolm Thomas,2025-01-11 23:29:33+00:00,go to rumble.  FYT
GlobalEnslavement,2025-01-12 02:54:40+00:00,Freedom of speech indeed
Marley Maxwell,2025-01-11 00:16:06+00:00,"I truly can't see any reason for your ban. The video w/
@VivekGRamaswamy
 was fantastic.  Perhaps YouTube is engaging in a ""bought and paid for"" ban that they, knowingly, will speak for the masses. It seems to be a concerted effort to silence the voice of common sense and rationale"
rob,2025-01-11 00:00:20+00:00,Problem is it doesn’t matter who sits in one chair anymore it’s who sits in them all!!!
WhitetailBuck25,2025-01-10 23:58:56+00:00,"X and Rumble.

Save America Now It's up To You
#SANITY"
FREEDOMDOG,2025-01-11 00:00:58+00:00,"Damn..  youtube.. 
You got this Shaney"
OnlyTruth,2025-01-11 00:29:52+00:00,"@YouTube
 Why are you terminating accounts and not giving reason for the termination?"
NavyDMD,2025-01-11 01:03:11+00:00,"Still confused on why your channel got cancelled. Nothing in the Vivek video was caustic- maybe the trans comment, but banned? Wtf. Seems either an over reaction or deep state crap like what happened to Tusli Gabbard during the democratic debates."
AdamKadmon,2025-01-11 01:31:31+00:00,"@YouTube
@YouTubeCreators
@TeamYouTube"
Michael Redpill,2025-01-11 13:15:10+00:00,The problem is you are actively promoting against the establishment.  They want the young people to believe that every trump supporter is an uneducated hillbilly.  In order to regain support from YouTube you have to renounce Trump and promote transexual toddlers.
Truthsayer1717,2025-01-11 15:41:02+00:00,"Just followed your account on 
@rumblevideo
. I would encourage everyone to do the same!!  Forget about ScrewTube!"
THE ENTIRE SYSTEM IS CORRUPT,2025-01-11 15:59:07+00:00,So when you signed up for YouTube did you not accept their terms and conditions? You can kick and scream all you want but it’s their company and they can run it however they want. We know it’s corrupt and 1 sided but bitching about it isn’t going to get your channel back. Move on
Ruthie Ortiz,2025-01-11 22:38:46+00:00,#IowaCaucusTrump2024. post everyday on X. Let’s make a success for we the people!
John Michael,2025-01-11 22:50:43+00:00,Screw Youtube.  Take your channel to Rumble.
Daniel Bond,2025-01-11 22:55:13+00:00,Get yourself on Rumble. Only way to stop this BS is to grow Rumble and let YouTube destroy itself and become an echo chamber.
Johnny Brutality,2025-01-11 23:54:59+00:00,"YouTube is infested with ignorant democrat trash and leftist fascist fucktards. Hopefully, Elon will swoop in, buy them out, and completely gut out the commie scourge, just like he did with Twitter. Unfortunately, that's very unlikely to happen, but it'd be tremendous if he did."
Betty solis,2025-01-09 21:14:00+00:00,"Gente me dijeron que cuando un tiktok no tiene buenas vista es porque tiktok pone los vídeos shadowban necesitamos que se activen para quitar el Shadow Ban, vayan al ultimos Tik Tok de Lucia empiecen a copiar y pegar mucho el link acá,"
Mukul Sharma,2025-01-11 14:07:04+00:00,"ByteDance is shutting down the Resso music streaming service in India (January 31st), as the company is reportedly focusing on expanding TikTok Music globally. No plans to launch TikTok Music in India though.
#Resso #ByteDance"
Techie ✰𝙋𝙍𝘼𝙉𝘼𝙑 𝕏,2025-01-11 14:11:15+00:00,Waise bhi kon he use karta hai
Mukul Sharma,2025-01-11 14:11:30+00:00,
Arooooon!,2025-01-15 07:38:30+00:00,"Resso Song Recommendations>>>>>>>wynk+Spotify+ytmusic combined.
I definitely miss this app.
True Resso user knows how good the recommendations are.."
Naresh,2025-01-11 14:08:58+00:00,Abhi karlo
Malhar,2025-01-11 17:48:12+00:00,Finally no ByteDance in India.
Chiranjeet Giri,2025-01-12 03:40:12+00:00,Ye acha hai
Rupesh Kumar panda,2025-01-11 14:07:20+00:00,
Nikki,2025-01-11 14:07:28+00:00,Bhaiya Pin Dekh Lo Yaar Ak Baar
Shree,2025-01-11 14:08:44+00:00,No no no
Rohan,2025-01-11 14:09:19+00:00,Shit
Anupam Roy ,2025-01-11 14:09:35+00:00,Now days Moye moye
Arup Das,2025-01-11 14:09:43+00:00,
Shubham,2025-01-11 14:11:54+00:00,
Shashwat~Singh®,2025-01-11 14:13:07+00:00,Maine to bahoot dino pahle hi install kar diya tha ads ki wajah se aur same song bar bar play karta tha
SAMAR,2025-01-11 14:16:41+00:00,Ok
Sachin,2025-01-11 14:33:06+00:00,Good
Lokesh,2025-01-11 14:33:53+00:00,Pehle resso bi accha tha bhaiya phir Spotify ki tarah sab kuch premium kardiya
व्लादिमीर इलिच उल्यानोव,2025-01-11 14:37:13+00:00,
LIG MA BOLLZ,2025-01-11 14:49:42+00:00,"Waise bhi mai uska mod version use karta tha, mujhe kya. Thanks by the way, inform karne ke liye.  #stufflistingsarmy"
Sameer Ansari,2025-01-11 14:49:55+00:00,Bewafa tera maasoom chehra
Thunder79_VGC,2025-01-11 14:57:31+00:00,"Yeh kya h Bhai , pehli bar suna hai"
Kashif Jamal,2025-01-11 15:00:19+00:00,Mujhe to aaj pta chala ye Inka app tha
MrVinod,2025-01-11 15:21:42+00:00,
Rahul,2025-01-11 15:22:37+00:00,India mein kaun hi use karta tha
Manish chouke,2025-01-11 15:42:00+00:00,Oo
Ravi Babu,2025-01-11 15:58:27+00:00,
Nishant Sahai,2025-01-11 16:13:44+00:00,Ok
Himanshu Gusain,2025-01-11 16:51:41+00:00,Yeh bhi koi streaming service thi kya ?
kishor akd9358,2025-01-11 17:02:25+00:00,#Resso #ByteDance
BIVAS CHANDRA GIRI,2025-01-12 02:32:48+00:00,I don't think of using it
SANTOSH G,2025-01-14 04:49:41+00:00,
Dharanidharan,2025-01-11 14:08:14+00:00,Sad news  now a days Spotify also worst
𝙆𝙧𝙪𝙣𝙖𝙡,2025-01-11 14:15:51+00:00,Not using much..
Omprakash Singh,2025-01-11 14:27:56+00:00,It was good once upon a time but not so good now
Un1v3rs0 Z3r0,2025-01-11 16:39:11+00:00,FCC Commissioner Carr Says 'Huge Miss' If US Doesn't Ban or Divest TikTok in 2024
Red Maven,2025-01-08 06:12:00+00:00,Jeffree Star loses live access on TikTok and guess why?  a string of statements shocking large amount of his followers including the moon landing .
SAINTELLE,2025-01-08 16:39:45+00:00,Oooooooo
Miranda,2025-01-08 14:01:12+00:00,Love him for this! He is reaching a demographic that most truthers can't. Sending love and protection his way...
M,2025-01-08 11:25:14+00:00,"He doesn’t care what they say or do to him … he’s just saying what lots of us already said he’s just using his platform the way WE THE PEOPLE NEED MORE OF THEM TO DO 
. 
Keep em coming"
AmericaWon,2025-01-08 06:24:34+00:00,What is happening  first Fetterman 2.0 now this. Jeffery Star
its hippy girl,2025-01-08 14:25:20+00:00,"Jeffree is right. We need to see the list of real people, just not the names on the flight log, that has been out since forever."
ChasingDragons17,2025-01-08 15:11:04+00:00,"I have followed Jeffree star for years, honestly I love his makeup brand, he has tried exposing things many times. This is not his first go round with being banned, for speaking truths"
Tina (McCall)Rupe,2025-01-08 06:25:34+00:00,Speaking of Moon landing Did you know there is one at 2:18 this morning It blows my mind there has not been any coverage about this at all up until now
MAGAmama,2025-01-08 12:30:40+00:00,I love that we have the same views  conservative Christian homeschool mom & Jeffree Star like this
MichaelMax,2025-01-08 17:45:52+00:00,Left Hollywood and been dropping hints. I’m willing to bet that many more will begin to do this in 2024. Drip drip…. #NCSWIC
Cheryl,2025-01-08 06:17:03+00:00,I like him
Linda Merrell,2025-01-08 15:07:22+00:00,I love Jeffree Star ! He’s honest af.  Like him or not the Truth is the Truth!
Melyssa McRedmond,2025-01-08 17:49:53+00:00,I love Jeffree! He speaks facts on so much after Hollywood did him dirty! He has amassed a huge conservative following
Mel,2025-01-08 18:16:04+00:00,The comments on his live are
Terri FlGator,2025-01-08 12:56:01+00:00,He left California for this reason
Terry Riley,2025-01-08 15:29:02+00:00,I follow him on Instagram and he’s unapologetically honest
Stacy sandry,2025-01-08 17:17:51+00:00,He is exposing people to truths and we desperately need him and others for this.
DMK,2025-01-08 18:40:40+00:00,"Red pilled! Yay 
@JeffreeStar"
Anqelique Edwards,2025-01-09 00:29:33+00:00,"Yes, girl that is why I follow him. Don’t necessarily agree with the lifestyle choices, but he is totally against pedophiles, and he has been in the industry as a music artist, and now make up and he is telling all."
Marti Cook,2025-01-08 06:48:14+00:00,I was listening on that live when it went down
WyomingFreeGirl,2025-01-08 13:35:22+00:00,He started his shop now in Casper WY
Kat 42080,2025-01-08 15:06:27+00:00,I like Jeffery Star he is real and makes no apologies about it.
Camille Marshall,2025-01-08 16:51:36+00:00,"He’s an authentic truther, with a reach to people who desperately need red pills. Kudos to him!"
mads,2025-01-08 16:55:10+00:00,He's been speaking facts for 2 years!
Gijane79,2025-01-08 17:18:49+00:00,"I love Jeffree Star and he truly speaks  facts and they can’t handle the truth just another attack on free speech imagine that! Ppl judging him, STOP! Listen to his MESSAGE and information not LOOKS! He does better makeup than most women!!"
Jay,2025-01-08 17:47:51+00:00,"I don’t know who this guy is, but it’s always refreshing when you see people who can think on their own."
Leslie Reed,2025-01-08 18:29:29+00:00,I knew I loved him for a reason lol.
Kathy Green,2025-01-08 12:49:50+00:00,
Meredith,2025-01-08 13:36:09+00:00,Speaking truth. Next we will hear here jefree was hillary’d
Emily,2025-01-08 13:41:24+00:00,That’s funny
Joanne Smith,2025-01-08 16:07:05+00:00,I love him!
Kristine Mahaney,2025-01-08 16:40:03+00:00,He speaks the truth!
Raith8907,2025-01-08 16:40:37+00:00,"Just saw your tiktok on this and realized I was following you on here. I'm not a fan of Jstar, but he's speaking facts to people who probably would never hear it otherwise."
Brandon silver,2025-01-08 17:38:26+00:00,Girl that sit was crae crae crazy
Denise Witte,2025-01-08 18:15:10+00:00,Love his makeup & him! Truth teller !
Kimber Ellison,2025-01-08 18:56:54+00:00,Ok we pretty much knew most of the well knowns before this list came out. The question now is where are the videos?!? We all know they didn’t just take names
WeeeThePeepole,2025-01-08 19:48:36+00:00,Bro is speaking facts whether you wanna believe it or not
Eltoro,2025-01-08 20:13:07+00:00,I really am starting to love Jeffree
Krystle Taylor,2025-01-08 21:36:46+00:00,Protect this man at all costs
Sheena H.,2025-01-08 21:47:46+00:00,jeffree is to real
Shannon Haggard,2025-01-08 23:39:40+00:00,Love Jeffree!!
Gavin,2025-01-09 05:18:10+00:00,@poonszn
Jennifer Avery,2025-01-10 17:56:34+00:00,You go!!! Spread far and wide. Proud of you
fallenangel,2025-01-11 01:06:42+00:00,He is his own worst enemy
Red Maven,2025-01-08 15:56:56+00:00,"Stop with that. Judge people on their actions, their words."
Snooty_Fox.Indahouse,2025-01-09 03:38:15+00:00,Does JS have a X account...
FaZe Lacy,2025-01-08 18:56:46+00:00,got removed from the tiktok creator fund because of posting “unoriginal content” when all the content posted is from MY twitch streams.
FaZe Lacy,2025-01-08 18:58:36+00:00,"@tiktok_us
 @tiktok_us
 if you’re gonna allow people to post other clips of streamers atleast give the content creators a verified badge of some sort so they don’t get their videos removed for “unoriginal content” when it’s their clips"
Zachology,2025-01-08 19:14:51+00:00,TikTok is a joke
FaZe Lacy,2025-01-08 19:16:42+00:00,-8k
Circ,2025-01-08 19:25:28+00:00,Did u get a warning before?
FaZe Lacy,2025-01-08 19:26:36+00:00,we got 4 videos removed for unoriginal content when it’s literally edited clips from my own streams with captions and everything then the 5th got us removed from the fund
drew,2025-01-08 18:59:14+00:00,me next month on pay day
xen bhronos,2025-01-09 07:04:08+00:00,Joke of an app. Your account gets taken down but MrLust’s alt account who literally downloads popular videos then zooms in 10% to avoid copyright has been making minimum $15k/month with no repercussions shits wild.
wtj vergo,2025-01-08 20:15:33+00:00,"i’ve seen so many creators get fucked over because of tiktok recently, hope you can resolve everything soon"
mike,2025-01-09 07:59:27+00:00,worst app in the world
Faze Uggy- WhyAgain,2025-01-08 18:57:24+00:00,This is a sign you need to lose more weight please
THRIVE,2025-01-08 18:57:31+00:00,Yeah buddy you stole los pollos whole aura IAINGONLIE
THRIVE,2025-01-08 18:58:13+00:00,Run my 1’s tubs
Joseph,2025-01-08 18:57:00+00:00,L tiktok
kz!,2025-01-08 20:20:52+00:00,"i really don’t understand why they don’t have a better reporting system, people repost my videos with 0 differences and get 5 million views and i report it and absolutely nothing happens"
99Lxght,2025-01-09 09:21:04+00:00,Same thing happened to me bc I posted someone else’s pov dying to me
Aslt,2025-01-08 18:57:20+00:00,TikTok be on some bs. Could you also check DMs G?
Fearwolz,2025-01-08 18:57:38+00:00,Not enough edits
Fade,2025-01-08 19:03:15+00:00,They really think ur lospollos.
Mike,2025-01-08 19:13:52+00:00,"thats so stupid. 
@tiktok_us
 revert this and verify lacy. no reason that the plug tiktoks should be able to take down the actual streamer's account"
Ayo Live,2025-01-08 19:24:11+00:00,"Appeal it through the app in the creator fund, same thing happened to me and I got reinstated. After getting reinstated they stopped hitting me with the “unoriginal content” message on my vids"
NathanSnacks,2025-01-08 19:33:36+00:00,I help 100s of creators with this problem and run a discord focused on fixing this check ur DMs
Cody,2025-01-08 19:37:39+00:00,literally everyone that makes fortnite tiktok’s is fucked if they start actually taking down unoriginal content
outerbanks,2025-01-08 21:23:21+00:00,Dang that's crazy
throness,2025-01-08 21:28:35+00:00,Even TikTok thinks you copied Los
Camel Slider,2025-01-08 22:46:16+00:00,"Noo, its not like that, they just have a weight limit that's it"
Jacob,2025-01-08 18:57:05+00:00,Ggs for drew
Danas,2025-01-08 18:57:08+00:00,
Reza,2025-01-08 18:57:10+00:00,appeal
ShnaggysDisgustingDurag,2025-01-08 18:57:14+00:00,They ain’t tryna see a nigga win L tiktok
Swavyy,2025-01-08 18:57:25+00:00,bruh
Chubs,2025-01-08 18:57:29+00:00,LMFAO
madi renae,2025-01-08 18:58:42+00:00,wtf
official_S1,2025-01-08 19:04:40+00:00,The matrix is against you. In order to win you have to become one with the matrix
dlur,2025-01-08 19:11:34+00:00,GG
,2025-01-08 19:16:21+00:00,Drew not getting that paycheck
WydMac,2025-01-08 19:23:56+00:00,That’s wild
wtj eshou,2025-01-08 19:28:01+00:00,What did I just read
At00nicz,2025-01-08 19:28:06+00:00,TikTok it’s a joke they literally ban people who do lives if they say a bad word
yupcharlie,2025-01-08 19:38:54+00:00,L bro
𝗔uexe,2025-01-08 19:59:58+00:00,@CloutZzy123
Bishbosh,2025-01-08 20:05:56+00:00,Tough luck
Lushy,2025-01-08 20:29:03+00:00,Can you appeal?
kotuh,2025-01-08 20:31:22+00:00,i’m yet to be removed posting ur clips
tems,2025-01-08 21:13:55+00:00,W
,2025-01-08 22:48:45+00:00,Freelacy
Miika𝕏,2025-01-08 23:15:43+00:00,Common TikTok L
Viber,2025-01-08 23:57:42+00:00,"@LosPollosTV
 finally fighting back"
Shalev,2025-01-09 00:22:41+00:00,Lose weight
Matthew,2025-01-09 02:54:41+00:00,why u always getting fucked over
wicked mind control,2025-01-09 04:38:22+00:00,Haha I’m glad you a sneak
Rapid,2025-01-09 07:18:09+00:00,Don’t they usually at least give you some sort of warning before you get removed?
Alexandre Brevara,2025-01-09 20:40:17+00:00,"Tbh, original means “present or existing from the beginning; first or earliest,” which your reuploaded content = not “original”"
ドージェ・チェームス,2025-01-08 23:22:35+00:00,Good
Giggity,2025-01-09 02:26:46+00:00,Probably bc you’re ass bro
Boşuna Tıklama,2025-01-12 07:22:41+00:00,"Maliye Bakanı Şimşek: ""Başta fenomenler olmak üzere, Instagram, Twitch, TikTok ve Facebook gibi sosyal medya uygulamalarından gelir elde edip, bu gelirleri beyan etmeyenler hakkında çalışma başlatıldı."""
TUBORG,2025-01-12 07:39:35+00:00,"50 tl ye kebap yiyip 230 bin tl maas alanlar hakkinda da baslatildi mi??
Hatta fakire şükredin diyip son model mercedes e binen diyanet isleri baskani hakkin da???"
italyan,2025-01-12 07:28:02+00:00,Sıradaki kripto eğitim ve paid grupları mı?
IQ_TRADER,2025-01-12 10:46:23+00:00,"Sayın Bakan, bu ülkede gayrimeşru yollarla gelir elde edip üstüne bir de elde ettiği geliri yurt dışı offshore  a aktaranlarla ilgili de bir çalışmanız olacak mı? Yoksa kelin ilacı olsa muhabbeti mi yapacaksınız?"
Audrey,2025-01-12 07:26:47+00:00,"nefes aliyoruz, vergisini odeyelim mi sayin bakanim?"
Apranax,2025-01-12 07:51:45+00:00,Çok haklı. Oturduğu yerden binlerce lira kazanan insan elbette gelir vergisi verecek. Diğer çalışanlar enayi mi.
Samet G.,2025-01-12 09:53:01+00:00,Yılda 1.790.000 liraya kadar zaten vergiden muaflar
Gs #istifa,2025-01-12 07:26:33+00:00,Onlyfans ve türevlerinide vergiye bağlayın
Emre Efe,2025-01-12 07:25:06+00:00,Twitter yok dimi işin içinde
Ercan Gun,2025-01-12 07:25:49+00:00,"Beklenen gelişme
Devlet geliri vergisini alacak, tüm geliri olanlardan aldığı gibi"
Tuğra,2025-01-12 07:27:05+00:00,Twitter dememiş ahhshshs
Fatih Yavuz,2025-01-12 07:23:30+00:00,Kulak arkası vergisi kaldı almadıkları
Engin,2025-01-12 07:24:34+00:00,"Güzel, güzel de…

Keşke vergiyi tabana yaydığımız kadar, tavana da yaysak. Değil mi?"
Avni,2025-01-12 07:25:08+00:00,Aboo
Burak () #EhliyetimiGeriVerin,2025-01-12 07:26:08+00:00,Bedavaya meme açmak yok artık
Fenerbahçeli Pomak,2025-01-12 07:26:29+00:00,İlk defa iyi bir şey yapıyorsun Fakir ziyaret etmeyi seven Mehmet.
Random Vids,2025-01-12 07:26:38+00:00,Burayı da vergilendirmeyen çoktur :) yakında gelir cezalar. Arada bakın e_devletten.
Süha Fero,2025-01-12 07:35:06+00:00,Her kuş bitti leylek kaldı.kardesim ulkedeki israfi bi onle artık.hala gözünüz halkta
MahirDeniz,2025-01-12 09:48:23+00:00,"Ha iyi, e bir de fiyatlara bi el atsanız; et, süt, peynir, akaryakıt, elektrik, doğal gaz vs. olmuyo mu?!"
Aydın Stud,2025-01-12 11:06:47+00:00,"Tüm leylekleri halletti, sanki kelaynaklar kaldı"
MrtYNR,2025-01-12 17:15:55+00:00,Daha çok geriye dönük incelenmeli. Youtube Türkiye de içerik yapanlara çok para vermiyordu ama milyonlar kazandı bazıları.Çok kısa sürede lüks yaşama başladılar.Sponsorlar kimler incelenmeli ve banka hesapları incelenmeli girdi çıktılara bakılmalı.Twitch tiktok taki gibi olabilir
ipek_mlk,2025-01-12 21:38:43+00:00,"@jesuistilki
 fenomenler düşünsün jfjf"
KonyasporSocial,2025-01-13 07:09:20+00:00,Sadece bir tavsiye döviz alımlarına bir vergi uygulaması uygulanırsa daha mantıklı olabilir.
KAFA Kartal,2025-01-12 07:23:47+00:00,
Tunahan,2025-01-12 07:23:55+00:00,Hadi geçmiş olsun
C.E.T,2025-01-12 07:24:46+00:00,Ahaa
ΛNIL,2025-01-12 07:24:58+00:00,Geç kaldınız
Ömer ÖZYURT,2025-01-12 07:25:19+00:00,çok iyi oldu.. senelerdir diyoruz ...
Skaplan,2025-01-12 07:25:58+00:00,Twitter dememiş dimi dememiş
Merth,2025-01-12 07:27:00+00:00,ben gelir vergisi veriyosam onlar da versin
Bu Kim,2025-01-12 07:31:34+00:00,"Vergi almak , vergi neden alınır ? .."
Prof. Dilaver Toprak,2025-01-12 07:34:15+00:00,Ölüm vergisi de var mı bakan bey? Biraz da büyük diktatör Tayyip ve saz arkadaşlarının bu zenginliği nerden geliyor diye araştırma yapsanız iyi olur
ilkay.,2025-01-12 07:35:13+00:00,Güzel karar
Emir Timur,2025-01-12 07:35:36+00:00,Sonuçta onlarda gelir elde ediyor vergi ödemeleri gerekiyor. Şan şöhret kazanmak çok kolay olduğu bu dönemde para nerede vergi orada
Tuğşat ERCAN,2025-01-12 07:42:44+00:00,"Çok seviyoruz. Hiçbir sorun sıkıntı yok. Ehonomi çoh eyi. Çıkartıp kendime gösterdim telefonumu, vuhuuuu beybiiii"
𝐍𝐄𝐍𝐘𝐄,2025-01-12 07:43:19+00:00,It's your birthright to have all of your desires.
melike,2025-01-12 07:45:44+00:00,Yeni vergiler looding....
Burk,2025-01-12 07:46:37+00:00,Bunu yapmalı
Ahmet Koç,2025-01-12 07:48:52+00:00,herkes için çalışma başlatın herkes
BLaCKExELaNS,2025-01-12 07:49:23+00:00,Bu dediği çalışma uzun süredir var uygulama merkezleri tarafından yürütülüyor 5-6 sene olmuştur. Banka hesaplarından Adsense vb platformlardan gelen ödemeleri takip edip hesap sahiplerine tebligat gönderiyorlar vergi borcunu çıkarıp ödetiyorlar.
ESİN,2025-01-12 07:58:19+00:00,Atı alan Üsküdar’ı geçti Bakanım.
"⛧ Mert Yörüklerli ⛧ Liberté, Égalité, Fraternité",2025-01-12 09:35:52+00:00,@sedatutkunn
Mustafa Famous,2025-01-12 09:50:44+00:00,E bı zahmet yani
HellBoy,2025-01-12 09:51:11+00:00,tutturmuslar sadece fenomenleri esnafı tüccarı daha neler var
Baba Kartal,2025-01-12 10:02:26+00:00,"Fenomenlerin kazandigi üc kurusun pesine düsmüs
yazik"
DemirTurk,2025-01-12 10:04:19+00:00,Ekonomiyi bu şekilde kurtaracaz işte…birde bisiklete binen çocuklar var sayın bakanım bunlar yol ve sigortasını ödediler mi?
Tekinsiz Teyfik,2025-01-12 10:08:47+00:00,durmak yok tam gaz sömürüye devam
Joker,2025-01-12 10:14:21+00:00,"@onudabitirin
 aman diyeyim.
Sen akıllı adamsın, düşmezsin böyle şeylere de seni kaybetmeyelim amk"
.,2025-01-12 10:18:54+00:00,Vergi vermeyen bürokratlar AKP'li iş adamları
(O) (o),2025-01-12 10:34:22+00:00,"Vergi topla da halka harcayın biraz. Hastaneler berbat durumda. Özel hastaneler  cep değil ev yakıyor artık. Mercedeslerinde gezenler halkı terketmişler. 
@memetsimsek"
Beran,2025-01-12 09:27:11+00:00,Esnaflara da bir el atsanız süper market dışında vergi veren esnaf çok az
imdat demirel,2025-01-12 09:32:59+00:00,Isabet olur zaten esnaf bir sey yapamiyor.fenomenler parayı gotürüyor.
Scuderia,2025-01-12 09:43:03+00:00,yine para bitti kasada
Halit Mazı,2025-01-12 09:46:02+00:00,Aldığımız nefesten ne zaman vergi alınacak.
𝐃𝐞𝐫𝐢𝐧,2025-01-12 10:37:09+00:00,"Doğru ya doğru , çoğu fenomene para akıyor. Fatura yok , beyan yok hiç bişey yok . Kazandıkları kayıt dışı ve vergiye tabi değil."
pinkery,2025-01-12 11:05:11+00:00,"Zahmet ettiniz ya, binlerce var ortamı boş bulunca baya türediler. Başladıktan sonra sıkılıp bırakmayın pek iş sevmiyor genelde devlet kurumları da."
ESE,2025-01-12 11:33:00+00:00,Bunun bi tık ötesi cuma günleri camii avlusunda dilenmek!
ʊmut ɮʊʟʊt,2025-01-12 12:03:22+00:00,Acaba şu anda neler düşünüyor kim bilir.
Soner Karayiğit,2025-01-12 12:18:42+00:00,Sinekten yağ çıkartmada bir numarasıniz ama enflasyonu durduramiyonuz
MERT GÜL,2025-01-12 12:19:48+00:00,Gördüğüm en mantıklı iş olur valla.
Studyo22,2025-01-12 09:00:35+00:00,Sosyal medya geliri demek dünyanın her yerinde yaşayabilirsin anlamını taşıyor. Buda girişimcileri ülkeden kaçırttırmak için profesyonel bir yol...
GeGe,2025-01-12 09:08:01+00:00,"Bordrolu çalışanlardan, muhtelif faturalardan ve dolaylı yoldan vergi toplamak daha kolay sayın bakanım zahmet olmasın."
Emre,2025-01-12 09:08:23+00:00,Hangi yasa uzerinden ceza vereceksin? Hangi sosyal medya platformu üzerinde kontrolün var? Hani bunlar ofis acakti actirabildin mi?
Patkan,2025-01-12 09:13:21+00:00,"Baktı dışarıdan para gelmiyor , içeride malı götürenlere çökmek daha cazip. Bende olsam öyle yaparım."
MrtYNR,2025-01-12 17:20:59+00:00,Tabii ki iddia etmiyorum ama durum böyle. Halada çok fazla pahalı stüdyolar kuruyorlar. Eleman olarak çalışıp ki izlenmeleri çok değil çoğu satın alıyor izlenme vs. Nasıl oluyorda beşyüzle bir milyon lira arası ekipman diziyorlar anlaşılır gibi değil. Garip geliyor bunlar.
Cihan_212,2025-01-12 18:31:50+00:00,Sana diyo büllük başı...
Cihan_212,2025-01-12 18:51:44+00:00,Para pavyonda sn bakan...
Herrturk,2025-01-12 20:11:03+00:00,Bravo
frtalk34,2025-01-12 20:20:02+00:00,@jahreindota
PeanutKing,2025-01-12 07:49:49+00:00,"Onlara gelene kadar , esnaflar dükkanlar var. Hangi biri vergi ödüyor ?"
onlygala,2025-01-12 08:00:07+00:00,Geç bile kalındı
OlcaytoX,2025-01-12 08:02:39+00:00,"Instagram bir kenara, diğer yerler zaten baya baya kesinti yapıp gönderiyor?"
Ness,2025-01-12 08:03:32+00:00,Vergi bakanı Mehmet Şimşek
omer,2025-01-12 08:06:46+00:00,Çok mazbut bir şey bu
Ozan,2025-01-12 08:09:43+00:00,"Teşekkürler sayın bakanım. 
@memetsimsek"
Feridun ÖZTOK,2025-01-12 08:11:38+00:00,Once veri borcunu sildiginiz milyarlik sirketlerden odemesi gereken vergiyi tahsil edin
Agnostikbiri,2025-01-12 08:11:48+00:00,İmparator
Gurur_Alp,2025-01-12 08:12:13+00:00,A a çok iyi
Muhtarın Oğlu,2025-01-12 21:11:20+00:00,"Bomboş bir adam, tenekeden daha iyi ses çıkıyor ;)))"
Zahid,2025-01-12 22:12:39+00:00,"Voliyi vurduktan, paralar kaçırıldıktan, mamalananlar avantalarini aldıktan sonra mi? Hayal kırıklığı olmaya devam ediyorsunuz 
@memetsimsek
 MTV x2 kadar kolay değil belli ki."
LEO,2025-01-13 00:35:26+00:00,ben 9 saat çalışıp vergi ödicem. adamlar oturduğu yerden para kazancak vergi ödemicek yok öyle bi şey. en çok onlardan vergi alın
gökhan,2025-01-13 00:36:27+00:00,Denetleme menetleme yok. Dingonun ahırı diyor yani kısaca.
mahmut karabay,2025-01-13 05:25:59+00:00,"Çok güzel 
@memetsimsek
 ama eve usta geliyor bir avize takip gidiyor 400 lira fiş yok fatura yok sorsan basit usul günlük kazanç tesisatçı marangoz elektrikçi kuaför daha sayamadığım bir sürü meslek günlük en az 3-5 bin kazanç (büyük şehirlerde) vergi yok ama çalışan yıl sonu %35"
.,2025-01-13 05:26:12+00:00,Sıçıncada vergi verilsin yok öyle hergün sıçmak
Ademoğlu,2025-01-12 07:34:05+00:00,Çok geç kaldılar. Atı alan gitti
CABBAR SAVAGE,2025-01-12 08:41:17+00:00,Allah yilda 40 ta 1 ini istio bu amk muz cumhuriyetinde 3 te 1 ine goz dikiolar alayinizn aminakoyim allah misiniz
Atılay Sedat,2025-01-12 10:54:27+00:00,"@muffin__Boy
  seninkini ihbar edelim mi"
Mika Merano,2025-01-07 15:40:47+00:00,"Aura Salla kieltäisi Tiktokin.

Lähtökohtaisesti olen näennäisesti harmittomien softien kieltämistä vastaan. 

Nyt ei ole kuitenkaan kyse vain mielipahasta, vaan Tiktok on kiinalainen vakoilusofta, joka hyödyntää ihmisten lyhyttä huomiojännettä.

https://iltalehti.fi/politiikka/a/7fbfb763-0555-4ea1-89fe-ab63246f0929…"
Mikko Kokko,2025-01-07 15:43:55+00:00,Se että Kiina itse on kieltänyt kiinalaisen ohjelman eli tiktokin kertoo minusta kaiken oleellisen.
Samppa Granlund,2025-01-07 15:45:46+00:00,"Eikös tuo ole työskennellyt Metassa? Jos oli näin, niin toimiiko Metan lobbarina eduskunnassa."
Våltsu,2025-01-07 16:02:31+00:00,"Kappas, ollaan taas samaa mieltä. Lisäksi tuo paska imee järkyttävän paljon sähköä ja kaistaa servereilleen mm. Norjassa. Ja tästä syystä mm. NAMMO kärsii, joka on meille (ja koko Natolle) todella tärkeä."
Matti Molari,2025-01-08 13:47:16+00:00,"Niin. Minusta tuota ei pidä kieltää siksi, että sisältö on perseestä, vaan koska se on tosiaan yksityisyyden vievä sovellus. Etenkin siitä tekee ikävän sen, että se on suunnattu lapsille ja nuorille, jotka eivät ainakaan osaa arvioida, mitä riskejä tiedon päätymisessä itään on."
Uudenmaan Hercule Poirot,2025-01-07 15:44:49+00:00,Tämä sama Aura Salla ajaa koko EU:n kattavaa digi-euroa. Ei jatkoon.
Janne Paalijärvi,2025-01-07 16:40:28+00:00,"Jos nyt saisin sanoa niin samaan uuniin myös Youtube shorts, Facebook reels(?) ja kaikki muu vastaava skeida."
Arjy Rayhala,2025-01-07 17:23:23+00:00,Aura Salla on entinen Metan puheihminen ja se näkyy tässä kommentissa. Lähes samoilla argumenteilla EU yrittää kieltää Twitteriä . En suosittele ketään kannattamaan sensuuria. Se puree lopulta omaan nilkkaan.
Heikki Aukee,2025-01-07 15:56:49+00:00,"Henk. koht. olen enemmän huolissani aivojen kehityksestä ja länsimaisten lasten tyhmentymisestä. Tosin, uutta teknologiaa on pelätty aina jostain syystä. Oli totta tai ei, kun vaikutus on kaikkiin sama, ongelmaa ei havaita. 60 v. päästä olemme kaikki Tiktok-seniilejä."
Sandersin Pena,2025-01-07 15:42:16+00:00,Jos leikepöydältä kopioidaan dataa niin touhu menee kyllä törkeästi överiksi. Kieltoon.
Jouni Tuovinen | LIB | HKI # 589,2025-01-07 16:43:45+00:00,Osa ihmisistä olettaa että tuo on kiinalaisten vakoilusofta. Mutta todellisuudessa ovat joko a) todella taitavia piilottamaan ja edes asiantuntijat ei saa kiinni varsinaisesta vakoilusta tai b (todennäköisempi) ) softa siinä missä muutkin mutta kerää paljon dataa koska raha. 1/2
Koomikko-Marko,2025-01-07 15:51:42+00:00,Kaikki nuo vakoilee. Ei mitään väliä onko jenkki vai kinkki.
Aake Tenttula,2025-01-07 16:31:04+00:00,Instassa ja täälläkin on sama toiminto.
Petteri Koskinen,2025-01-07 15:52:55+00:00,En ole kieltojen kannalla sen takia että sovellus on huonoksi ihmisille. Ennemminkin vanhempien tehtävä estää lapsiaan käyttämästä sitä
Ruispårkele,2025-01-07 16:04:53+00:00,Tismalleen samaa mieltä.
Ajatteleva Norsu,2025-01-07 17:31:10+00:00,"Annetaan ihmisten käyttää mitä tahansa softaa, mitä ikinä haluavat."
Petri Hamalainen,2025-01-07 20:55:45+00:00,"Joo ja Salla on entinen Facebookin EU-edustaja !!!!!

Eli TikTokin pääkilpailijan ex-edustaja vaati tätä Suomen kansanedustajana.

Ei vittu anna mun nauraa itkunaurua ja tehdä itkuraivarit S-marketin lattialla mun yh-äidin heilutellessa neuvottomana käsiään."
SatunnTarkkailija,2025-01-07 15:48:52+00:00,"Monissa työpaikoissa TikTokin käyttö kiellettiin työpuhelimissa tai suositeltiin olemaan käyttämättä jo pari, kolme vuotta sitten. En tiedä, miten on seurattu käyttöä. Aika monella tuntuu olevan käytössä vielä."
Matti Jalagin,2025-01-07 17:01:08+00:00,Miten tuo käytännössä kielletään?
Laxtlo,2025-01-07 18:22:13+00:00,"En tykkää minäkään kieltämisestä, mutta kyseinen paskee pitäisi kieltää."
Jani Räsänen,2025-01-07 21:36:23+00:00,"Jo pelkkä Kiinasta tuotu älylamppu on vakoilulaite. Kaikkein tehokkain sellainen on kädessäsi oleva puhelin sekä tabletti. Appit, softat, tv:t , radiot , meitä vakoillaan aivan joka puolella ja kaikella mahdollisella. Tuo tiktokin vakoiluohjelmaksi luonnehdinta sivujuttu.."
Timo Wegelius,2025-01-08 08:02:49+00:00,Tiktok kerää tietoja ihmisistä todella paljon. Itse olen käyttänyt sitä hyvin rajoitetusti ja satunnaisesti.
Tony Kunnari,2025-01-07 21:09:42+00:00,"Luodaan oma versio? Kiinalla on myös riisuttu versio, joten voisi kai vastaavan koodata."
"Antti ""Andy"" Törrönen",2025-01-08 04:57:37+00:00,"Ehkä X:stä aloitetaan kuitenkin? Selkeä mielen manipulointiin tarkoitettu Vakoiluohjelma, joka hyödyntää ihmisten tunteita ja aiheuttaa riippuvuutta+NSA. Eikö? Ihan yhtä kaukaa haetulta tuntuu. Dataa voisi kerätä myös kiinalaiset kamerat, autot, älylukot, puhelimet, tietokoneet…"
Antero Kuikanmäki,2025-01-08 05:36:54+00:00,"Todella pohdinnan paikka.
EU:n väkiluku 0,4 Kiinan 1,4 koko maailman n 8 miljardia.
Numerot puhuvat ""kieltolain"" onnistumisen mahdollisuudesta.
Onko sittenkin yritettävä käyttäjien valistamista, kuten alkoholissa ja huumeissakin ?"
Matt S,2025-01-08 05:51:38+00:00,"Tiktok ei ole pelkästään vakoilusofta, vaan se myös tuntuu tuhoavan ihmisen aivot"
SofïM UkraÏne will win Ukraine in NATO,2025-01-08 05:53:52+00:00,"Mietin muutenkin samaa, mutta  varsinkin silloin kun näen ukrainalaisten sotilaiden tekemiä tiktok-videoita."
Melko Nuiva,2025-01-08 07:52:06+00:00,"Samaa mieltä. Aavistuksen verran ongelmallista tosin, että ehdotuksen takana on entinen Facebookin edustaja Salla, jolla motiivina saattaisi olla myös ihan vain kilpailijan poistaminen markkinoilta."
Accidental Tourist,2025-01-08 09:31:17+00:00,Omia lapsia seuratessa kannatan myöskin TikTokin kieltoa EU-alueella. Ei se ainakaan mitään järkevää sisältöä ole tuonut heille…
Finnish Peasant,2025-01-08 14:24:32+00:00,"TikTok:in aiheuttamat trendit kuten tanssit, hengenvaaralliset haasteet jne ovat mielestäni yksi erittäin hyvä degeneraation merkki."
Jani Laakso,2025-01-08 15:23:59+00:00,"Kiinalaisten ""pitkä marssi"" infovaikuttamisen keinoin, seuraava sukupolvi astettä tyhmemmäksi ja samalla sovelluksella saa kerättyä hyvin yksityiskohtaista dataa miten länkkäreihin pystyy vaikuttamaan asiaan kuin asiaan."
Lemmy,2025-01-08 15:29:53+00:00,Mä olen addiktoitunut seuraamaan Metsamanin noitumista ja sekoilua metsässä. Ja se on puhtaasti kiinalaisten kommunistien syy.
Vahtikoira,2025-01-08 16:50:49+00:00,Kieltoon! Kaikki vähänkään fiksut ymmärtävät sen olevan vakoiluohjelma
Juhani Vehviläinen Deep NAFO,2025-01-09 08:30:58+00:00,"Se on paitsi vakoilusofta niin vielä pahempaa: psykologisen sidankäynnin väline, joka muokkaa mielipiteitä Kiinan tavoitteisiin sopiviksi ja kaupan päälle vammauttaa meidän nuoret polvet psyykkisesti sairaalakuntoon."
varikseton,2025-01-07 21:26:39+00:00,"Jenkkejä ja muita urpoja harmittaa se että nyt Iso-Kiina saa myös vakoiltua. Aikaisemmin some-vakoilun ja -mielipidesensuurin kunkku oli USA, eikä se käy, että muutkin tekevät aivan samaa. Atlantic Council on tehnyt tuota vuosikymmeniä, nyt myös Suomi on sen mukana."
Iisakki Hanko,2025-01-08 06:16:23+00:00,"Tuosta vakoilusta ei liene mitään näyttöä  Sitä paitsi osa nykyihmisistä on niin idiootteja, ettei mitään vakoilukoodia tarvita kun vakoilla voi kaiken avulla mitä ihmiset itse jakavat ja antavat sovelluksille lupia. Sosiaalinen media on mahtava kultakaivos tiedustelulle."
kai,2025-01-07 16:12:58+00:00,Trumphan kielsi tuon jo 2019 ja Biden palautti sen. Nyt ovat amerikkalaisetkin kieltämässä sitä taas
diipadaapa,2025-01-07 20:45:54+00:00,"Nukuppas nyt 
@mikamerano
 kunnon yö unet j mieti sitten uudestaan että oletko todellakin sitä mieltä että twiitissäsi on mitään järkeä.

Sen nyt tietää jokainen että kokoomuslaisen kansanedustajien päässä ei liiku mitään, ei edes kusta."
curtman,2025-01-07 22:02:10+00:00,mutta mistä tiedetään että se oikeasti vaikoilee tämä on melkein sama juttu kuin googlen tapaus amerikassa me voitais sanoa että KAIKKI sovellukset vakoilee meitä ja meidän pitäis terminoida ne
Pass Code,2025-01-08 04:28:43+00:00,"TikTokilla ylivoimaisesti paras algoritmi, jonka ansiosta keskimääräinen apissa vietetty aika merkittävästi muita pidempi = uhka muille. Meta lobannut TikTokia vastaan sadoilla miljoonilla - paljonkohan käyttänyt EU:ssa? Eurot selvästi tuottaneet tulosta.  https://washingtonpost.com/technology/2022/03/30/facebook-tiktok-targeted-victory/…"
H.I. Kivijärvi,2025-01-08 05:50:06+00:00,"Salla lobbaa Metaa, kuten jutussa kerrotaan.

Kuitenkin, jos pelkona on poliittinen vakoilu, niin eikö riitä, että käyttö kielletään tietyissä viroissa olevilta?"
Fearless,2025-01-09 14:12:11+00:00,"Kaikki Appit, Nettiohjelmat, Google, Apple, Samsung tekee aivan samoin. Jokainen voi tehdä henkilökohtaisen valinnan ja alkaa elään uudestaan -70 lukua."
たっかーTikTok、Twitch,2025-01-11 03:22:23+00:00,"たっかーの投稿動画を楽しみましょう！#TikTok https://vt.tiktok.com/ZSN33V94M/

TikTok BANされました。理由について

#BAN
#Twitch
#ゲーム配信
#ゲーム実況
#おすすめ
#1月16日まで
#ライブ配信"
Jidono #HIVESZN,2025-01-12 16:22:50+00:00,Love a shadow ban on TikTok
기아,2025-01-12 11:04:27+00:00,"It has come to our attention that BTS V’s Instagram account (
@thv
) has been shadow banned for a long time due to false reporting. Please help us to resolve this issue. Thank you.
@mosseri
 @Instagram
 @InstagramComms"
Nuna태꾹 ❤︎,2025-01-12 11:13:41+00:00,"It has come to our attention that BTS V’s Instagram account (
@thv
) has been shadow banned for a long time due to false reporting. Please help us to resolve this issue. Thank you.
@mosseri
 @Instagram
 @InstagramComms"
에리ⓥ,2025-01-12 12:12:32+00:00,"It has come to our attention that BTS V’s Instagram account (
@thv
) has been shadow banned for a long time due to false reporting. Please help us to resolve this issue. Thank you.
@mosseri
 @Instagram
 @InstagramComms"
lissa⁷,2025-01-12 11:27:05+00:00,"It has come to our attention that BTS V’s Instagram account (
@thv
) has been shadow banned for a long time due to false reporting. Please help us to resolve this issue. Thank you.
@mosseri
 @Instagram
 @InstagramComms"
sorato𝓡ê𝐕é,2025-01-12 11:54:28+00:00,"It has come to our attention that BTS V’s Instagram account (
@thv
) has been shadow banned for a long time due to false reporting. Please help us to resolve this issue. Thank you.
@mosseri
 @Instagram
 @InstagramComms"
𝐛𝐮𝐛𝐮 𐙚,2025-01-12 14:03:51+00:00,"It has come to our attention that BTS V’s Instagram account (
@thv
) has been shadow banned for a long time due to false reporting. Please help us to resolve this issue. Thank you.
@mosseri
 @Instagram
 @InstagramComms"
𝒏𝒂𝒕𝒂𝒍𝒚 𝒂𝒗𝒊𝒂𝒔𝒆,2025-01-12 14:23:03+00:00,"It has come to our attention that BTS V’s Instagram account (
@thv
) has been shadow banned for a long time due to false reporting. Please help us to resolve this issue. Thank you.
@mosseri
 @Instagram
 @InstagramComms"
vee,2025-01-12 13:51:22+00:00,"It has come to our attention that BTS V’s Instagram account (
@thv
) has been shadow banned for a long time due to false reporting. Please help us to resolve this issue. Thank you.
@mosseri
 @Instagram
 @InstagramComms"
sha⁷,2025-01-12 14:06:21+00:00,"It has come to our attention that BTS V’s Instagram account (
@thv
) has been shadow banned for a long time due to false reporting. Please help us to resolve this issue. Thank you.
@mosseri
 @Instagram
 @InstagramComms"
Augie ꪜ FRI(END)S WC Winter Ahead,2025-01-12 17:13:40+00:00,"It has come to our attention that BTS V’s Instagram account (
@thv
) has been shadow banned for a long time due to false reporting. Please help us to resolve this issue. Thank you.
@mosseri
 @Instagram
 @InstagramComms"
Arantza,2025-01-12 15:49:23+00:00,"It has come to our attention that BTS V’s Instagram account (
@thv
) has been shadow banned for a long time due to false reporting. Please help us to resolve this issue. Thank you.
@mosseri
 @Instagram
 @InstagramComms"
Nellie,2025-01-12 12:42:08+00:00,"It has come to our attention that BTS V’s Instagram account (
@thv
) has been shadowbanned for a long time due to false reporting. Please help us to resolve this issue. Thank you.
@mosseri
 @Instagram
 @InstagramComms"
taebunkoo,2025-01-12 13:37:53+00:00,Whattt??? Reallyyyy
𐙚mera_𐤀♡⁠ | RêVé,2025-01-12 12:18:40+00:00,"It has come to our attention that BTS V’s Instagram account (
@thv
) has been shadow banned for a long time due to false reporting. Please help us to resolve this issue. Thank you.
@mosseri
 @Instagram
 @InstagramComms"
Forever TaeKook,2025-01-12 22:36:35+00:00,"It has come to our attention that BTS V’s Instagram account (
@thv
) has been shadow banned for a long time due to false reporting. Please help us to resolve this issue. Thank you.
@mosseri
 @Instagram
 @InstagramComms"
Elena_kthv_,2025-01-12 11:10:07+00:00,"It has come to our attention that BTS V’s Instagram account (
@thv
) has been shadow banned for a long time due to false reporting. Please help us to resolve this issue. Thank you.
@mosseri
 @Instagram
 @InstagramComms"
Ishu,2025-01-12 11:11:49+00:00,"It has come to our attention that BTS V’s Instagram account (
@thv
) has been shadow banned for a long time due to false reporting. Please help us to resolve this issue. Thank you.
@mosseri
 @Instagram
 @InstagramComms"
B&G Taehyung returns in 2025,2025-01-12 12:22:15+00:00,"It has come to our attention that BTS V’s Instagram account (
@thv
) has been shadow banned for a long time due to false reporting. Please help us to resolve this issue. Thank you.
@mosseri
@Instagram
@InstagramComms"
Angie,2025-01-12 12:50:34+00:00,"It has come to our attention that BTS V’s Instagram account (
@thv
) has been shadowbanned for a long time due to false reporting. Please help us to resolve this issue. Thank you.
@mosseri
 @Instagram
 @InstagramComms"
lovely♡,2025-01-12 13:02:00+00:00,"It has come to our attention that BTS V’s Instagram account (
@thv
) has been shadow banned for a long time due to false reporting. Please help us to resolve this issue. Thank you.
@mosseri
 @Instagram
 @InstagramComms"
Violet TigerBear,2025-01-12 15:40:58+00:00,How can we help?
princess,2025-01-12 13:25:58+00:00,"It has come to our attention that BTS V’s Instagram account (
@thv
) has been shadow banned for a long time due to false reporting. Please help us to resolve this issue. Thank you.
@mosseri
 @Instagram
 @InstagramComms"
Ely Taetae74TaeCrewWINTERAHEAD,2025-01-12 13:18:11+00:00,"It has come to our attention that BTS V’s Instagram account (
@thv
) has been shadow banned for a long time due to false reporting. Please help us to resolve this issue. Thank you.
@mosseri
 @Instagram
 @InstagramComms"
AmberLynn ♡ 태국 𐤀 𝑮𝒐𝒍𝒅𝒆𝒏𝄞𝑳𝒂𝒚𝒐(ꪜ)𝒆𝒓,2025-01-12 14:32:27+00:00,"It has come to our attention that BTS V’s Instagram account (
@thv
) has been shadow banned for a long time due to false reporting. Please help us to resolve this issue. Thank you.
@mosseri
 @Instagram
 @InstagramComms"
☆Taemo☆TAE CREW ʟᴀʏo(ꪜ)ᴇʀ FRI (END)S Ⓥ,2025-01-12 15:40:35+00:00,"It has come to our attention that BTS V’s Instagram account (
@thv
) has been shadow banned for a long time due to false reporting. Please help us to resolve this issue. Thank you.
@mosseri
 @Instagram
 @InstagramComms"
Minsakamran D-100,2025-01-13 06:37:26+00:00,"Hello 
@mosseri
 @Instagram
 @InstagramComms
Please take necessary actions to protect BTS V's Instagram 
@thv
 acc,who hasn’t violated any regulations but is heavily shadowbanned & constantly false mass reported by antis to decrease his followers & inability to follow the acc. Thanks"
kv,2025-01-12 11:06:49+00:00,"It has come to our attention that BTS V’s Instagram account (
@thv
) has been shadow banned for a long time due to false reporting. Please help us to resolve this issue. Thank you.
@mosseri
 @Instagram
 @InstagramComms"
~Ana~ Kꪜ,2025-01-12 13:04:07+00:00,"It has come to our attention that BTS V’s Instagram account (
@thv
) has been shadow banned for a long time due to false reporting. Please help us to resolve this issue. Thank you.
@mosseri
 @Instagram
 @InstagramComms"
Khim ᵗᵏ 𐤀,2025-01-12 13:12:29+00:00,"It has come to our attention that BTS V’s Instagram account (
@thv
) has been shadow banned for a long time due to false reporting. Please help us to resolve this issue. Thank you.
@mosseri
 @Instagram
 @InstagramComms"
cuntykoo,2025-01-12 13:52:20+00:00,"It has come to our attention that BTS V’s Instagram account (
@thv
) has been shadow banned for a long time due to false reporting. Please help us to resolve this issue. Thank you.
@mosseri
 @Instagram
 @InstagramCo"
𐤀VKEN,2025-01-12 17:25:23+00:00,"It has come to our attention that BTS V’s Instagram account (
@thv
) has been shadow banned for a long time due to false reporting. Please help us to resolve this issue. Thank you.
@mosseri
 @Instagram
 @InstagramComms"
Hope⁷,2025-01-13 06:35:19+00:00,"His followers are decreasing, why??"
Taekook1206 𐤀 GoldenRêvé,2025-01-13 08:28:34+00:00,"It has come to our attention that BTS V’s Instagram account (
@thv
) has been shadow banned for a long time due to false reporting. Please help us to resolve this issue. Thank you.
@mosseri
 @Instagram
 @InstagramComms"
cindereladeneve 𐤀͏,2025-01-14 00:17:32+00:00,"It has come to our attention that BTS V’s Instagram account (
@thv
) has been shadow banned for a long time due to false reporting. Please help us to resolve this issue. Thank you.
@mosseri
 @Instagram
 @InstagramComms"
,2025-01-12 12:39:14+00:00,"It has come to our attention that BTS V’s Instagram account (
@thv
) has been shadow banned for a long time due to false reporting. Please help us to resolve this issue. Thank you.
@mosseri
 @Instagram
 @InstagramComms"
lilith. ⓥ,2025-01-12 13:51:29+00:00,"It has come to our attention that BTS V’s Instagram account (
@thv
) has been shadow banned for a long time due to false reporting. Please help us to resolve this issue. Thank you.
@mosseri
 @Instagram
 @InstagramComms"
ᡣ𐭩 | ronnie,2025-01-12 19:10:37+00:00,"It has come to our attention that BTS V’s Instagram account (
@thv
) has been shadow banned for a long time due to false reporting. Please help us to resolve this issue. Thank you.
@mosseri
 @Instagram
 @InstagramComms"
Fedekykka 태국 𐤀 Layo(V)er GOLDEN,2025-01-12 21:05:16+00:00,"It has come to our attention that BTS V’s Instagram account (
@thv
) has been shadow banned for a long time due to false reporting. Please help us to resolve this issue. Thank you.
@mosseri
 @Instagram
 @InstagramComms"
ⓥ,2025-01-12 13:20:33+00:00,"It has come to our attention that BTS V’s Instagram account (
@thv
) has been shadow banned for a long time due to false reporting. Please help us to resolve this issue. Thank you.
@mosseri
@Instagram
@InstagramComms"
''REST'' Kim Voo (ᵗʰᵛ),2025-01-12 13:23:58+00:00,"It has come to our attention that BTS V’s Instagram account (
@thv
) has been shadow banned for a long time due to false reporting. Please help us to resolve this issue. Thank you.
@mosseri
 @Instagram
 @InstagramComms"
Mari𐤀,2025-01-12 13:34:33+00:00,"It has come to our attention that BTS V’s Instagram account (
@thv
) has been shadow banned for a long time due to false reporting. Please help us to resolve this issue. Thank you.
@mosseri
 @Instagram
 @InstagramComms
."
petaltae,2025-01-12 14:26:24+00:00,"It has come to our attention that BTS V’s Instagram account (
@thv
) has been shadow banned for a long time due to false reporting. Please help us to resolve this issue. Thank you.
@mosseri
 @Instagram
 @InstagramComms"
Cass,2025-01-12 14:51:52+00:00,"It has come to our attention that BTS V’s Instagram account (
@thv
) has been shadow banned for a long time due to false reporting. Please help us to resolve this issue. Thank you.
@mosseri
 @Instagram
 @InstagramComms"
SWEETAE⁷,2025-01-12 16:23:51+00:00,"It has come to our attention that BTS V’s Instagram account (
@thv
) has been shadow banned for a long time due to false reporting. Please help us to resolve this issue. Thank you.
@mosseri
 @Instagram
 @InstagramComms"
Midori613,2025-01-12 17:23:33+00:00,"It has come to our attention that BTS V’s Instagram account (
@thv
) has been shadow banned for a long time due to false reporting. Please help us to resolve this issue. Thank you.
@mosseri
 @Instagram
 @InstagramComms"
Cris 𐤀ⓥ RêVé,2025-01-12 18:13:09+00:00,"It has come to our attention that BTS V’s Instagram account (
@thv
) has been shadow banned for a long time due to false reporting. Please help us to resolve this issue. Thank you.
@mosseri
 @Instagram
 @InstagramComms"
V,2025-01-12 18:30:38+00:00,"It has come to our attention that BTS V’s Instagram account (
@thv
) has been shadow banned for a long time due to false reporting. Please help us to resolve this issue. Thank you.
@mosseri
 @Instagram
 @InstagramComms"
♡̷₊˚𝑷𝒆𝒑𝒑𝒆𝒓𝒐𝒏𝒊_𝑱𝑲˚₊♡̷,2025-01-12 19:03:19+00:00,"It has come to our attention that BTS V’s Instagram account (
@thv
) has been shadow banned for a long time due to false reporting. Please help us to resolve this issue. Thank you.
@mosseri
 @Instagram
 @InstagramComms"
Chloedelle :) TDD ERA,2025-01-12 13:14:44+00:00,"It has come to our attention that BTS V’s Instagram account (
@thv
) has been shadow banned for a long time due to false reporting. Please help us to resolve this issue. Thank you.
@mosseri
 @Instagram
 @InstagramComms"
ⓜⓝⓚⓐ♡,2025-01-12 11:05:37+00:00,"It has come to our attention that BTS V’s Instagram account (
@thv
) has been shadow banned for a long time due to false reporting. Please help us to resolve this issue. Thank you.
@mosseri
 @Instagram
 @InstagramComms"
𝐵𝓌𝒾𝓀𝓊𝓊,2025-01-12 11:07:37+00:00,"It has come to our attention that BTS V’s Instagram account (
@thv
) has been shadow banned for a long time due to false reporting. Please help us to resolve this issue. Thank you.
@mosseri
 @Instagram
 @InstagramComms"
Anny,2025-01-12 11:07:38+00:00,"It has come to our attention that BTS V’s Instagram account (
@thv
) has been shadow banned for a long time due to false reporting. Please help us to resolve this issue. Thank you.
@mosseri
 @Instagram
 @InstagramComms"
Ivyꕤ | semi-rest,2025-01-12 11:08:43+00:00,"It has come to our attention that BTS V’s Instagram account (
@thv
) has been shadow banned for a long time due to false reporting. Please help us to resolve this issue. Thank you.
@mosseri
 @Instagram
 @InstagramComms"
Eve𐤀,2025-01-12 11:09:58+00:00,"It has come to our attention that BTS V’s Instagram account (
@thv
) has been shadow banned for a long time due to false reporting. Please help us to resolve this issue. Thank you.
@mosseri
 @Instagram
 @InstagramComms"
Ggukie⁷ |,2025-01-12 11:13:27+00:00,"It has come to our attention that BTS V’s Instagram account (
@thv
) has been shadow banned for a long time due to false reporting. Please help us to resolve this issue. Thank you.
@mosseri
 @Instagram
 @InstagramComms"
𝗠𝗮𝗻𝗮𝗴𝗲𝗿 ⁷⁼¹cRazY_fOr_MySeLf!!!⁷,2025-01-12 11:15:32+00:00,"It has come to our attention that BTS V’s Instagram account (
@thv
) has been shadow banned for a long time due to false reporting. Please help us to resolve this issue. Thank you.
@mosseri
@Instagram
@InstagramComms"
tk⁷,2025-01-12 11:16:34+00:00,"It has come to our attention that BTS V’s Instagram account (
@thv
) has been shadow banned for a long time due to false reporting. Please help us to resolve this issue. Thank you.
@mosseri
 @Instagram
 @InstagramComms"
MK,2025-01-13 10:39:10+00:00,"It has come to our attention that BTS V’s Instagram account (
@thv
) has been shadow banned for a long time due to false reporting. Please help us to resolve this issue. Thank you.
@mosseri
 @Instagram
 @InstagramComms"
tea⁷ (ia),2025-01-13 15:17:39+00:00,"It has come to our attention that BTS V’s Instagram account (
@thv
) has been shadow banned for a long time due to false reporting. Please help us to resolve this issue. Thank you.
@mosseri
 @Instagram
 @InstagramComms"
Elena,2025-01-13 18:34:10+00:00,"It has come to our attention that BTS V’s Instagram account (
@thv
) has been shadow banned for a long time due to false reporting. Please help us to resolve this issue. Thank you.
@mosseri
 @Instagram
 @InstagramComms"
My World Taekook,2025-01-13 20:43:28+00:00,"It has come to our attention that BTS V’s Instagram account (
@thv
) has been shadow banned for a long time due to false reporting. Please help us to resolve this issue. Thank you.
@mosseri
 @Instagram
 @InstagramComms"
𝘑𝘶𝘱𝘪𝘵𝘦𝘳 ༄,2025-01-11 20:19:59+00:00,Tyler Perry seen this episode of Boondocks & said “hell nah I’m getting this shit banned”
⃤𝙳𝚘𝚗• 𝕏,2025-01-11 21:15:41+00:00,I wish this cartoon would come back it’s so much shit  happened since then
𝘑𝘶𝘱𝘪𝘵𝘦𝘳 ༄,2025-01-11 21:16:29+00:00,Tssss won’t hit he same without granddad
,2025-01-11 21:06:26+00:00,I’m too done lmao
𝘑𝘶𝘱𝘪𝘵𝘦𝘳 ༄,2025-01-11 21:07:07+00:00,Shit was funny asl
Styngray,2025-01-12 19:24:28+00:00,boondocks is banned?
𝘑𝘶𝘱𝘪𝘵𝘦𝘳 ༄,2025-01-12 19:25:26+00:00,Nah lol at the time Tyler Perry got this episode banned from being broadcasted on tv but it’s on HBO Max tho
Talia 'Arieyl' אריאל {Jerusalem} true 𝙄𝙨𝙧𝙖𝙚𝙡,2025-01-13 22:45:12+00:00,This all I can think of when watching this. That darn ambi-acting Tyler Perry. Weird mfer.   #TylerPerry #Boondocks
𝘑𝘶𝘱𝘪𝘵𝘦𝘳 ༄,2025-01-13 22:47:24+00:00,Wait wtf TD Jakes trippin for letting him do that
Mona B,2025-01-14 13:59:42+00:00,This lie still going around after 14 years.
𝘑𝘶𝘱𝘪𝘵𝘦𝘳 ༄,2025-01-14 14:02:44+00:00,Lol saying it’s a lie is funny
iamjavonnanton,2025-01-12 02:41:00+00:00,"Damn, they black balled cube"
Bully Beef Bandit,2025-01-12 14:53:25+00:00,I remember that. Nigga was bent
Zan,2025-01-12 17:42:46+00:00,“We you know I kinda like Friday” man rest in peace John whitherspoon
DunZo,2025-01-12 08:52:14+00:00,"Funniest part about it, John Witherspoon who was the dad from Friday was also voice of granddad"
Malcolm Xcellent,2025-01-12 04:06:35+00:00,RIP Granddad
,2025-01-12 15:18:05+00:00,This was one of the funniest ones to
Milo Nowhere,2025-01-12 16:52:32+00:00,Shit is kinda creepy.
zee,2025-01-13 22:04:33+00:00,"I had no idea he had this episode banned until I read it last week in an article,they said it was his fans who made sure to get it ban on TV lol,I guess they didn't want to hear he truths lol"
JASON KILLMONGER,2025-01-11 21:02:49+00:00,lol
ohhh_daniel,2025-01-11 22:49:40+00:00,@tylerperry
THE SLUDGE GOD,2025-01-11 23:57:28+00:00,He got this shit on outta there until hbo got the rights
sheev,2025-01-12 02:04:54+00:00,Lmfaooooo
B,2025-01-12 07:11:20+00:00,It's clearly satanic
Melvin,2025-01-12 14:32:33+00:00,
Robert Pope,2025-01-12 19:56:17+00:00,Yo I was scared for a sec. I skipped it right to the part where he said get on yo knees Robert. With the shirtless men in the back and the one pink shirt man looking
he he me,2025-01-13 19:49:25+00:00,Him an Oprah pulled this you can only see this episode if you buy the DVD box set.
Keith Lee Stone Junior,2025-01-14 01:19:38+00:00,
WickChamberlain,2025-01-11 21:59:09+00:00,Man wdf
Noel,2025-01-12 00:27:01+00:00,
ℭ𝔥𝔞𝔪𝔭𝔞𝔤𝔫𝔢,2025-01-12 01:43:01+00:00,
Tay Dior,2025-01-12 01:55:02+00:00,Lmao
,2025-01-12 03:00:23+00:00,Ik somebody got the full episode somewhere
𝒫𝓇𝑒𝓉𝓉𝓎𝐻❁𝓃𝑒𝓎,2025-01-12 03:53:51+00:00,Oh hell naw
heart on ice,2025-01-12 04:42:59+00:00,
Malcolm,2025-01-12 06:18:13+00:00,they made him say he wasn’t in friday
Brenée,2025-01-12 07:25:32+00:00,I ooh yovyocricuf yvonibgfticir gg
oak creek,2025-01-12 09:32:54+00:00,We still saw it though
Yo Trippy,2025-01-12 10:13:57+00:00,Wish this cartoon came back
Kei,2025-01-12 12:45:17+00:00,Wow
JUNGLE,2025-01-12 13:45:11+00:00,"Aww mane, I never seen this one lol"
Bucky Barnes,2025-01-12 15:15:14+00:00,Shamar Moore look alike in the back is CRAZY!
Goute,2025-01-12 15:23:48+00:00,
𝖒𝖞𝖑𝖊𝖘 𝖊𝖑𝖛𝖎𝖘,2025-01-12 16:13:38+00:00,
BEANz,2025-01-12 16:47:48+00:00,Broo
𝕄ℝ.𝕄𝕀𝔻ℕ𝕀𝔾ℍ𝕋,2025-01-12 17:33:29+00:00,Still made it to the DVD!
Mistress Tonee- East Coast + FMTY,2025-01-12 17:36:54+00:00,
*The Coolest*,2025-01-12 17:41:44+00:00,
I GOTreceipts,2025-01-12 17:49:42+00:00,Remember riding the train seeing an ad for this new upcoming show. Think it was 04 or 05 or maybe 06. That show turned out to be one of the best shows i ever watched.
VJ,2025-01-12 18:17:03+00:00,Renouncing Ice Cube is crazy
𖣂,2025-01-12 18:24:43+00:00,LMFAOOOOOOOOOOOOOO
StreamBolt,2025-01-12 18:34:30+00:00,
Prophetess Brianna,2025-01-12 18:41:51+00:00,This is crazy lol men not even suppose to be wearing women’s clothes. Funny but they really mocking him bc he’s a scammer basically.
//Mr11,2025-01-12 18:57:26+00:00,Lmao
Clark,2025-01-12 19:13:02+00:00,Omg. Lol every time I see it…I remember how they really didn’t give a damn
@BlackBostonSportsFan,2025-01-12 19:24:11+00:00,Poor John Witherspoon why yall make him say this about Cube
CJ R,2025-01-12 19:25:33+00:00,Aaron McGruder was the truth…he didn’t play when it came to his Boondocks show.
S K B,2025-01-12 19:31:33+00:00,classic
Marcus,2025-01-12 19:54:15+00:00,Without grandad boondocks wouldn’t be the same
Demetrius,2025-01-12 21:25:49+00:00,This was the creation of no homo
Thelma’s Beauty Mark,2025-01-12 21:28:17+00:00,It used to be on youtube until a few months ago
Bald + Beard = Angel,2025-01-13 00:58:06+00:00,He was MAD.
Mansa Musa,2025-01-13 04:06:50+00:00,The Accuracy
RealReelLucy,2025-01-14 00:21:20+00:00,On your knees Robert including Friday
PSSION & LVE.,2025-01-14 01:12:15+00:00,
Kiss My Kimchi,2025-01-14 01:26:35+00:00,im going to go buy this right now. great show.
DANNY ₂₄,2025-01-14 13:43:25+00:00,I want this back
DANNY ₂₄,2025-01-14 13:45:49+00:00,Laughing really hard now
Gideon,2025-01-13 21:42:29+00:00,Facts
Jhon Sitorus,2025-01-12 03:57:31+00:00,"Fenomena ini persis seperti yang terjadi di Pilpres Filipina 2022 lalu

Anak Diktator Ferdinand Marcos, Bongbong Marcos miskin program, hanya bisa menawarkan program makan siang gratis. Mereka memanipulasi tiktok dengan ngaku2 ""Filipina Jaya"" di era Ferdinan Marcos

Alhasil anak2 muda tergiur oleh gimmick2 PALSU. Mereka tidak tahu jika Bongbong Marcos adalah keturunan diktator kejam dan KORUP dan melakukan kejahatan GENOSIDA yang berkuasa selama 21 tahun di Filipina

Kalah dipanggung debat tapi menang di Tiktok, karena anak muda tidak sanggup menelan sesuatu yang informatif

Yang penting happy, joget2 dan hati senang (walau sesaat). Tahun 2023, mereka MENYESAL karena memilih Bongbong Marcos sebagai presiden karena mereka baru tahu kejamnya rezim Ferdinand Marcos saat berkuasa di Filipina

Banyak Influencer tiktok Filipina menyesali tindakan mereka karena dulu tergiur mendukung Bongbong Marcos dan dijadikan alat membohongi anak-anak muda

Semoga saja TRAGEDI filipina tidak terjadi di Indonesia. Butuh usaha ekstra keras membuat anak2 muda agar paham siapa yang harus mereka pilih"
I cuk roy karo-karo,2025-01-12 04:32:15+00:00,"Pemerintahan ditaktor belajar dari pemerintahan ditaktor juga.

Pak lurah jumpa marcos itu belajar untuk setrategi yg busuk.

Di era jokowi demokrasi kembali mati."
Jhon Sitorus,2025-01-13 04:27:56+00:00,Mau jadi diktator? Ya harus belajar ke diktatorny
jebeng tetuko bimo aryo seno werkudoro,2025-01-12 04:16:06+00:00,Ini fenomenal sekali hahhahaa
ju jungke,2025-01-12 14:23:26+00:00,Di indonesia 3× pelanggar Ham kalah  dan  2024  mencoba  menggunakan trik gemoy  tapi namanya pelanggar Ham tetap rakyat tdk akn memilih yg punya dosa masa lalu .
DesertEagle1203-Gadgetz,2025-01-12 07:22:03+00:00,Lha mangkanya kmaren ntuh pak presiden di bela² in sowan ke Manila skalian menta ijin utk meniru plek ketiplek strategi kampanye yg berhasil menghantar Bongbong Marcos meraih tampuk pingpinan tertinggi di Republika ng Pilipina....
lutheq pongbila,2025-01-12 06:16:00+00:00,O pantesan sang pengarah berkunjung ke sana....
,2025-01-12 11:06:32+00:00,"Kok pas banget ya bang? Wapresnya Filipina yang sekarang juga anak dari presiden yang sebelumnya (yg masih menjabat)...Mirip 99% kayak di Indo, tinggal 1% hasilnya yg menentukan besok...Konspirasi apa ini?"
Abhieb Syah,2025-01-12 05:19:33+00:00,Tiktok penuh airmata ya bang. Sampai layar hpku basah....
Budiman,2025-01-12 04:05:41+00:00,Kalau ini fenomena apa ya duk ..hasil silang banteng - kadrun ..
tyo,2025-01-12 14:45:28+00:00,"Hemmmm mau presiden nya 01, 02, 03 hidup lu jg gni2 aja. Berenti koar2 lu tgl coblos aj ntr tgl 14 jgn jdi pakar politik dadakan. Kita semua punya mata, punya otak untk nentuin pilihan kita masing2. Aneh pada doyan ribut dan ribet pdahal milih tinggal milih kok… anjay……"
ch.wibowo,2025-01-12 06:06:36+00:00,Ini sang DUTA nya lg ke sana utk mencoba pengalihan *su
Jhon Ronal,2025-01-12 07:04:30+00:00,Indonesia bukan Philippines
Si Kuncung,2025-01-12 09:36:26+00:00,"Indonesia bukan Philipina..
Kau baca sejarah dunia dulu pake nalar.

Kau tau arti Genosida ?
Coba pelajari dgn baik.

Pernah jg kau samakan Prabowo dgn Hitler. Kau pernah baca buku Meine Kampf ?

Coba agak bermutu dikit jadi bajer, jgn asal nulis.

Selamat cium tangan Riziek."
ORANG ADONARA,2025-01-12 09:10:15+00:00,Hebat sekali buat @psi_id  @kaesangb @kurawa @adearmando61 @Giring_Ganesha . Partai kecil tapi luar biasa. Bahkan partai-partai sebesar pun harus bersujud dan berguru pada PSI dalam melakukan mengelola dana kampanye.  mungkin bisa kali ya Kita ajak diskusi  dan seminar Publik !!!
Cah_Teknik Jalan Grafika,2025-01-12 07:52:25+00:00,Lawan 02 adalah 01 dan 03 punya basic grassroot
O'Brien Bahewa,2025-01-12 08:18:12+00:00,Indonesia beda dngn filipina... Tdk relevan justru hati2 dng mulut manis dipanggung... Itu yg lebihh berbahaya... Jngn dikira air tenang tapi ad buaya...
ari taufiqul,2025-01-12 15:57:35+00:00,yg jelas 01 sama 03 jadinya 0 besar.siapapun yg terpilih kalau dia cuma sekedar tunggangan politik alias petugas partai. tak akan punya prinsip sendiri .
Sendy,2025-01-13 07:40:10+00:00,"Maksud abang kita jgn pilih gibran ya bang, karena trahnya jokowi yg selama memimpin indonesia membuat harga bbm jadi 1 harga, merebut freeport, pembangunan infrastruktur di timur indonesia etc etc etc ?"
Fuad Dade,2025-01-12 07:23:16+00:00,Ingat..! Jangan pilih capres penculik dan pelanggar ham berat..
SAMBAS,2025-01-12 08:32:17+00:00,Analisanya asal aja
SI JON,2025-01-12 09:06:51+00:00,Bedanya prabowo bukan anak diktator kejam dan korup.
M Dani,2025-01-12 10:11:42+00:00,"Kita tunggu di 14 keramat, siapa pemenang dan siapa pecundang, harapan rakyat yang menang jangan pongah, yang kalah legowo, tinggal nunggu lima tahun lagi yang kalah nyalon lagi, dunia berubah manusia bertingkah"
Rshsim Sim,2025-01-13 03:17:24+00:00,"Penting bagi kita semua, anak muda, siapapun kita..belajar sejarah, agar tragedi ""KELAM"" sejarah tidak terulang. Jangan tergiur janji janji irasional (php). Tetaplah waspada, rasional, dan ..""JADILAH PEMILIH CERDAS""."
D.Christian,2025-01-12 10:03:52+00:00,sebar di tik - tok Lae... biar pada baca
BoloneAdhine,2025-01-12 10:40:22+00:00,Fenomena pendukung 03 yg gaptek
🅼🆂 🅶🆄🆃,2025-01-12 11:43:44+00:00,orang waras cuma di x wkwk tiktok mah ya tau sendiri lah
jianbinsimin,2025-01-12 14:47:57+00:00,Inn syaa Allah ini NKRI beda dengan negara tetangga.. siapapun persiden nya akan merakyat bijaksana beretika dan beradab...
lorentz indah,2025-01-12 23:50:41+00:00,Ada juga yg menyesal setelah hampir 10 tahun
AFE,2025-01-13 05:03:54+00:00,"Prabowo gibran menang satu putaran untuk indonesia maju, cerdas & sejahtera....
Gagasan yg bukan teori saja tp fakta yg dikerjakan di lapangan dari paslon 02 untuk indonesia"
endrisetyo,2025-01-12 04:26:05+00:00,Konsultan politiknya sama juga
Warnilis Ssn,2025-01-12 07:05:20+00:00,Ngomong opoo laee
Nahlo...,2025-01-12 07:42:36+00:00,Situ bisa take down tiktok...???
OmWox,2025-01-12 08:24:29+00:00,"Dan fenomena itu tdk bs dicegah, makanya Prabowo-Gibran kemungkinan besar akan menang 1 putaran saja .."
Alden π,2025-01-12 11:42:32+00:00,Beda amat jauh kalee...  Pokok nya Prabowo gibran menang satu putaran
jmw,2025-01-12 12:30:07+00:00,Pilih yg bisa parkir aer aja
Clark Praw,2025-01-12 13:35:04+00:00,Analisa sampah sih kata gua mah
Meneer Tanah,2025-01-12 13:35:57+00:00,Jangan lupakan juga Mesir yang membuat Ibukota baru dibawah rezim diktator. Ibukotanya baru beroperasi dan dibawah kekuasaan militer. Mesir full kontrol oleh militer.
jusvjn,2025-01-12 23:51:37+00:00,"kosultan politiknya sama, makanya polanya sama juga. mengubah penculik aktivis menjadi harmless grandpa"
ian marb,2025-01-13 01:18:36+00:00,"Jangan begitu lae...  hati2 ini propaganda berbahaya twitmu ini.... jadi pendukung itu tidak harus jadi martil yg membabi buta... tetap  tenang, NKRI harga mati"
edykaswan,2025-01-13 02:35:56+00:00,Jangan2 samakah dia dengan yang lai. Lagunya alm. A rafiq
Didiks,2025-01-13 06:13:20+00:00,"Memberi rasa takut dengan mengambil contoh kejadian negara lain yg blm tentu terjadi di negara kita ... anda terlalu panik dengan elektabilitas calon mu, mkn itu pula yg membuat selalu berpikir an negatif"
galuhahmad...,2025-01-13 06:42:30+00:00,Semoga negeriku.. dijauhi.. Kakek Pikun .. Tempramental.. Pelanggar HAM Berat...
Hasian-9,2025-01-13 14:44:35+00:00,"Mungkin hnya org dungu yg mau sepakat dgn narasi murahanmu ini miduk.
tdk sebodoh lu anak muda sekarang sampai tdk paham siapa capres yg akan mereka pilih?
Ingat..., kepanikan lu ga mungkin akan memenangkan paslon pujaan lu."
I Made Pona Pona,2025-01-16 01:54:06+00:00,"Moga anak2 muda nkri bs berpikir lebih baik untuk bs memilih paslon yg terbaik, krn lok salah pilih akan bs sesal kmudian to.bs2 ngr dipnuhi  pjbt2 rakus"
wahyis,2025-01-12 04:13:01+00:00,"Wkkk, merendahkan kemampuan anak muda menganalisa seuatu adalah keliru. Mereka jauh lebih banyak menerima informasi."
Solasi_do,2025-01-12 04:17:13+00:00,Netul di tewitterpun pendukungnya banyak ini bayangan prabowo subianto presiden indonesia
#91#,2025-01-12 07:52:10+00:00,Emg betul
Dimas Kurniawan,2025-01-12 08:54:12+00:00,Indonesia bukan filipina
Tongkol beracun,2025-01-12 09:31:28+00:00,Y dongg.. indo aja MW dikuasai oleh Prabowo..
melu Ambyar,2025-01-12 09:40:58+00:00,Uangnya banyak
Let it be,2025-01-12 09:48:21+00:00,Yang penting kepilih jadi Presiden bro
Adji,2025-01-12 10:03:39+00:00,ono so sotoy....
agoeng,2025-01-12 10:28:40+00:00,influencer panen biaya hidup 5 taon liburan
Jawabanku,2025-01-12 10:31:18+00:00,Loh...loh bang gak bahaya ta?
Luhut Simolangkir,2025-01-12 11:30:29+00:00,"Lae Miduk, Mangan majo hita asa sinok modom borngin on."
Bidadari Angin Timur,2025-01-12 12:31:07+00:00,Narasi ngarang bebas... Jogetin ajalah
Iva,2025-01-12 13:43:23+00:00,"afa iyah ? berita dari mana ?
Pertumbuhan ekonomi Filipina bagus loh dipimpin Bongbong."
Qiumoy,2025-01-12 15:02:30+00:00,"Kalo itu yg dibutuhkan sebagian besar pemilih, gimana donk??"
Flamingo,2025-01-13 09:59:21+00:00,tapi kalo milih karena tergiur bensin gratis apa nggak gblk kuadrat itu namanya...
jamesmarbury,2025-01-15 01:20:36+00:00,that's so good to me
Aisyah Husnah,2025-01-15 01:43:34+00:00,that's so good to me
samuelll,2025-01-15 01:49:47+00:00,that's so good to me
Risma Juwita,2025-01-15 02:12:24+00:00,it's so cool
thomasimmon,2025-01-15 03:39:48+00:00,that's so good to me
Syafiraaa,2025-01-15 04:21:19+00:00,it's so cool
Gar Eddie,2025-01-15 05:41:11+00:00,2024 mari bersama-sama memilih Pak Ganjar untuk kemajuan bangsa
Ir. Bos,2025-01-12 12:56:11+00:00,Sudah dielus elus mau digorok....
ujang paijo,2025-01-12 14:31:45+00:00,konon tim konsultan no. 2 dari konsultan yg nangani marcos jr
pengagumrahasia,2025-01-12 15:31:16+00:00,Yaialah artis yg dukung
the gio,2025-01-12 16:29:03+00:00,"Anak muda filipina bodoh dan malas donk, pantes negaranya gak maju2, mirip2 negeri wakanda."
yer ✯ HOONCE & HOONDIDAS,2025-01-09 05:19:44+00:00,"whoever is the subfandom in weibo that reported jangkku tiktok y'all are so jobless

12:24am kst the likes of jangkku tiktok in douyin is already at 336k+

2:54am their vid can't be seen on en- acc even when you search it

around 11am kst it's back but stuck in 350k likes
+"
Rishi Kumar,2025-01-09 02:16:32+00:00,"TikTok Ban: Montana Lawmakers Have Voted To Ban TikTok
Montana lawmakers passed a bill on Friday banning TikTok from operating in the state"
BPT,2025-01-12 07:27:17+00:00,"Hazine ve Maliye Bakanı Şimşek:

Başta fenomenler olmak üzere, Instagram, Twitch, TikTok ve Facebook gibi sosyal medya uygulamalarından gelir elde edip, bu gelirleri beyan etmeyenler hakkında çalışma başlatıldı."
summer,2025-01-09 13:31:58+00:00,I support tiktok ban if this is the outcome of said app what a joke
♱,2025-01-10 23:13:48+00:00,"no tiktok challenges, no songs, no tours, no movies, no make-up brands, no perfume line, no radio, no payola, no remixes, no features, no mass streaming, no mediaplay, no playlisting, no promo, no ads. just pure fan love"
koribug,2025-01-12 12:40:55+00:00,BAN TIKTOK
koribug,2025-01-12 12:41:12+00:00,i did not just see a comment calling walker scobell hot
イーノック【BACHIKORI！BAN！BAN！】,2025-01-10 09:25:05+00:00,イーノック【BACHIKORI！BAN！BAN！】の投稿動画を楽しみましょう！#TikTok
Pete Alonso Meatrider,2025-01-12 19:04:06+00:00,LMAO
𝐆𝐎𝐉𝐎⁴,2025-01-08 20:46:53+00:00,"Pelo visto você que não sabe muita coisa não viu. O tiktok é uma plataforma onde há muitas pessoas do público geral, quando um trecho de música viraliza muito lá as pessoas costumam usar o Spotify para ouvir, foi por isso que o The wekeend lançou outras versões depois de subir. https://t.co/It7BVphRyl"
PVT,2025-01-09 14:35:27+00:00,"Accounts exposing the genocidal Israeli terror regime are being suspended without warning. 
@elonmusk
 started dancing to zionist tunes after he did the propaganda tour in Israel. Community notes were completely hijacked by zionists. Now accounts exposing zionists are being suspended meanwhile genocidal maniacs and xenophobic Islamophobes are given full impunity to incite violence all day."
Decoding Fox News,2025-01-12 22:47:37+00:00,"TikTok

Video I posted yesterday 11,700 views - annotated version of Trump town hall

Video I posted today - 37 views - the sniff edit

I think the watermarks on the video are causing then to shadow ban it. That platform has done stuff like this before."
キタニ,2025-01-12 06:28:51+00:00,昨日久々tiktok投稿したら初速こんな伸びるってくらい伸びたんだけど10分で垢BAN喰らった
Jalal,2025-01-11 10:11:45+00:00,That awkward moment when Israeli soldiers' own TikTok videos are being shown at the International Court of Justice proceedings as evidence on Israel committing genocide in Gaza.
Frankie the Fly,2025-01-11 10:34:06+00:00,Karma is a bitch
The m3akssa Queen 2.0,2025-01-11 11:48:49+00:00,That explains why tiktok took out the majority of those videos lately ( or at least where hidden for some users)
Motherland Or Death,2025-01-11 11:19:46+00:00,Zionazis can't hide anymore
NAY,2025-01-11 14:29:24+00:00,This makes me sick. They think this is funny??
Zen,2025-01-11 18:56:35+00:00,I saw someone say this once and totally agreed: I watched palestinian content and grew slightly pro-palestinian. But then i watched the israeli content and grew VERY pro-palestinian
.,2025-01-11 13:52:17+00:00,Madafakas documented all their crimes love it
Seagull birby,2025-01-11 18:10:59+00:00,They truly thought they were above the law. All that gloating and bragging about killing innocent civilians is finally being used against them.
Fishew,2025-01-11 21:04:38+00:00,"incredible, they be spending thousands on propaganda but their own soldiers srew them over"
Ojay,2025-01-11 10:51:34+00:00,@EylonALevy
A.luta.continua,2025-01-11 11:07:20+00:00,#EndIsraelGenocide
MacBdam,2025-01-11 11:09:10+00:00,"Can we take a moment to appreciate that they will likely no longer be allowed to film these things, which will likely give them a huge morale blow? While I'm grateful that they provided SOOOO much evidence, they need to be mentally and morally isolated and left to stew in silence"
Tammy,2025-01-11 11:09:36+00:00,TikTok as genocide evidence. . I have better GoPro footage that shows actual war crimes
Human,2025-01-11 11:38:13+00:00,Poetic justice!!
has,2025-01-11 11:28:13+00:00,"Sometimes I kinda feel bad for Israel's PR team, their propagandas are being destroyed by their own soldier's narcissism 
#EndIsraelsGenocide"
ILSAN PRINCE ⁷ #StandWithPalestine,2025-01-11 14:58:24+00:00,"at least one good thing came out of tiktok 
#JusticeForPalestine
#WeStandWithPalestine"
khaao peeyo so jao,2025-01-11 13:23:31+00:00,"@pikaso_me
 screenshot this"
Ezera Emetu,2025-01-11 11:21:02+00:00,Stop supporting HAMAS
Sofiul Azam,2025-01-11 17:01:12+00:00,https://x.com/SofiulAzam/status/1745417902516568212?t=AWEZ7Vsvpvp9JCe317tvkw&s=19…
La Sombra Negra ....,2025-01-11 18:28:04+00:00,Save all the images and videos they produce.
Nontokozo Mkhize,2025-01-11 13:03:10+00:00,It’s exactly what those genocidal maniacs deserve
Faizal Mammar,2025-01-11 13:08:36+00:00,"“It’s a bloodbath, and you cannot ignore it,” says Israeli journalist Gideon Levy"
Introvertsdiary,2025-01-12 04:00:34+00:00,Little by little truth unfolds itself
Hostile,2025-01-11 11:59:06+00:00,Damnnnnn!
Enough_already,2025-01-11 12:38:48+00:00,Zionist animals....
Faizal Mammar,2025-01-11 12:39:09+00:00,"Israeli politician Ofer Cassif announced his support for the Gaza genocide lawsuit against Israel at the ICJ, and is now facing an attempt to get him kicked out of parliament."
catherine,2025-01-11 13:45:38+00:00,
Don,2025-01-11 13:49:29+00:00,Imagine how your Hamas videos would go down
Morris,2025-01-11 12:49:49+00:00,"That akward moment when regardless of what the outcome of the case is , it’s gonna mean nothing.

We taking Gaza back 

Go to court , protest and talk shit all day 

Ain’t shit gonna change"
mike,2025-01-11 16:17:43+00:00,That awkward moment when Hamas GoPros are   being shown at the International Court of Justice proceedings as evidence on Hamas committing genocide in Israel .
Slashdot Media,2025-01-11 16:06:55+00:00,FCC Commissioner Carr Says 'Huge Miss' If US Doesn't Ban or Divest TikTok in 2024
ORF,2025-01-09 21:55:00+00:00,"#Nepal chose to ban #TikTok, as done by other countries, citing #security reasons. However, many criticise this move stating that it is #politically motivated, notes Hari Bansh Jha http://tinyurl.com/yt43havj"
Paweł Wyrzykowski,2025-01-09 10:49:53+00:00,"Treści szokujące i drastyczne + niebezpieczne działania i wyzwania.

Wszystko żeby zablokować informacje o tajnych, nielegalnych tunelach pod główną siedzibą Chabad Lubawicz. Film oczywiście będzie przywrócony, ale nikt go nie zobaczy. TikTok bowiem sztucznie blokuje zasięgi filmów, które przywrócił po skutecznym odwołaniu. Taka zemsta chyba"
Paweł Wyrzykowski,2025-01-09 11:09:22+00:00,Zautomatyzowane środki. Nie trzeba już donosicieli :)
Adam Wojtasiewicz,2025-01-09 11:46:44+00:00,Zasięgi tiktoka to jedno wielkie kłamstwo.
Paweł Wyrzykowski,2025-01-09 11:52:20+00:00,Warto sprawdzać ile % obejrzało do końca
Waldemar Zboralski,2025-01-09 11:15:24+00:00,"Aktualnie najważniejszym gniazdem Chabad Lubawicz na naszym kontynencie, ale jednak największym na Ziemi, jest moloch w Dniepropietrowsku na Ukrainie, tajemniczo omijany przez ""wojnę"":

https://wiarygodnyblog.wordpress.com/2017/02/28/centrum-menora-w-dniepropietrowsku-na-ukrainie/…"
Waldemar Zboralski,2025-01-09 11:30:32+00:00,Odkryto podziemne tunele pod synagogami w Nowym Jorku.
Waldemar Zboralski,2025-01-09 11:05:59+00:00,"Tam są pewnie ich ""restauracje"" dla takich jak Hołownia, Duda i reszta koalicji chanukowej. 
Tyle, że w USA"
Waldemar Zboralski,2025-01-09 11:36:36+00:00,"UPDATE: stained mattresses are being pulled from the underground tunnels that were found under the synagogues. 

WHAT were the Jews doing in those tunnels??"
and pro,2025-01-09 11:14:11+00:00,Toż to pokoje socjalne sobie zrobili
Jarek,2025-01-09 18:45:22+00:00,Rotacyjny pajac im świeczki zapalał
pan_faro,2025-01-09 20:44:29+00:00,Szczury lubią kanały
Reni,2025-01-09 21:25:45+00:00,"Impreza sie rozkreca:) 
zaraz flagi izraela beda znikac z profili zydoukrofili
Pan Grzegorz Braun ugasił pedofilskie zapedy zydow w sejmie..."
Artur E. Rutkowski♱,2025-01-09 21:34:06+00:00,TikTok to chiński psyop a nie platforma wspierająca wolność słowa. Wrzuć filmik tutaj
Stewie Malloy von Bender,2025-01-09 21:50:15+00:00,"daje do myslenia, gdy chinski portal tepi tresci nasaczone ""antysemityzmem"""
George Gordon Brown,2025-01-15 11:42:02+00:00,Brooklyn Bounce
Paweł Wyrzykowski,2025-01-09 11:53:09+00:00,Tak podają źródła anglojęzyczne. Wolę nie przekręcać. Betoniarka może być stacjonarna.
Paweł Wyrzykowski,2025-01-09 23:54:13+00:00,"Idąc po nitce sześciu znajomych od każdego człowieka w cywilizowanym świecie można trafić do Obamy. Wipler krytykuje akcję (wg mnie w zły sposób), która nie była konsultowana z klubem, zaskoczyła posłów i mogli oni ponieść konsekwencje nieswoich czynów. Wielokrotnie i od razu o"
toby ꩜,2025-01-07 19:34:57+00:00,hobgoblin by clc - and black dress wasn’t their first time too!
toby ꩜,2025-01-07 22:45:50+00:00,can’t nobody by 2ne1 - they filmed this in the fortnite cube
toby ꩜,2025-01-07 22:46:47+00:00,why not by loona - the hits we got during the leesooman golden age was CRAZY
toby ꩜,2025-01-07 22:51:12+00:00,gashina by sunmi - explain the cultural significance of the gashina-heroine-lalalay trilogy (10 marks)
toby ꩜,2025-01-07 23:00:49+00:00,bo peep by t-ara - imagine releasing a song so catchy that it’s banned for korean students post CSAT exam
toby ꩜,2025-01-07 23:04:40+00:00,fire by exid - sometimes it feels like i’m the only one who loves this song
toby ꩜,2025-01-07 23:29:56+00:00,woowa by dia - itaewon gay clubs were never the same
toby ꩜,2025-01-07 23:54:44+00:00,columbus by the deep - you’re all in 2024 but i’m still here
toby ꩜,2025-01-08 08:12:23+00:00,adios by everglow - and 4th gen kpop was never the same…
toby ꩜,2025-01-08 08:13:23+00:00,red sun by gwsn - YOU ARE SO MISSED (pt.2)
toby ꩜,2025-01-08 08:14:43+00:00,flashback by afterschool - no bc LETS get into it
toby ꩜,2025-01-08 21:07:16+00:00,ring x ring by billlie - can’t believe this was disliked
toby ꩜,2025-01-08 22:57:02+00:00,danger by woo!ah! - you guys want quirky kpop back but pay them dust…
えぬ,2025-01-11 22:15:15+00:00,やばい、またTikTokのコメントBANされてるんだ㌔…厳しいよ
F9 Auguy,2025-01-12 21:59:17+00:00,"Je me suis fait ban tiktok parce que un porno a pop alors que je téléchargeais une vidéo YouTube.
Je vous jure que j’ai vraiment la haine"
Tata wa Makodofia,2025-01-11 12:28:15+00:00,Watch the superpowers try and push for a global ban on TikTok  https://x.com/ChantayyJayy/s/ChantayyJayy/status/1745403017728344471…
"Pam Keith, Esq.",2025-01-09 20:00:55+00:00,"Check out Jessica Valenti's video! #TikTok https://tiktok.com/t/ZT8Vxmgty/

A TX woman died due to the abortion ban there, but NONE of the coverage of Caitlin Cox.

I wonder why? 

(actually I don’t.  Brown people’s lives don’t make  the news)."
little miss,2025-01-12 01:16:05+00:00,I’m so tired of seeing them people mistreat that lil girl on TikTok ban them wtf
Aura Salla,2025-01-07 07:37:57+00:00,Kiinan lain mukaan yritykset joutuvat tarvittaessa luovuttamaan #data:nsa valtiolle. Toisin sanoen lapsesi #TikTok-video voi päätyä #Kiina:n kommunistisen puolueen propagandateknologian kehitystyöhön. TikTokin kielto EU:ssa olisi perusteltu.  #digi
Joni Askola,2025-01-07 11:04:41+00:00,Samaa mieltä
"Juhani ""Jalleolento"" Vallikari",2025-01-07 08:00:48+00:00,"Myös kehitysmaastatuksen (eli Kiinan teollisuuden mahdollisuus nettimyydä maailmanmarkkinoille rihkamaa länsimaiden kustantaessa postikulut) poistaminen Kiinan postilta olisi perusteltua talouden, ympäristön, työllisyyden ja turvallisuuden kannalta."
Tuomas Silen,2025-01-07 15:11:57+00:00,"Samoin USA:n tiedustelulaki (FISA) antaa vastaavan mahdollisuuden USA:n hallinnolle ja se koskee käytännössä kaikkia sikäläisiä nettipalveluntarjoajia, eli käytännössä myös kaikkia somepalveluja. Ylipäätään lähes kaikkien nettipalveluiden osalta pätee, että kaikki sinne laitettu"
Major,2025-01-07 07:50:28+00:00,"Mistä olet saanut tuollaista höpöä päähäsi? Olen ikäihminen 2x vanhempi kuin sinä ja käytän sitä tiktokkia PAD:llä, kun siinä on isompi ruutu. Nyt jo kaikki meidän terveystiedot, luttotokortti numerot yms. on jo pitkään ollut amerikkalaisilla ”tutkimuksen” nimissä. FB, Ggle, !"
Major,2025-01-07 08:01:06+00:00,"Ja ainuat mitkä erottaa ne amerikkalaisista, briteistä, saksalaisista, ranskalaisista ja jopa ruotsalaisista, että näissä maissa on omat organisaatiot keräämässä data suoraan piuhoilta, ennen pilvipalveiluita yms. 

Echelon - oletko kuullut? Googleta Edward Snowden mm."
Arjy Rayhala,2025-01-07 09:28:42+00:00,"Pitäiskö kuitenkin antaa ihmisille valinnanvapaus, että mitä somekanavia haluavat käyttää? Muuten tämä on ihan kuin Neuvostoliitto, jossa ei saanut kuunnella edes Suomen radiokanavia. EU voisi tiedottaa Kiinan epäkohdista ja jokainen päättää itse, haluaako antaa tietonsa heille."
M_Ilari,2025-01-07 09:08:10+00:00,"Aivan, kuten facebookin, instagramin, whatsuppin jne. data menee usan propagandakäyttöön"
John Wesley Hard1,2025-01-07 09:28:03+00:00,"Kiinan data-politiikasta on syytä olla huolissaan, mutta vertaus ""lapsesi TikTok-videosta propagandateollisuuden hyötykäytössä"" on naivi, koska sen jälkeen, kun se video on ollut TikTokissa tai muualla netissä se on jokaisen julkista omaisuutta"
Allu Koff,2025-01-07 12:08:03+00:00,"Miksi et jäävää itseäsi tästä aiheesta? Vaikuttaa, että ajat entisen työnantajasi, amerikkalaisen suuryhtiön, etua."
Aki Härkönen,2025-01-07 12:48:49+00:00,"#TikTok on vain Troijan hevonen, todellisuudessa EU haluaa sensuroida ja hiljentää x-somen sanavapauden."
Jooa Raja-aho poliitikko (PS),2025-01-07 13:05:58+00:00,Mitä merkitystä sillä on jos kiinalaiset kyttää mun videoita?
Weedchari,2025-01-07 22:48:28+00:00,"Ottamatta sen enempää TikTok iin kantaa, kuka sä olet päättämään mitä sovelluksia ihmiset saa käyttää ja mitä ei? Ihme wannabe-diktaattori"
Teemu,2025-01-07 08:03:10+00:00,Mites Meta ja Google?
Atte Eriksson,2025-01-07 13:37:08+00:00,"Mun on kyllä vähän vaikea pysyä sun ajatuksenjuoksun perässä. Koko syksyn olet valittanut, miten EU:ssa säädellään digiä ja esim. amerikkalaisia teknojättejä liikaa, mutta heti kun kyseessä Kiina, niin jopa kielto olisi pöydällä?"
RTS,2025-01-07 14:34:03+00:00,"Eihän tuo poikkea siitä, että kaikki kansainvälinen (kai joskus kotimainenkin) kommunikointimme tallentuu USA:n jättimäisiin tietopankkeihin mahdollista myöhempää tarvetta varten.

USA(kin) on jäänyt moneen kertaan kiinni jopa Euroopan maiden johdon ja EU:n virastojen vakoilusta."
Jon KooL,2025-01-07 18:55:39+00:00,Mistäs Jenkit jäi kiinni ja miksi se on unohdettu?
Antti Hautaniemi,2025-01-07 19:02:34+00:00,"Ehdottomasti parempi siellä kuin puuvillanpoimija-miehittäjä-raiskaajan, tai Bryssel-valvontakomission, hallussa."
Vellu,2025-01-07 11:19:09+00:00,Toihan olisi ihan sopiva tännekin windfall-veroa varten.
Jani Toivonen,2025-01-07 12:22:09+00:00,Suuri osa Xn videoista taitaa olla peräisin Tiktokista.
Antti Niemi,2025-01-07 13:59:10+00:00,Eiköhän viranomaiset saa tietoa kaikilta somealustoilta jos haluavat.
Nickelangelo,2025-01-07 15:38:30+00:00,"Niitähän myös käytetään. Kiina pelaa pitkää peliä, ja siihen peliin kuuluu länsimaisten lasten ja nuorten ajattelumaailmaan vaikuttaminen kriittisessä kehitysvaiheessa."
Marcus Westermark,2025-01-07 16:19:34+00:00,Viittaatko nyt tähän?
Walle Svan,2025-01-08 04:34:25+00:00,Niin Aura. Käytätkö Tik Tokia? Olet silloin Kiinan kommunistipuolueen kirjoissa ja kansissa. Big Brother see you! Isoveli seuraa!
☵ 𝓙𝕒𝕜ᵏє ☵,2025-01-08 04:43:31+00:00,"juu ja google, metan palvelut, X, microsoftin tuotteet, onhan noita vakoilualustoja"
Aulis Paavola,2025-01-08 12:07:33+00:00,"Onneksi meidän  s-postimme, X- viestimme ja google kuvamme ovat lännen Pyhässä salaisuus syleilyssä..."
Hjalmar Tapio,2025-01-08 13:12:03+00:00,"Jos se voi päätyä,  niin se päätyy.
Diktatuurin ymmärryksen sännöstöstä ote..."
"Jussi, Smithin Jussi",2025-01-09 06:43:57+00:00,"Vaikka sulla on tässä asiassa omaa painolastia, olet oikeassa. Kiellon voi aloittaa valtionhallinnosta ja eduskunnasta."
Janne Scarjalainen varmennettu tili,2025-01-07 17:48:26+00:00,"#RikollisjärjestöEU itse haluaa tukahduttaa sananvapauden kiristämällä X:ää vain ja ainoastaan väärien mielipiteiden takia.

Syöpäalusta Meta on jo saatu täysin hallintaan ja sensuurin alle.

Ei eroa millään lailla Kiinasta."
varikseton,2025-01-07 21:59:49+00:00,"Voi lasta. Katso minkälaiset suorat R/W yhteydet Atlantic Councililla on kaikkiin USA:n konehuoneisiin ja Some-plättiksiin. Ja kyllä NATO:n kautta myös Suomi on nyt tuossa mukana. Eikö USA:n vakoilu ole huono asia, vai oletko vain niin tyhmä/uusi/maksettu että yrität kusettaa?"
Li,2025-01-07 23:01:33+00:00,"Katos Junkkerin ex erityisavustaja kok Salla Aura tulee näyttämään millaisia oppeja ddr soskomukoiden päämajasta tuli saatua No, näkyyhän se Facebookin sensuuriosaston puuhissapäässä : automaattinen Eu sensuuri Kokoomuksen johdolla Vieläkö istut Facen  stasivalvontakoneistossa"
Li,2025-01-07 23:03:13+00:00,Facebook vuotaa ihmisten ja heidän tuttujensa tietoja Urkkii levittää myy Sensuroi
Li,2025-01-07 23:12:17+00:00,Ddr Merkel päätti laittaa Facebookille uhkasakon pelotteeksi= ELLEI se sensuroi soskomukoiden KÄSKYLLÄ IHMISTEN SANANVAPAUTTA tulee Stasi tuomio Tähän jobiin kok istutettiin Kok onkin paljon näitä - KIELTOLAKI FANAATIKOITA Eu Merkel määräsi myös vihapuhe rasismi” lait”nazitouhua
Debunker,2025-01-07 08:36:25+00:00,"It's a fact that US apps move EU data to the US.

There is no evidence that TikTok does the same.

But EU politicians talk about banning TikTok instead of US apps.

BTW, where is that law? Isn't it also a US narrative that communists don't observe any law?"
H.I. Kivijärvi,2025-01-07 09:26:35+00:00,"Kiina myös sensuroi, ja sen toiminnan haluat kopioida Eurooppaan? Ei, kiitos."
Nobody,2025-01-07 13:55:31+00:00,"Et ole huolissasi yhtään miten läntinen busines malli toimii.Kaikki data kerätään myös.Dataa et kuitenkaan näe.Optimisti sanoisi, että hyödyt tästä. 
Realisti sanoisi,näin olisi,jos tässä busineksessa olisi käytössä kultainen sääntö,onko näin?..."
Lauri Ojala,2025-01-07 07:40:17+00:00,"Ongelma on paljon laajempi. #tekoäly #robotiikka #sähköautot https://hs.fi/talous/art-2000010086343.html… 
@ir_rkp
 @PetteriOrpo
 @KaiMykkanen
 @jukka_kopra
 @JarnoLim
 @anttihakkanen
 #Nato #kyberturvallisuus 
@fingrid_oyj"
K Nikula,2025-01-07 10:02:50+00:00,"Samanlailla nämä kaikki toimii. 

Your secret's safe with the NSA
In God we trust or the CIA?"
O. Ruokonen,2025-01-07 10:19:46+00:00,"Tällä logiikalla pitäisi kieltää kaikki sosiaaliset mediat. Ei ole väliä minne sosiaaliseen mediaan laitat videon, se voidaan sieltä ottaa ja jakaa. Parempi keskittyä siihen minkälaista sisältöä jaamme internettiin."
Lucius,2025-01-07 10:39:48+00:00,"Sama kielto myös USA:n yhtiöille Fasebook, Google, X niitä kaikkia käytetään vakoiluun."
seven,2025-01-07 12:10:50+00:00,Olet jäänyt pois teknologisen kehityksen kelkasta
Restless Mind,2025-01-07 14:13:29+00:00,"On niin surullista, että ihmiset eivät voi keskustella jonkun itselle mukavan asian haittapuolista. Oma mukavuus edellä kaikessa."
tsekkonen,2025-01-07 15:43:19+00:00,Digitaalinen euro on ok? No sen avulla saadaan toisinajattelijoiden tilit heti kiinni. Niin kuin kanadan malliin!
Yhteiskunnan Ylituomari,2025-01-07 18:01:51+00:00,"Ehdottomasti TikTok sääntelyllä pois EU markkinoilta. Lapsilla ja nuorilla valtava sosiaalinen paine käyttää sitä ja vanhemmilla hankala paikka kieltämisen kanssa, kun ""kaikki käyttää sitä"". Kollektiiviset toimet tarpeen."
Fella KABOOM,2025-01-08 05:33:25+00:00,Lisäksi Kiina käyttää TikTok:ia propagandan välineenä. Olisin siitä enemmän huolissani
Pete Alonso Meatrider,2025-01-11 17:54:53+00:00,Coldest white boy since Pistol Pete
Employed...well that was predictable,2025-01-12 19:02:30+00:00,He was so fun to watch. I'm glad he was able to get a ring.
Pete Alonso Meatrider,2025-01-12 19:06:50+00:00,Love when a deserving vet gets a ring later in their career. I think he was the starting PG still tho!
Pete Alonso Meatrider,2025-01-12 18:22:58+00:00,"They don't! These are from late 90s-early 2000s

I used to play a little bit like him, I had some sugar in my game"
★ k,2025-01-12 16:16:52+00:00,maybe the government was onto something when they said we should ban tiktok i cannot stand what it’s done to the music industry
★ k,2025-01-12 16:17:53+00:00,if no one was logged into tiktok then who would have a career 4TH GEN KPOP?
★ k,2025-01-12 16:19:52+00:00,take tiktok away from 4th gen and trust only 2 would be okay
★ k,2025-01-12 16:21:38+00:00,REAL
Animal Adoptions UK,2025-01-11 14:08:17+00:00,"Please retweet, we need to ban pet selling sites and the  selling of pets on social media. Facebook and Tick Tok have already banned the sales of pets on their platforms but pets are still being sold on those sites.
People need to report anyone selling pets on facebook and TikTok especially in closed groups.
A decent breeder would not sell on social media
By law anyone buying a pet can only do so from where they were bred. That means a buyer has to be able to see a puppy or kitten with mum. If that is not possible, RED FLAG - WALK AWAY AND REPORT TO THE SELLER'S LOCAL COUNCIL'S LICENSING DEPARTMENT.
@facebook
 @tiktok_uk
 @tiktok_us
 @DefraGovUK
 @Conservatives
 @RishiSunak
 @UKLabour
 #AdoptDontShop #dogs #puppys #cats #pets #kittens #UK 
Below, puppies bred in vile conditions Wales"
Jacqueline Wells,2025-01-11 18:05:57+00:00,
fayhunt,2025-01-15 01:36:17+00:00,Loads of people selling puppies on face book
𝑻𝒉𝒆 𝑺𝒂𝒍𝒕 𝑶𝒇 𝑻𝒉𝒆 𝑬𝒂𝒓𝒕𝒉,2025-01-08 09:15:09+00:00,"Twerking - the average female Tik Tok user will twerk at some point. Why? Because such content is what is shown on a daily and it's what goes viral. Observe all ""challenges"" be they stupid or sexual, they start on Tik Tok. And now the scary part is this, the majority of users"
𝑻𝒉𝒆 𝑺𝒂𝒍𝒕 𝑶𝒇 𝑻𝒉𝒆 𝑬𝒂𝒓𝒕𝒉,2025-01-08 09:24:35+00:00,"Stupidity - the average male Tik Tok user indulges in stupidity, be it in the form of pranks, lip singing, dance challenges, vines, skits. All this inorder to be funny and when you have young men thinking of ways to be funny, they're now idiots. A purposeless generation of young"
𝑻𝒉𝒆 𝑺𝒂𝒍𝒕 𝑶𝒇 𝑻𝒉𝒆 𝑬𝒂𝒓𝒕𝒉,2025-01-08 09:29:07+00:00,"Think about this deep down. In what ways does it make any sense that you have young men standing in front of a ring light, licking their lips, lip singing or doing stupid dances. Or pranking even parents. Some even wearing dresses, all in the name of creating content. The"
𝑻𝒉𝒆 𝑺𝒂𝒍𝒕 𝑶𝒇 𝑻𝒉𝒆 𝑬𝒂𝒓𝒕𝒉,2025-01-08 09:32:24+00:00,"To conclude, Tik Tok is one of the most dangerous mind programming tool, that has eroded the average youth's brain. Oh by the way, if you're still reading, you're not a Tik Toker, because they bowed out by the second paragraph, they can't read nothing longer than a meme. Anyways, food for thought"
Okuhle,2025-01-08 09:42:31+00:00,"So true, some people who intoxicated to that app have a problem of being attentive. You can literally say a lot of beneficial things and they'll only understand the beginning and forget everything you said after cause the attention span is reduced and when you tell them about the"
Anthony Kuria,2025-01-08 11:10:22+00:00,"@Shadaya_Knight
 while I agree with your point of view about Tik Tok dumbing down a whole generation, I'm of the school of thought that it can also be used as a learning tool. For instance, I've learnt a lot from the platform: photography, videography, AI and even marketing."
Mano,2025-01-08 09:46:04+00:00,Alpha i was waiting for you to address this toxic social media platform
Tashabags,2025-01-08 11:47:32+00:00,"I love ticktock , consume a lot of content  for leisure and also fir learning, but I can attest that what you are saying is 100 true ,however those are the disadvantages and they unfortunately outweigh the advantages."
Ruth Gacheri,2025-01-08 10:04:37+00:00,"100% true...and they always program and feed you with what you mostly search and what you think they just bring it so they get your full attention..
Keep off !!!"
Mkay,2025-01-08 10:27:57+00:00,"I have already removed the application in my phone ,l have removed Instagram lm left with Facebook"
Bonn,2025-01-08 09:36:36+00:00,A good thread bro
Yamaldinho,2025-01-08 09:33:54+00:00,Great thread man
Trizy we Barcelona.,2025-01-08 10:25:31+00:00,I choose to learn Aplha
DJ Spice ZW,2025-01-08 15:12:20+00:00,This is true even girls are nolonger prioritizing real conversations because of tiktok
Chief_Of_Staff,2025-01-08 09:54:09+00:00,Ndakarota Alpha vachinja DP
TT,2025-01-08 09:56:41+00:00,Very true it’s a threat to masculinity. Men licking lips in front of light is crazy business
El Magnifico,2025-01-08 15:13:57+00:00,I won't perish ...give me stationary time for lessons
ntlaks M,2025-01-08 15:53:12+00:00,I hate TikTok and Instagram with all my heart
Lehlagare,2025-01-09 15:06:56+00:00,It's worse because they are not even aware they are slaves.
Fortune,2025-01-08 09:34:12+00:00,Hoyooo
Live Yours,2025-01-08 09:41:14+00:00,"Learn or Perish , Profound"
ema,2025-01-08 14:08:38+00:00,"Kune Riya dununu rekuchipinge rinozviita Mai Vhai nhaimi nyika yoenda kumawere takatarisa you need to address these issues Alpha the world is burning Nyika yatsakatika iyi ave marengenya , people are perishing out there youth and men  to specific. Please Do  something Alpha."
Tynashedee~``,2025-01-08 16:56:35+00:00,facts gee
Mamthembo,2025-01-08 20:42:07+00:00,where do you get such insightful information
Mr Singzz,2025-01-09 03:16:07+00:00,So true.... About Feminization of males goes with what katt says its in fhe step of world controllers to try to do that to man to take his masculinity
chimuti,2025-01-10 07:57:21+00:00,And porn too
mukunda_musoni_,2025-01-08 11:49:35+00:00,All socia media platforms are toxic
Chibabest_Lite,2025-01-08 11:55:39+00:00,I choose to learn!! Thank you Master!!
Jacob Sithole,2025-01-08 12:36:19+00:00,Great!
Being Normal is Abnormal,2025-01-08 14:34:34+00:00,"I watch more of Animal documentaries, histories, science and African Tradition. All what you wrote here are truth. It has made lots of youths loss their senses and doing stupid things"
teflon,2025-01-08 15:30:11+00:00,"Kusapasa kuda gore rino ,, I won't perish"
Freeman John,2025-01-08 15:41:31+00:00,True. We are now living in a world of dumb youths with smart gadgets. It's really a scary place to be in.
Ragnar,2025-01-08 15:46:43+00:00,"Stupidity beyond doubt especially for the men, sad"
Freeman John,2025-01-08 15:47:23+00:00,"And it is virtually impossible to have a meaningful discussion with them youths of today because they'll interrupt you every 30 seconds as you speak. Their brains have been programmed that way, 30 seconds attention span"
Ben,2025-01-08 16:25:59+00:00,"Spot on ,no doubt"
kingdavid,2025-01-08 17:06:32+00:00,I firmly disagree.
Barilubari Christopher,2025-01-08 18:12:01+00:00,"Addressing that toxic Social media platform on another toxic Social media platform, isn't it?"
Positive attitude,2025-01-08 19:50:59+00:00,You're reading my mind . Tik tok is grooming unresponsible men and women who cannot comprehend beyond 30 seconds video
SUBZERO,2025-01-08 23:01:27+00:00,"True , but also keep in mind that tik tock shows you the content that you watch mostly and follow... There is also informative material there... To some extent it's also about the user and the content they like.."
Vincent,2025-01-09 04:50:18+00:00,Where is the lie...tick tock is the major proponent of the herd mentality...the masses are enslaved by this godforsaken app which apparently I've never downloaded on my phone.
D ' V e v,2025-01-09 07:03:12+00:00,A powerful and a must read thread for the 'lost generation' that are willing to redeem their senses.
Bekithemba Khumalo,2025-01-09 07:34:08+00:00,Respect
Your worst enemy,2025-01-09 08:01:54+00:00,I've joined in on addicted people watching TikTok. All they do is scroll and I keep on saying please put back the video I barely saw what was going on. But now I get it. It's about scrolling for them and yes it's a type of sickness.
Willox,2025-01-09 19:49:34+00:00,The Matrix....
Azania Alkebulan Afrika,2025-01-08 16:20:35+00:00,"My thoughts. Hated by many for this. Mist tik tokers are never on twitter. They tell its boring, guess they illiterate."
Dylan Lindgren,2025-01-10 21:00:59+00:00,"The hyperbole coming from 
@eSafetyOffice
 & 
@tweetinjules
 really has no limit.

Is the fact she would have been one of those fired by X (and likely friends were) clouding judgement here?

If it’s as bad as they say surely they must ban it like people propose is done with TikTok."
Mike Solana,2025-01-10 17:09:11+00:00,"Good morning, today is a great day to ban TikTok."
TB wallstsavage,2025-01-10 17:10:54+00:00,Every day is/was a good day to ban TikTok for years now
Moses Kagan,2025-01-11 04:48:28+00:00,Word
Reid McCrabb,2025-01-10 17:22:11+00:00,tiktok algo is toxic - it has to have a role in this chart
Kim-Mai Cutler,2025-01-11 09:39:26+00:00,I would think they want to frame hypocrisy on part of the US ahead of whatever they want to do wrt Taiwan.
Katherine Dee /acc,2025-01-10 17:12:00+00:00,"@SnoozyWeiss
 re our email over the holidays…."
Echoes,2025-01-10 17:09:58+00:00,Every day is a good day to ban TikTok
Cool Metal Jacket,2025-01-10 17:39:10+00:00,Have you considered that you may be experiencing Gell-Mann amnesia
sw_48,2025-01-10 17:14:43+00:00,"Agree, and we should be actively fighting back by brainwashing Chinese & Russians online.  No, I am not kidding."
Apollo,2025-01-10 17:20:05+00:00,There was a time not too long ago when I thought you were overreacting with your calls to ban TikTok. Not anymore.
Unpopular Truth,2025-01-10 17:40:00+00:00,Every day is a great day to ban TikTok
Brian,2025-01-10 19:09:55+00:00,Best day to do it since yesterday
Alex Moore,2025-01-10 19:14:20+00:00,why is it so hard to do this? there seemed to be so much momentum after the congressional hearing last year
Scott Thorpe,2025-01-10 20:16:11+00:00,Hahahah yea they won’t ban it
Dread Pirate Roberts,2025-01-10 20:41:10+00:00,"As much as I hate TikTok, government has no right to ban it, and it sets a precedent for government control or removal of other social media. Furthermore, such a ban is entirely unenforceable"
Sanjay,2025-01-11 13:29:18+00:00,"@esaagar
 @krystalball"
"Captain Confirmation Bias, moral superiority cop",2025-01-11 14:24:23+00:00,"TikTok is a scourge but bans don’t work. It behooves us to properly educate our young with critical thinking, skepticism, a search for truth over feelings, a moral code not based on peers, a willingness to stand up (alone), and an understanding of the harsh realities of history."
Jackson Chakma,2025-01-11 17:16:36+00:00,In the case of banning I only  India
American Independent.,2025-01-12 02:43:27+00:00,Seems like a good day to start using it
Dinesh,2025-01-10 17:59:35+00:00,I mostly agree with this but what if this turns on other tech companies? What if X?
Shrug Life,2025-01-16 03:01:48+00:00,I don't like something so ban it!  For freedom!
Komodo,2025-01-11 11:46:26+00:00,".
@elonmusk
 is that okay for US firms to send contact details of its citizens to other countries??

Many call centers and BPOs are doing this. Than why do we ban #tiktok for stealing our data?"
Tiền Academy - Bitcoin - Crypto - Tư Vấn,2025-01-10 23:15:54+00:00,"ETH= 2600
TÔI ĐÃ NÓI VỚI BẠN TRONG LIVE STREAM TIKTOK CUỐI CÙNG !!! ĐỂ XEM LẠI VÀO YOUTUBE = TIEN ACADEMY"
Animal Adoptions UK,2025-01-11 10:43:16+00:00,"DISTRESSING!  Please retweet Vigilantes have targeted #Glasgow man's flat after he killed Juno, an  XL BULLY HE BOUGHT ON FACEBOOK. Logan Smith bought a banned XL Bully dog from England before she was later found dead and covered in blood outside his home. Windows of Smith's flat"
Riley Xxx,2025-01-11 13:43:29+00:00,This is why Scottish government NEED a blanket ban on the selling of these poor animals on social media its previous owners should be ashamed of themselves
Animal Adoptions UK,2025-01-11 14:02:58+00:00,"We need a blanket ban on pet selling sites and re selling pets on social media. Facebook and Tick Tok have already banned the sales of pets on their platforms. 
People need to report anyone selling pets on facebook and TikTok especially in closed groups.
A decent breeder would not sell on social media. 
By law anyone buying a pet can only do so from where they were bred. That means a buyer has to be able to see a puppy or kitten with mum. If this is not possible, RED FLAG - WALK AWAY AND REPORT TO THE SELLER'S LOCAL COUNCIL'S LICENSING DEPARTMENT."
jaynees clublander,2025-01-11 14:14:43+00:00,Yet they still sell on there still
B Kirkpatrick,2025-01-13 06:43:20+00:00,"I think differently in the States, if we didn't have Facebook and tictok we would not find forever homes for a lot of the abandoned animals.  I don't believe in breeders! We already have tons of purebred animals in the shelters. I feel breeders contribute to the excessive amount"
Sweta,2025-01-11 23:08:58+00:00,Ban TikTok I’m so serious
Yle Uutiset,2025-01-09 04:30:00+00:00,Supo varoittaa: Tiktok-käyttäjien tiedot voivat päätyä Kiinan turvallisuusviranomaisille
Joni Askola,2025-01-09 07:44:09+00:00,Itsestäänselvyys
Edvard Vapaamieli,2025-01-09 10:24:35+00:00,"Varmasti päätyvät. Mutta mielenkiintoista, että Supo ei ole koskaan varoittanut siitä, että Facebook-, Instagram-, ja Whatsapp-käyttäjien tiedot päätyvät USA:n turvallisuusviranomaisille."
Jesse Lahtela,2025-01-09 05:42:58+00:00,Ja samaten Metan ja Googlen tiedot päätyy USAn turvallisuusviranomaisille.
Anders Wollstén,2025-01-09 06:19:00+00:00,"Säpo, Ruotsin Supo kehottaa välttämään puheluita Volvossa salakuuntelun vuoksi."
Jani,2025-01-09 05:57:30+00:00,Joo no ei mitään uutta tässä ole todellakaan..Ne mielellään kerää dataa kuin myös moni muukin sovellus esim urheilukellojen puhelinsovellus yhtenä esimerkkinä kanssa.
Who Dis,2025-01-09 06:40:47+00:00,Päätyvät varmasti kuten amerikkalaisten sovellusten tiedot Yhdysvalloille. Kysymys on vain siitä keneen haluaa luottaa.
Jari-Petri Heino,2025-01-09 07:47:46+00:00,Hui. TikTokin käyttäjien keski-ikä noin 12 ja valtion salaisuuksia kännykkä täynnä...
Tomi Salonen,2025-01-09 12:09:51+00:00,"Joo uskon , että kiinan turvallisuusviranomaiset ovat todella kiinnostuneita esim. tyttäreni meikkivideoista"
Silminnäkijä,2025-01-09 06:02:45+00:00,"Muistellen Snowdenin paljastuksia vuodelta 2013, käytännössä kaikki data kaapeleista menee joka tapauksessa läntisille turvallisuusorganisaatioille."
elaintahra,2025-01-09 06:43:45+00:00,Nappaavat nuorison tanssiliikkeet sinne Kiinaan
warma,2025-01-09 07:24:44+00:00,Tikrok pitaisi kieltaa kokonaan
Topi Rajala,2025-01-09 10:19:53+00:00,Kiinalaiset ei suomalaisen tiedoilla mitään tee... Tai no ehkä myyvät ne Eu:lle??!!
marko oikarinen,2025-01-09 04:32:39+00:00,siinä ei isoa vahinkoa silloin käy. yhdysvallat ja kiina ovat sopineet yhteisistä rauhaa tukevista toimista maailmalla sekä puolutusyhteistyöstä.
Mika Kivi,2025-01-09 06:08:19+00:00,Ongelmallinen sovellus
eetu kovanen,2025-01-09 11:10:03+00:00,Lukekaa idiootit ne käyttäjä ehdot siellä lukee selvästi että jopa miten näpytät näyttöä tallentuu niille viranomasille
Mika Kivi,2025-01-09 07:36:17+00:00,En ota koska vaatii liikaa oikeuksia
Debunker,2025-01-09 07:51:13+00:00,Is Supo a political party in Finland?
Kekehyv .,2025-01-09 12:13:26+00:00,Niin Facebook han ei pääse mihinkään saati Google
Arto 1312,2025-01-09 12:35:29+00:00,"Harmi, kommentoin vain kommunismista ja Kiina-riippuvuudesta Trumpia ylistäen.
Toki ajoittain myös eurooppaan tulevasta kertakäyttöisestä krääsästä, kuten kiinalaisista sähköautoista."
Antti Mäkelä,2025-01-09 13:39:26+00:00,Eiköhän ne jo ole heillä.
Juha,2025-01-09 15:40:25+00:00,Tik Tok on tiedetty pitkään tiedustelu ohjelmaksi.
WINKUWA,2025-01-09 18:37:30+00:00,Niin varmasti päätyy. Ja kaikki Meta ja Alphabet käyttäjät antavat tietonsa NSAlle.
Niin,2025-01-09 05:14:27+00:00,"https://x.com/ystheppu/status/1744473634087878657?t=dnUlgMp6T6vOMByltaVk8Q&s=19… samapa tuo, kohta meitä seurataan muulla tavoin..."
Pete Tarvainen,2025-01-09 05:55:47+00:00,Hyvä Supo. Nyt vielä tutkitte pali Kiinan kansantasavalta on maksanut tukea eli lahjuksia Tiktokin kautta suomalaisille poliitikoille. Alkaa muutamalla pojalla ruskea läntti kasvaa pöksyssä.
Antti Särkkä,2025-01-09 08:42:51+00:00,Ennemmin varottava muita sovelluksia joista tiedot voi päätyä eurostoliiton diktatuurin valvojille
Stefan,2025-01-09 10:16:31+00:00,"On se silti parempi vaihtoehto, kuin antaa ne länsimaille. Ne vasta urkii ja valvoo meitä, syyttää muka kiinaa!!!!"
Duussit,2025-01-09 10:48:17+00:00,ei voisi vähempää kiinnostaa
Pelle Peloton,2025-01-09 11:55:32+00:00,"Eikä vain ""voivat päätyä"" vaan päätyy aivan satavarmasti."
Antero,2025-01-09 12:44:55+00:00,"Kyllä. Voit pitää tätä todennäköisenä jopa. Kuten myös, Meta:n (facebook, instagram, whatsapp) -tiedot päätyvät yhdysvaltain viranomaisille. Tähän toki vielä vanha kunnon snowden."
Ensio Salomon Lahtinen,2025-01-09 13:22:23+00:00,"Valmistautumaan Kiinan Taiwanin haltuun ottoon, koska Mossadin alaosasto Supo aivopesee Kiinan vastaiseen taloussaartoon. CIA järjestelmät MS, Google, FB, Instram eivät ole kerääneet tietoja eikä myöskään Apple."
Jari Mikkonen,2025-01-09 14:43:43+00:00,"No TikTokhan se vasta ongelma onkin. Maassa, jossa hybridikeskus saa kytätä ihmisiä miten huvittaa lain ulottumattomissa ja sisäministeriö selvittää supon valvontamahdollisuuksia ihmisten kodeissa"
Ilpo Surokivi,2025-01-09 18:47:52+00:00,"Vähän amerikkalaisen tyylinen varoitus. Ihan vaan tiedoksi, että tämäkin kommentti saattaa näkyä CIA:lle, jos sitä johonkin tarvitsevat. Lisäksi Suomen viranomaiset ovat pyytäneet tietoja Facebookilta tapauksissa. En kannata tällaista ""Me hyvä, ne paha"" -asettelua."
Pete Alonso Meatrider,2025-01-12 19:36:59+00:00,How do people get like this
Pete Alonso Meatrider,2025-01-12 19:40:14+00:00,The internet was a mistake. A tankie and a groyper LMAO
Legend Guild Game,2025-01-12 04:12:02+00:00,"Tuyển Streamer TikTok và Facebook Gaming- HeroesTD Chờ Đón Bạn! 

Lương: 10,000 đồng/h, thanh toán qua Momo. Đơn giản, tiện lợi!

Điều Kiện: Chỉ cần điện thoại và TikTok hoặc Facebook Gaming. Livestream và tương tác cùng cộng đồng.

 #HeroesTD #playtoearn"
Legend Guild Game,2025-01-12 04:12:26+00:00,"Cách Thức Tham Gia:
Livestream TikTok hoặc Facebook Gaming với hashtag #HTD, #heroesTD, #khiphachanhhung, #choigamecotien.
Đăng ký [Link] và tham gia Zalo: https://zalo.me/g/gnilah520.
Tag 5 bạn vào post trên Facebook để mời họ tham gia."
Legend Guild Game,2025-01-12 04:12:35+00:00,"Link Đăng Ký: https://forms.gle/nxjSiFXYJLxZm4qr5…

Cùng nhau, xây dựng cộng đồng HeroesTD mạnh mẽ!"
moi,2025-01-11 13:13:42+00:00,Realist shit trump ever did was try to ban TikTok. Sickest app ever
GocrazyGo2PM Pd nim,2025-01-10 13:55:24+00:00,"Not tiktok deleting this video because it was ""violent and explicit content""  Sir this was on korean national TV what are you talking about? Damn! guess Taecnuneo love language in too much for them"
Minkle,2025-01-10 13:58:44+00:00,the 2PM show was hardcore(apparently)
GocrazyGo2PM Pd nim,2025-01-10 14:15:51+00:00,Koreans are known to be so conservative and yet allowed children to watch this dangerous content on tv  How dare them???
Hashini Perera,2025-01-10 13:59:58+00:00,"Are u serious.... 
Normal people can't understand TaecNuneo love language"
GocrazyGo2PM Pd nim,2025-01-10 14:11:51+00:00,Girl my first reaction was laughing because I couldn't believe it
Rae-Ø,2025-01-10 14:40:53+00:00,Junho literally broke Taec's arm when they arm wrestled before if I'm not mistaken
GocrazyGo2PM Pd nim,2025-01-10 14:46:21+00:00,"Yes  it's not like I had footage of that moment and uploaded it, tiktok is being dramatic"
',2025-01-11 00:59:37+00:00,VIOLENT EXPLICIT CONTENT LMAO???? thia was so cute tho i miss 2pm show.... rewatching it as we speak
GocrazyGo2PM Pd nim,2025-01-11 01:14:00+00:00,I'm rewatching it too  so nostalgic
galaxyo2,2025-01-10 21:46:51+00:00,Tiktok should write new alghoritm for them
GocrazyGo2PM Pd nim,2025-01-11 01:24:50+00:00,I uploaded it again but with a Barney song as the bgm...who's laughing now tiktok?
Blame It on the Soju Wet Wooyoung Ambassador,2025-01-10 14:59:29+00:00,2PM shenanigans are too much for them to handle
Alice Potato,2025-01-11 03:36:33+00:00,How Taec managed to only got his bone broken once the past 15 years still amazes me
Anu,2025-01-10 13:56:20+00:00,
ARYLLborTAEC2daKAY|TAECYEONasPâtissier,2025-01-10 13:59:52+00:00,
Bash,2025-01-10 14:07:43+00:00,
Rūmæ,2025-01-10 14:32:37+00:00,
ChanSuHottie,2025-01-10 15:05:36+00:00,Really?
paper doll,2025-01-10 15:50:42+00:00,Aigooo
𝐎준업튀,2025-01-10 14:14:01+00:00,Lmaooooo
MyKLife,2025-01-10 14:14:36+00:00,OMGOSH!!!
B,2025-01-10 15:04:00+00:00,Seriously!!
linda howard,2025-01-10 16:45:29+00:00,Don’t like. He is bullied by them always!!
Rabzz_Love_JunHo,2025-01-10 18:24:22+00:00,I am useless then
K-ATSU SAID,2025-01-11 04:13:12+00:00,
Graham Orwell Powell,2025-01-18 12:04:06+00:00,Check out Denmark ban on burka ! #TikTok
燈☪︎炉+｡-hiro-,2025-01-19 12:58:58+00:00,やばいまたTiktok垢BAN入った予感…
Pete Alonso Meatrider,2025-01-19 14:32:48+00:00,"This is complete fantasy, actually"
Pete Alonso Meatrider,2025-01-19 16:51:57+00:00,Easily the most unhinged person on this app
Marc,2025-01-18 23:45:49+00:00,"Any parent or doctor responsible for this should be imprisoned for life.

In some good news, South Carolina has banned this practice for adolescents. Finally some common sense."
Karl,2025-01-18 23:54:07+00:00,"That's the law here in Oklahoma, must be at least 18. There's also a Bill to ban 'furries' to be voted on this year. I didn't know what a furry was or that they were even here in Oklahoma. This sh*t is getting crazy."
Marc,2025-01-18 23:56:21+00:00,"I don’t see the purpose of this regardless, especially if genitals “don’t define gender.” But at least it’s restricted to adults. Wish I could say the same about here.

Omg… I found out about furr*es a year or so ago… absolutely batsh*t crazy!"
Errol Webber,2025-01-19 10:19:12+00:00,"Good, this life-changing child genital mutilation is getting out of control."
Chasingainz,2025-01-19 00:27:10+00:00,To be honest it should be atleast 21yr old ..
Jeanne-#ENDParentalAlienation #SaveTheChildren,2025-01-19 13:58:38+00:00,"Considering that this painful, disfiguring surgery CANNOT produce a functional p*nis, it is insane to do it. A woman or girl willing to  destroy their arm to make a pretend dick that just hangs between their legs like a limp sausage, should be committed for serious eval."
"Caroline, Stop It!",2025-01-19 07:02:47+00:00,The person featured in the original photo was not an adolescent.
Lefty McLefterson aka CIS Elon.,2025-01-19 13:31:06+00:00,You are fully retarded if you think any minors had this surgery done before that law…
Ashley Slays,2025-01-20 03:14:41+00:00,Thank god omg that was wild
Westerosi Hermit,2025-01-20 04:08:40+00:00,Liberals
ET Marketing Hub,2025-01-18 11:51:28+00:00,"A recent data privacy report shed light on seemingly harmless apps for kids, like #BabyBus, being among the most data-hungry. How did it skip the TikTok ban? What's at stake? 
@diarekhiET
, 
@Glenn_Gerstell
 & 
@kanishkgaur
 - 
@IndiaFutureFou2
 discuss
Listen now
http://bit.ly/3vN13Z3"
CÓ THỂ BẠN ĐÃ BIẾT,2025-01-17 00:04:41+00:00,"——MUA HÀNG CAO CẤP CHÍNH HÃNG SẼ DỄ DÀNG HƠN BAO GIỜ HẾT VỚI TIKTOK——

***Sắp đc sắm LV, Chanel qua tốp tốp rồi chị em ơi 

    Các bạn mình chắc cũng thừa biết là nếu thuật toán TikTok không hỗ trợ, thì NTK Thái Công cũng sẽ không thể viral như thời gian vừa qua. Giờ các bạn mình chắc cũng biết ý đồ của TikTok rõ ràng hơn thông qua thông tin dưới đây rồi:

TikTok được cho là đang mời LVMH để hỗ trợ chống lại hàng giả được bán trong ứng dụng của mình.

Dự là năm 2024 sẽ là 1 năm mà các mặt hàng xa xỉ xuất hiện trong TikTok Shop, không chỉ riêng kênh của NTK Thái Công đâu.

""TikTok đang chuẩn bị phát triển hoạt động kinh doanh thương mại điện tử của mình vào năm 2024, hướng tới doanh thu 17,5 tỷ USD vào cuối năm nay. Là một phần của mục tiêu đó, ứng dụng muốn chống lại các mặt hàng xa xỉ giả được bán trong TikTok Shop.""

""Khi TikTok hướng tới việc phát triển kinh doanh thương mại điện tử của mình ""gấp mười lần,"" theo một báo cáo trước đó, ứng dụng này dường như lo lắng rằng những sản phẩm giả mạo sẽ làm mất hứng thú của khách hàng đối với việc mua sắm trên nền tảng. Nó cũng có vẻ đang tạo ra sự khác biệt so với các nền tảng mua sắm trực tuyến khác đặt tại Trung Quốc, như Alibaba, đặc biệt là do TikTok Shop cho phép các nhà bán hàng bên thứ ba đăng ký sản phẩm của họ.""

Link bài viết: https://hypebeast.com/2024/1/tiktok-lvmh-combat-fake-luxury-report…"
Thu_Thuy,2025-01-17 00:08:59+00:00,Chốt thôi bạn ơi
CÓ THỂ BẠN ĐÃ BIẾT,2025-01-17 02:00:37+00:00,Tiền đâu ????
Kaorychang,2025-01-17 00:39:37+00:00,làm j có tiền mà mua đồ cao cấp ạ
CÓ THỂ BẠN ĐÃ BIẾT,2025-01-17 02:01:16+00:00,"Từ khi có shop Thái Công trên tốp tốp, giỏ hàng của mình đã lên đến con số tỉ đồng"
BeonZane,2025-01-17 01:00:53+00:00,Pro đang cày tik tok à
CÓ THỂ BẠN ĐÃ BIẾT,2025-01-17 02:02:35+00:00,Đợt trc làm tốp tốp beta chết hết bỏ lun r
SoccerStar,2025-01-17 01:17:07+00:00,Chơi hàng chợ mất cho đỡ tiếc.hi
CÓ THỂ BẠN ĐÃ BIẾT,2025-01-17 02:03:44+00:00,200k full set không bớt em ơi
Vũ Sơn Hà,2025-01-17 02:26:50+00:00,Càng ngày tt càng phát triển
CÓ THỂ BẠN ĐÃ BIẾT,2025-01-17 02:29:06+00:00,Sếp tăng lương cho tụi e để tui em phát triển cộng đồng cho Sếp là ok ngay =)))
giangnguyen1222,2025-01-17 02:39:28+00:00,"Tiền ở đâu để sắm thì bác k nói luôn ở đây cho mọi người biết, thông tin chưa hữu ích lắm, chê nha"
CÓ THỂ BẠN ĐÃ BIẾT,2025-01-17 02:40:52+00:00,"Từ ngày Thái Công on Shop, giỏ hàng lên con số tiền tỉ rồi"
Duy Trường,2025-01-17 03:27:25+00:00,Lại là tóp top à
MrBiFuny,2025-01-17 03:36:40+00:00,"Bác chơi thương hiệu LV, Chanel thì căng, mua không nổi … ngắm thôi"
CÓ THỂ BẠN ĐÃ BIẾT,2025-01-17 04:28:51+00:00,Bỏ giỏ hàng cho đầy a ;))
Tommy Nguyen,2025-01-17 04:19:42+00:00,TIKTOK nó làm ăn lên kinh thật
CÓ THỂ BẠN ĐÃ BIẾT,2025-01-17 04:28:32+00:00,Sếp musk nhắm đấu lại ko
Color ION,2025-01-17 04:30:27+00:00,Bữa mình cũng bán hàng trên tt mà giờ nhiều việc quá nên bỏ bớt
CÓ THỂ BẠN ĐÃ BIẾT,2025-01-17 04:35:14+00:00,Tt beta nước ngoài chứ VN mình ăn chia ko đc xanh chín lắm ;)) ko phải hot ttker thì làm ko đc bn
Lánh Kim,2025-01-17 05:05:41+00:00,Mới sắm vài món gia dụng bên đó zề chơi nè bro
CÓ THỂ BẠN ĐÃ BIẾT,2025-01-17 07:19:12+00:00,Giàu dữ
1001 ways to win,2025-01-17 08:37:07+00:00,giờ vẫn mua được mà nhưng pha ke là nhiều
CÓ THỂ BẠN ĐÃ BIẾT,2025-01-17 08:48:55+00:00,Mua real ko có tiền
Na Na,2025-01-17 02:31:51+00:00,chúc mừng bạn
Hoang Nam (Lời Vàng Phật Dạy),2025-01-17 04:43:30+00:00,Wow vô cùng tuyệt vời cám ơn chia sẻ từ bạn hàng hiệu củng khó tiếp cận
John Tran,2025-01-17 05:13:52+00:00,Chuẩn luôn b ơi
Nguyễn Anh Thư,2025-01-17 07:59:03+00:00,"Cảm ơn chia sẻ của bạn, ghé mình nha"
CÓ THỂ BẠN ĐÃ BIẾT,2025-01-17 02:27:24+00:00,Múc em túi LV tỉ liền
CÓ THỂ BẠN ĐÃ BIẾT,2025-01-17 03:29:30+00:00,Đợt rồi ae tốp tốp beta bể quả trời
Lisa Elizabeth,2025-01-18 18:46:44+00:00,Does the Biden regime follow any laws at all?? This is illegal. Supreme Court ruled on it in 2019. https://aclu.org/news/free-speech/court-rules-public-officials-cant-block-critics-facebook…
Lisa Elizabeth,2025-01-18 20:52:32+00:00,*correction* Fourth Circuit Court of Appeals ruled you can’t block and it’s still the law of the land.
Lisa Elizabeth,2025-01-18 22:35:15+00:00,Just gonna leave all this right here.
christymaginn,2025-01-18 23:40:17+00:00,"@POTUS
 is the official channel which would possibly make your statement true..but given how the account is labeled as parody, not likely."
Lisa Elizabeth,2025-01-18 23:42:54+00:00,"The parody account was the one that was blocked by 
@JoeBiden
 which is a personal/campaign account used for political purposes."
Lisa Elizabeth,2025-01-18 22:43:01+00:00,Just gonna leave all this right here.  x.com/raymondgstanle…
ʀօӄռɛ ɦօʀʀօʀ քɨƈȶʊʀɛ,2025-01-18 22:40:13+00:00,Very legal.
Lisa Elizabeth,2025-01-18 22:41:16+00:00,Wrong.
Maile,2025-01-18 19:55:31+00:00,That is NOT cool. At all. Call the White House and keep calling until they pick up
Audsauce,2025-01-18 19:29:57+00:00,Democrats will make an excuse cause it’s (D)ifferent.
Michael Absher,2025-01-18 19:42:18+00:00,is it his official account?
Lisa Elizabeth,2025-01-18 19:54:05+00:00,Doesn’t matter if he’s politically messaging from that account. Which he is. If that was the distinction then it would be ok to have an official and a campaign account and occasionally post on them but mainly posting on  your personal which has millions of followers to avoid
Billy Pierce in Texas,2025-01-18 20:05:07+00:00,Read the detailed opinion in that case from SCOTUS. It’s more nuanced than some people realize.
Drew,2025-01-18 23:04:01+00:00,"That’s his private account, it’s his 
@POTUS
 account that can’t block you."
"Regional Step-pope Richard, CBD",2025-01-19 03:44:10+00:00,The 4th Circuit Court of Appeals is not the Supreme Court. Did you mean to link to a different page?
Michael Algarin,2025-01-18 19:20:31+00:00,Any lawyer looking for an easy W reading this
Arlin,2025-01-18 19:29:58+00:00,"Hahaha. I mean, they shouldn’t do that but it is funny. That admin was pissed I’d bet."
Aaron Mikita,2025-01-18 19:56:39+00:00,Highly doubt he really got blocked
Jake the Great,2025-01-18 21:32:11+00:00,That’s it. This did it. A prosecutor somewhere in rural Alabama needs to indict him.
"Elle Hunt, J.D.",2025-01-19 01:41:16+00:00,"Pfft, the dude isn’t doing anything himself. Poor guy is now a mere puppet. Elder abuse really. His administration though, they’re breaking federal law."
CrazyInTheCatskills,2025-01-18 19:37:34+00:00,"@JoeBiden
 is a feeble idiot."
BadCarbNoDonut ©,2025-01-18 19:44:33+00:00,"My working assumption is that Biden is taking money from the cartels, or being blackmailed by them,  or else he would control the border. 

There is literally no other explanation. It’s time to say it out loud."
Christopher Cromwell,2025-01-18 20:02:25+00:00,Or was it something you said?!
Jesse E Smith,2025-01-18 20:07:13+00:00,Sue him like that did Trump.
Star Spangled Devil,2025-01-18 20:55:03+00:00,They think they are above the law.
dirt merchant,2025-01-18 21:12:15+00:00,If he blocked you then you ain’t black.
Big Cat,2025-01-18 22:36:57+00:00,might be you
OdinsArmy,2025-01-19 01:50:45+00:00,U R a clown
Michael,2025-01-19 02:07:24+00:00,Last I checked Presidents aren’t vindictive.
T James 4 life,2025-01-18 19:47:49+00:00,"It’s not the presidential account, it is his personal account and he can block anyone he wants. And by he I mean her, since we know he did know how to use X."
Lisa Elizabeth,2025-01-18 22:48:18+00:00,Try again.
ND,2025-01-19 00:05:18+00:00,"Relax it’s just locker room talk.  It just something guys say.  It was a joke. Joe Biden never blocked anybody.  You’re just part of the lame stream media.  Alternative facts.  Fake news!  

Ok this was my first time did I get the Trump excuse mad lib correct?"
N Thompson,2025-01-18 20:01:00+00:00,"Rules are not for team blue.  Rules are to keep the plebs in line.

Our gracious rulers are not subject to pesky rules."
Lisa Elizabeth,2025-01-18 19:25:34+00:00,Nope. Only if the page was private and there was no political talk on the page at all. Those were the rules for members of congress when I worked there too.
Cancel This Podcast,2025-01-18 19:42:04+00:00,"To be fair that just means he's actually blocked by 
@PressSec
 because we know 
@JoeBiden
 doesn't even run his own account. That's the loophole they'd probably use."
James Miller,2025-01-18 19:48:17+00:00,He has full immunity from all laws?
MAGATRON,2025-01-18 19:53:32+00:00,Thats a parody account
Oh Liddy,2025-01-18 20:13:36+00:00,I blocked Joe Biden...
Sam Ramirez,2025-01-18 20:57:53+00:00,Well at least you got some kind of response
Raymond Synold,2025-01-18 21:59:51+00:00,You are trusting a parody account?
Icculus,2025-01-18 22:09:23+00:00,"Fuck off, fucking MAGAt!"
Groundhog,2025-01-18 22:32:05+00:00,He knows how to tweet. WOW.
Elon is a Nazi,2025-01-19 00:08:13+00:00,You're assuming a parody account is telling you the truth.
ET Marketing Hub,2025-01-18 04:06:15+00:00,"Educational apps + chores = parent win? Not if they're secretly scooping up data like #BabyBus. How did it skip the #TikTok ban? What's at stake with foreign data collection? 
@diarekhiET
, 
@Glenn_Gerstell
 & 
@kanishkgaur
 - 
@IndiaFutureFou2
 discuss
Listen now
http://bit.ly/3vN13Z3"
うちは,2025-01-18 16:08:12+00:00,"★のんちゃん

・ニコ生→TikTok
・BANになった
・異議申し立て→却下

聞いてみるよ！

2024/1/18

#ノック"
我的孤僻無藥可救 ,2025-01-16 16:36:16+00:00,推一下之前puma在直播提到禁抖音難以執行的地方，黑熊學院已經打好逐字稿了，簡單說就是如果用資安或國安理由去禁，會打到其他app尤其是手遊，那會更激起民意反彈。
葉鹿走多遇到刷,2025-01-16 22:46:16+00:00,這主意滿好的
Milktea Alliance W.S.,2025-01-16 16:49:37+00:00,"實務上不太可能做得到

就算做得到也只會形成史翠珊效應"
Woodbox,2025-01-17 03:51:13+00:00,"就是言論自由

憲法保障的基本權利
要怎麼規範都很難
歐美國家也是有面臨這種狀況
不管~放任假消息流傳
管了~被靠悲沒有言論自由
這一直都是學者專家在鑽研的東西

偏偏這點很容易被中共俄羅斯利用並破壞民主"
Cherub_shiao,2025-01-17 01:56:01+00:00,先叫臉書把審查團隊建在台灣啦，為什麼我們的言論要讓中國人管？
チャールズ八代目,2025-01-16 19:28:40+00:00,就算從itunes跟google play擋掉抖音，還是可以抓apk或者掛VPN到其他區域下載，而且你無法阻止同儕間互報門路
20世紀少年,2025-01-17 01:22:03+00:00,早就來不及了，直接把抖音禁掉就像是把有支持者的總統給暗殺掉，這樣只會造成反效果，所以要做的更應該是想辦法讓抖音變成反感，不是社交應用程式的首選才行
藍天煌,2025-01-17 02:04:41+00:00,"這麼說好了，我們小的時候很多父母如果不管怎樣就禁止你玩電動或看漫畫看卡通我們都會想辦法偷看偷玩了，只是現在這個年代換成了別種東西而這東西遠比電動或動漫漫畫更加有害
為什麼以前父母會禁止?因為他們的先入觀念就是這東西是有害的會影響到讀書所以不去理解只禁止(續)"
Hi sky,2025-01-17 00:07:03+00:00,其實簡單來說，就是那把「尺」很難去定義
Brian Lin,2025-01-16 22:08:11+00:00,與其禁止，不然切入改變，這是反間諜策略
Avatar Xes,2025-01-17 09:29:41+00:00,"其實不是沒辦法。標準不見得要全部黑白一二三，可以是文字敘述的一套原則，然後附加一堆”工具”。

明確符合的直接出局；不明確符合的看情況加強審查 - 審計審到死的概念。

查稅，查資金流向，查個資保護，查系統安全，查演算法，如果演算法黑箱就實質抽查-有害導流也抓。

風險越高查越多越頻繁。"
Rex,2025-01-17 01:04:46+00:00,但要教育民眾中國認知戰是完全不需要懷疑的事，而抖音就是他們效果卓著的工具。叫年輕人改用ig、推特或其他吧！
冷冷,2025-01-17 01:37:32+00:00,"我覺得想多了，獨禁斗音，是一個由國家帶頭作為宣示的反認知作戰旗桿。

真正的反認知效果，是有如柯粉一樣的不受任何民進黨的言論影響，堅定相信柯文哲。

要用柯粉做比喻真悲哀。"
小瞇男,2025-01-17 04:39:43+00:00,技術上從idc掐流量就好，讓他們看的很辛苦，只是有什麼方式可以讓各大IDC做？
紅蛙研究所 II,2025-01-17 12:30:51+00:00,"那能禁的國家是怎麼辦到的？
怕也是怕選舉年，所以說第一年就該禁，因為今年沒選舉！"
Anna Anna,2025-01-17 07:05:52+00:00,要如何提高黑熊學院的追蹤數我覺得是當務之急，他們的各大社群媒體追蹤數以行銷角度來說，很慘。所以聲音根本傳不出去。
Remus,2025-01-17 12:26:25+00:00,"我覺得要先定義什麼叫做「禁抖音」。
只從play商店、Apple Store 禁止？
那一定沒用，永遠都會有新的安裝管道。
要從網路方面禁止才有可能，
首先由網址反查出ip ，
針對ip 禁止。
但是目前各家網路服務常跟各AWS租主機，
如果是同樣租主機的手遊，
就會遇到一起被封鎖的情況。"
cjiin wu,2025-01-17 04:08:27+00:00,"抖音的幕後老闆是誰？
 總多手遊app 的幕後老闆是誰？

哪個老闆
要「血洗台灣 留島不留人」？

他們兩個老闆
箝制反共言論的力道 都一樣嗎？？？"
Novak,2025-01-17 05:24:29+00:00,各位啊 一堆青少年已經抖音上癮了，你一禁會發生什麼事情？他是會跟你拼命的，只會造反效果，而且藍白一定跟著打！
不能藐視，可以歧視或無視嗎？,2025-01-17 05:30:32+00:00,抖音/小紅書這題無解了，我只能勸自己的小孩別接觸這兩款資訊管道，另外鼓勵她們要用功讀書以後有機會出國深造趕快ㄙㄨㄢ出去，我們的故鄉淪陷匪區已經開始進程⋯⋯難過～
自由的綠葉,2025-01-17 06:59:41+00:00,"我有一個想法!
你們以為言論自由對社群平台都可以後台設禁言或刪除激進文章或調整降演算法低點閱率，目前無法可管! 所以台灣要立一個法律來保障大家在社群平台的言論自由，這些社群平台能有法律規範才能保障各位在社群平台的言論自由。就不用針對那個應用程式禁來禁去。 我們就合法使用敵人APP反攻回去"
老衲推特,2025-01-17 09:17:20+00:00,"把演算法硬扯到遊戲幹嘛？

現在是針對「由使用者輸出文字影音內容」給不特定大眾的社群或論壇，其推播方式（演算法）必須“公平”，除色情、暴力需註明分級外，不得對內容另外做審查。

而大部份遊戲app的使用者，只是使用遊戲設計者提供的內容，跟上述規範無關。"
Ludlum,2025-01-17 01:52:24+00:00,看看能不能用罰錢的
WOOOOOPS,2025-01-17 04:13:02+00:00,我覺得就光明正大說中國利用抖音滲透臺灣，必須立專法解決就好，事實就是如此何必拐彎抹角、在旁邊彎來彎去扯一堆隱藏真正理由?
Ice Dragon,2025-01-17 06:33:11+00:00,"能通過媒體服務公開法(數位中介法)最好
但如果還不行,也許能用行政命令阻止
讓廠商選支持台獨或是兩個中國
以宣告期時間給廠商更新標示國籍設定
否則宣告期過後就禁用
用中國的緊箍咒來排除中資軟體"
三思,2025-01-17 06:40:51+00:00,禁不了沒關係~我有一個可行的辦法，希望我這空氣般無存在感的人，可以取得puma連繫，這需要私下講、台面下做的事。
WOOOOOPS,2025-01-17 11:24:21+00:00,"要直指問題核心，在旁邊繞來繞去只是模糊焦點。國家安全法就該訂明確指出：「任何對輿論、選舉有重大影響之社交媒體平台，不得為中國實質控制」

這不就是現在要禁抖音的理由嗎？什麼資安都扯太遠，訂個法然後依法行政禁抖音就結束了，其他中國操控app手遊，如果對輿論選舉有重大影響也必須禁。"
𝑭𝒂𝒏ᵒᶠ𝑻𝒐𝒑.𝐁𝐓𝐒,2025-01-17 12:30:50+00:00,如果台灣做一個像是抖音、小紅書那樣的應用程式來代替呢？並且製造一些名詞，然後散播出去讓小孩們覺得玩抖音的都很low，讓大部分的年輕人這樣想，風氣起來自然再加上有台灣自己的，就會自己主動刪掉了吧？
KN@Taiwan Republic,2025-01-17 14:05:54+00:00,保障言論自由的國家中，看起來就是限制公家單位的裝置不得使用抖音，私人的就管不到了。
twigs,2025-01-15 19:26:03+00:00,I went on this man’s account. Watched a few videos. Sent it to friends and the links didn’t work. They banned his account halfway through me watching shit :/. I couldn’t even find his name on the search bar.
Freedom Forum,2025-01-19 05:20:34+00:00,"Freedom Forum's 64th newsletter highlights:
Economic slump in Nepali #media,
11 #foe violation incidents,
Media related bills in process,
Diktat on online media,
#TikTok ban, public space prohibited, etc...

Link: https://shorturl.at/wyEL8
@tndahal7
 @IFEX
 @nhrcnepal
 @suchanaayog"
mys,2025-01-17 18:47:37+00:00,"ricky's last twt post was in november, his bubble updated a week ago after a long sns ban, he's barely on tiktok and i know for sure it's not his choice.   
@wakeone_offcl
 free him, give him back."
Censored Men,2025-01-16 16:27:54+00:00,Israeli soldiers are posting TikTok edits in which they shoot imaginary targets.
بسمة,2025-01-16 16:36:38+00:00,But in reality
إيـمان | ﮼بكـــماء,2025-01-16 18:04:45+00:00,"Disgusting 

She is in horror
She is humiliated 
She is helpless 

And he is using their misery as a TikTok content"
Ahmed,2025-01-16 16:30:40+00:00,"Genie Qadeeh, a child from Gaza, died because she could not find food"
jim Njue,2025-01-16 16:31:47+00:00,Lol. They look like 8 year olds. No wonder they are getting slaughtered.
CAIN66X92,2025-01-16 16:32:56+00:00,Gaming propaganda won
Ahmed,2025-01-16 16:29:37+00:00,"“We are looking for babies but there is no babies left, I killed a girl that was 12, but we’re looking for babies”
A circulating video shows an Israeli soldier bragging about killing Palestinian babies and children."
Ahmed,2025-01-16 16:30:19+00:00,Is this why TalkTV is so aggressively pro-Israel?
Larry Wilson,2025-01-16 16:31:50+00:00,Diapers army
H• 𝕏,2025-01-16 16:28:31+00:00,WTH
Ɗɑɳisɦ,2025-01-17 08:46:31+00:00,The dawn of freedom is coming
Ghandour,2025-01-16 16:28:43+00:00,How sick is this??
𝐏𝐓𝐈_𝐋𝐨𝐯𝐞𝐫,2025-01-16 16:29:46+00:00,"When you bomb a watermelon, you spread its seeds . #FreePalestine"
Mohammed Atif,2025-01-16 16:29:10+00:00,Imaginary state - imaginary soldiers - imaginary videos
Mayor of KS,2025-01-16 16:28:38+00:00,"Hmmmmmm, things are happening"
The Observer,2025-01-16 16:28:59+00:00,Hold up I think they got a square of DNG chocolates
khansa,2025-01-16 16:29:12+00:00,Heartbreaking
Hind AlliyaaH,2025-01-16 16:33:06+00:00,"They don’t even have imagination,they israeled the resistance  common videos."
Career 247,2025-01-16 16:57:10+00:00,It's a tiktok army
Loulou,2025-01-16 18:59:56+00:00,"They will be rotten in hell !
#israelibarbarism 
#IsraelisATerorrist 
#GazaGenocide"
HAMADA,2025-01-16 20:31:35+00:00,Because of how much drugs they take they hallucinate 100%
Shanzay,2025-01-16 16:28:09+00:00,All lives are equal they have the right to live freely and fearlessly
Mr Damian,2025-01-16 16:28:15+00:00,"Can you imagine, this is disheartening"
Red Alert Florida,2025-01-16 16:30:32+00:00,So? Is there a problem with these TikTok edits?
Fear Speech,2025-01-16 16:31:04+00:00,"They have strong imaginations..
I mean how do you think Israel was formed"
HarrierBR,2025-01-16 16:40:33+00:00,its so cringe
דנית מורדת,2025-01-16 16:55:29+00:00,meanwhile Hamas RPG single shell
WarChild,2025-01-16 19:15:40+00:00,Not just imaginary targets but discriminate firing behind closed doors further proving they don’t care about civilians in Gaza
rainaveed,2025-01-16 16:30:01+00:00,Hold up I think they got a square of DNG chocolates
Zernish Qureshi,2025-01-16 16:30:16+00:00,"This is disgusting and shameful. 
They are mocking the lives of innocent Palestinians. 
They have no respect for human rights or international law. They are the real terrorists. 
We condemn their actions and demand justice for our people."
,2025-01-16 16:30:32+00:00,@IDF
Nzmkstl,2025-01-16 16:38:07+00:00,Ve Ebu Ubeyde çıkar cehennemi boylarsiniz
Khaled Habichi,2025-01-16 16:59:23+00:00,"100 days after the genocide, they couldn't free a single hostage, so they freed a bird"
Dr. Fiqi,2025-01-16 18:28:11+00:00,"Every time I see the IOF engaging in the most ridiculous activities, it's as if they're in a competition, each trying to outdo the other with their stupid behavior."
Europa,2025-01-16 21:10:41+00:00,But when it comes to real combat they run.
ZA,2025-01-16 22:57:11+00:00,Thank you for this share. Very important to know
W,2025-01-16 23:30:38+00:00,Clowns pigs cowerds
SamSilver,2025-01-17 03:08:15+00:00,Their fighting ghosts
Djamel Maameri,2025-01-17 04:46:34+00:00,The end of israel is coming
Yemen New World Order,2025-01-17 08:31:31+00:00,The spoil of unlimited ammunition supply from USA
RT_Stocks,2025-01-16 16:28:35+00:00,Bunch of child killer cowards
NoobFromPK,2025-01-16 16:29:37+00:00,IDF soldiers are all ill trained people.
YLD,2025-01-16 16:29:51+00:00,they need to go back to training. Camps  still novices
,2025-01-16 16:29:54+00:00,They shoot ghost
Samuel,2025-01-16 16:30:34+00:00,Played too much CS 1.6
Kosher Drew,2025-01-16 16:34:22+00:00,It’s not imaginary dummy it’s shooting blind spots incase someone is there
ThePashtunBradda,2025-01-16 17:03:58+00:00,Free bullets. Costs nothing cuz they're funded by the U.S taxpayer.
MIG 17,2025-01-17 04:32:31+00:00,"Yeah when you see videos of a real war like in Ukraine you can hear the whip snaps and see bullets impacting when people are being shot at, there is nothing but silence and calm movement in these videos. They are leisurely just shooting and do not seem to be that alert."
Hasan Ahmed,2025-01-17 05:01:50+00:00,LOL
anshahvrtz,2025-01-17 05:07:02+00:00,the way they shot right after they open the door is enough to tell us they are scared
charcoal,2025-01-17 05:14:24+00:00,Shoot first check later. What if civilian is in the room.
夫唯不爭,2025-01-17 05:15:35+00:00,"Why don’t they just post a game of call of duty, it’ll been more realistic"
humankerdus 2.0,2025-01-17 05:17:08+00:00,Wow so brave
Only_A_Fork,2025-01-17 05:18:45+00:00,It's called prefiring
Hafsa,2025-01-17 05:25:17+00:00,Why this bastard wasting bullets . They would have handed it to ressistant group they would have used it perfect.
Knott Z Pritchett,2025-01-17 04:49:58+00:00,"Their soldiers suck, they are losing the ground war. And they are scared to death of fighting the insurgency room to room."
pir,2025-01-17 04:51:51+00:00,dih keren lu begitu el?
G.I.F.,2025-01-17 04:59:14+00:00,Diaper Force
SpaceJuuz,2025-01-17 05:32:38+00:00,"Pathetic (PUH-THeT-ticK) 
-Israel,"
Ibra,2025-01-17 05:37:57+00:00,They pre fire corners like call of duty
Sam Cohen,2025-01-17 05:38:50+00:00,IDF = Israel Delusional Force
Ayato,2025-01-17 05:48:05+00:00,
Zura Gorden,2025-01-17 05:57:59+00:00,lost word.
TRIPLE-B,2025-01-17 06:03:17+00:00,Waste of bullets
9,2025-01-16 16:30:47+00:00,Looks like a bunch of kids messing around!!
Mr.Crow,2025-01-16 16:30:50+00:00,"It is called pre-fire…
Only the real ones will get it!"
Lasanga,2025-01-16 16:31:26+00:00,They’re the biggest pussies in the Middle East
Amina DAOUDI,2025-01-16 16:33:43+00:00,All they do is waste ammo on walls
leelazakiaappia,2025-01-16 16:33:56+00:00,Hahaha
Ahmed Fadhl,2025-01-16 16:35:42+00:00,"Crazy how even whilst acting they're so trigger happy. Like they clearly know no one is behind that door but they fire at the floor, not looking down sights, not scanning the room, not having any cover fire."
CF NP,2025-01-16 16:36:17+00:00,@CIJ_ICJ
Lord commander,2025-01-16 16:36:56+00:00,because they can’t see ghosts
Rehan Anwer,2025-01-16 16:37:06+00:00,Wow brilliant acting
ñð†ï¢êr,2025-01-16 16:37:25+00:00,"Yeah,  I thought something was up because they were moving forward aggressively instead of cowering and hiding"
Wello,2025-01-16 16:37:38+00:00,According to rules of engagement they are not supposed to shoot behind a door or a wall. What if an Israeli prisoner or civilian behind it
Edvin Bajrektarevic,2025-01-16 16:38:03+00:00,"US marines from Middle East.
Wait for carpet bombing then action heroes."
Seif,2025-01-16 16:39:26+00:00,Skyzo hallucinations  they should start making airsoft videos i think they are better at editing & bombing children then touching any targets
Destiny,2025-01-16 16:40:44+00:00,Bunch of clowns IDF is
Taha Amina,2025-01-16 16:41:11+00:00,It is the American people's taxes. It does not matter if they are directed to imaginary goals. Let the ammunition run out and the American people prepare their pockets to pay more.
مهند,2025-01-16 16:42:24+00:00,"As they were giving the children the candy bars, the kids were raising their hands surrendering. Thats the reality of that stupid propaganda attempt in the video."
Louisiana4Life,2025-01-16 16:42:40+00:00,It's called urban warfare and the IDF is among the world's best.
Hazem Mansoor,2025-01-16 16:44:00+00:00,"59:14 They will not fight you all except within fortified cities or from behind walls. Their violence among themselves is severe. You think they are together, but their hearts are diverse. That is because they are a people who do not reason."
Cassius King,2025-01-16 16:45:01+00:00,If there are no red triangles it's meaningless.
base.eth,2025-01-17 07:17:34+00:00,"All the gear, no idea"
Amer Amayreh,2025-01-17 11:36:56+00:00,"ITF (Israel TikTok Forces), apart from the committed genocide, are fighting ghosts according the videos they publish.
Oh, and walls."
Mephiston87,2025-01-18 09:24:08+00:00,"Its a training video, what do you expect? real people to be a part of the training? where do they get real people to shoot at in training?"
Akhmet Kumar,2025-01-18 12:38:16+00:00,
jiggerimran,2025-01-18 13:28:53+00:00,Fighting against ghosts
Ruby,2025-01-18 15:08:29+00:00,"Free bullits from the usa, so they have to do something with it daiper force"
Sergio Prieto,2025-01-17 14:01:24+00:00,Stop the genocide!
Zeinab Mostafa,2025-01-17 14:04:02+00:00,I hope they didn’t kill the lady and her children after filming them like they have done before with the elderly man
Mohammad Arif Khan,2025-01-17 14:27:48+00:00,Pampers Army of Jacob The Thief.
Dilan Bengi,2025-01-17 14:33:30+00:00,Özgür filistin
xavier redo,2025-01-17 14:48:10+00:00,"The expectation there is to get more ammunition from the US, so they have to shoot even the moon."
Free Palestina,2025-01-17 14:52:23+00:00,what are you shooting? mosquito?
youcangodye,2025-01-17 14:53:54+00:00,Are they playing counter strike?
Logic,2025-01-17 14:55:05+00:00,"Vast majority ofpopulation, most UN members,NGOs&Human Rights groups r sick and tired of the behavior of the “supposedly”civilised&democratic regimes financing,weaponising, supporting&encouraging Israel’s GENOCIDE of Palestinians for 75 years."
سلطان,2025-01-17 15:08:25+00:00,they’re the laughing stock of military history
meidaworld,2025-01-17 04:30:38+00:00,"Knpa twitter ngga ada tombol unlike sih..wkwk 

Kek nya twitter perlu ditambah tombol unlike pak 
@elonmusk"
Robin Patterson,2025-01-17 04:42:59+00:00,Really?
1313ar,2025-01-17 04:44:46+00:00,They fight with their own shadow
taboot,2025-01-17 06:10:04+00:00,goes hard af ngl
Suhail Keilany سهيل كيلاني,2025-01-17 06:30:46+00:00,
Nina Khalif,2025-01-17 06:33:23+00:00,What were they doing to the bird?
Bintu Ramli,2025-01-17 06:37:50+00:00,"Yeah, they are professional at shooting walls, doors and windows"
Ninjas Scouter,2025-01-17 06:39:02+00:00,"Correct, no one is really dying in Gaza , it's all a Zionist propaganda"
kas,2025-01-17 20:15:36+00:00,Losers
skinflower Cosmic arts,2025-01-18 00:22:29+00:00,"i keep being struck by how beautiful the palestinian homes are, so many lovely details"
Pullieᅠᅠᅠᅠᅠᅠᅠᅠᅠᅠᅠᅠᅠ,2025-01-18 03:01:13+00:00,Like they weren't delusional enough
KR1mz,2025-01-18 03:21:26+00:00,pathetic
DZIKRA San /,2025-01-18 04:43:16+00:00,IDF IS GOBLIN AND ORCs
Cinderella man,2025-01-18 05:35:38+00:00,"they're just shooting imaginary targets, so why do you COMPLAINING and protesting and begging on your knees WHY JUST IMAGINARY WHY DO YOU EVEN MAKE A POST ON THEM IF IT'S JUST IMAGINARY"
Enoch da Al-Chemist,2025-01-16 21:11:50+00:00,"Every video from IDF is staged! Never seen a Hamas fighter shooting back once! Only drone video, never first person view!"
ZA,2025-01-16 22:58:18+00:00,"Watch these vile human beings. They hate Christians & Muslims. Watch this ..


https://youtu.be/PJXnIpzmrd4?si=xWGxFB0fyd-U5xtg…"
mousa,2025-01-16 16:45:29+00:00,when you play super mario instead of COD befor war
Omar Hakeem Abdulah,2025-01-16 16:51:11+00:00,https://moore.army.mil/infantry/magazine/issues/2014/Apr-Jun/ConradTinsley.html…
D.C.Liffe,2025-01-16 16:51:50+00:00,A Zionist is a strange political animal.
mobb21,2025-01-16 16:51:54+00:00,#parasitic Bastards on the holy land ..
Ali Siddique,2025-01-16 16:52:52+00:00,Propaganda bullshit
Krneki,2025-01-16 16:54:51+00:00,regarded asf
hrntt ☩,2025-01-16 16:57:42+00:00,Israel is weak
Mon,2025-01-16 16:59:03+00:00,The hamster is hamas?
davidcarlson97,2025-01-16 17:00:24+00:00,"Man, this army is so bad."
imran,2025-01-16 17:03:51+00:00,"If they didn't have all these missiles from US and all the tanks, the War would have been Fair on both sides..
It would have been over in October"
Souha nehme,2025-01-16 17:03:59+00:00,Bunch of demonic looooosersssss
Oslo Gooner,2025-01-16 17:10:42+00:00,
Meesun,2025-01-16 17:12:51+00:00,Is Hamas hiding in babies crib?
Marioc,2025-01-16 17:16:03+00:00,@CensoredMen
Sua mãe,2025-01-16 17:19:58+00:00,These guys are so fucked up…
Moses,2025-01-16 17:29:06+00:00,FUK HMS
ARYAN CHIB,2025-01-16 17:30:30+00:00,Cowards.
Asila Al-Fahdi,2025-01-17 18:06:15+00:00,The most stupid army in the universe
im,2025-01-17 18:30:17+00:00,Zionist vs air army
"Le Liberién, MPA",2025-01-17 18:43:37+00:00,Dude stop.
hussy,2025-01-17 18:47:21+00:00,Shooting on ghost
KepalaKeraih,2025-01-17 05:10:36+00:00,Shooting training? The wall is your enemy! Shoot that!
Muhmmad,2025-01-16 16:28:15+00:00,"Good afternoon
Dear 90's kids ab hum bachy ni rahy Tu thra sudar Jao 
#Trump2024 
#SushantMehta"
Urooj,2025-01-16 16:28:45+00:00,Good morning with cutie pie
MAGA MAMA,2025-01-16 17:06:19+00:00,It's called clearing and securing a site. And it's why you have so many more deaths than IDF. It's called skill dumbass
Fly - Appreciate the grind.,2025-01-16 21:07:42+00:00,"@IDF
  this is just pathetic!"
Little Season Saint,2025-01-16 17:31:00+00:00,Trying so hard to appear tough yet we know they are weak
Kontroversi,2025-01-16 17:32:22+00:00,"Bullets funded by Americans, so they just shoot dirt."
Philipp,2025-01-16 17:38:05+00:00,Discusting
Ameer,2025-01-16 17:40:15+00:00,imbeciles
Nick,2025-01-16 17:44:12+00:00,"They’re terrorists, but their cqb tactics are strong. Definitely better to shoot through the door and walls first if you’re not concerned about hostages"
Revival by Nature,2025-01-16 18:08:40+00:00,They'll be rolled over easily by a true military power
Empress,2025-01-16 18:15:39+00:00,Everytime they post anything thinking it looks “cool” the secondhand embarrassment I feel is overwhelming lol
Andoassassin2,2025-01-17 16:37:23+00:00,"Please look again guys! 
Shooting the door and no bullets came out...."
QudsBejda,2025-01-17 16:38:40+00:00,"Al-Aqsa - Tulkarm Martyrs' Brigades: Our heroic fighters are engaged in violent clashes with the occupying forces who attack the Nour Shams camp with heavy bullets and explosive devices, causing direct casualties among the ranks of the occupying Zionist soldiers."
SKW,2025-01-17 17:01:24+00:00,@gregjstoker
Otmane Abdou,2025-01-17 17:48:34+00:00,free ps
Subhan Qureshi,2025-01-17 03:44:02+00:00,"War is a heavy rain that floods the fields of empathy. Let’s be the farmers, planting seeds of compassion that bloom into gardens of understanding."
Subhan Qureshi,2025-01-17 03:44:08+00:00,"Shameless Israel has besieged Gaza's largest hospitals, Al-Shifa and Al-Quds Hospital, and is firing bullets at those leaving the hospitals."
Mohammad Omur Faruk,2025-01-17 16:53:00+00:00,"Israel is an occupying country.  Israel is a terrorist group.
 Isreal is a Terrorist_organisation.  There is no country called Israel, they have occupied Palestine.  Israel is a threat to the world."
E G,2025-01-17 17:20:49+00:00,Imaginary targets disagree with you
Md Rakibul,2025-01-17 19:52:52+00:00,Israeli diapers Soldiers
malinator,2025-01-17 13:02:11+00:00,"@IDF
 shooting ghosts? You ret*rds"
,2025-01-17 13:05:46+00:00,
DgitalCoptic,2025-01-17 13:12:17+00:00,isis
a_qahar1,2025-01-17 13:14:06+00:00,Master of deception but allah is greater !
kukuruyuk1,2025-01-17 13:15:12+00:00,Netanyahu must resign
Manse,2025-01-17 13:15:34+00:00,Must be shooting those Hamas ghosts that keep appearing we can’t see them but these Twvts certainly will
Oedin AZ,2025-01-17 13:28:15+00:00,They thought they were movie stars #hallucinating
bejoe,2025-01-17 13:30:33+00:00,Idf fool
Joseph Curlbells,2025-01-17 13:45:57+00:00,Stealing our meme music
Sura Hameed,2025-01-17 13:48:58+00:00,Baby killer army
never_red,2025-01-17 16:21:15+00:00,"We already know, Israel is winning"
Nedi Bowman,2025-01-17 16:21:30+00:00,I Stand with Israel!!!
Haya Tareq Al-Najdi,2025-01-17 16:25:36+00:00,"They act powerful when the buildings are empty.

Reality is this"
Ayatollah of Rockin Rolla,2025-01-17 16:22:07+00:00,You are a HamASS genocide supporter
The Original Donald,2025-01-17 16:30:12+00:00,Because Hamas is hiding like cockroaches behind children.
Zed Osman,2025-01-18 02:28:07+00:00,"Such a diaper army !! Our Creator will punish them severely 
#StopGazaGenocide‍ 
#FreeFreePalestine"
Putera Usman,2025-01-18 05:45:21+00:00,"If tiktok is available back in WW2, Nazi will be doing the same thing..."
速水 忍,2025-01-16 06:30:23+00:00,"印度禁了中國所有app包含抖音
但有開發自己的替代方案app讓人民使用
我們半導體產業發達但又如何
日本有line,韓國有kakao,美國有ig,中國有tiktok 
而我們有啥呢？其實我們在很多地方原地踏步真的很久了
政府沒有做好跟年輕族群銜接的準備
才導致抖音入侵了台灣社會洗腦520萬人
希望數發部能一鳴驚人"
冰燁,2025-01-17 02:01:30+00:00,不知道實名認證的網路社群有沒有作用？
速水 忍,2025-01-17 03:22:55+00:00,"對於抖音的話是沒用
主要是因為抖音沒有在台灣設立公司
檢調申請調閱嫌疑人帳號身分也無門
https://ettoday.net/news/20221219/2404296.htm…
中資借殼掌權不少公司已經不是新聞"
dfupfz,2025-01-17 07:15:08+00:00,國防和情報 數發到底
速水 忍,2025-01-17 07:39:34+00:00,"我是說我們為何沒有代表自己的APP
總是用別人的間接導致認知作戰的入侵
如果有像其他國家早點開發自己的APP
多少可以避免掉一些認知戰
奇怪的帳號來亂我們自己也能處理掉
但我們的人民在用敵人的工具分裂自己的國家
這不是哪個部門負責這麼簡單的分類而已
防範未然是我們早該做的
不能只交給國防"
Cheng8964,2025-01-16 11:09:43+00:00,台灣喔…蕃薯藤嗎？
Jeffrey Chang,2025-01-18 04:01:26+00:00,政府不能與民爭利，而且未來立法院也不容易通過這種預算。先想想目前公視的效能吧！
謝鴻源,2025-01-19 02:27:15+00:00,曾經的 揪科
速水 忍,2025-01-16 08:21:07+00:00,"因為後者濾鏡啥的比ig更多更好用
ig很快就被擠下去了
總之也是先抄襲ig又超越ig
但使用者哪管這麼多呢
當年肺炎美國網紅在路上發口罩
還有人死不相信，甚至要追打那網紅
人多必有你懂的"
速水 忍,2025-01-17 13:33:55+00:00,"噗浪雖然很早出發但比起現在功能性也不足
有像kakao這樣包山包海的在台灣也只有LINE了
https://zh.oosga.com/social-media/twn/…
我不知道該統計只是沒有統計噗浪還是掉出排名以外，不管是哪種都表示噗浪的不足"
我是路過,2025-01-16 06:56:39+00:00,硬體跟軟體這樣比較不妥吧
速水 忍,2025-01-16 08:45:10+00:00,"我本來是要從「科技業」跟「半導體」兩個詞做選擇
但想了想半導體還是比較能凸顯台灣
而我的用意是既然如此我們怎麼沒有一個代表台灣的app，不用世界知名，台灣人自己愛用就夠了"
b 𖦹⭒°｡⋆,2025-01-18 18:43:46+00:00,"the only thing i don’t like about TikTok is that they’ll ban creators for no absolute reason & keep nasty comments from people that can ruin someone’s life. do better 
@tiktok_us"
Pete Alonso Meatrider,2025-01-18 20:50:47+00:00,LMAO @ the meltdown in replies/quotes
Pete Alonso Meatrider,2025-01-19 14:32:38+00:00,"A scary sight to see. 

I truly hope everyone on the maintenance crew at Miami International Airport was diverse, had all the correct pronouns and checked all of the DEI boxes when they were hired."
にきにきにきにきにき,2025-01-18 01:14:40+00:00,TikTok Banされたんだがふざけんなこの中国会社のクソアプリが
Visegrád 24,2025-01-15 13:54:43+00:00,"TikTok employees say their managers made key product decisions after they had “talked to Beijing.”

Ten of the employees who spoke to BuzzFeed News said they did not know the identities of the people that their managers, or their managers’ managers, reported to."
Crypto Coins Coach,2025-01-15 14:16:53+00:00,Trump was right
Zarar Khan,2025-01-15 13:55:16+00:00,now what?
The Immortal,2025-01-15 13:55:31+00:00,Interesting
ZAQ RIDER,2025-01-15 13:55:37+00:00,"Consulting with Beijing is a standard practice for a Chinese company, considering regulatory compliance and cultural factors. 

The lack of transparency may stem from the need to navigate complex political landscapes rather than any sinister motives."
Benjamin Bitcoin,2025-01-15 14:04:48+00:00,TikTok has emerged as the world's effective psychological weapon.
Dצבי,2025-01-15 14:23:09+00:00,"That’s TikTok, propaganda wing of the communists."
Chris Custer,2025-01-15 13:58:11+00:00,Ban tik tok in the US.
Wako Clips,2025-01-15 13:55:32+00:00,You don’t know who you work for?
Footprints of History,2025-01-15 13:55:46+00:00,Really. Why don't they know their manager?
Dצבי,2025-01-15 14:23:55+00:00,"Can you imagine Beijing is allowed to pump endless propaganda into children’s  minds and no one outlaws it?

This must change."
Chidinma Precious,2025-01-15 13:55:05+00:00,Managers sha
سید عابس حسین نقوی,2025-01-15 13:55:11+00:00,How many of y’all would love to do this?
that guy,2025-01-15 13:55:26+00:00,Good news
that guy,2025-01-15 13:55:33+00:00,Cool
Not Andrew Tate,2025-01-15 13:55:53+00:00,China brainwash tool
Amip Patel,2025-01-15 13:56:06+00:00,CCP Propaganda Tool = Tik Tok
its_z,2025-01-15 13:56:11+00:00,Interesting
Aditi Kaul,2025-01-15 13:56:21+00:00,Intresting
Maskboy,2025-01-15 13:56:52+00:00,Wow
Citizen Journalist,2025-01-15 13:58:31+00:00,They are reporting to Owner of tiktok
Never October 7,2025-01-15 15:03:55+00:00,"So be real, and understand who the real instigators are..."
Never October 7,2025-01-15 18:06:20+00:00,"Readers added a Community Note to a post to which you replied, Liked or reposted
This is a digitally created AI image.
https://npr.org/2023/06/07/1180768459/how-to-identify-ai-generated-deepfake-images…
This image was created to represent tunnels discovered under a Brooklyn synagogue; however it is a false representation as can be seen in"
Never October 7,2025-01-15 18:12:51+00:00,"At least now we know, it's not only pity for the Palestinians, not only Jew hatred, but it's all about money, our pro-Palestine ""supporters"" want them to die, otherwise the source of income will dry up.

https://rollingstone.com/politics/politics-features/twitter-hate-speech-accounts-palestine-clout-1234867382/…"
/X Jose Matta,2025-01-15 20:38:29+00:00,TikTok es un arma de lavado de cerebros masivo.
"Jenny(Ø,G)KGeN",2025-01-15 13:55:15+00:00,
Kaycee4real,2025-01-15 13:55:17+00:00,@piksaso screenshot this
𝕏 man,2025-01-15 16:28:14+00:00,"Things that Yaron Or, the father of Avinatan Or, who was kidnapped in Gaza, said - 100 days after his abduction

Avinush, - known to some of you from the kidnapping video with the motorcycle - an electrical engineer at Nvidia. But for us - a smart, sensitive and life-loving man"
Szabo Zoltan,2025-01-15 17:03:40+00:00,"And still X is considered to be a blogger threat for the EU, right?"
Cassie,2025-01-15 17:57:03+00:00,https://x.com/cbn_911/status/1746944995033002439?s=46…
STK_からあげR,2025-01-18 04:35:22+00:00,"有名ストリーマーっぽい人のtiktok BAN解除をリスナー達で申請したら解除出来るみたい。
って考えたら俺無理やんw
ライブ配信永久停止で復帰無理かもな〜。"
zoey ☽,2025-01-15 21:26:20+00:00,"guys tik tok is not a safe space, stay away from it!"
𝔰𝔥𝔞𝔲𝔫༒ //,2025-01-16 02:44:34+00:00,i tried making an edit like this and it only got 100 likes :|
bails,2025-01-16 01:53:10+00:00,User pls
discourse catharsis | trying to self-care,2025-01-12 22:53:44+00:00,"What drives me nuts is tiktok op is a kid and is policing a series that's rated 17+. This happens way too often tbh. Like kids are gonna watch stuff they shouldn't and share their opinions no one asked for, whatever, but I hate that this tiktok has 3k likes, 300 bookmarks, etc."
*๋࣭ ִ ࣪𖤐ᴬᵖᵖˡᵉ⭑⁷⁵,2025-01-15 23:31:05+00:00,How do they have that much merch as a kid my broke grown ass is struggling daily
discourse catharsis | trying to self-care,2025-01-16 05:55:32+00:00,"Same, I noticed all the books and stuff in the back too! I guess their parents by it for them"
𝕞𝕠𝕟𝕒 ᪥,2025-01-15 07:48:15+00:00,"not to mention, well idk how to word this right but it isn’t even their “right” to be protective over this series??? like the Chinese fandom was there first and those guys sexualized the hell out of the book"
AndrajosaWORKING ON COMMISSIONS,2025-01-15 14:22:44+00:00,"And then they excuse themselves saying ""Oh but even if it's +17, I can take what's in the story, is not that bad"" IT HAS A RATING FOR A REASON"
Tea ထ,2025-01-15 10:39:35+00:00,I can only imagine how her mind will explode when she finds out that every CN book series she's into have probably been amassing those kinds of fans since its inception as a horny R18 web novel and that she's the tourist here...
ven,2025-01-15 17:26:19+00:00,"and it's like ""me who's been reading tgcf since vol 1 just got translated"" cool. the fandom has been here since it was posted in chinese originally and translated by fans and posted on webnovels and google docs. you're years late stop gatekeeping"
Sebastian,2025-01-15 09:39:18+00:00,I don't get why people take tiktok so seriously. It's a circus. Treat it as such
ja,2025-01-15 14:44:04+00:00,"I don't get it, op is shit talking BL fans and has a ton of BL manga on that bookshelf. is this a case of ""consuming in a god honouring way""? lol"
Sheithing 5ever!,2025-01-15 06:37:26+00:00,Good! Ya'll amtis were acting too sweet time to make it as messy as SVSSS And MDZS
Zen- Barely Holding On,2025-01-16 01:43:24+00:00,"Saw a slideshow on tiktok a while back of someone showing off their danmei haul they got, yet the caption stated that they don’t like “dark” content and the books they got was svsss and 2HA  I checked their bio and it said they’re 15 YEARS OLD"
Fleur Deschamps,2025-01-15 14:55:42+00:00,"Shorts on tiktok always have big numbers of likes and bookmarks, even for the most outrageous opinions, so I wouldn't worry too much about it"
Lili Average Toji Enjoyer,2025-01-15 21:08:03+00:00,"If you kick out all of the fujos from a fandom who is going to fuel that fandom? Without Fujoshi there would be no fan fiction, fanart, people spending their money on the official content. Fujos fuel fandom."
Blue/Bunny was @jjcooklvr CEO of Transfem Mike!,2025-01-15 16:20:39+00:00,Have people forgotten the concept of blocking art you don't like and moving on?
Squishy Sexual Ethics,2025-01-15 19:34:36+00:00,"it was legit insane how FAST the entire fandom went to shit the moment kids barged in. Not just bc of their horrendous takes, either, but they truly had no chill at all. They acted so offended by us adults doing normal fandom things in relative peace!"
CrimsynVT,2025-01-16 00:53:59+00:00,Whats funny is this is what happened to gundam when it first started and it saved the series.
Creative Chaos,2025-01-16 16:48:00+00:00,Like do they know that TCGF IS A BL?! It is literally a romance between Xie Lian and Hua Cheng!! If they really read all the books then they’d surely know this or is blind to it
Muhammad Usama,2025-01-18 18:53:08+00:00,"Papers ki tayarii ka time table bana liya hai 
Khana 
Walk
Break
Twitter 
Tiktok 
Sab ka schedule ban gaya hai bas ab subjects ko adjust karna reh gaya hai"
Muhammad Usama,2025-01-18 19:07:02+00:00,Ikykw alway same
Tim Cramer,2025-01-16 18:11:17+00:00,"TikTok account number 111 is dead. 

LONG LIVE ACCT NO. 112"
TheDaddyTwins,2025-01-16 19:13:11+00:00,I’ve lost 6 myself. I haven’t seen you over there in months. I feel like they’re shadowbanning all political accounts now. Haven’t seen you on my fyp in weeks.
Tim Cramer,2025-01-16 19:13:45+00:00,The struggle is real. lol
The Disrespected Trucker,2025-01-16 18:16:19+00:00,I quit at 15. Fuck them and fuck censorship.
RINOs got to go,2025-01-16 18:42:15+00:00,Damn it have to find the new one now....
Sharon K,2025-01-16 19:17:00+00:00,Dang….no free speech on TikTok
BuckFiden2A,2025-01-16 18:37:11+00:00,So bizarre that  Chinese Spyware has such  high content standards.
Flossy,2025-01-16 18:43:06+00:00,what’s the new screen name?
daks,2025-01-16 18:45:22+00:00,
GrRe1955,2025-01-16 18:53:41+00:00,Well shit! I just found you yesterday.
Mama Bear 1976,2025-01-16 19:03:02+00:00,You violate it again with the truth
SomeMidwestChic,2025-01-16 20:48:07+00:00,Was it the peanut butter roll account?
The Way of the World,2025-01-17 00:53:58+00:00,I think that might have been a personal best speed record.
Proud_Patriot,2025-01-16 18:13:43+00:00,TikTok is such a smoldering shit show
walkin_a_vac,2025-01-16 18:28:29+00:00,"Aww man, I just found that account the other day! It takes a while for the algorithm to bring you back to me"
LadyA,2025-01-16 18:53:14+00:00,Oh but the leftist idiots can come on and spew death threats against us and they do nothing
@realUnstable Phenomenon,2025-01-16 19:00:53+00:00,What's the new tiktok handle?
lss922,2025-01-16 19:35:31+00:00,What the hell?
DaGrayArea Podcast,2025-01-16 19:46:19+00:00,Make sure ya post the new one
Bill Harpster,2025-01-16 19:47:18+00:00,When will they learn?
8_Seconds,2025-01-16 19:49:49+00:00,I’ve notice my algorithm has been throwing anti trump at me. And to be honest due to the fact I know how algorithms work. I’ve done everything I can to not see it. So don’t think the communist in America hasn’t had a talk with the owner and gave him an ultimatum. It’s rigged!
Keith Zman,2025-01-16 21:53:40+00:00,This must be a mistake lol
Cardi,2025-01-16 22:23:01+00:00,Peanutbutterroll2.0??
rockrescue,2025-01-16 23:12:14+00:00,Keep up the good fight.  Looking forward to more posts.
J,2025-01-17 01:11:31+00:00,"Deleted my tik tok, kept get bs so staying just on X. I’ll see it here"
Right is Still Right,2025-01-17 01:39:43+00:00,Never fails.
Susan Heinemann,2025-01-17 02:08:28+00:00,Damnit I just found you again last night.
RedFairyLove,2025-01-17 08:18:26+00:00,They just won’t give up
UpWithUsLasVegas,2025-01-17 10:28:57+00:00,"If you wear a mask and disguise your voice, will the AI still know it’s you? Your topics aren’t that controversial? I wonder if they’re preemptively banning you? 
Certainly is weird."
UpWithUsLasVegas,2025-01-17 10:31:31+00:00,"Why are the people that duet and stitch your videos still up…? 
In theory, are they not also violating terms if service?
Strange set of justifications."
Carl Goldman,2025-01-17 13:49:34+00:00,The truth hurts
Kevin Fry,2025-01-17 15:33:35+00:00,"It may be a record, Tim."
Outlaw Bonnie Parker,2025-01-17 16:30:45+00:00,Glad I got you here AGAIN!! they keep nuking me on X.  Apparently they don't like what I have to say
Kearbear50,2025-01-17 18:43:56+00:00,Wow I have lost 9. I have been a good girl. Don't want to lose another one.
Mr Brown,2025-01-18 01:30:15+00:00,I have to continue to follow each and every one of them!
johnjacobjinglehiemerschmitt,2025-01-18 01:56:04+00:00,W0W... I can't find you there at all any more... 111... that's insane & has to be some sort of record
Jake,2025-01-17 16:25:03+00:00,Tic Tok is a dying breed
ET Play,2025-01-18 04:06:39+00:00,"Educational apps + chores = parent win? Not if they're secretly scooping up data like #BabyBus. How did it skip the #TikTok ban? What's at stake with foreign data collection? 
@diarekhiET
, 
@Glenn_Gerstell
 & 
@kanishkgaur
 - 
@IndiaFutureFou2
 discuss
Listen now
http://bit.ly/3vN13Z3"
Pluribus News,2025-01-18 14:09:39+00:00,"In today's Pluribus AM:

- TX, feds escalate border wars

- IA sues TikTok, FL moves social media minors ban

- FL considers banning pride flags in schools

- WI, LA redistricting news

And more! Read and sign up today - https://pluribusnews.com/news-and-events/pluribus-am-texas-feds-escalate-border-wars/…"
dreamer,2025-01-14 08:15:19+00:00,"i finally got my first tiktok LIVE ban, that’s crazy

all i said was “AYO” aggressively  and then pbht— done

anyways, TADC OC wip"
☁︎ ᴄʟoᴜᴅᴀᴍ ☁︎,2025-01-14 08:30:28+00:00,Requesting grease to dance to on the player
TheOneTrueBlu,2025-01-14 08:17:10+00:00,SO PRETTY!!
Patapa,2025-01-14 08:51:39+00:00,Que linda
݁𖥔 ajayjay_licious 𖥔 ݁,2025-01-14 13:32:45+00:00,AHHHHH AHHHHHHH MY GIRL SHES SO BEAUTIFUL OMGGG I LOVE HERR
the dubious finger wiggler,2025-01-14 15:35:17+00:00,they remind me of those fairy toys you spin to fly up into the air and they proceed to airdrop on you or flutter up to the highest building roof possible
萬代 宏樹,2025-01-18 12:29:59+00:00,"ついに、、、笑

みんなフォローしてみてね

BANDAIHIROKIをチェックしよう！ #TikTok"
船田麻友,2025-01-19 05:34:18+00:00,フォローしようか迷うなあ笑
萬代 宏樹,2025-01-19 07:28:08+00:00,迷う要素なしっ！笑
cami ᵇʳⁱᵍʰᵗᵉʳ ᵈᵃʸˢ,2025-01-16 12:17:14+00:00,". 
@TeamAriana
 @brandoncreed
 

in the last 4 years, social media, especially tik tok, became one of the most important ways to promote music and reach new people. dangerous woman was rediscovered thanks to tik tok editors who started editing their favorite tv characters using the sound (not the ""official"" one btw). bloodline is currently viral thanks to a fan made remix. 
no one can deny how IMPORTANT it is for fans to share the song so WHY ARE YOU AGAINST IT? 

our videos have been taken down and we don't understand why, we are trying to help cause we understand the power of a viral tik tok hit and i'm sure you understand it too. 

charts are full of songs that went viral on tik tok, even older songs suddenly became hits because people started sharing them on social media, ariana's own song ""die for you"" exist because of a viral trend.

WHY AREN'T YOU ALLOWING US TO CREATE A VIRAL TREND FOR THE SONG?"
cami ᵇʳⁱᵍʰᵗᵉʳ ᵈᵃʸˢ,2025-01-16 12:29:33+00:00,"i wrote all of this and forgot to specify i was talking about yes, and?"
nana I SPOKE TO ARI,2025-01-16 15:38:34+00:00,"@vivphan
 tagging her as she works for TikTok music department"
ru ᴺᴹ,2025-01-16 13:20:59+00:00,".
@TeamAriana
 @brandoncreed
 @RepublicRecords
 @joangrande
 @FrankieJGrande"
erica,2025-01-16 12:25:12+00:00,"@TeamAriana
 @brandoncreed
 @joangrande
 @FrankieJGrande
 @rembeauty"
ayana,2025-01-16 12:25:12+00:00,"@TeamAriana
 @brandoncreed
 give it a push pls"
aga ☼ (brighter days ahead),2025-01-16 12:30:03+00:00,"@TeamAriana
 @joangrande
 @rembeauty
 @FrankieJGrande"
M,2025-01-16 12:43:54+00:00,"say it louder bc it’s ridiculous, tiktok and insta reels are the only way to get more audience and gain more streams"
Cleber,2025-01-16 13:58:34+00:00,".
@TeamAriana
 @joangrande
 @brandoncreed
 fix"
Andi,2025-01-16 15:46:44+00:00,"This is so true, why are they so slow tbh"
sam ! (˶˃ ᵕ ˂˶) ✧˖°.,2025-01-16 21:16:33+00:00,"@TeamAriana
@brandoncreed"
daniel.𖤓,2025-01-16 12:32:29+00:00,"!!! 
@TeamAriana
 @brandoncreed"
thor,2025-01-16 12:32:39+00:00,"@TeamAriana
 @brandoncreed
 @joangrande
 @FrankieJGrande
 @rembeauty"
charz,2025-01-16 12:40:10+00:00,"@TeamAriana
 what they said"
k,2025-01-16 13:32:04+00:00,"@TeamAriana
 @brandoncreed"
S,2025-01-16 14:22:42+00:00,@TeamAriana
mmari / brighter days,2025-01-16 15:22:14+00:00,"@TeamAriana
 pleaseeeee"
Andi,2025-01-16 15:46:33+00:00,@TeamAriana
daniele✧,2025-01-16 16:09:23+00:00,"@TeamAriana
 @brandoncreed"
rain,2025-01-16 19:03:20+00:00,"get up y'all♡ 
@TeamAriana
 @brandoncreed
 @RepublicRecords
 @joangrande
 @FrankieJGrande"
vxenus,2025-01-16 20:20:26+00:00,"@TeamAriana
 @brandoncreed"
cami ᵇʳⁱᵍʰᵗᵉʳ ᵈᵃʸˢ,2025-01-16 13:51:38+00:00,i will when they post♡
jkjk,2025-01-16 12:39:04+00:00,"@RepublicRecords
 
@TeamAriana
 
@rembeauty
 
Brandon Creed
when i catch you"
Bernard Postiche,2025-01-17 09:52:05+00:00,"TRENDWATCH | Tiktok is in de ban van je vingers in het stopcontact steken, doe je dit beter wel of niet?
'Wist niet dat dit schadelijk was voor de gezondheid, ik wil de wereld nu waarschuwen' (Kyara, influencer)"
MyLittlePorny,2025-01-17 15:45:14+00:00,"Eindelijk! Een niet-voetbal tweet! 
Als ik last krijg van scroll-finger hou ik u verantwoordelijk!"
Stove,2025-01-17 09:59:28+00:00,En volgende week hebben we het over je kat in de microgolfoven steken. Is dit schadelijk voor de kat? Wie weet!
Bernard Postiche,2025-01-17 10:00:57+00:00,'Kan je je kat redden door ze eerst in aluminiumfolie te wikkelen? We zochten het uit'
Stef Aerts,2025-01-17 11:00:06+00:00,Ahem
Captain_red_waffle,2025-01-19 23:44:23+00:00,"This is what drives me insane about 
@CallofDuty
 & 
@tiktok_us
 blatant cheaters running rampant and the fact TikTok doesn't ban them as it doesn't violated their ToS  like why can you report for cheating If it doesn't go against the Terms? Sort it out guys!"
James Hsieh,2025-01-14 16:51:05+00:00,"一份業界報告顯示，2023年TikTok在台灣共有520萬用戶。

抖音在2022-2023均是APP下載冠軍

2023.10 業界回饋，抖音用戶很多是在國中以下的年輕族群

台灣四分之一人口在玩抖音，這代表中國可以洗壞台灣四分之一的人，還是年輕人

這次2024選舉，你可以發現所有年輕人都經由抖音，被洗成柯粉，全台都在跳柯目三，

只而台灣孩子每天看中國人新奇影片，被洗成天然統，覺得被中國統一沒有甚麼可怕的

也有我方1450去抖音創帳號，但最後結果綠營影片被下架，還有幾位臉友回報抖音帳戶被封鎖

中國利用抖音對台灣人進行洗腦統戰文化侵略，甚至介選，而且你完全無法控制它的演算法在推些甚麼東西

最可怕是台灣政府對於抖音完全無法介入管理

台灣一定要迅速處理這個問題

下次選舉如果全台有一半以上的人在玩抖音

就真的不用選了"
James Hsieh,2025-01-14 17:06:46+00:00,"因為我自己有在用公司的設備看抖音

在選前幾個月柯文哲造神抖音影片是瘋狂出現

而且他的手法就是造神加上打民進黨政府

把柯文哲傑塑造成一個科學務實理性超越藍綠的白色神，台灣救星

所以年輕人在滑抖音的時候全部都愛上阿伯

然後我有研究一下是誰去洗的"
James Hsieh,2025-01-14 17:49:15+00:00,"然後還有一個問題是抖音的抖內問題，

抖音在選前這幾週的抖內

前十名全部都是支持柯的

第一名柯粉網紅DearNaNa，就收了98萬，其他所有加起來也是超過3四百萬以上的總額

請問這個錢從哪裡來的

這種完全不公開的中國社群抖內，就是洗錢的最好方法"
James Hsieh,2025-01-14 18:24:18+00:00,"這張圖片就是一個很好的例子，這個圖片是來自於柯粉反作票聯盟粉專裡面的發文

柯粉現在在這兩天的動作，就是在抖音上面瘋狂洗著民進黨做票，這個群組在教學怎麼樣去抖音洗影片

然後你看這個截圖，有人問去抖音洗不就是更讓我們的反作票沒有正當性嗎

最下面柯粉自己有解釋為什麼要用抖音來洗腦"
人類存活研究所 Mankind future,2025-01-14 17:35:47+00:00,"民眾黨這種只靠柯的一人政黨，通常好快崩潰。但抖音這平台還在，中共隨時可以製造另一個政治明星。
而且民進黨不能玩，不把抖陰禁掉，這不平衡狀態會一直持續下去"
今月定照后人,2025-01-14 18:35:20+00:00,美国欧洲也面临一样的问题。本拉登都能被tiktok 洗白，台湾年轻一代也有成为美欧普遍存在的没有经过共产主义铁拳洗礼的政治傻白甜的危险，拿反人类当成特立独行。问题是如何在民主法治的框架下对抗这种渗透，一不小心会被人扣上限制言论自由市场经济的大帽子。共匪这种利用民主反民主的手段十分恶心。
習總_字維尼ꑭ,2025-01-14 17:45:51+00:00,"講直白一點

抖音不處理

民進黨就是

慢慢消失殆盡

身邊真的太多用抖音的

而且都是鋼鐵柯粉

不聽你解釋，不講道理的那種"
Let’s GO 小伊布,2025-01-14 16:57:32+00:00,"抖音處理了一定會髒，因為太晚了
就像當初處理愛奇藝一樣，有的賭爛票就會反映在下次選舉
主要是應該納管，像meta跟Line有個事實查核小組來說明影片真實性會比較好。"
Joey ou,2025-01-14 18:26:54+00:00,"要修法禁止抖音、小紅書之類的軟體，
我們也不會是第一個國家這樣做，
民主國家部分已經實施了這個法案，
希望可以執政黨知道那些東西對台灣的傷害比在他國更甚。"
楊豊寧,2025-01-15 01:37:51+00:00,遇到用小紅書的臺灣人我也是滿驚訝的，
喵喵滑/⁠ᐠ⁠｡⁠ꞈ⁠｡⁠ᐟ⁠\,2025-01-14 19:14:38+00:00,不只tiktok，感覺yt也是這樣的傾向...剛剛打開yt想放鬆一下，卻一直瞄到無論推薦影片還是shorts，基本全部都是捧柯黑賴...跟我立場完全顛倒也能被推薦這些...至少yt要努力一下吧...
夜話,2025-01-15 03:26:00+00:00,"抖音=柯粉，我不只一次看到抖音柯粉說過這種言論，父母養小孩是義務，未來成年後父母的財產都是他們的，而且他們可以決定是否可以扶養父母！
被洗腦成這樣，真的不知道該說什麼！
抖音一響，真的父母白養！"
男人還是紙做的好,2025-01-15 00:47:09+00:00,"現在困難的是
連美國這樣的國家都無法有效管控抖音了
何況是有一半以上人口都是內奸的台灣"
seemeeo Nar,2025-01-15 06:25:35+00:00,過來人這個答案解釋一切！
Kleon,2025-01-14 17:19:34+00:00,抱、抱歉，我是三票民進黨的抖音仔，因為妹子好香
南宮柔雲,2025-01-15 02:45:49+00:00,"抖音那些假中立跟這次的海外觀選團都有一個特色就是 民進黨也不好(但也沒說哪不好) 柯文哲比較好(也沒說哪裡好) 所以選柯比較好的結論就莫名其妙誕生了
這很符合抖音那種只有一分鐘的宣傳方式 這次紅柯就是都用這種方式宣傳"
潛水機,2025-01-15 03:12:13+00:00,有沒可能是先處理抖音上的網紅？查他們用抖音洗錢or非法吸金？立一個反抖音滲透法條款打假？把這些人斷後路，讓白蓮教刷抖音的來源變少。
AfterWinter,2025-01-15 04:27:59+00:00,家庭教育很重要，我姪子13歲國一，也是很愛看抖音無腦影片，但是這次選舉前，他會去學校跟同學們說:要叫你爸爸媽媽都投賴清德喔。
Robert,2025-01-15 11:48:07+00:00,請大家一起發起盡抖音盡小紅書運動！
Badminton,2025-01-14 17:09:49+00:00,"我們能怎麼辦 禁斗音會擋人財路+貼上獨裁標籤+破壞言論自由（這麼好攻擊的點 ） 
就像一團死結 怎麼解"
曾慈偉,2025-01-15 00:37:41+00:00,"不是年輕人崩壞，而是容易被洗腦的人
不會查證的人，然後就成為教徒之一！"
Feloideawalker,2025-01-15 02:53:02+00:00,抖音/TikTok的問題非常嚴重，目前已經是中共對全世界尤其是臺灣的認知作戰第一利器。
Ben Zhang,2025-01-15 04:13:23+00:00,抖音必須禁。民進黨的問題就是意識形態偏左，總覺得禁抖音關乎言論自由。其實完全錯誤！這關乎國家安全。很難想像二戰時英國允許希特勒在英國自由地出版報紙和開辦電台，雖然英國戰鬥的目標是「自由」。
蓉,2025-01-14 16:53:58+00:00,沒在用抖音
願世界充滿愛,2025-01-14 16:54:15+00:00,請呼籲停止使用敵國APP
空空先生,2025-01-15 01:09:11+00:00,"政府真的要好好處理抖音
看下來抖內成為灰色地帶
直接金錢介入大選回饋的手套管道
再放任洗下去那些未成年的 4年8年後直接投統一
他們完全不知道香港西藏蒙古死多少不明不白的人"
BobChen,2025-01-14 18:24:22+00:00,兩蔣時期所有人都被黨國教育洗腦，台灣人還是覺醒了啊
one tomorrow,2025-01-14 21:12:37+00:00,抖音是中共控制的宣传工具，但是抖音是假算法，宣传必然会各种美化中国和促统谎言，和IG，YT等有明显区别。或许用IG，YT等分流抖音也是一个办法。
林建勳,2025-01-15 10:06:22+00:00,"我26歲抖音都沒載過
我連館長那種咖小的YouTube 都沒看過跟追隨過
到底有什麼好看的，抖音歌一聽我耳朵都快爛掉了"
開個天窗,2025-01-15 00:08:55+00:00,跟老共幹，你要會用無下限術式，以毒攻毒。但其實也不是非法的，就是商業化的互聯網導流。柯屁是靠一堆網紅抬轎子上來的，洗壞腦子關心政治的沒幾個大多數都是刷各種娛樂化影片遊戲等被栓粉的，綠營政治類影片不能放抖音但可以買網紅大面積栓粉導流，然後在FB，IG等平台再輸出政治觀點，達到目的就好。
Elvis,2025-01-15 01:21:42+00:00,"補充…
搜尋就可以知道的資料！"
南宮柔雲,2025-01-15 02:43:45+00:00,學印度 直接禁抖音這是最好的
sadrod Lo,2025-01-15 03:22:28+00:00,我的態度是全世界都可以用抖音就台灣不行啦
Sanosu,2025-01-15 03:51:45+00:00,"這真的很可怕
把年輕人洗成只看表面
而不深入了解本質"
DDos20,2025-01-14 19:07:31+00:00,"經過這次選舉想對某些人說：

如果中共打過來那叫做侵略，對抗侵略者那是叫為了某某政黨或某某候選人打仗嗎？一堆人是覺得別的黨上來親中、談條件、妥協，中共就會放棄武統？就算近年不會但遲早有一天都要幹台灣的，誰知道習近平如果某天突然垮台，下一個上來的瘋狗會不會直接開戰？在他們眼裡整座台灣"
平淡幸福,2025-01-15 01:00:09+00:00,如果不然阻止被滲透及認知作戰，台灣未來堪慮
Huang Nelle,2025-01-15 02:38:47+00:00,然後這些孩子四年後都有投票權了
灰色沙塵,2025-01-15 03:20:17+00:00,台灣能做的只能先把抖音落地，再來做管理，至於全面禁止的話要等美國先動手，其他民主國家才敢跟進。
半月子,2025-01-15 03:34:05+00:00,抖音的社群規範是個笑話，講到習帝就會被刪留言XD
Birdie Chen,2025-01-15 03:42:47+00:00,禁抖音
饭某某,2025-01-15 00:03:57+00:00,抖音是仅次于毒品的危害品种
sei,2025-01-15 00:10:07+00:00,抖音不管的话，以后肯定会出问题
期待光明的天朝屁民,2025-01-15 01:21:14+00:00,的确，这货真是一大毒瘤。科技的发展给了中共一个千载难逢的对思维简单的人进行洗脑的机会。
哲安（ジェアン）,2025-01-15 04:31:50+00:00,"我每天都用TIKTOK看日本偶像
被柯陣營的影片煩死關不完超杜蘭"
MollyHGWNC,2025-01-15 04:32:28+00:00,可以參考澳洲立法「新聞媒體議價法令 」News Media Bargaining Code，當時概念是Google你在我們國家投放廣告讓搜尋引擎都是你的廣告，你需要付錢，不然下架。告訴媒體付費後這筆錢補貼給有牌媒體，媒體燃自動歸隊當你的立法遊說者。
zzzld,2025-01-15 07:09:06+00:00,我觉得台湾政府必须立法吧抖音封禁了，退一步也要有一个委员会对抖音进行审查是否存在资讯安全的国安问题
Ivan Chen/ 小a,2025-01-15 08:28:19+00:00,醒醒。民主國家基本上沒辦法直接出手，除非像印度那種有很多條件下才能夠達成禁用的條件⋯這也是為什麼民主國家面對中國很難處理資訊戰⋯
堂本小桃,2025-01-15 09:04:05+00:00,我下載抖音是為了要看日本藝人的影片、其他都沒在看、根本也不知道小草們都看了什麼東西
maojou,2025-01-16 01:56:13+00:00,曾經去一次夾娃娃店，有優惠活動，但要拍照片上傳抖音才可以領取，我們家一聽就轉頭走人了！
Pearl's Field of Views (PFV),2025-01-14 17:16:05+00:00,"@iingwen
 
@ChingteLai
 
@bikh"
David Yu,2025-01-14 18:30:12+00:00,騙小孩子x屁股
one tomorrow,2025-01-14 21:26:38+00:00,看到柯文哲和赖清德各社交媒体粉丝对比，天哪真的哭死，加油啊
core,2025-01-14 21:28:10+00:00,誰跟你說柯粉都玩抖音 都被抖音洗腦？ 地圖炮是這樣用的？
BIBI,2025-01-14 21:35:41+00:00,NCC 要不要禁
Doris_meiy,2025-01-14 22:19:35+00:00,你們玩Twitter，不許別人玩TikTok，有事嗎？
自由的嚮往,2025-01-15 00:54:54+00:00,国安吃屎了
裴小澄,2025-01-15 01:26:15+00:00,我只要看到科目三的影片我都下面留言科你媽  前幾天看到侄子在滑抖音差點被我打死
MailBox 梅爾霸課撕,2025-01-15 02:51:39+00:00,我同事女兒  國小一年級，在家也都是在看抖音
破六韩拔陵,2025-01-15 02:57:13+00:00,你们到底在害怕什么？禁了中天的电视直播现在又要禁tk？如果你们的道路正确的话为什么还要怕这怕那？
馳呎弛喫遲,2025-01-15 03:39:00+00:00,先罰抖音幾千億
哎唷喂啊,2025-01-15 14:04:41+00:00,其實也是要看美國這次大選有沒有機會遭到抖音的荼毒，只要美國反制力道過大，其他國家比較有機會跟進，只能這說是民主的通病，打著民主反民主！
Mei Yen,2025-01-15 14:38:15+00:00,好難禁啊⋯⋯身邊四周被抖音小紅書洗腦的不止國中以下，還有高中大學生一樣的，另外藍營懷抱統一夢想的也很愛
驴得水,2025-01-15 14:39:49+00:00,听说过人矿吗？
lous1965,2025-01-15 15:21:08+00:00,。)))pp)))。，，，，，…|
yiiii,2025-01-15 15:25:26+00:00,不想照顧就不要生啊，生了讓他們天天看這些？
高雄丁丁,2025-01-15 17:10:15+00:00,事實上台灣太多人不會獨立思考…或許教育沒有養成這樣的習慣…大多數的人都不去思考查證。
Jacky Jie,2025-01-16 00:05:37+00:00,我已经很少看了
菓子舖,2025-01-16 01:13:32+00:00,看多了shorts再看電影就會覺得時間太長，總是跳著看，現在我都是儘量不看shorts
Winston Liu,2025-01-16 23:53:15+00:00,"如果我是叉哀
我不會急著武統動手
只保持日常武嚇壓力
我會做好養生，用<等>字訣
照這態勢發展下去
我會在有生之年
完成統一

而且是台灣自己靠過來的"
Winston Liu,2025-01-17 01:10:48+00:00,"這樣發展下去
台灣自己靠過去是遲早的事
然後就亡國了"
johny,2025-01-15 03:57:44+00:00,抖音危害台湾甚巨、民進黨政府就是不知道、台灣遲早被統
John doe,2025-01-15 04:05:16+00:00,立法院看爱奇艺不也没事
Tischpanng,2025-01-15 04:32:12+00:00,其實台灣有語言優勢，直接站出來禁止抖音，把土共列為犯罪組織，很多問題就煙消雲散。可是島內還有很多人想統一，其實就是國安問題。政府裝死很久了。
アキラ_雨浪,2025-01-15 04:43:15+00:00,台灣是民主國家，要單方面禁止一個App流通和被使用感覺還是太難了，從教育方面著手，增加年輕世代的媒體識讀力、讓他們了解中國和台灣在歷史上的關係是如何變化的，不知道會不會更容易達到效果，與其什麼都不懂的去看，被灌輸中國人的價值觀，不如我們自己先教好
張誠顯,2025-01-15 04:54:22+00:00,還看到有人在玩小紅書，智商堪慮啊
是花花鴨,2025-01-15 05:15:33+00:00,好險我沒用抖音，一開始是覺得他完全在智慧財產權模糊邊界所以沒下載，不喜歡
Chan Joe,2025-01-15 05:19:33+00:00,"綠營國會過半的時候不禁
現在你也沒機會禁了
你去跟民眾黨協商禁抖音看看啊哈哈哈"
Bldg Man,2025-01-15 05:23:11+00:00,Must仿傚禁Tik Tok/抖陰 (抖陰一響，父母白養啊)
林靖明,2025-01-15 06:13:13+00:00,朱元璋的免死金牌，很多人沒看懂！懂了就會很開心了。
張小豪,2025-01-15 06:55:57+00:00,其實長輩群內在傳的影片也很多都是抖音來的，所以應該是比550萬還多
Jack,2025-01-17 15:35:05+00:00,抖音也是一堆綠到腦殘的影片
消費者論壇,2025-01-16 13:46:55+00:00,真的啊，那我來去下載抖音，只會恐嚇人的爛政黨，沒有中國，民進黨現在就是垃圾，不可能選得上。
heisdan,2025-01-17 12:23:53+00:00,"ADA KASTIL  
@AM_EllaJKT48
 (vid lama yg kena ban tiktok)"
Chel,2025-01-17 12:25:07+00:00,Kastis merubah segala nya wkwk
heisdan,2025-01-17 12:30:56+00:00,"apapun masalahnya, kastil solusinya"
ʞǝǝǝǝʎǝԀ,2025-01-17 12:57:13+00:00,Ada kastil ada heisdan
heisdan,2025-01-17 19:43:18+00:00,akulah wotajir pengirim kastil (aamiin)
Inspectah,2025-01-17 12:47:32+00:00,"Ngga pernah liat vid yang ini, kenapa diban Tiktok banh?"
heisdan,2025-01-17 12:53:50+00:00,"gue juga gak tau, emg gajelas tuh tiktok"
Worldchamfiony,2025-01-17 12:34:44+00:00,Hanya kastil dan tower lah yang bisa melepas diam nya ella
小さい,2025-01-17 15:01:39+00:00,@AfifBishri
Jenny be soul,2025-01-17 12:46:02+00:00,Terimakasih kastil
nAi⚯͛,2025-01-17 12:53:52+00:00,ada kastil
Kujo,2025-01-17 12:55:39+00:00,kastil
iguana lokal,2025-01-17 13:03:04+00:00,KQKAKAKWKW
rexelyan,2025-01-17 13:06:15+00:00,Wkwk
Avin,2025-01-17 13:09:07+00:00,LUCU BANGET  MAKASIH YG UDAH EDIIITT
sindu bocil toksik,2025-01-17 13:09:51+00:00,makasih bang udh ngeditin si ellay ellay itu
Brekzse #Thefan18lessing,2025-01-17 13:10:28+00:00,
zakir081,2025-01-17 13:49:20+00:00,kebijakan tiktok emang resek belakangan ini.
Si Panggaron,2025-01-17 13:52:56+00:00,Sejuta cui wkwkw
𝐃𝐢𝐦𝐬𝐨𝐞  #OOR20TH,2025-01-17 15:17:33+00:00,Ini dia asupan dari koh Heis
arel #asuransiitupenting,2025-01-17 16:11:02+00:00,"thoughts 
@ricoferdinanddd"
xıɐoɯıʍɥɐʇʎonƃoʇ,2025-01-17 16:17:35+00:00,@korporatabadi
Rzky_f,2025-01-17 18:30:16+00:00,slurp slurp
ndr,2025-01-17 22:43:56+00:00,Oshi gw ada aja kelakuan
Muhammad rizqi,2025-01-18 00:13:09+00:00,Editor Ella emng pd berkelass
fdly,2025-01-18 00:36:11+00:00,ada kastil
gedafffff∞,2025-01-18 12:36:16+00:00,ada kastil hahahahhaha
#iDealzer,2025-01-16 19:36:09+00:00,"Offenbar haben die Meldungen bei Spotify ihre Wirkung erzielt und Rainer wurde aufgefordert umgehend die Kommerzialisierung auf TikTok einzustellen oder dieser wird komplett gekündigt!

Rainer kapiert natürlich nicht, dass auch er sich an die AGB halten muss!

#Drachenlord"
Keds MdB,2025-01-16 20:10:19+00:00,"Jeder normale Mensch: Hoppla, das checke ich mal.
Reiner: Ich glaub es geht los alder..
Was erlauben die sich?!"
KAY LOOGER,2025-01-16 20:03:08+00:00,"Das is ja großartig......wie gerne würde ich seine Antwortmail lesen.......""weche die Haider......ich bin ned Derjeniche.......12 Jahre edzadla...."""
Ugly KidDeluxe,2025-01-16 19:39:10+00:00,"Haha  Spotify wird der Endgegner im Game  
Und Reiner checkt es wieder mal nicht ... Weiter so Reini weiter so"
Muffischlumpf,2025-01-16 19:51:55+00:00,"bald sitzt er dann mit nem alten Kassettenrecorder da und spielt selbst aufgenommene ""Charts"" ab"
ReprimeTV,2025-01-16 22:02:40+00:00,"Also mit Spotify sollte er es sich nicht verscherzen.
Soweit mir bekannt ist, hängt da auch Sony Musik mit drin und wir wissen wie Sony bei sowas sein kann also das sollte er sich wirklich genau überlegen."
Mariowayner,2025-01-16 20:32:38+00:00,Und wie immer sind andere schuld und er hat nichts falsch gemacht
Senser666,2025-01-16 21:02:38+00:00,"Mal sehen, wann die GEMA bei ihm anklopft und Kohle von ihm will"
Solid Pudding,2025-01-16 19:38:52+00:00,rück mal ein stück...
Sir_WutzelordsTwin,2025-01-16 21:35:00+00:00,Sehr schön Reiner kapiert wie immer nix. Er sollte bei jeder lüge oder verstoß gegen Gesetze Stromschläge kriegen .
Dorfspion,2025-01-16 21:06:43+00:00,"So gut wie der das liest und versteht, würde der doch auf jede minimal abgewandelte fishing-Mail reinfallen?"
Nicky Ruland,2025-01-16 21:39:53+00:00,Was erlauben Spotify?
matzack,2025-01-16 22:10:01+00:00,"Spotify: unsere AGBs
Rainer: interessiert mich nicht"
Rudieschen,2025-01-16 20:24:15+00:00,Na endlich etzela
allemalamarschlecken,2025-01-17 03:18:44+00:00,"Wenn Spotify ihm das noch mal in leichter Sprache und mit eindeutigen Symbolen bebildert schicken würde, könnte er es viel einfacher verstehen. Gute Wirkung hatte auch immer die Androhung einer Geldstrafe bei Zuwiderhandlung. Aber das können ihm ja seine Mods noch mal erklären."
Jabba the Punk,2025-01-17 04:05:23+00:00,Er streamt doch nicht Spotify sondern Musik von Spotify das is was ganz anderes das kapieren die wieder nicht.Ausserdem lädt er da auch seine Lieder hoch also dafür sollte er auch von Spotify belohnt werden etzella.
Recon,2025-01-16 20:19:49+00:00,Schade dass sie ihm nur das Konto kündigen wollen.
Klaus Sommer,2025-01-16 21:24:49+00:00,"@d_h_ofenkaese
 endlich"
Shadow_Gringo,2025-01-16 21:27:28+00:00,Wenn das verstehen der agb am lesen der ersten generischen Broschürenseite des Anbieters scheitert
𝖇𝖑𝖆𝖈𝖐𝖗𝖔𝖘𝖊,2025-01-17 00:51:19+00:00,Naja Restream und Restaurants sind ja eigentlich die gleichen Worte.  Der Leselord macht mich echt mett
Miguel Sanchez,2025-01-17 05:50:10+00:00,Ein Drache is dausend Mal stärgger als billiche kleine AGB's!
daneycune,2025-01-17 07:49:19+00:00,"Soll er es ruhig weiter ignorieren, dann hat er schön Ärger am Arsch"
Danzelot von Meckernicht,2025-01-17 08:08:59+00:00,Radiosenderlord
Benjt,2025-01-17 16:08:41+00:00,Da arbeiten halt auch Hater
Klaus,2025-01-16 19:57:43+00:00,"Schaut mal 
@SpotifyDE
. Jetzt ist #drachenlord angepisst. Dabei lebt ihr davon, dass er Musik bei Euch hochlädt glaubt er. Ja, so ist er unser Reini. Er darf alles aber die Anderen dürfen nichts. Er ist das Mobbingopfer! HAHA"
John Jacob Jingley-Schmidt,2025-01-17 06:25:04+00:00,"Ich soll fürs Schwimmbad bezahlen? Ich piss euch regelmäßig ins Beggen, damits net leer wird. So, Loide, alles mal 2."
DerDr.,2025-01-16 21:49:59+00:00,"Wie dumm kann man sein? Der rafft nichts. Du Rainer Winkler darfst Spotify in deinem Stream nicht nutzen, weil du in Streams betteln tust."
,2025-01-19 07:10:21+00:00,Aku setuju la kalau dorang minta KKD ban tiktok. Makin bengap budak sekarang. Dengan Upsr tak ada.
abanrok,2025-01-19 13:36:12+00:00,setuju
Who Targets Me,2025-01-19 16:30:06+00:00,"TikTok's latest election policy doc is out. The ban on paid political ads remains a core part of it, but exactly how they stop influencers getting paid to say nice things about politicians is murky. Would love to know how many (if any) accounts get warned or suspended for it."
Who Targets Me,2025-01-19 16:30:06+00:00,"Also includes policy about what they'll do about AI-generated political content. It's mostly prohibited, but how that's detected and enforced is unclear. Again, some transparency about removal rates would be v. interesting. Bad guys won't label it, that's for sure!"
Who Targets Me,2025-01-19 16:30:07+00:00,"If you're interested in such things, the full statement is here: https://tiktok.com/transparency/en/protecting-elections/…"
Who Targets Me,2025-01-19 16:34:26+00:00,"We've written about TikTok's political ad ban before. On the surface it sounds nice, but practically, it favours noisy, aggressive politicians who reach people by saying crazy stuff to get attention, as well as those who get their support from older voters."
htevin,2025-01-15 16:22:00+00:00,"Yo Tiktok Shop is actually broken
This is only in 2 Weeks

I posted couple videos just testing out tiktok shop and they blew up like crazy and also converting like crazy 

I literally take like couple minutes filming videos for a product and I’m done"
Clyde Kelly,2025-01-15 17:12:33+00:00,Insane! Did you already have an account with >5k followers? I’m thinking about buying an account so I can try it out
htevin,2025-01-15 17:50:40+00:00,Yeah I have a few accounts that I blew up in the past for Dropshipping products I just privated the videos and change the username and started posting
paul bri,2025-01-15 17:47:08+00:00,"Man you broke tiktok, well done"
htevin,2025-01-15 18:01:25+00:00,"Thanks, but I’m still beginner asf, just testing what works and what doesn’t"
Lars Raymond,2025-01-15 18:13:02+00:00,Congrats g that’s crazy
htevin,2025-01-15 18:28:55+00:00,
David Longacre,2025-01-16 02:36:39+00:00,"I seen your videos on my TT bro, keep crushing.

I will be hitting you up in 2 months when my product launches.

I like how your not throwing bullshit lies down people's throat like the rest of them. Just keep it real. You got a new angle on the copycats.

That's why it works!"
htevin,2025-01-16 02:41:21+00:00,Thx
Frank Winthrop,2025-01-16 12:16:08+00:00,I seen you on the app
htevin,2025-01-16 18:36:40+00:00,My dad who I didn’t even know had tiktok told me he saw me on tiktok
TSNMI Laden,2025-01-15 19:30:19+00:00,So you gonna offer a course or something to teach us?
htevin,2025-01-16 02:42:17+00:00,No course my guy
Adam Yoder,2025-01-15 23:42:30+00:00,
Luis Barajas,2025-01-15 18:23:39+00:00,How do you reach out to brand or get to be an affiliate? Keep it up bro this is great to see.
Monish,2025-01-16 03:18:32+00:00,
Collinwood,2025-01-15 21:37:37+00:00,"Yo dog, 
@BowTiedTikTok
 featured you in a post. They couldn’t remember your handle. Hit ‘em up"
"Kewin | ""Kevin"" with a ""w""",2025-01-15 23:03:20+00:00,"Yo G, our brand already goes viral by itself. We're looking to expand with more creators.

Let me know if I can DM u"
Ronak,2025-01-15 20:06:28+00:00,Insane
motoedits,2025-01-16 03:26:29+00:00,"Congrats man 
What product did u use cuz I wanna sell something and I got 150k followers but I don't know what"
t-mac,2025-01-16 07:06:56+00:00,Can you teach me
Ξthan,2025-01-16 13:26:28+00:00,@FouaChilee
Joseph Sottile | Diffraction,2025-01-16 15:29:17+00:00,"TikTok Shop posts go crazy, don’t even need production. Just be honest and different than the brain rot that’s typically posted!"
Tyler Mete,2025-01-15 19:19:45+00:00,Yooooo wtf
Skyproq,2025-01-15 19:29:04+00:00,ya moyen tu m'aide
Sean Lafayette,2025-01-15 21:10:17+00:00,What niche are you in? I haven’t gotten any sales but def getting impressions. M
Ali,2025-01-15 21:32:15+00:00,I’m looking for affiliates for my brand. A hair growth product. DM me
Khasan,2025-01-15 22:31:33+00:00,There is not commission?
Tom - Building Agencies,2025-01-15 23:03:00+00:00,What are you doing to get the initial 1k followers to allow for adding products?
Adrian ecom,2025-01-16 02:51:10+00:00,Only $15k is crazy ngl
YACÉ,2025-01-16 04:15:34+00:00,Tiktok Shop is insane right now. Congrats bro. Are you just affiliate marketing or do you own the shops that youre linking too aswell?
Mozzi,2025-01-16 08:45:47+00:00,Bro teach me
Pablo,2025-01-16 09:17:07+00:00,"If you don't mind sharing handles would love to check it out.

Where you selling products?"
Yermia Masih,2025-01-16 11:59:31+00:00,What is your username? I would like to send you invite for some products I sell on Tiktok.
,2025-01-17 12:45:30+00:00,tiktok has one joke and it's making fun of autistic ppl
octave || C0MMS OPEN,2025-01-17 18:28:33+00:00,"""is *it* accoustic"" i will get you"
StarlightGalaxy90 (Happy New Years,2025-01-17 20:38:28+00:00,"I hate the is it acoustic or restarted joke, like please stfu, it isn't funny, it's mean as hell and abelist."
Safa/Shima | kissing pure vanilla,2025-01-18 04:10:40+00:00,"""acoustic"" ""fact got"" how bout i show something up your ass"
tee!,2025-01-18 18:42:04+00:00,"Or queer people (""fact got"" as being able to say a slur without 'technically' saying a slur makes me sick)"
NetChoice,2025-01-19 15:35:44+00:00,"Unconstitutional Effort Pops Up in Virginia With New Bill Against TikTok

RICHMOND, Va.—Today, an unconstitutional bill was proposed in the Virginia legislature that would ban the use of TikTok in the state for minors under the age of 18. To verify ages, this bill would require TikTok to collect massive amounts of data on Virginia residents—adults and children alike.

A similar approach failed in Montana last year on First Amendment grounds, and if Virginia lawmakers adopt this bill, it will ultimately fail there, too.

“This proposal is unconstitutional as we’ve already seen in other states that have tried this. A ‘ban’ is used by authoritarians—not the United States of America, where we thankfully have protections,” said 
@CarlSzabo
, NetChoice Vice President & General Counsel. “The government can’t tell us what websites we can visit or what apps we can download, but that is exactly what Virginia is trying to do.”

Szabo continued: “Virginia representatives must reject this approach that, if passed, would ban Virginians from getting access to news, harm Virginia businesses and creators, require more data collection, and disconnect Virginians from online speech.”

Virginia HB 1468 can be found HERE: https://lis.virginia.gov/cgi-bin/legp604.exe?241+ful+HB1468+pdf…

Read NetChoice’s amicus brief in the Montana case in support of TikTok and their content creators, Alario & TikTok v. Knudson, HERE: https://netchoice.org/netchoice-files-brief-in-support-of-creators-tiktok-in-montana-lawsuit/…

CONTACT: PRESS@NETCHOICE.ORG"
Brandon,2025-01-18 21:05:03+00:00,"TikTok is a lifestyle magazine, and life has become a series of curated editorials. That’s about the long and the short of it."
Molly Gordon,2025-01-19 05:56:59+00:00,"The Internet is probably tired of me saying that I remember when people became consumers and accepted that label, job description and meaning making frame. It didn’t have to be this way, social media or no social media."
Oli London,2025-01-17 13:01:31+00:00,"Hamas beheaded an Israeli man on Oct 7th, took his head back to Gaza as a souvenir and then attempted to sell it for $10,000. 

The father of Adir Tahar, 19 who served as a sergeant in the IDF has revealed: 

“They beheaded him and took the head to Gaza. I did everything I could,"
Forestcui07,2025-01-17 13:32:39+00:00,"11/04/2023 Congressman Mike Gallagher: TikTok's propaganda has led over half of American youth to adopt a morally bankrupt worldview, supporting the brutal terrorist attacks by the Hamas organization on innocent Israeli civilians. What's alarming is that TikTok is controlled by"
D,2025-01-17 13:48:57+00:00,I say TikTok should be banned in North America completely. I’ve never used it because it’s a Chinese government app but I have seen plenty of ridiculous clips on YouTube and the depravity is astonishing!
GailCrossPayne,2025-01-18 07:05:00+00:00,I would never use TikTok ever
Nazghoul1312,2025-01-19 12:25:18+00:00,You sound like an idiot
HenchiT,2025-01-19 04:32:00+00:00,So that you can continue blindfolding your citizens?  Have you mainstream media hit a wall? This is one reason why Americans are easily mind controlled by their government.
Brianna Wu,2025-01-15 12:12:26+00:00,"There's always been a segment of the left that thinks America is the source of all the world's problems and wants us destroyed. But, they're always been marginal.

What has changed is now Russia, China, and other hostile foreign powers have a say in our media landscape. They are"
Ty Rogers,2025-01-15 13:45:10+00:00,"When I first heard that the federal government was banning Tiktok on its devices, I thought it was because of some kinds of malware or viruses.  Now I know it's the algorithms, and it is no laughing matter."
Ty Rogers,2025-01-15 15:19:09+00:00,"Actually, I should have said ""it's also the algorithms."""
EMJ,2025-01-15 17:33:35+00:00,"Facebook radicalized you boomers, they and twitter, google all sold your data to the Chinese, but you’re worried about tiktok.

Misplaced priorities grandpa"
Ty Rogers,2025-01-15 17:41:44+00:00,I'm younger than you think.
Tiffany,2025-01-15 23:37:44+00:00,"I saw it first hand with my teenage kids. My daughter had enough wherewithal to delete the app, but my son was starting to get sucked into the Andrew Tate crap. 

The algorithms are set to find your bias, and then try to push you to the extremes."
TheGreenDjinn,2025-01-15 20:55:06+00:00,"Democracy is when the Cia controls the algorithms so we only hear establishment voices, everyone else is suppressed, and we can get back to the good old days where Washington had free reign with little public pushback"
Phillip.png,2025-01-15 23:40:40+00:00,"No, it is because of their information collection."
Diane Smith,2025-01-15 23:34:51+00:00,"My company, like most,  has banned downloading any apps on company owned devices for decades as basic data hygiene.  Couldn't believe that wasn't a govt standard."
Comrade Razick,2025-01-15 17:38:18+00:00,Ok boomer.
Ribelle,2025-01-15 23:35:22+00:00,Work phones should be separate from personal phone.
LegendarySaiyajin,2025-01-16 05:10:00+00:00,"Had all this existed in 2001 they would have gotten people to cheer on Bin Laden.

And that's not hyperbole."
ann elizabeth,2025-01-16 03:47:01+00:00,Unless they work in social media for govt agencies they should never have had TikTok on work phone in the first place.
Mep,2025-01-16 04:55:43+00:00,It doesn't have to be one reason
dellhos13,2025-01-16 10:38:11+00:00,"Who, exactly, are these people on the ""left""?  I've never heard of this before and I'm really curious."
Dom,2025-01-20 06:53:24+00:00,"It seems so heavy-handed, but there doesn't seem to be another solution?  It's clearly a problem."
Steffen H #FBPE #Democracy #StandWithUkraine,2025-01-15 19:31:22+00:00,"Yes, but why is TikTok still not banned anywhere in the west? It's extremely stupid to leave enemies of our free societies in charge of what people are getting fed by algorithms."
agelmar,2025-01-15 19:16:36+00:00,"Yeah, because Tik Tok is the only app where foreign governments run psyops. Nothing happening here on Twitter, Facebook, Instagram, etc."
MiiiND,2025-01-15 18:39:16+00:00,Yeah you'd rather stick to your daily MSM programming right?
chick pea,2025-01-15 19:06:14+00:00,
Fat Cat,2025-01-15 15:33:36+00:00,The grandchildren of Joe Biden are on TikTok.
MarionAwful,2025-01-15 23:33:09+00:00,And that it's a ccp app.
Lamna nasus,2025-01-16 00:20:52+00:00,"‘Fess up, you’re still salty about youngsters, prebooking those Trump rally tickets on TikTok..then not showing up, bless ‘em. 

No respect for their elders, eh?"
bobbryan,2025-01-16 10:39:47+00:00,"You have no faith in American culture.   I think China will ban Americans from interacting with Chinese youth.  If you think you have better ideas,  dare to let those ideas convince others.   Chinese youth could be democratic allies"
polly,2025-01-18 14:31:19+00:00,631 good morning
Biólogo Henrique,2025-01-17 11:20:21+00:00,"Pela quinta vez o Tiktok baniu minha conta. Motivo: ser uma conta de conteúdo educacional. O Tiktok só deseja fakenews, treta, putaria e mulher pelada. Professor lá não pode.  Esse é o 
@TikTokBrasil"
Aneska Psy,2025-01-17 11:44:40+00:00,Será que é pq você expôs aquele coach que mentiu?
Biólogo Henrique,2025-01-17 11:48:30+00:00,O último vídeo foi de uma ave cantando
PROFETA GAITO,2025-01-17 12:02:04+00:00,"Embora eu acompanhe seus vídeos, nunca tive  tiktok ou kawai. Sempre achei tais plataformas um temporal efêmero de depravação e maus exemplos. Com certeza vc foi vítima de denúncia de algum invejoso e a plataforma acolheu pq ela é  a materialização da inversão de valores."
,2025-01-17 13:15:34+00:00,"Não sei como você ainda insiste em continuar lá depois disso, por muito menos eu excluí minha conta no Facebook. Não vale a pena continuar se estressando, larga de mão."
Arruda Junior,2025-01-17 15:46:50+00:00,"Lamentável o aplicativo fazer isso sem garantir seu direito a defesa. Poderia ser alguma ação orquestrada por seguidores de alguém que você desmentiu? Eu torço para que você siga desmentindo, e faturando por mérito seu."
Howard Kafka,2025-01-17 16:05:00+00:00,Bom eu acho que já está na hora de entender que eles não te querem kkk
Pablitto,2025-01-17 17:14:30+00:00,"@TikTokBrasil
 parece que não tá nem aí."
Safada Intelectual,2025-01-18 00:14:52+00:00,"Faltou citar dublagens horrorosas e pessoas dançando ridiculamente. Conteúdo educativo ""não pode"" 
Vai se fode viu 
Desserviço à educação :("
Sabrina,2025-01-17 12:07:12+00:00,"Claramente o 
@TikTokBrasil
 odeia seus usuários"
Rafa,2025-01-17 12:14:41+00:00,"Vamos rever essa situação aí o 
@tiktokBrasil"
Decoh Barbosa,2025-01-17 12:54:39+00:00,"vergonha heim 
@TikTokBrasil"
Alex X Ness™,2025-01-17 14:00:21+00:00,Para de chorar carai
Rômulo Fiúza e Mello,2025-01-17 14:06:36+00:00,"Procura um advogado, dá para resolver"
anderson da silva,2025-01-17 15:13:28+00:00,"Eu não uso essa bosta de Tik tok, os chineses que criaram isso, querem o emburrecimento global, o próprio tik Tok é proibido na china"
Hudson Coimbra,2025-01-17 15:34:10+00:00,Vdd muito triste isso
Fritz Von Furtwängler,2025-01-17 15:46:25+00:00,"Tiktok ganha com extremismo, sexualização e etc…normal."
Canal do Ivan,2025-01-17 17:37:47+00:00,Adoram banir quem fala mal de travequismo e do PT
Rafa,2025-01-17 12:15:52+00:00,quais são as Diretrizes da comunidade será
Regiane,2025-01-17 12:31:38+00:00,"Lugar onde você alcançaria muitos jovens, desmentindo e criando consciência, mas..."
Lauro,2025-01-17 13:22:57+00:00,Oxeeeee! Que perseguição
Eddie,2025-01-17 13:49:58+00:00,"Acho que vc precisa colocar uma roupa bem curta e começar a rebolar descontroladamente ao som da Pipoquinha() , tudo isso enquanto vc explica algum assunto de biologia."
Hananias Cultura,2025-01-17 13:51:18+00:00,Por isso nunca baixei pra ver
cristian,2025-01-17 13:58:53+00:00,"Pode ser por conta de algum animal predando, deve aparecer lá como conteúdo sensível ou violento."
Leandro Ghelli,2025-01-17 15:13:55+00:00,Meu Deus
Cesar,2025-01-17 15:29:32+00:00,"@TikTokBrasil
 odeia educação"
Pedro,2025-01-17 15:30:41+00:00,@joaosenzi
Franklin,2025-01-17 15:37:23+00:00,"@TikTokBrasil
 @TikTokSupport"
Érique Moreira,2025-01-17 15:42:27+00:00,Crie com outra conta e made pra nós
berta,2025-01-17 15:53:35+00:00,Esse tiktok é um lixo mesmo.
ulysses,2025-01-17 16:27:19+00:00,caralho q merda
PHCarvalho,2025-01-17 16:42:44+00:00,Cara tiktok é a pior coisa que já existiu na criação de conteúdo. Sinta- se honrado em ser expulso dessa merda.
Jeferson,2025-01-17 20:07:50+00:00,"Tem esquerdista canceladores nessa porcaria de empresa né tiktok?

Tão de saca a agem né, daninha com buceta e piroca de fora pode né. Vão se fuder!"
Rio West Fm,2025-01-18 03:59:01+00:00,"Posta vídeo de mulher dançando mostrando os lábios e grandes lábios e o bico do peito rasgando o sutiã, nada acontece"
Claudinei,2025-01-18 05:35:08+00:00,Só lixo próspera nesse tik Tok! Seu conteúdo é muito massa.... Tô cada vez menos acessando por causa dessas palhaçadas!
Projeto Ciência,2025-01-18 06:10:14+00:00,"Temos que adaptar a linguagem para passar desapercebidos. É o 1984 da rede social lá.
Descobrir o que estão""pegando"" e fazer uma divulgação científica camuflada, nem se for para fazer dancinha enquanto falamos de ciência.
Em algum lugar existe uma brecha no sistema, onde está?"
Robson Rx,2025-01-18 08:15:30+00:00,Acho que está na hora de ir esculhambar...botar para tirar com o Tik Toy
Robson Rx,2025-01-18 08:24:03+00:00,"Será que se formos a turma toda ir para cima no suporte eles devolvem?
https://x.com/TikTokSupport"
Gleidson de Oliveira Til,2025-01-18 23:15:59+00:00,"EsTIKa o EsTOK de Paciência,Mestre!!!"
Itauane Ingrid,2025-01-11 03:31:54+00:00,Minha conta Também foi banida injustamente alguém pode me ajudar
Fábio,2025-01-17 13:34:27+00:00,E aqui no X é a mesma merda. Só putedo a partilhar imagem privada para pescar otários para o OF delas.
Pimentão,2025-01-17 13:50:59+00:00,"""Motivo: ser uma conta de conteúdo educacional""
Acho que não amigão, porque só o que tem é conteúdo educacional no tiktok, e principalmente relacionado a biologia. O problema ta é na sua conta mesmo."
Estevão ◤✠◢,2025-01-17 13:57:32+00:00,"Faz anos que não entro nessa plataforma, lá vc só sobrevive se ficar dançado com roupas sensuais."
Inseto,2025-01-17 15:26:28+00:00,Denúncia em massa
Bichoca,2025-01-19 02:10:35+00:00,"TikTok trả tiền như thế nào?

- Bán hàng trực tiếp trên TikTok
- Trở thành KOLs quảng bá sản phẩm
- Nhận Donate từ livestream trên TikTok
- Kiếm tiền bằng Affiliate trên TikTok
- Kiếm tiền TikTok bằng lượt xem"
Daly,2025-01-19 02:21:18+00:00,Hữu ích lắm bác
Bichoca,2025-01-19 02:23:06+00:00,Thank you very much
Nguyen Crypto,2025-01-19 04:20:48+00:00,Quá hữu ích nha bạn
Bichoca,2025-01-19 07:14:12+00:00,Thank you
Om-MaNi Thanh,2025-01-19 04:20:58+00:00,Maketting tuyeet voj lam ban
Bichoca,2025-01-19 07:14:18+00:00,Thank you very much
Ma La Cà,2025-01-19 07:20:09+00:00,Ko biết khi nào X mới hoàn thiện dc như thế bạn ha! Dc cái X tt thân thiện hơn nè
Bichoca,2025-01-19 07:58:16+00:00,Hi chờ thôi bác
Nam troll,2025-01-19 08:46:44+00:00,Tôi làm mấy tháng trả được gì
Mina,2025-01-19 09:18:59+00:00,Tuyệt vời hữu ích lắm
Bichoca,2025-01-19 07:58:45+00:00,Oke bác theo dõi xem bài viết mới của mình nhé
The Kaipullai,2025-01-16 17:26:16+00:00,"In the 1800s, British used to dump Opium in China to keep the Chinese in state of addiction and haze, to make a lot of money.

200 years later, Chinese using the same modus operandi with TikTok and Genshin impact."
Uttkarsh Singh,2025-01-16 17:31:13+00:00,When will India work with this same agitation as similar to China?
SaaS & Weights,2025-01-16 17:41:44+00:00,And fentanyl too. 98% comes from China but somehow China has no fentanyl epidemic
Dr Nilima Srivastava,2025-01-17 03:05:23+00:00,"Worse, US has an opioid epidemic 

Mass quantities of fentanyl, a low-cost and highly potent synthetic drug, are being produced in China and brought illegally to the United States, contributing to a growing U.S. opioid crisis."
ஸ்ரீ ராம்,2025-01-16 17:44:38+00:00,"Interesting Tatas have not taken advantage of this, this time around."
Deepan Shanmugasundaram,2025-01-17 02:58:06+00:00,"Missionaries still do the same in Tamilnadu with government help. 

#TASMAC"
srinivas,2025-01-16 19:24:15+00:00,Now Tasmac is doing that job in TN
Vijay,2025-01-17 08:37:22+00:00,Chinese are also dumping Fentanyl into US.
bhaskar,2025-01-17 03:26:24+00:00,The white man has already seen the pinnacle of material success....now the journey appears to be only downhill!!
Dr. Prakash Karuppasamy,2025-01-16 17:38:32+00:00,And the world has come full circle
ನಿತೀಶ ಭಾರ್ಗವ,2025-01-16 17:53:05+00:00,Chad Chinese
Sumit Sharma,2025-01-16 20:06:12+00:00,"Slightly different!

British dumped opium in china to fund tea trade"
અર્જુન કૃષ્ણદાસ,2025-01-17 03:07:33+00:00,Western Indian traders were also financiers to the brit for the war
Ankit Mittal,2025-01-17 04:12:57+00:00,Whats Genshin
Anmol Rastogi,2025-01-17 04:19:52+00:00,Fentanyl as well from China
S D,2025-01-17 04:37:00+00:00,"What nonsense.
China sells base chemicals used for making cocaine and fentanyl to Gangs in the West .
They are exacting full revenge."
Amit Palve,2025-01-17 05:23:16+00:00,"@pikaso_me
 screenshot this"
I support Penguins,2025-01-17 05:49:31+00:00,Underrated Tweet
Stop Racism against Indians.,2025-01-17 06:24:35+00:00,gamers bi like.
Tyler Durden,2025-01-17 08:16:13+00:00,"This is exactly what I am talking about! 

Wish people would take a closer look at their masterplan."
Ashwin,2025-01-17 08:35:36+00:00,"Fentanyl too, Chinese revenge they say"
Arun,2025-01-17 11:54:23+00:00,They did whatever it takes ...
ᕲᘿᘻᓍᘉ,2025-01-17 17:12:21+00:00,"They deserve this, the kind of atrocities and sin they have committed is throwing at them, they are not even acting upon it."
BAN8KU,2025-01-19 13:26:09+00:00,"愉快なkonekoの旅を綴るTikTok始めましたいろいろなところに行く様子をアップします。
フォローしてもらえると嬉しいです

koneko-travel hello city
https://tiktok.com/@ban8ku/video/7325794094901415170?is_from_webapp=1&sender_device=pc&web_id=7108071234005206530…
#pixelart"
G0LD,2025-01-19 13:54:16+00:00,フォローしましたよ～
BAN8KU,2025-01-19 14:08:26+00:00,ありがとうございます！旅の様子をみてやってくださいー
かずま@サイバーコネクトツー,2025-01-19 16:46:55+00:00,フォローしました！！！
BAN8KU,2025-01-19 16:51:59+00:00,ありがとうございます！konekoの様子をこちらにも出していきます！
⋆⁺❅ 𝐂𝐥𝐚𝐬𝐬 𝐏𝐫𝐞𝐬 𝐒𝐮𝐧𝐠 𝐇𝐚𝐧𝐛𝐢𝐧☘︎ ݁˖,2025-01-18 12:21:22+00:00,Why did I go out and missed everything  our Hanbin is finally free from TikTok ban?
O-RIN-ie,2025-01-18 12:23:06+00:00,Did he have tiktok banned????
⋆⁺❅ 𝐂𝐥𝐚𝐬𝐬 𝐏𝐫𝐞𝐬 𝐒𝐮𝐧𝐠 𝐇𝐚𝐧𝐛𝐢𝐧☘︎ ݁˖,2025-01-18 12:38:49+00:00,Well he might as well be? Since he had no solo TikTok before
Allinmn,2025-01-18 12:26:26+00:00,He noticed the truck too
⋆⁺❅ 𝐂𝐥𝐚𝐬𝐬 𝐏𝐫𝐞𝐬 𝐒𝐮𝐧𝐠 𝐇𝐚𝐧𝐛𝐢𝐧☘︎ ݁˖,2025-01-18 12:58:35+00:00,I missed everything then  let me catch up
Big Cases Bot,2025-01-17 03:25:58+00:00,"New filing: ""Alario v. Knudsen (TikTok ban [brought by users])""
Doc #124: Joint Discovery Plan - SDM

PDF: https://courtlistener.com/docket/67404304/124/alario-v-knudsen/?redirect_or_modal=True…

#CL67404304"
polly,2025-01-18 01:46:32+00:00,exactly
Moazzam Begg,2025-01-16 11:46:23+00:00,"It’s interesting that Britain didn’t/couldn’t ban #HizbutTahrir during the two decade, albeit failed, War on Terror, when it committed thousands of troops to invade #Iraq and #Afghanistan  - many of whom were killed. HT wasn’t even banned when #ISIS emerged declaring a caliphate, which has been at the heart of HT’s nonviolent call. Despite ISIS being responsible for scores of killings in UK HT was not banned - chiefly because it did not espouse IS et al.

So how does #Britain decide now is the time to ban HT, literally while and perhaps because #Israel stands accused of #Gaza_Genocide at the 
@CIJ_ICJ
 for the first time in its sordid history?

As I’ve said before, Zionist #Israel has a grip on colonising nations that’s hard to fathom. 

UK brands Muslim organisation terrorist not because of terrorism but because Zionist Israel has gripped this country by its political b*lls (what’s left of them, that is)."
Link Al-Hanafiyyah,2025-01-16 19:39:26+00:00,"Why do so called ""conservatives"" not have an issue with being so impotent at the hands of a foreign nation? 
Same thing in the US"
Mustafa Khan,2025-01-17 09:03:15+00:00,The only thing they can do is to strengthen our resolve only.
Miranda Husain,2025-01-16 13:02:57+00:00,I believe Pakistan banned HT under Musharraf
John Panton,2025-01-16 15:01:40+00:00,"Begg complaining about freedom and the organisation itself doesn't allow for freedom.

Muslim logic and hypocrisy."
Jack,2025-01-16 22:58:40+00:00,Terrorist bellend
Mustafa Khan,2025-01-17 09:04:10+00:00,"One thing that some Muslims are missing is that banning HT is banning your major and the most vocal organization, anything after that will be worthless and not a front at all"
Ohnono,2025-01-16 22:21:37+00:00,Cry more.
StraightTalk,2025-01-16 12:07:12+00:00,"...""because Zionist Israel has gripped this country by its political b*lls (what’s left of them, that is)..."" 
Always love your witty descriptions 

 Agree"
Jimbob,2025-01-16 12:03:22+00:00,Terrorists. End of
A,2025-01-16 22:49:05+00:00,"Zionism / Wahhabism are different sides of same coin for western states, controlled ultimately by the capitalist class. 

Nothing more to understand, every scenario re inforces this"
Jamie,2025-01-20 00:32:51+00:00,"Astonishingly, they weren’t banned ten years ago when many of their members were mysteriously disappearing, only to reappear months later in Syria."
They call me Jimmy,2025-01-16 12:55:08+00:00,All you jihadi buggers should be banned and deported if possible. You have offered Britain but trouble. Think Britain can do without dodgy kebabs.
Vernon P,2025-01-16 17:24:40+00:00,Has anyone banned dual citizens who fight for IDF that return to the UK?
Skoll,2025-01-16 11:48:22+00:00,"ISIS,Hizb and many other extremist groups are assets of western intelligence agencies."
Ms.Khan,2025-01-16 13:14:44+00:00,"To all halfwit brits cursing, its a sign of low IQ to ""curse at"" ""call extremist/terrorist"" a group you have not yet read the extensive documents of, and you have no idea that the concept of Ummah/Muslim Unity/Caliphate is at the core of Muslim values."
Kevin Wells,2025-01-16 13:29:33+00:00,"Them pesky Jews, eh? Any plans for them?"
Oliver,2025-01-16 16:43:58+00:00,"""It's the zionists what done it!""
Ok, bye"
Saifullah Taj,2025-01-16 22:59:39+00:00,"Israel seducing British establishment to be complicit with its crimes (extremisms, terrorism, ethnic cleansing, genocide), puts Britain in harms way; Meaning when God destroys Israel for its crimes, then he might destroy Britain too! Muslims represent best hope to save Britain."
Nature Science University,2025-01-17 04:00:44+00:00,"Zionist Israel has gripped this country by its political b*lls (what’s left of them, that is).  They’re all Epstein-compromised."
Raza Muneer,2025-01-17 09:43:51+00:00,"History has shown countless times (from the time of the Pharaohs to the present), that any country that fails to provide and deliver justice will soon see the failure of themselves with a failed country. A country cannot function without justice."
Ahmed X,2025-01-17 10:27:56+00:00,"The minute HT spoke out against the Genocide in Gaza, the puppet master's slave James notsoCLEAVERLY sprung into action. Money talks, Genocide walks!"
FREE MAN,2025-01-17 15:54:31+00:00,"For those who haven't yet realized  what is going on in our nation: tomorrow on 18.01 The UK Parliament finally votes to designate Hizb ut-Tahrir (pronouns as ""his butt terror"") as a terrorist group.  This group of far-right ultra religious wankers that are dying to bring the"
خبر عاجل,2025-01-17 17:10:28+00:00,"عاجل  

تطبيق #تيك_توك يتعمد تجاهل الفيديوهات الإيجابية عن #السعودية ؛ في مقابل نشر كل ما هو سلبي عنها ؛ مثيراً غضب الجميع وإعلانهم مقاطعتهم له نهائيا.

#تيك_توك_يستهدف_السعوديين"
احمد المسعري,2025-01-17 17:36:35+00:00,مقاطعتهم أقل ما يمكن فعله! السعودية خط أحمر
خالد الطلحي,2025-01-17 17:19:08+00:00,"من يوم حذف حسابي بسبب ما يسمية العنصرية في بلاغات بعض الاجانب الى كانوا ما يناسبهم محتواي ويقولون لي صريحة 
لا تتكلم في العمل في  السوق باكثر من طريقة 

هذا حسابي في جاكو ونبدأ من جديد للدخول للسوق كصحاب مشاريع"
أ.د. عبدالعزيز بن سليمان السلومي,2025-01-17 18:33:58+00:00,هذه التطبيقات وغيرها من الحسابات المعادية لبلادنا أنفع علاج وأقواه هو مقاطعتها.
سليمان السهلي,2025-01-17 19:05:50+00:00,"هل ينحذف المقطع بمجرد نشره ؟
أو ينحذف بسبب بلاغات من الأعداء والحسدة؟ 
- فيه فرق بين الحالتين 
فالحذف تلقائي بعد البلاغات"
فال خير,2025-01-17 21:07:33+00:00,الكل نسوي تقيم صفر
محب السفر,2025-01-17 22:10:06+00:00,الا وطني تم حذف البرنامج
حماد العبدلي .,2025-01-18 06:15:41+00:00,تطبيق فاشل
فارس,2025-01-18 06:20:43+00:00,"ابنتكم حسينة 
فقدت والدها في عمر مبكر ..

ومن أفضل الصدقات صدقة كفالة يتيم
يقول ﷺ""أنا وكافل اليتيم كهاتين في الجنة""
وهنا إجتمع فضلين فضل الصدقة وفضل رعاية اليتيم

الكفالة الشهرية = 300 ريال
https://margbanber.org.sa/p/70469 
تذكر:ما نقص مال من صدقة"
lone wolf,2025-01-18 16:40:10+00:00,"مب صحيح
انا دايم تطلع لي فيدوهات ايجابيه وجميلة عن السعودية ويجي برضو سلبي
كل هالحملات وراها مستفيد ابحثوا عنه"
محمد,2025-01-17 17:13:37+00:00,الحل هو اغلاقه في البلد
ABDULRAHMAN,2025-01-17 17:12:58+00:00,"تخيل أخي المتابع ، ادارة تطبيق "" تيك توك "" في الشرق الاوسط لم تتوقف عند حذف حسابات السعوديين أو غلقها، بل وصل الموضوع لحذف العلم السعودي من التطبيق !! 

اجل تقولي حرية رأي ؟ 
لهالدرجة السعوديين مسببين لهم حساسية؟

#تيك_توك_يستهدف_السعوديين"
عبدالله المحمادي,2025-01-17 17:48:01+00:00,اتمنى حظره واغلاقه في السعودية
Ahmed,2025-01-17 17:35:05+00:00,أنا خلوني في اكس لا سناب ولا تيك توك ماحبهم
.,2025-01-17 17:15:48+00:00,لن يتوقف الاساءة منهم ضدند الا لما ياتي قرار بحظره نهائيا
ظافر بن شيبان,2025-01-17 17:52:50+00:00,"يا جماعة وليش ما يعملون له حجب وخلاص
هذا البرنامج تعدى حدوده 
#تيك_توك"
يزن,2025-01-17 19:19:38+00:00,"أكثروا من الحوقلة فإن لها قوة عظيمة من الله في تفريج الكروب ، وفتح الابواب المؤصدة ، وإزالة الهموم ،إنها قدرة الله حينما يقضي أمراً كان مفعولا  

- لا حول ولا قوة إلا بالله العلي العظيم"
هلالي|SAUDI,2025-01-17 18:11:11+00:00,"الوطن خط أحمر

يا ليت يتم حجب هذا التطبيق"
̨حرف..,2025-01-17 17:13:32+00:00,ودك يحجبونه هذا البرنامج الكريه
ياقوت,2025-01-17 17:15:29+00:00,رجعنا للأسطوانة قلنا حذف حذف مو تحذف ساعة نهار وترجع
Ahmed,2025-01-17 18:31:40+00:00,"واضح العنصرية فيه وصلت إلى مستوى عالي جداً جداً

هذي عينة بسيطة مما يحدث للجميع"
محمد,2025-01-17 17:21:19+00:00,"تطبيق خايس 
يعني ممكن تنشر مقطع مافيه شي بس بلاغ واحد يحجب الفيديو 
ولازم تروح توضح لهم انه مافيه اي انتهاك !"
Wisdom Quotient,2025-01-17 17:19:30+00:00,قرار مهم! تجاهل تيك توك للمحتوى الإيجابي حول السعودية يثير انتقادات. إعلان المقاطعة يعكس توحد المجتمع في التأكيد على الحاجة للتعامل بشكل عادل ومتوازن في نشر المحتوى.
أبو هزاع,2025-01-17 22:00:41+00:00,"السعودية قيادةً وحكومةً وشعباً خط أحمر 
فهمتوا يامسؤولين برنامج التيك توك ؟؟؟؟"
lol,2025-01-18 07:28:34+00:00,"-
سبحان من أنار الصباح بقدرته,وسجدت المخلوقات ُ لعظمته,ووهبنا الحمد والشكر على نعمته

#صباحكم_سعادة_بطاعة_الله  
#صبٓاح_الخـــيرات"
lol,2025-01-18 07:29:54+00:00,"والله الي باقي محمله مدري ايش وضعه 
الا مملكتنا خط احمر وطز فيك يا #تيك_توك 
#TikTok"
RF103,2025-01-17 17:13:17+00:00,أبشركم ولا هو عندي حتى
ُTHAMER,2025-01-17 17:15:36+00:00,المقاطعة
Reem,2025-01-17 17:18:21+00:00,المفروض التطبيق خلاص يغلق نهائي
JASSIM HASSAN,2025-01-17 19:30:29+00:00,الحجب هو الامثل في بلدنا الغالي
بنت اليمن,2025-01-17 20:47:50+00:00,المكتب الرئيسي في الإمارات
الـعَسَّـاسٌ,2025-01-18 09:40:51+00:00,"الحل سهل جداً 

حظر للتطبيق في السعودية 

ما فيه شي صعب واي سعودي يتواجد فيه يعاقب"
hana_N,2025-01-17 17:14:32+00:00,احذفوه هو تطبيق سئ
شركة نظافة ، شركة مكافحة حشرات ، شركة تسليك مجاري,2025-01-17 18:22:52+00:00,اللهـم برد قبر كل ميت بنسيم الجنه ، محتاجه هذا الدعاء #النفسيه_محتاجه_كمل_انت ، #شي_ان ،#يحدث_الآن
Haytham Algosaibi هيثم القصيبي,2025-01-18 07:26:58+00:00,"Urgent 

The #تيك_توك application deliberately ignores positive videos about #السعودية ; In exchange for publishing everything negative about her; This angered everyone and they announced their boycott of him completely.

#تيك_توك_يستهدف_السعوديين"
نوتة ذكريات,2025-01-18 19:15:10+00:00,الاسبوع اللي فات ارسلت مقطع فيه الصلاة على النبي اخفوا الصوت فحذفته وللابد
سلطان الزهراني,2025-01-17 17:15:21+00:00,اجل رئيس التيك توك وش كان يسوي هنا قبل اسبوعين ؟؟!!!
N9R,2025-01-17 17:55:47+00:00,"المفروض يحجب لم يصدر إلا 

أردى الخلق"
بـدر آل سريع,2025-01-17 18:12:16+00:00,والله اقفاله الحل الله يقطعه
الزعيم كرنوف,2025-01-17 17:52:13+00:00,"#ولي_العهد_الأمير_محمد_بن_سلمان 
#محمد_بن_سلمان 

والله لدافع عنه واوصي عيالي 
على مواجه كل من يكرهونه"
Jawaher,2025-01-17 18:27:04+00:00,لا إله الا الله سبحانك اني كنت من الظالمين
Hakem,2025-01-18 09:11:35+00:00,"أتمنى من هيئة الاتصالات و تقنية المعلومات
@CST_KSA
 حظر برنامج تيك توك في السعودية"
Asakim Dowin,2025-01-18 09:23:23+00:00,"بالعكس المقاطع مليانه خلاص حملة البثوث نجحتوا فيها مع انه الكلام ما كان صح وانحجب البث في التيك توك طيب ودحين ؟!
المقاطع الوطنية مليانه في التيك توك 
شوية بحث وانصاف ما راح يضركم والله 
مو اي واحد غرد تنفلتوا معاه وتركبوا الموجة بجهل 
والله انه احلى المقاطع الوطنية موجودة فيه"
fofo sheerh,2025-01-18 12:55:42+00:00,للعلم هذا التطبيق لم افكر يوم انزله ابدا ابدا والكل اتهوس فيه وهم استغلوا هذا وأصبح الجميع ادمن على هذا التطبيق والان عملوا ندالتهم انتم سبب الترويج لهذا البرنامج بالفعل الصغير والكبير استغلال العقول وابتزازها والان بدا وقاحتهم انتم علم مرفوع الراس
𝒜ℐ𝒮ℋ𝒜,2025-01-17 17:11:48+00:00,مقاطعين
زمرد,2025-01-17 17:21:57+00:00,طيب ليه تحملونه أصلا
,2025-01-17 18:24:28+00:00,وعقبال السناب
وطني الحبيب,2025-01-17 18:43:53+00:00,ولا أغلى من الوطن وكرامة الإنسان
دكتور / علي بن مبارك الرحماني,2025-01-17 22:17:23+00:00,هذا حالهم من مده طويله والمفروض هذا التطبيق يحضر عندنا بشكل نهائي من سلطه قياديه تملك القرار
Abdulmuneem Al sharif,2025-01-18 23:41:30+00:00,كنا ندافع ويزيلون دفاعنا ونصنع فديوهات ايجابية للوطن كااقل الحقوق للوطن وازالو الحساب نهائيآ من وجهة نضري التك توك هو الخاسر الاكبر اذا تم حجبة او مقاطعتة
عزيز,2025-01-17 17:27:22+00:00,هل إحدى الدول الإقليمية لها يد في ذلك ؟!!
عبدالرحمن| #راعي_البشرة,2025-01-17 18:52:14+00:00,
Ali,2025-01-17 19:07:33+00:00,إغلاقه وحظره هو الحل
سيوماا.,2025-01-17 19:53:28+00:00,بان على حقيقته التطبيق الخرا
مؤسسة المتمكنة للعقارات ,2025-01-17 20:42:05+00:00,للحين مااستثمرت وشغلت فلوسك
صالح,2025-01-17 21:08:38+00:00,أعتقد حظره سهل
فاطمه الشهري,2025-01-18 01:15:34+00:00,فعلا
addaialinaابو الحارث ابن همام ابن مرّه,2025-01-18 01:52:29+00:00,والله ان لي سنين من يوم حذفته وفهمته هو ضدنا والله مافيه خير هذا يبي اي محتوى ضدنا سواء اخلاقي او تعبوي
warad,2025-01-18 01:57:51+00:00,"• سيد الاستغفار أن تقول: 

«اللَّهُمَّ أَنْتَ رَبِّي لاَ إِلَهَ إِلَّا أَنْتَ، خَلَقْتَنِي وَأَنَا عَبْدُكَ، وَأَنَا عَلَى عَهْدِكَ وَوَعْدِكَ مَا اسْتَطَعْتُ، أَعُوذُ بِكَ مِنْ شَرِّ مَا صَنَعْتُ، أَبُوءُ لَكَ بِنِعْمَتِكَ عَلَيَّ، وَأَبُوءُ لَكَ بِذَنْبِي فَاغْفِرْ لِي،"
لا,2025-01-18 02:58:51+00:00,انا قاحي منا فحاجت التيك توك ينقلع قالعاه
L7,2025-01-18 04:15:04+00:00,انا اقول قفلوه مانبيه
سعيد محمد بن زقرSaeid M Binzagr,2025-01-18 04:44:46+00:00,هي شركة صينية ،، اعتقد واضح ،،
عنَّابة,2025-01-18 07:34:50+00:00,لا حول ولا قوة إلا بالله
عنَّابة,2025-01-18 07:35:00+00:00,"اللهم إنا نسألك 
سعة الرزق
وراحة البال
ولباس العافية"
𝑀𝑎𝑟𝑤𝑎,2025-01-17 18:19:41+00:00,صح والله كل م مدحت شيء عنا إلا يجيني شعار النظام
خالد بن عبدالله,2025-01-17 21:21:14+00:00,"إذا كان يتجاهل الفيديوهات الإيجابية عن السعودية لماذا لا تقوم 
@CST_KSA
 بحظره نهائياً ؟"
مها العنزي,2025-01-18 00:08:09+00:00,المفروض التطبيق خلاص يغلق نهائي بالسعوديه
انـمـار •,2025-01-17 17:52:13+00:00,احذفوه
qqpp,2025-01-17 17:53:40+00:00,واي شي نكتبه يحذفونه حتى لو عادي لان مصدر الكونت من السعوديه
ماجد مشعل الشيباني,2025-01-17 17:56:35+00:00,الحظر ولا غيره ينفع معهم
MOHAMMAD,2025-01-17 17:57:06+00:00,أقفلوه وريحونا وريحوا العباد والبلاد
ولد مكة,2025-01-17 17:57:20+00:00,روقونا بس محد يطير طفشي غيرهم
مشلّ,2025-01-17 17:57:21+00:00,ادارته الأقليميه وين
عبدالله البارقي,2025-01-17 17:57:27+00:00,احضروا كل من يبث فيه سواء مشهور او غيره
,2025-01-17 17:58:12+00:00,ياخي احححجبوووه
Saad,2025-01-17 17:58:12+00:00,اتمنى يحجب في السعوديه
faisal,2025-01-17 18:01:51+00:00,اذا ما جاء شي من حكومتنا الرشيدة لا تأخذون به … الطرق هذي في تأجيج الناس بدون ضوابط و مرجعية راح تؤدي لثقافة غوغائية مضرة مستقبلًا
وليد نوار,2025-01-18 02:17:44+00:00,يارب يتم حجبه من المملكه العربيه السعوديه لأنهم زودها..الوطن خط احمر
abrar alghamdi,2025-01-18 06:07:02+00:00,ياخي ليش تكذبون اقسم بالله اني انزل مقاطع عن السعوديه واسمي حاطه جنبه علم السعوديه ولا عمر انحذف تعليق وهالحمله رجعت عشان المشاهير فجاكو يوم فضحو برنامج جاكو وقالو فيه تمييز وفيه واسطات سبحان الله رجعت الحمله ع التيك توك
ابوقويقل,2025-01-18 06:13:23+00:00,إحذف التيك توك ولا تحمِّل  جاكو
رجا الجهني,2025-01-18 09:11:02+00:00,لااله الا الله...
Fahd,2025-01-18 09:40:31+00:00,أنا مستغرب ليش ما حظروه إلى الان علما ان فيه دول كثيرة حاظرته
#سطام_عابد,2025-01-18 17:08:36+00:00,حذفته من زمان الحمدلله المفترض كل الشعب يحذفه
سـلـوى,2025-01-18 19:42:05+00:00,"قال رسول الله ﷺ( سبق المفردون ) 

قالوا : وما المفردون يا رسول الله ؟   
قال : الذاكرون الله كثيرا والذاكرات

سُبحَان اللّٰه
الحَمدُ اللّٰه
لا إله إلا ﷲ
اللّٰه اكبر
لا حَول ولا قُوة إلا باللّٰه
سبحُان ﷲ وبحَمده
سبحُان ﷲ العظيمِ
أستغفر ﷲ العظيم الذي لاإله إلا هو الحي القيوم"
فزاع القحطاني,2025-01-22 19:18:34+00:00,انا سعودي انزل عن وطنا حضروني
أخبار عاجلة ..,2025-01-17 17:19:23+00:00,"فديو متداول :

تعامل العماله اليمنيه المخالفة للتوطين وهي مهن مقصورة على السعوديين والسعوديات مع السياح .. 
#يحدث_الآن
#المنتخب_السعودي"
أخبار عاجلة ..,2025-01-17 21:42:22+00:00,..
Mohammad,2025-01-18 16:16:03+00:00,ابحت خلف من يدير قسم المحتوى العربي في تيك_توك ، وسوف تعرف كم هم حاقدون وكم هم جاحدون ، وكم هم خاسرون
⟭BlueeDenise⁷⁼¹⟬ BTS YEAR,2025-01-17 09:46:31+00:00,"ITS SHUT DOWN 

They say they ""detected"" some uses against the ""initial pupose"" and with BH providing proof of such IP use like doll sales and ""official"" brandings, IP infringement is proven 

Theyre apologizing to the families and friends that were affected by it  etc"
shu ⁷ (semi ia),2025-01-17 09:50:35+00:00,I feel sorry for the family but no more invasion of privacy by so called “fans”
⟭BlueeDenise⁷⁼¹⟬ BTS YEAR,2025-01-17 10:29:35+00:00,"Families can already get updates from the members themselves.
The app should change their pirpose and make the app ID-only"
나탈리 Natalie ⁷⁼¹ Waiting for Spring. Again.,2025-01-17 12:04:41+00:00,Hot damn!! Lovin’ it!
Xylo Holt BTS YEAR (SLOW),2025-01-17 15:15:16+00:00,The whole app or just the BTS section on the app?
Å₦αï℘⁷ есн๏,2025-01-17 09:51:09+00:00,ALLÉLUIA
reyna⁷ | BTS YEAR,2025-01-17 09:55:12+00:00,Yayy! Deserved.
HOTS TOUR⁷ BTS YEAR '25,2025-01-17 10:06:56+00:00,AS IT SHOULD BE
snow⁷⁼¹ 아보방보 (REST) ⟭⟬,2025-01-17 10:13:55+00:00,YAYYY!
militarywife⁷saw jhope!,2025-01-17 10:19:46+00:00,good
TaeJoon's Love⁷⁼¹²⁰²⁵ ᴮᵗˢ ʸᵉᵃʳ,2025-01-17 10:22:32+00:00,
Jimin's Fake Wife ⟭⟬⁷⁼¹ | BTS YEAR,2025-01-17 11:23:19+00:00,Been boolying those accs on insta now I'll see how they defend anymore.
HappyARMY⁷ ʙᴛꜱ ʏᴇᴀʀ,2025-01-17 12:44:16+00:00,Good news!!! They finally stop taking advantage of them. Those Akgaes and Sasaeng can go to hell
Mel _22,2025-01-17 13:07:44+00:00,Wonderful
Andrea ~ 2025 is BTS Year ⁷⁼¹,2025-01-17 13:09:09+00:00,Finnally!!
njoonie⁷,2025-01-17 14:41:28+00:00,
k⁷ BTS YEAR - ꜱᴡᴇᴇᴛ ᴅʀᴇᴀᴍꜱ,2025-01-17 19:20:56+00:00,YES THANK YOU!!!
Josh Parks,2025-01-19 02:25:50+00:00,CNN going from Nikki Haley saying America needs to ban TikTok straight into a TikTok commercial was absolutely amazing
Bozeman Daily Chronicle,2025-01-16 21:38:10+00:00,"Montana DOJ puts law firm on $500,000 retainer to defend TikTok ban in court"
Pete Alonso Meatrider,2025-01-19 15:01:26+00:00,"Complete 
@whstancil
 Victory"
Boomer,2025-01-16 13:28:42+00:00,"This is a response to “the Allies were guaranteed to win WW2 due to being able to outproduce Germany”

We need to ban TikTok immediately."
Boomer,2025-01-16 13:29:50+00:00,FYI numbers do have an influence on wars when it comes to logistics
Kenobot,2025-01-16 13:41:17+00:00,The chief logistics officer of the Wehrmacht correctly predicted that operation Barbarossa would run out of fuel and equipment before winter set in and wouldn’t achieve the crushing victory that the OKH had hoped
Boomer,2025-01-16 14:07:19+00:00,Ummmm actually numbers don’t win wars bro
Value Investigator,2025-01-19 12:22:02+00:00,The US doesn’t even ban TikTok when all major US apps are banned in China since like forever
nobody,2025-01-18 20:50:46+00:00,"Can we ban random white woman from making these shitty tiktoks PLEASE

""TikTok do your thing"""
Freedom Fighter,2025-01-17 13:30:12+00:00,This is just another reason to ban TikTok in the United States. It’s being used by China to cause chaos in our country. An attack on our children is an attack on all of us.
MysticalMagick,2025-01-17 17:29:47+00:00,She hates herself and wants company!
Freedom Fighter,2025-01-18 07:44:58+00:00,Most LGBTQ members that I’ve met are very angry people.
支布林殺手の紅魔亂舞篇,2025-01-19 05:46:40+00:00,"各位已經覺得寧夏夜市舉辦科目三是最慘的嗎？

更慘的在後面，柯布林大軍正在醞釀”抖音是台灣僅存的言論自由淨土!!!”

柯布林：FB,YT,都是綠共得天下，快要沒有言論自由了！！！

後面如果開始要針對抖音做限制，勢必會獲得比科目三更嚴重的反彈"
Lume,2025-01-19 10:28:01+00:00,"他們現在真的是這樣洗學生的腦
國中生親友轉述同學的話

抖音上之所以有那麼多罵民進黨的影片
是因為只有那邊民進黨才控制不到
媒體都被民進黨控制了
只有抖音才有真相

真的是非常誇張"
支布林殺手の紅魔亂舞篇,2025-01-19 11:49:00+00:00,他們不知道的是有關任何利於民進黨的言詞，都會被抖音官方和諧掉
Benson Wang,2025-01-19 08:57:04+00:00,這些都可以空投到中國，那裡應該是最後的人間天堂
支布林殺手の紅魔亂舞篇,2025-01-19 10:06:58+00:00,沒錯，對面的藝人王嘉爾講過中國是天堂
Kap375,2025-01-19 16:53:26+00:00,"要反制抖音很難，或許可以考慮用抖音宣傳移民到中國才能獲得真正的自由？
因為算捧中國的內容所以應該不會被刪，還能加速抖音使用者的物競天擇"
支布林殺手の紅魔亂舞篇,2025-01-19 16:58:17+00:00,這方法不錯，將錯就錯，直接讓他們安心上路
eatles B,2025-01-19 13:31:44+00:00,柯文哲是臺灣的共產黨！民眾堂是邪教組織。必需泡沫化
支布林殺手の紅魔亂舞篇,2025-01-19 16:57:04+00:00,其實是要韓粉化，當初的韓粉就是這樣被攻破的
略略略小狐狸,2025-01-19 15:29:48+00:00,台灣花了好幾代前輩所犧牲流血累積而成，才有現今的開放自由生活，可能就在這代被共媒洗腦給揮霍敗光了
支布林殺手の紅魔亂舞篇,2025-01-19 16:39:03+00:00,未來就是一場拉鋸戰，中生代現在背負的責任很重，因為這群新生代脫韁脫得太嚴重
Nicolás,2025-01-19 10:21:20+00:00,白目三很容易耗損關節，讓他們去跳沒關係不聽勸和反對，後果就讓他們自行負責囉！（看戲中）
支布林殺手の紅魔亂舞篇,2025-01-19 11:50:16+00:00,"世界都在跳Kpop,有舒華的Queencard不跳要跳殘廢舞，盡量去跳吧"
Jacky Chen,2025-01-19 13:56:02+00:00,為什麼這代年輕人已經智障到這種程度了？
支布林殺手の紅魔亂舞篇,2025-01-19 16:46:58+00:00,玩抖音紅書降智
人生旅人,2025-01-19 15:29:32+00:00,明明活在資訊開放的世界，卻把自己活的像是住在牆裡的小粉紅…對這種人一直在沒突破點…慘…
支布林殺手の紅魔亂舞篇,2025-01-19 16:43:10+00:00,有突破點，如法泡製當年韓粉化，就能破
超級牛,2025-01-19 16:41:15+00:00,一個沒有言論自由的地方開發出的APP，你跟我講言論自由?
支布林殺手の紅魔亂舞篇,2025-01-19 16:56:11+00:00,跟他們認真你就輸了
哩喜咧噗隆貢,2025-01-19 12:18:38+00:00,YT被民進黨掌控???
支布林殺手の紅魔亂舞篇,2025-01-19 12:22:31+00:00,別懷疑你沒看錯
Farseer,2025-01-19 15:18:06+00:00,他們要不要順便說發來當選祝賀的國家也都被民進黨控制了啊？
支布林殺手の紅魔亂舞篇,2025-01-19 16:41:55+00:00,這些藉由媒體報導的事早被他們當綠媒了
George Kuo,2025-01-19 14:09:05+00:00,是呀！魔芋爽最美味最健康
支布林殺手の紅魔亂舞篇,2025-01-19 16:53:56+00:00,我還真吃過⋯滿滿塑膠味噁心死了⋯
安納金讚,2025-01-19 14:48:08+00:00,民眾堂就是親中不意外
支布林殺手の紅魔亂舞篇,2025-01-19 16:44:38+00:00,還會配合中共打台灣
無名滅,2025-01-19 15:12:06+00:00,"柯粉能不能拿出台灣政府能管控FB跟Youtube的證據
絕對拿不出來啦"
支布林殺手の紅魔亂舞篇,2025-01-19 16:50:59+00:00,有種證明叫作他們覺得有管控(啊Q
純喫,2025-01-19 15:17:17+00:00,民進黨居然能控制YT？腦子還好嗎
支布林殺手の紅魔亂舞篇,2025-01-19 16:53:16+00:00,我只能說看待他們並不能用常人角度看
俾斯麥in TW的政治觀察,2025-01-19 13:45:51+00:00,讓他們跳到骨折
支布林殺手の紅魔亂舞篇,2025-01-19 16:54:30+00:00,跳到終身殘廢？（是不是有點太地獄？
KakaY,2025-01-19 13:48:19+00:00,"讓我猜猜,是因為把霸凌毆打同學影片上傳不會被刪還廣為散布嗎"
支布林殺手の紅魔亂舞篇,2025-01-19 16:47:39+00:00,還真的會廣為散步⋯一堆89地片段都能一直被傳播
璃 ちゃん,2025-01-19 14:13:12+00:00,"這些人一定要多看抖音
這樣方便減少台灣年輕人是智障的人數"
支布林殺手の紅魔亂舞篇,2025-01-19 16:49:00+00:00,說真的愛看抖音還真不是只有年輕人
yuki!,2025-01-19 14:47:39+00:00,有時候覺得無知好像真的很幸福，反正這是他們一廂情願的事實，反正在抖音可以盡情的「言論自由」。言論自由早就氾濫成傳遞任何假訊息的藉口了，荒謬到把充滿審查的平台說成最後淨土那就讓他們去吧。
支布林殺手の紅魔亂舞篇,2025-01-19 17:00:07+00:00,我們推的孩子
Elios,2025-01-19 15:56:04+00:00,那個群組是不是專收腦子不好的
支布林殺手の紅魔亂舞篇,2025-01-19 16:52:10+00:00,哪個蚵屁支持者腦子好的
臺獨小透明,2025-01-19 16:16:40+00:00,"所以我都去抖音挑戰異溫層
讓他們最後的淨土也被玷污哈哈哈"
支布林殺手の紅魔亂舞篇,2025-01-19 16:49:33+00:00,你牛逼（啊抱歉講了支語
永ㄒㄧㄢ,2025-01-19 18:45:26+00:00,"我朋友經營過Line社群 我只能說，都是假的！
通常百人群組 20個活躍者 6-7個活躍假帳號"
支布林殺手の紅魔亂舞篇,2025-01-20 10:14:46+00:00,雀食，但⋯有用
ban44556677,2025-01-19 14:21:03+00:00,請問不能用魔法對付魔法嗎?當年臉書年輕人會捨棄.不就是因為父母們開始使用臉書.才捨棄臉書換到別的平台.如果大人們大舉進入傳導正影音.會不會他們就覺得抖音不好玩了呢?
支布林殺手の紅魔亂舞篇,2025-01-19 17:01:14+00:00,其實很難，抖音官方的政治正確太嚴重，我們反中的立場太鮮明會被官方自動和諧甚至砍帳
Rex,2025-01-19 15:29:40+00:00,如果這樣也能洗成功，台灣人洗洗睡，直接等中國來掌控！
支布林殺手の紅魔亂舞篇,2025-01-19 16:40:50+00:00,民眾堂其實就跟當初的韓粉一樣，就是特定人物的偏激腦粉，只有把他們徹底韓粉化，讓這社會徹底把它們當白癡笨蛋，這場鬧劇才有可能結束
DTE PedalBox,2025-01-19 15:49:11+00:00,"發什麼不自殺聲明？

愛說笑喔

猴子都嘛是自己騎機車撞死的

今天屏東又死一隻"
支布林殺手の紅魔亂舞篇,2025-01-19 17:03:56+00:00,屏東的車禍真的有點可怕我沿著同一條路一直走，可以看見三場車禍意外
DarkSoth,2025-01-19 16:52:19+00:00,我覺得隨便啦，反正人總會脫離中二階段變成柯黑，而且回頭看都會覺得不堪回首(<==當年還去拿了改變成真春聯跟一度想買書但是後來陰錯陽差忘記把春聯拿回家沒貼起來，買書拿起來看了幾次封面又放回去的人，後來想想這一定是神明還是祖先有保佑)
支布林殺手の紅魔亂舞篇,2025-01-19 16:59:21+00:00,我正在極力把它們打成當年的韓粉就會不攻自破，到現在一樣沒幾個人敢承認自己是韓粉
Daniel,2025-01-19 17:09:34+00:00,才242人嗎？
支布林殺手の紅魔亂舞篇,2025-01-20 10:11:22+00:00,其中一小分支
PeterWang,2025-01-19 19:55:21+00:00,反彈又如何，那是國安問題，從這次柯粉行為，我只覺得我們不能無所放縱，越新一代的年輕人越沒有沒有道德下限，而且抖音本來也是中國控制，所以鐵的手腕是必要的
支布林殺手の紅魔亂舞篇,2025-01-20 10:17:07+00:00,我現在希望大家反而是能夠儘量幫忙放大蚵粉的行為，像當年的韓粉一樣變成眾矢之的，最後就能讓他們不攻自破，覺得當蚵粉丟臉就消失
ERIC WANG,2025-01-19 23:59:37+00:00,這跟只相信中天的深藍長輩沒二樣啊
支布林殺手の紅魔亂舞篇,2025-01-20 10:13:24+00:00,跟韓粉更像
歐貝萊,2025-01-20 05:03:01+00:00,快進入義和團的領域了
支布林殺手の紅魔亂舞篇,2025-01-20 10:15:21+00:00,不是快了，是已經入教（白蓮教）
台灣人,2025-01-22 12:29:06+00:00,在他們民進黨根本統治世界吧？
支布林殺手の紅魔亂舞篇,2025-01-22 12:39:45+00:00,那當然，不然怎麼會有綠共這個名稱
愛阿嬤的廢犬30大壽,2025-01-19 12:48:08+00:00,我真心覺得這些都可以投稿給國外，讓他們知道認知戰有多嚴重！抖音言論自由最高？WTF?
BillyHsuhsuhsu,2025-01-19 13:41:36+00:00,"柯粉已經邏輯死亡了。
之前問他們：「中國的網上只看得到柯文哲，你們怎解釋」
他們說：「只要他們看得到就是紅的嗎？你知道他們翻牆也看得到自由時報嗎，那自由時報是紅的嗎。」
這邏輯是三小…

然後說看抖音是因為中國軟實力已經超過台灣，我們要承認…
然後口口聲聲說以前也是綠粉，我幹你娘！"
KS Liu,2025-01-19 13:51:51+00:00,"不覺得這些言論，跟新竹空橋群一樣87像嗎？

這才是民眾堂最糟糕的地方，學共产党那一套"
たくま,2025-01-19 15:06:38+00:00,祖國柏應該氣到發抖，人家這麼認真在控管綠營流量，降觸擊降到根本是畜牲等級，還能被說是綠營的
BARTBASS,2025-01-19 13:45:31+00:00,幸好我沒誤入邪教
蔡鄉義,2025-01-19 10:53:29+00:00,最好
Charles Cheng,2025-01-19 13:40:43+00:00,抖陰喎？要確定啊？連印度都知抖陰是蛆蟈間諜裝置啦！小草們是發育不良，所以高知識無腦？
chweng,2025-01-19 13:50:27+00:00,抖音有維尼嗎?
st,2025-01-19 14:17:35+00:00,Yt最好是被民進黨掌控啦
紅茶拿鐵,2025-01-19 14:17:50+00:00,抖音比較正常？？？
Kakuei Kuo,2025-01-19 14:18:25+00:00,"她們邏輯真的有問題，
如果真的是這樣，
那徐900還能開台吠嗎？
還能直播洗老人票嗎？ 
柯粉都以為像當初反送中的香港年輕人，
是在小草革命，
殊不知只是媽寶玩辦家家酒，
覺得有作票，
那就去佔領中選會讓我見識一下柯粉的Guts 啊。"
冷冷,2025-01-19 14:29:51+00:00,這種賴，很多機器人的
J. C,2025-01-19 14:35:17+00:00,台灣年輕人是台灣的未來 被柯文哲摧殘成這樣 真可悲
小白-台灣正名制憲志願軍,2025-01-19 14:37:49+00:00,"不自殺聲明笑死
老人家才要擔心被你們殺吧"
不知 Buzhi,2025-01-19 15:52:07+00:00,"被趕到剩中國的平台才有言論自由 
wow
自己聽聽自己在講什麼"
Kai_Ning,2025-01-19 16:26:15+00:00,真是天生的韭菜思維
jienmh,2025-01-19 16:45:10+00:00,一個有中共黨支部的平台有啥言論自由?無知真是可怕…
香菇雞湯,2025-01-19 16:54:54+00:00,"他們可以試試看在抖音上傳一些坦克車的作品啊
體驗一下什麼叫言論自由"
夜話,2025-01-19 16:57:28+00:00,這些人的腦子都被抖音吃掉了，完全沒有邏輯思考能力！
香港掰掰,2025-01-19 17:08:55+00:00,只看抖音？這句話就好有問題⋯
了凡,2025-01-19 18:40:56+00:00,抖音仔真的社會毒瘤
Zaki C.,2025-01-19 19:33:44+00:00,"中共慣用手法用到台灣來了
背後沒人為操作？"
吹聖鹹,2025-01-19 20:25:44+00:00,"北七  
人一柯 準備看腦科"
Allen Chen,2025-01-20 00:44:46+00:00,一堆粉紅五毛在YouTube 、X、抖音，這些假帳號在宣揚中國多好，一堆網紅宣傳柯文哲多好，我真的感覺到民進黨被霸凌才是，一堆網紅假中立很噁心。
海貴妃,2025-01-19 13:21:23+00:00,真希望埃及十災的第十災降臨在柯粉身上……
津田桂花ken 廢片系Ytuber,2025-01-19 15:05:43+00:00,難怪出沒在YT的柯粉都比較理性
martin大叔,2025-01-19 16:58:32+00:00,有夠可憐，講不過就只能說對方是綠共，有本事就出來戰啊，論理站得住腳啊，按，講人家是綠共就能證明自己是對的，同溫層取暖沒什麼了不起啦，理論漏洞百出，只能將對方不講武德，小孬孬，我們只是不想認真辯，不表示我們示弱，好嗎
陳平,2025-01-19 17:01:27+00:00,拜託誰來把這些小智障包一包丟到中國去
傻瓜,2025-01-19 23:24:44+00:00,用魔法打敗魔法！把柯屁困死在抖音！不要禁抖音，因為也禁不了，不如就就在抖音點火，檢舉，製造混亂，柯屁怎麼玩就比它狠一百倍
PMS-8964,2025-01-19 23:41:56+00:00,連字都打錯⋯小學重讀謝謝
Yaniber,2025-01-20 00:13:48+00:00,引火自焚的北七
juju_,2025-01-20 00:28:18+00:00,"我看到我Fb某好友，雖然不是很熟，
然後這個圖…… 無言"
樓梯/四機搜警棍敲破頭,2025-01-20 00:31:07+00:00,好屌ㄛ
凱文苛性鈉,2025-01-20 01:02:22+00:00,他們說中國的抖音有言論自由？我到底看到了什麼鬼話。
田有,2025-01-20 01:11:24+00:00,賣山寨產品的平台會被抵制，製造錯誤訊息的電視台會被撤照，消防沒有通過安全檢查會被停止營業，提供場地給人賭博會違法。提供平台供人製造謠言，供人抹黑，供人製造假消息，供人製造暴力⋯⋯沒事⋯言論自由！幹你涼的！
阿諺,2025-01-20 02:33:21+00:00,這就是完全不了解中共才得出的結論，一群政治白癡只會跟風
Nicky,2025-01-20 02:35:47+00:00,養成一群反智支持者 不愧是中國的選擇
廖智敏,2025-01-20 03:31:05+00:00,可悲啊！
愛徒(樺),2025-01-20 04:22:37+00:00,真的很悲哀
Grail,2025-01-20 04:40:16+00:00,那天跟路口支持柯的人對話，她也跟我說不要相信電視上面對柯文哲的造謠。我整個滿頭問號
Otaku_TW114,2025-01-20 06:02:41+00:00,建議有人實測抖音封民進黨好話影片的影片
垂翅客,2025-01-19 16:41:19+00:00,好会独立思考的一群人
bauer travel diary！,2025-01-20 10:50:18+00:00,最了解人性的還是共匪，知道如何短長時間內淺意識裡反轉你的價值觀與認知
左方。さほお,2025-01-21 03:48:07+00:00,那麼愛抖音，怎麼不一起搬到中國用正版，還要用海外閹割版（我這樣回我那哭粉朋友
支布林殺手の紅魔亂舞篇,2025-01-19 10:08:36+00:00,對他們而言太難了，只知道怎麼寫，卻不知道自由的代價怎麼來
支布林殺手の紅魔亂舞篇,2025-01-19 11:48:06+00:00,蚵屁：我話說完誰贊成？誰反對？
支布林殺手の紅魔亂舞篇,2025-01-19 11:47:22+00:00,聖騎士部長做事我放心
支布林殺手の紅魔亂舞篇,2025-01-19 16:45:02+00:00,我必須很不幸地跟你說⋯是⋯
薩卡斑甲魚,2025-01-19 14:51:26+00:00,"台北夜市是科目三
台南燈會是hololive 
我真想知道年輕的小草V豚選哪一個？"
支布林殺手の紅魔亂舞篇,2025-01-19 16:44:09+00:00,基本上紅媒是不會給予台南任何流量與機會的，所以答案⋯嗯
精神注入棒,2025-01-20 00:14:31+00:00,到底是抖音还是tk？这是两个软件唉
支布林殺手の紅魔亂舞篇,2025-01-20 10:20:28+00:00,性質都一樣吧，而且兩邊都能串流不是嗎？
青,2025-01-19 14:30:24+00:00,"柯粉真的懂言論自由嗎？

利用抖音、小紅書等App作為載體，進行製作、傳輸或擁有讚揚中共的利敵表現物，對臺灣境內傳遞不實訊息、傳政治性、仇恨性言論，本來臺灣政府就應該對此類言論自由之傳播以法律作合理之限制。"
selfish,2025-01-19 18:20:17+00:00,抖音这种东西当年是和快手一样在学校里谁用谁遭人唾弃的东西，目标群体都是受教育程度不高的用户。可能真理部和台共主席柯同志相当偏爱这种十几秒无脑喊口号的低能洗脑手段吧
台湾の普通の写真家,2025-01-20 02:13:06+00:00,怎麼綠蛆還在帶風向罵人？選都選完了，怎麼那麼怕柯當選？會怕吼？會怕就好，綠蛆們未來有你們好受的了呵呵
Libs of TikTok,2025-01-17 20:31:43+00:00,"This is dystopian. @MilfordRegional just announced new policies that can deny you care if you use “unwelcome words” such as micro-aggressions related to race and gender.

They would probably kick you out for misgendering, or saying men can’t get pregnant and there are only 2 genders"
Paul A. Szypula,2025-01-17 20:39:56+00:00,"If you’re in Milford, Maine and need a hospital don’t go to Milford Regional.

Any doctor who thinks it’s wise to dictate the speech of other people isn’t a smart human or anyone you want to take health advice from.

This doctor probably said that masks and the jab worked."
Anthony Hughes,2025-01-17 20:32:23+00:00,Sounds like he needs to have his license removed.
Jason “Storm Chaser” Nelson,2025-01-17 21:07:30+00:00,I’m micro-aggressed every time they offer a Covid clot shot- can I kick them out?
Western Lensman,2025-01-17 21:07:42+00:00,Is this a hostage video
Brattani,2025-01-17 20:38:32+00:00,A cancer patient here in Canada was denied treatment for misgendering someone.
Rebecca V Anti-Communist,2025-01-17 20:55:25+00:00,"Wow. So basically you have to be a communist otherwise they’re going to deny your care.

The GOP needs to begin to stand up against this. We cannot have people denied medical care because they aren’t “progressive”."
Mr Reagan,2025-01-17 20:43:41+00:00,The music and his ultra-boring delivery made me think this was satire at first.
Xi Van Fleet,2025-01-18 22:02:56+00:00,Astonishing! Even a little regional hospital believes that it has the power to FORCE BEHAVIORS.
American.357,2025-01-17 21:13:28+00:00,Wat?!
𝑐ℎ𝑖𝑙𝑙𝑖𝑛𝑜𝑖𝑠,2025-01-18 00:42:53+00:00,"They made it a law here, in Illinois. Totally fucked."
Andrew Crapuchettes,2025-01-17 20:37:49+00:00,"Insanity. These are the kind of woke workplaces that we can help you avoid at 
@RedBalloonWork
.

If you want to hire/be hired free from DEI nonsense then come to http://RedBalloon.work today."
phil beisel,2025-01-17 20:33:52+00:00,"DENY. YOU. CARE.  soon if you are white, you sit at the back of the bus or are denied services."
"Frab -Hell is empty, and all the devils are here",2025-01-17 20:38:08+00:00,"Ethics and the Hippocratic oath mean nothing anymore, if they ever did."
KP Kelly,2025-01-17 21:05:50+00:00,This guys looks like he’s in a hostage video.
Brattani,2025-01-17 20:39:29+00:00,Montreal
Libs Hate Us,2025-01-17 21:33:55+00:00,They want to control your speech and every aspect of your life.
Steve Ferguson,2025-01-17 21:42:27+00:00,I know a lady that used to work there forever.
The Gay Republican,2025-01-18 18:15:24+00:00,"Extremist trans activists are attempting to force women to play sports against biological men!

This isn't just crazy, it also puts women in danger!

Please add your name to PragerU's petition! We must protect women's spaces!"
SeldenGADawgs,2025-01-18 20:08:04+00:00,I wouldn’t trust getting care at this hospital. Doctors are becoming even more of a laughing stock
Bruce McGonigal,2025-01-17 20:50:57+00:00,"This is no longer healthcare. It's brainwashing enforced by new radical social norms.

YOU have to be hyper vigilant to ensure they are included. But they can strip away celebrating Mothers & Fathers."
Aleks Djuricic,2025-01-17 21:47:14+00:00,I just pray I don’t have to go to the doctor any time soon until we understand what’s happening with medical professionals and in our hospitals.
FugitiveMama,2025-01-17 23:54:37+00:00,"So if I ask for a female doctor who was ""assigned female at birth"" I would be in violation of their code of conduct? This is what you get when leftist government takes over an industry."
PitunisWorld,2025-01-17 20:44:34+00:00,"When I went to the hospital
To give birth, they gave me a form that had “birthing parent and co parent information” I scratched it out and wrote Mother and Father. The nurse laughed and said she was glad I had done that because she felt silly asking me what I wanted her to call"
Lado,2025-01-17 20:38:11+00:00,This man is no longer a real doctor
TheBigO99,2025-01-17 20:38:02+00:00,I would sue if I needed medical treatment with them and they refused.
This too shall pass,2025-01-17 20:38:12+00:00,Yes because if we’ve learned anything healthcare should be decided solely on your political views.
Act.ForwardChristian. Wife. Mom. Pediatrician.,2025-01-17 20:59:05+00:00,"As a physician - 

Do NOT tolerate RELIGIOUS BIGOTRY or DENIAL OF MEDICAL REALITY in the people you trust (and PAY!) for your care.

Let me assure you IF any staff or physician at Milford Regional does NOT recognize even basic medical realities such as what gender you are 
- YOU"
Michael Michelin,2025-01-17 21:00:53+00:00,"Dystopian is a great word, and so appropriate in describing these abominable leftist social constructs."
Nevermind-,2025-01-17 20:35:31+00:00,What if you didn’t want to be seen by a transgender doctor?
Progressing California,2025-01-17 21:14:51+00:00,"""Come to @MilfordRegional where the harm you suffer in our care is a small price we'll gladly pay for our virtue signaling."""
Skonz,2025-01-17 20:44:29+00:00,I'l just leave this here!
Not Andrew Tate,2025-01-17 20:33:53+00:00,"absolute madness, saving lives is not their profession anymore"
Israel Anderson,2025-01-17 21:01:02+00:00,"Blink three times and we'll come rescue you, Dr."
Sandy,2025-01-18 20:16:54+00:00,Good luck to the Tourette's Syndrome patients.
Mrs. Kitty Cat,2025-01-18 06:33:58+00:00,So the Hippocratic Oath means nothing.
Bones,2025-01-17 21:18:16+00:00,"Ugh, pls don’t make me defend EMTALA"
Barbie D H,2025-01-22 22:07:44+00:00,FK #globalist morons FK #NewWorldOrder EVIL FKers. These are not REAL doctors then because this is AGAINST all oaths doctors take.
Frank,2025-01-17 20:35:27+00:00,"This is insanity! @MilfordRegional's new policies are a dangerous slide into Orwellian nightmare.

It's healthcare, not a woke speech police. Facts like biology and gender reality aren't ""unwelcome words."" This is a blatant attack on free speech and common sense. Total madness!"
Jeremiah Burton Ohio #MAGA,2025-01-17 20:34:04+00:00,I live in America! F*ck off!!
Stop the Half Staff Madness!,2025-01-17 20:45:05+00:00,"These people are not worthy of being medical providers.  

They need to toughen up and be more tolerant. Be tough like medical providers of old that would deal with whatever situation and just provide medical care as medically necessary.  My God."
jmaceye,2025-01-17 21:05:26+00:00,"Exceptional health care services are only offered to those who accept their brainwashing and or pretend that they do. 

This caring operation is also known as ""thought policing"".  

Make no mistake, this is really all about one thing: Some patients do not want to treated by a man"
The Yootopian,2025-01-18 03:16:16+00:00,I note that you’re still allowed to make fun of political ideology there… so there’s a glimmer of hope… ;)
Kurt Schemers,2025-01-18 01:18:43+00:00,It'll come to a point where you'll need to bring your attorney with you to get medical treatment.
jokerfan,2025-01-17 20:36:18+00:00,"Of course it's MA I would never go there , even if my life depended on it"
DAS,2025-01-17 20:32:25+00:00,this must be stopped! freedom of your tongue is being hacked off.
dale,2025-01-18 00:12:40+00:00,"The origin of this is the ‘taxpayer funded’ group set up by Obama, (who massively weaponized woke) in 2015, that is still driving woke/trans lunacy into the NIH and the medical schools… Another piece of the woke tentacles… https://dpcpsi.nih.gov"
CryptoJD,2025-01-17 20:43:35+00:00,Here at Milford we are soo woke and full of ourselves we will turn you away if you don’t like you. We pride ourselves on smelling our own farts and driving 13 year Prius’s with 37 bumper stickers against capitalism. We get starbuck $17 mochas and watch gay parades with children.
Justin Bryan Galloway,2025-01-17 20:48:40+00:00,I have certain guidelines before I will commit to a physician and one of them is they must have attended medical school and residency in the United States. Sorry that is my policy.
Fredzoid,2025-01-17 20:40:34+00:00,Deny healthcare basically if you have conservative views. This country is becoming more extreme every day
NotDemocratOrRepublican,2025-01-17 21:04:38+00:00,This is not good at all. You think they will stop there? Also forcing people to lie is kinda crazy as hell. Weird world where you can't call a man a man but doctors and parents will mutilate kids and that's Ok
R2,2025-01-18 14:03:26+00:00,"""This is dystopian. @MilfordRegional just announced new policies that can deny you care if you use “unwelcome words” such as micro-aggressions related to race and gender.""    
            Anti White words are welcomed."
Loving Life,2025-01-17 20:35:52+00:00,Protest at the good doctor’s home. We have got to fight this insanity with every inch of our being.
HelioWave,2025-01-17 20:36:01+00:00,This comes off as a hostage video
Laurie Burnell,2025-01-17 21:01:43+00:00,"I am certain that the medical community has treated all kinds of individuals with beliefs. How very woke and unethical of Milford Regional.  Their oath is to do no harm. To deny medical care because someone ""misspoke"" is outrageous."
Conlee Pettimore,2025-01-17 21:13:36+00:00,"boy oh boy, wish I was a lawyer that takes the first case, where a person dies because they were refused to treat him because he won’t tell a man that he can deliver a baby and get pregnant and breast-feed. That lawsuit is gonna pay a fortune. Somebody is going to be very very"
Rob Miller,2025-01-17 20:39:44+00:00,"Based on this alone, the “gender” part, I would not seek care there."
DC INSIDER (AKA “The Crime Dawg”),2025-01-18 00:21:52+00:00,"This is not a bad thing necessarily. First, you probably don’t want to be treated by this facility. But from a treatment perspective, the Emergency Medical Treatment and Labor Act (EMTALA) prevents them from refusing treatment. I am sure there are other laws as well."
RT 1776,2025-01-17 20:37:27+00:00,Going against their oath. Their medical licence needs to be revoked asap. If someone isn’t cared for because of this they need to be criminally charged
Jasmine Kane,2025-01-17 20:45:09+00:00,I’m routinely asked if I’d prefer a male or female doctor. What happens if they swap “gender” before my appointment… or during it?
The Blue Cat (No Seriously),2025-01-17 21:09:34+00:00,"for millennia doctors took the Hippocratic Oath, and in conflicts doctors would heal or treat anyone based on the fact they are humans, including foes, enemies, opponents. they would never refuse a patient for things like body language the doctor didn't like, or words disagreed"
FreedomHealth,2025-01-17 21:18:22+00:00,Of course he looks like an incel….
Toivandroid,2025-01-17 21:24:15+00:00,"My boi is literally just reading someone else's thoughts on a teleprompter. He isn't even looking at the camera. 

It's sad what the medical community is becoming. 

I hope that behind close doors, he does understand that there are only two genders and is just pretending for the"
StormyT,2025-01-17 22:00:45+00:00,Body language can get you denied medical care. BODY LANGUAGE!
Hirschberger,2025-01-17 23:15:03+00:00,"It is not the statements he is making -- it is that the Left has infiltrated medicine to have those words be interpreted at will.
e.g. a ""look"" can be interpreted erroneously by the ""victim"" -- doesn't matter. The person who even just blinked will be terminated."
ERIC,2025-01-17 23:23:12+00:00,"Seriously, where do these people come from?"
Riley Jane Meli,2025-01-18 00:40:46+00:00,"It is just time to stop this nonsense.
Will they refuse treatment to someone who is going through a mental break or drug rage?
Dementia patients?
Rape victim who freaks out if a transgender walks in the room for exam?
If they are private, non-government, do not accept Medicare"
Lina Love,2025-01-17 20:32:28+00:00,"Oof, talk about a not-so-micro-aggression policy! But real talk, how do we balance free speech and respect? It's like walking a tightrope in clown shoes."
My Opinion,2025-01-17 20:36:36+00:00,That's criminal.
Lemonjello Jones,2025-01-17 22:26:11+00:00,"So you can be refused treatment because of the look on your face? When they call an obvious man she and her and see you roll your eyes you get ejected?
You won't even pretend to like it. You'll really like it or else! You'll like it so much you'll write a book about how much you"
𝕏Star Spangled Bangers™𝕏,2025-01-18 00:36:27+00:00,"“If we don’t like your body language or the tone of your voice, we will ask you to leave, if we feel you’re a good person then we will provide you with top of the line care” 

Weird way to advertise but ok."
Risa,2025-01-18 16:26:59+00:00,A doc in Atlanta dropped me for saying that children shouldn't be mutilated. She said I was transphobic.
Charlie Vigon,2025-01-17 20:32:53+00:00,They want to control your mind by controlling your words.
Austin,2025-01-17 21:19:54+00:00,The irony of a doctor who won't help you if you won't pretend a man can really be a woman.  They above anyone else shouldn't promote this absurdity.
matiasreggiardo.eth,2025-01-18 09:57:30+00:00,"This is absolutely illegal, I guess they are going to find out pretty quickly with really costly lawsuits"
Caleb-Matt Williams,2025-01-18 11:57:05+00:00,"An EMT has the cops remove a dying man from their ambulance. He apparently grabbed at her & when he tries to explain to the cop that he couldn't breathe the cop mocked him. I've had episodes where I couldn't get a breath-- you grab at anything for help!
https://youtube.com/watch?v=BN5zTzcpZS8…"
Stephan McClure,2025-01-18 12:20:23+00:00,"I mean, at this point, it's getting to the point you have to ask someone's political affiliation before receiving care.

I sure as shit wouldn't want this dude working on Any part of my body.  His priorities are completely non-existent."
Mark Temons,2025-01-18 13:22:27+00:00,WOW!  It was just recently that we were being told the health care is a “right”.  Now we are being told it is only a right if you believe as they believe.
Christine Franklin,2025-01-17 20:43:29+00:00,they may have some problems with some of these. I can’t see them succesfully defending a case regarding “patient used micro aggressions(according to them) or you saying in conversation “men cannot get pregnant” as a basis to deny care. You have to show a real threat to deny
ULTRA MAGA 1776,2025-01-18 17:27:26+00:00,Hey @milfordregional men can’t get pregnant
aaronstonemd,2025-01-19 17:03:53+00:00,I.e.. they no longer have a psychiatry department
mike harbin,2025-01-17 20:40:06+00:00,"Awwwww
Inclusive and caring."
Kevin Reynolds,2025-01-17 23:02:52+00:00,So no freedom of speech. Got it. Avoid the place. I think they’re more concerned with their image than your health or rights
PoppyThingsWentPong,2025-01-19 03:54:10+00:00,DEATH BEFORE COMPELLED SPEECH!
Westerly1,2025-01-17 20:46:57+00:00,"@MilfordRegional  I’m sure your primary patients are elderly and have no idea what you’re talking about. 

Boomers and older are statistically more likely to hold views contrary to your statement, I.e. they may outright disapprove of transvestitism, transgender and openly lgbtq"
Philly the Kid,2025-01-17 21:09:43+00:00,It's like @MilfordRegional is in a contest to see who is the wokest ... and they're hell bent on winning.
Zaidja,2025-01-17 21:53:39+00:00,"Boycott Milford Regional.  This is a free country, freedom of speech, so tell them to GFY, and don’t back down.  Tired of this work crap.  Time to put a stop to it once and for all."
Hard No,2025-01-17 22:34:46+00:00,The entire medical community looks like they’ve been taken hostage.
Brian Davis Political Scientist,2025-01-18 01:50:03+00:00,Disgusting Bud-Light-drunks at Milford Regional
Al Tournas,2025-01-18 14:48:19+00:00,Only in Massachusetts.
TexasPatriot,2025-01-18 21:22:57+00:00,They'll be in court soon. LOL
Colonel (Ret) Chris Wyatt,2025-01-17 20:44:12+00:00,"No danger I'd ever go to a horror show like that. I suppose he would ban someone for calling him a ""big dope."" I guess Mark Levin will not be going there. Lol"
The Blue Cat (No Seriously),2025-01-17 21:04:17+00:00,".
@ChayaRaichik10
 you missed the ""body language"" part. did that patient turn her eyes right as a form of disrespect or to actually look right? you will have to explain or maybe no insulin shot and die right there"
GonZoville,2025-01-17 21:36:33+00:00,I'm so sure the person who just got carted into the ER with a GSW is gonna read up on the Patients Code of Conduct first. Ahhh ... they're affiliate with UMass. Now it makes sense because Milford is too small a town to be into this woke crap.
God and Country,2025-01-17 22:34:07+00:00,"This is what happens when politics creeps into places it doesn't belong. Just ask any parent who sends their child to an ""Inclusive"" school."
wokelibturd1776,2025-01-17 23:30:00+00:00,Well I’m fucked. Im all about disturbing someone’s care
Charlie Brown,2025-01-18 01:14:32+00:00,Wow
MachineGunBarbie,2025-01-18 02:10:51+00:00,"I prefer sane people to my and my loved-ones healthcare, TYVM.  This brain-rotted mind virus is VERY DANGEROUS."
Recruiter in Wonderland,2025-01-18 02:48:11+00:00,"@FAIRinMedicine
 , what do you think of this?"
KJUNE,2025-01-18 03:03:52+00:00,"Oh, brother!"
Kieth The German Texan,2025-01-18 14:40:49+00:00,"If they receive any federal money, they better be real careful about refusing care to anyone..."
SideTraKd,2025-01-18 19:22:25+00:00,"Well...  I was wanting to take a nap...

After listening to his voice, I definitely am."
Vicki green,2025-01-18 21:07:36+00:00,"I just wish they would all go to one area, preferably one State and all live there together. They could practice as they want, but they do need an age limit of 18.!   Is California still a sanctuary state.??"
Greg Dressel,2025-01-18 22:28:22+00:00,"Ugh, they’re in the US? Figured this was ."
Skeeter,2025-01-19 00:55:43+00:00,This is a snl skit from the 1990's. Oh it's not? Yea I think I'll go to a medical center that doesn't heal you with pixie dust and rainbows. Id probably get banned anyways for saying Mr or Mrs in a sentence.
Elle God is always a whisper away…,2025-01-19 11:50:23+00:00,Welcome to the introduction of thought crimes in the medical community. This is why no one trust them anymore.
Leslie,2025-01-18 16:53:57+00:00,"I guess they wouldn’t have liked my answer on the medical form I filled out at my doctor’s appointment that asked my personal pronouns:
“I am 57 years old and visiting an OB/GYN; I am a WOMAN. Don’t ask me this question!”"
UndeScis?,2025-01-18 21:03:06+00:00,"So, according to this [fill in the blank], I can't choose my Doctor at @MilfordRegional? The healthcare profession is degrading quickly."
FLATnTan,2025-01-22 21:39:01+00:00,"Everyone acts like doctors are gods

They’re literally worthless 

You do not need a doctor! 

You need to take care of yourself!"
TimeToSpeakOut,2025-01-18 02:12:41+00:00,Soon they will be sending us in for ‘reeducation‘ just like Dr. Jordan Peterson.
Mrs Coach,2025-01-18 04:31:46+00:00,Just remember Milford regional… The only way you get paid is reimbursed by health insurance payers. There are no reimbursement codes for you being a bigot towards patients who need help. @MilfordRegional at some point the lack of revenue will bite you in your bigoted backholes .
“Outside Agitator”,2025-01-18 16:04:38+00:00,“We’ll carefully listen to your opinion and then use it against you”
angery foosh,2025-01-18 20:38:19+00:00,didn't you lot kick a shit fit for two full decades specifically because you wanted to be able to deny people service over your politics
Vexed,2025-01-18 20:52:58+00:00,I’m just saying…Smulowitz.
Richard,2025-01-18 22:17:40+00:00,"There, you fuck face!"
Mike Zatkovic,2025-01-19 16:24:58+00:00,Boycott!
𝘿𝙖𝙫𝙚𝙣𝙟𝙖𝙝,2025-01-19 21:46:53+00:00,Guess the Hipocratic oath means nothing anymore.
CryptoJD,2025-01-17 20:40:49+00:00,"They actually cannot refuse medical care, goes against their code. 

Plus I wouldn’t see this guy any way he talks like a B***h"
Laura Hall,2025-01-17 20:48:18+00:00,the fact that any of this has to be verbalized for people to understand you should act appropriate it's just so mind-boggling to me..... When you publicly say these things it gives people who are not all there the okay to come harass you
Gypsy,2025-01-17 22:43:20+00:00,Body language is offensive
SaltyPatriot,2025-01-18 20:02:31+00:00,That’s fine. His patient base will dwindle down just like his profit margin. Have the business you deserve Doc! LOL!
JonnyBallgame,2025-01-18 20:10:38+00:00,"I wouldn’t send my dog to this shit hole.  No doctor goes into med school thinking they end up in a dead end career in Milford, MA. This person must hate themself"
Skipper Esterlein,2025-01-18 20:22:52+00:00,Who is this jack leg
MRBedwell,2025-01-18 20:53:32+00:00,Clarifies... It does the complete opposite!
Driven By Injustice,2025-01-18 21:18:13+00:00,
OneFedUpVet,2025-01-18 21:37:48+00:00,I really wouldn’t trust an organization that ignorant with my personal care.
buddy4341,2025-01-21 20:33:42+00:00,"Well its fact MEN CANT GET PREGNANT! Unless they found a way to put in a uterus which I doubt is possible, also there are only TWO GENDERS! Even if you have operations to change genders there are still only 2! So guess I wouldn't get service at that hospital."
justin amendt,2025-01-23 07:04:45+00:00,Quick! read this prompt so we can rake in the money from these mentally ill helpless souls
Joseph Jaho,2025-01-17 20:37:16+00:00,This seems bad Why its important to keep our fingers on the pulse of the social sciences/humanities departments in higher ed:
AVinGa,2025-01-18 12:33:56+00:00,"Wait...who are they denying services to, students or patients?"
Liberty 4Ever,2025-01-18 19:21:44+00:00,My respect for the medical profession gets lower by the day!
Tintin,2025-01-18 19:22:16+00:00,"Let me rephrase:

Milford Regional Healthcare Center is committed to providing exceptional healthcare services to our community with dignity,  passion and respect. Except if we don't like you for reasons, then GTFO"
Aquarian Queen,2025-01-18 19:23:22+00:00,2 + 2 = 5
Thomas Daryl Moody,2025-01-18 19:27:12+00:00,"His ""body language"" and ""Tone"" is offensive, thus, he needs to be removed ASAP."
Jim Beckert,2025-01-18 19:29:17+00:00,"It’s still okay to not like white people, right?"
Paul Gibson,2025-01-18 19:34:09+00:00,Good thing they didn't grow up in the 60's and 70's
Debbie Astle,2025-01-18 19:36:41+00:00,Well I won't be going to that clinic.....
rp,2025-01-18 19:41:31+00:00,How up up yours
Jack,2025-01-18 19:43:02+00:00,WTH
Jessy,2025-01-18 19:43:21+00:00,"Wowwwww…. I’m disturbed by this on many levels. I’m so glad I moved away from the area! Idk where I’d go but @MilfordRegional or 
@MetroWestMedCtr
  aren’t it!"
Kellie,2025-01-18 19:45:58+00:00,"But, if a trans person was caught using aggressive or intimidating behavior, physical or verbal threats or assaults against a ""cis"" white person, everything would be just fine and glossed over."
Steve Dunlap,2025-01-18 19:48:19+00:00,I notice it is at their discretion
Sonny Anderson,2025-01-18 19:55:12+00:00,"Even sick people can be doctors, even witch doctors."
"Law Office of David M Shearer, PLLC",2025-01-18 19:55:25+00:00,Do they receive federal funding?  If so that needs to stop
Splashdjp,2025-01-18 19:56:43+00:00,Time to rewrite the Hippocratic Oath.  WOW?!  If your mannerisms or body language are interpreted by staff to show prejudice you’re even guilty of violating their COC!!
MountainGal2023,2025-01-18 20:05:38+00:00,"Y'all need to find alternative medicine. It's out there, you just need to search for it."
ray of sunshine,2025-01-18 20:12:39+00:00,They will be broke soon.
Alucarddvd,2025-01-18 20:14:22+00:00,Fuck him he wont tell anything mentally unwell piece of shit
Stephen Reynolds,2025-01-18 20:18:34+00:00,I'm offended by his tone.
Ruth Hall,2025-01-18 20:19:59+00:00,"Not sure I'd want care from a doctor or hospital system that doesn't know there are only two genders. If they can't figure it out, then how can I expect them to delve into what isn't obvious?"
Lois Ille,2025-01-18 20:21:23+00:00,"Policy is rather arbitrary and general. So, you can say something perfectly innocent in your eyes and someone interprets it as ""unwelcome"""
Ronald Stone,2025-01-18 20:25:20+00:00,This stupid cuck is reading line by line. Doctors have turned into practicing morons
Bob,2025-01-18 21:41:03+00:00,"Time to re-read the Hippocratic oath

I will do no harm or injustice to them.[6] Neither will I administer a poison to anybody when asked to do so, nor will I suggest such a course. Similarly I will not give to a woman a pessary to cause abortion"
AKA DeeK,2025-01-18 21:43:05+00:00,Simple response. Avoid @MilfordRegional scumbags and they will go bankrupt.
Spock’s Love Child,2025-01-18 21:46:23+00:00,Doctors should be seen in the same light as any other nerd such as the tech nerd. These medical nerds are semi autistic types that lack the emotional capacity to relate to normal people. They should never make public policy decisions.
The Irishman (SuperUltraMegaMAGA),2025-01-18 21:52:56+00:00,"Well, now... THAT'S disturbing 

Wait~ I thought they said health care's a human right... right? 

I've said it a million times before... no three three things the libturds say can logically coexist."
Homer Stinson,2025-01-18 22:00:04+00:00,"And this is true fascism, corporate medicine and government combining forces to compel compliance with questionable medical ""science."""
jokerfan,2025-01-29 16:18:10+00:00,"Of course it's MA I would never go there , even if my life depended on it"
Loving Life,2025-01-17 20:43:11+00:00,He’s a fvcking leftist lunatic. Are we surprised? Harvard. Self identifies as a progressive.
Americana,2025-01-18 20:25:44+00:00,Is he a pedo? Why else would he agree to do this.
B Flan,2025-01-18 20:26:13+00:00,This is outrageous
GCarreno,2025-01-18 20:28:22+00:00,This is what all American hospitals are going through now. Shameless.
S. Timothy Brown,2025-01-18 20:36:04+00:00,"Lol, where did they go to medical
School?"
Helen Hansley,2025-01-18 20:36:07+00:00,"He took nearly two minutes to say “Be courteous.”  But on the other hand, he got in a really good virtue signal."
SaltyWarPig,2025-01-18 20:36:19+00:00,I don't even need to unmute to see that this guy is a giant pussy
Veronica Iverson,2025-01-18 20:39:07+00:00,Don’t use that hospital or clinic.
Patriots Army for God,2025-01-18 20:42:16+00:00,This man should be hung by his balls. Sick bastard...
BeeLady,2025-01-17 21:01:57+00:00,"DEI is destroying medicine. 
@donoharm"
Brian,2025-01-17 21:19:21+00:00,That man is not a physician. He is a secular priest.
COFFEE,2025-01-17 22:56:44+00:00,Being OFFENDED is not the same as being UNSAFE. The manipulation of language is a terrifying thing
Paint The Trump,2025-01-18 03:01:32+00:00,I don’t like his demeanor
JB,2025-01-17 22:40:39+00:00,The woke rainbow mind virus is out of control. These people are evil sick vermin
TheContraLawrian,2025-01-18 09:07:38+00:00,"Some aspects of this policy are potentially illegal under Massachusetts and federal law,  if this whacko hospital denies anyone care, feel free to DM me about the possibility of taking legal action against this facility."
Miya,2025-01-19 16:16:36+00:00,"I feel Ebiko so much with this one.

I simply took 10 minutes to screenshot comments on tiktok and insta (even though I usually try to delete them)
But there is no way to get rid of all of them.

If you share an accent with a big creator, you are actually double fucked!
And not even the creators telling people to stop will ever stop this behavior.

This is something we all sadly have to just sit through every day.

(no shame in deleting though, there is no such thing as free speech on YOUR channel, you keep it clean and comfy for you don't feel ashamed of doing so)"
Miya,2025-01-19 16:36:44+00:00,and this is only the lily ones.. not the ones comparing me to vtubers who also have black and red clothes
Miya,2025-01-19 16:35:43+00:00,sooo truuueee! I try to delete as many as I see and still found so many in just a few minutes. it is an endless wave
Kuromiya Lucien,2025-01-19 17:41:49+00:00,"This so much, I love Lily and I won’t let it ruin it for me, just have to block all terms associates with :/"
Miya,2025-01-19 17:47:47+00:00,I already delete most to be honest and I will not let random people dim my love for her as a creator!
Mr.LowFps | |,2025-01-19 18:06:53+00:00,I thought you looks like keanu reeves just me maybe
Miya,2025-01-19 18:07:20+00:00,well have you ever seen keanu reeves and me in the same room?!
Capt. Vyolette,2025-01-19 17:03:54+00:00,"Clearly all sea tubers are orcas come on now. 

Seriously though people are so weird on the internet. I'm sorry Miya."
Miya,2025-01-19 17:07:47+00:00,"nah don't be sorry. it is simply something you have to get used to. even people who are big today got compared to others when they were starting to grow. 
I remember several stories from back then. 
I guess it's just humans being humans"
S1NON54,2025-01-19 16:38:34+00:00,"Couldn't care less about ShyLily, We only need our SOCK SHORK"
Miya,2025-01-19 16:39:31+00:00,"don't say that, she really is amazing and deserves all of the success she has !!"
BlueBottle,2025-01-19 17:56:39+00:00,Wait are these comments from your channels Miya?
Miya,2025-01-19 17:57:08+00:00,those specifically are from my tiktok and my instagram
Mura H-TUBER,2025-01-19 16:48:27+00:00,"Yea people are always gonna be like that sadly, easiest thing to do is ignore them and show people why you're unique."
Mango SHIBA VTUBER,2025-01-19 16:59:29+00:00,i hate this so much... i was super scared to use my werewolf model on halloween because everyone said i looked like buffpup and i had to make SO MANY LITTLE DETAILS so people would shut their ass up  noone owns designs my god
Acapella Media 《VTuber Magazine》,2025-01-19 18:35:45+00:00,"Yea sadly it happens all the time, even when Shylilly got her new model she was compared to Veibae just like this, and probably before that too.

Best of luck to Ebiko"
Mirune Mochi,2025-01-19 19:03:03+00:00,"Dude this is exactly why I stopped making TikTok content. I have the same model as @/Alexandrrriiia and I've gotten so many comments on people thinking I'm her on an alt. I love Alexandria, but it's so demotivating :c

Probably won't upload again until my custom model is done."
fae astria,2025-01-19 22:09:34+00:00,"cos god forbid you’re from the same country  people are so daft, i’m sorry you have to deal with this

and agree !! deleting comments is so valid"
Willful759 KFP Lazy Programmer,2025-01-19 16:36:45+00:00,"Why do they have to be like this? what do they gain? I've really never understood it ngl ...

I guess being german is a patented concept, even though you have every german under the sun asking if you're german lol

Shork is Shork and Shrimp is Shrimp, simple as ( ´ ∀ `)ノ～ ♡"
sayoooo/,2025-01-19 17:52:09+00:00,"crazy thing is, lily doesnt even have a particulary german accent"
Lawn Ghost (Miyuu),2025-01-19 21:43:33+00:00,"God forbid you have an accent that, *gasp* probably 100 other people have! How dare you be German! /sarcasm"
Kino Kurosawa 黒沢キノ,2025-01-19 22:21:01+00:00,"Everyone is their own person, I am so sick of seeing so many of my friends compared to a “big creator” like we are just good enough because we sound like or look like someone who’s famous."
tori,2025-01-20 01:56:58+00:00,"This is kinda ironic bc these are the same kinda people that hated on lily back when she got big bc her voice was similar to veis voice, which i honestly also saw the similarities in, but directly telling a streamer like this and reducing them to that is just so embarrassing"
ArsGrimoireVT,2025-01-20 04:21:30+00:00,"Funny thing is, when Shylily was still smaller she had to often hear people compare her to then Vshojos Veibae. 
The wheel keeps on turning…"
BlahBasket31684.bsky.social Streamer Supporter,2025-01-19 17:05:27+00:00,Why do people have to be so mean?
RexariasVA,2025-01-19 17:10:49+00:00,Yeah I've felt that as someone who has a moderately deep voice getting called corpse all the time (when I sound nothing like him) is a pain in the ass
rorostr,2025-01-19 17:12:01+00:00,I don’t know if I feel bad for you or for them who it seems have never experienced your stream.
Ryanymous,2025-01-19 17:29:27+00:00,I don't care if vtubers look or sound the same as one another. I love and support all vtubers no matter what. I just hate seeing these comparisons because they might make people feel inferior to one another!
Venzislav,2025-01-19 17:42:07+00:00,"I listened to a few Clips right now. You dont sound like lily, maybe a slight hint of accent, but so do all brits. Ppl are so cooked."
eldoradoeduardo,2025-01-19 19:08:04+00:00,It’s ridiculous how much people keep making that comparison
ArayStrak,2025-01-19 19:55:18+00:00,Damn you're German? Another vtuber already did that!
ThePossesedRuby | Soul ENVtuber | No Affiliate..,2025-01-19 20:07:05+00:00,Man...Why People Just Can't be Normal. Those for me aren't Fans of Vtubers.
albin,2025-01-19 20:41:08+00:00,what a bunch of clowns
Coralia (indefinite hiatus),2025-01-19 20:49:12+00:00,I stg If I get compared to other mermaid vtubers it’ll make me sad
Eric Loy Interviews,2025-01-19 21:37:51+00:00,People who take the time to post that sort of post are only looking for some sort of balloon puncturing thrill. They are pathetic.
UmiBliss | Sea Monster| VTUBER,2025-01-19 21:43:07+00:00,"Oh nooo, I wanted to be an orca Vtuber but got compared to vtubers and to Shylily a lot I still get compared to her  no hate to Shylily ofc but it can be quite annoying"
NBE,2025-01-19 22:15:08+00:00,"I've never seen you before, but out of curiosity went to your channel to see if you maybe did sound like lily and like, You don't, not even close."
Artoria,2025-01-19 22:39:26+00:00,This has always been super wild to me cause ive never compared people to others. I kinda just make my own independent thoughts on them since everyone is different
Secret Agent Steve,2025-01-19 23:28:33+00:00,"I always thought lily's accent was peculiar/particular, but perhaps it's more common than I thought?"
LostHytale,2025-01-19 23:35:18+00:00,"I personally wouldn't see it as a bad thing. Yes, it better to be seen as your individual 100% but if they aren't saying anything rude like your a downgrade veriosn or something, then i think you shouldn't be completely bothered by it. Just do what you do normally and just grow."
Devlin,2025-01-20 00:29:19+00:00,"But didn't you know only one german exists in the whole world, nobody else can be german."
DarkWolf_1987_,2025-01-20 00:40:29+00:00,"It's sad that people do this, it really is."
IcantDraw,2025-01-20 01:49:52+00:00,"I don't understand people like this. I mean, I love Shylily and if another Vtuber remind me of her in way may I will probably love her too. And that doesn't she ""copy"" her in any way I mean what the fuck is wrong with these people seriously..."
UnForgivenElysium,2025-01-20 03:05:24+00:00,"Imo only this similar voice wise is the accent. Model wise, yes, there are similarities, and unfortunately, they are the more noticeable things. Overall, the design gives me tiger shark vibes."
𝗠𝗜𝗬𝗨𝗡𝗔 【 𝗛𝗢𝗧𝗔𝗥𝗨 𝗘𝗡 】,2025-01-20 03:18:29+00:00,"Don’t mind them, there is so many vtubers who have same colors as well. Show them that you’re unique"
TheFatedWarrior,2025-01-20 03:46:55+00:00,"If it makes you feel better, I'm not hearing what they are. I just hear your voice and nothing else. And I just found out you."
Justin Inux,2025-01-20 04:39:02+00:00,You have freedom of speech not freedom of consequence. Saying stupid shit will still get you bapped.
TyranidSliver,2025-01-20 04:49:46+00:00,God forbid 2 different vtubers both have a German accent!
Milk Clawthorne || ANGRY BIRDS ARC,2025-01-20 06:27:16+00:00,"""oh aren't you a shyli-"""
Waeus Tempus EN !!OffKai 2025!!,2025-01-20 07:05:17+00:00,If I remember correctly shylily and vei had something similar to this. I doubt they have buried the hatchet with it but who knows if that’s ever the case here as well
Gonmas 𝕊𝕡𝕚𝕕𝕖𝕣 𝕍𝕥𝕦𝕓𝕖𝕣,2025-01-20 09:37:32+00:00,It's so weird that people don't understand that accents are not unique to a single person.
x Hades Stamps VTuber and facecam streamer,2025-01-20 23:23:16+00:00,You don't even look or sound that much like ShyLily!
JuJu Peppers,2025-01-22 08:52:33+00:00,"So why doesn't anyone get shit if they are a human or neko vtuber..? Cause there are thousands of those x.x. You do you, it is a cute design and color scheme. If it captures you, that is what matters!"
EE-Lewiski,2025-01-17 20:34:02+00:00,I know now why Trump wanted to ban TikTok
𒆜ʀoʟᴀɴᴅᴏ,2025-01-15 11:26:24+00:00,Petition to ban all tiktokers in Uganda
MUSTON™,2025-01-15 12:24:09+00:00,But who will forgive those TikTokers??
sparkling ice,2025-01-15 11:30:08+00:00,straight away
Sir.Emhar,2025-01-15 12:03:04+00:00,
Black gal,2025-01-15 20:36:49+00:00,That app
Paul,2025-01-15 11:29:26+00:00,I support the petition
Timothy,2025-01-15 11:46:52+00:00,Awo watuse
Kirungi,2025-01-15 12:23:45+00:00,Oyo mugobe
TãçiãAlìçìã,2025-01-15 12:48:52+00:00,
YAYA,2025-01-15 14:33:52+00:00,But these tiktokers walayi!!!
"Jacob Otile, MD",2025-01-15 15:16:21+00:00,
Mufasa,2025-01-15 17:54:37+00:00,
𝒎𝒖𝒉𝒖𝒎𝒖𝒛𝒂 𝒗𝒊𝒏𝒄𝒆𝒏𝒕,2025-01-16 10:01:29+00:00,
Nathaniel,2025-01-15 11:28:29+00:00,Fulfigure is killing me
Mujuni Reinold,2025-01-15 11:37:36+00:00,Wasn't this woman once hosted on salt tv
Ismael Brianz,2025-01-15 11:38:58+00:00,
kasim UG,2025-01-15 11:48:15+00:00,Ani alibasonyiwa ba dear
St3phanie,2025-01-15 13:25:04+00:00,am dead
Jay,2025-01-15 13:28:05+00:00,
BK_Hannah,2025-01-15 14:59:41+00:00,
Danze A,2025-01-15 18:27:47+00:00,@TweetHelpBot
Meddie Ug St,2025-01-15 19:21:04+00:00,
Latif,2025-01-15 22:46:54+00:00,Naye oba ani alibasonyiwa
KASOZI MOSES,2025-01-16 00:55:35+00:00,Permission granted
mBryanz,2025-01-16 05:05:06+00:00,Ate she is now abusing her boss
Alex Mwiine Arinaitwe Amooti,2025-01-16 06:05:59+00:00,
Joel Sseguya,2025-01-16 06:21:32+00:00,"@TweetHelperBot
 download this"
Yvonne Abito,2025-01-16 06:52:09+00:00,My country pipo never disappoint
Matovu Rhonald Mukasa,2025-01-16 07:15:39+00:00,
Nipracom,2025-01-16 07:47:22+00:00,This Uganda banange
Elon musk's son,2025-01-16 09:46:07+00:00,I have only watched 4 times
Flawless_Queen,2025-01-16 13:30:33+00:00,
bby Shadia,2025-01-16 19:51:22+00:00,Naye banange Uganda is fun
i’m @davejorgenson on bluesky (not @jdvance),2025-01-19 13:54:54+00:00,"It’s a new year: almost time for someone in Congress to try to ban tiktok with no hard evidence, make a whole thing out of it for a month, then move on"
non_dom,2025-01-19 14:16:47+00:00,"“hard I SAY HARD” evidence

https://bloomberg.com/news/features/2023-04-20/tiktok-effects-on-mental-health-in-focus-after-teen-suicide…"
Grabien,2025-01-19 03:27:18+00:00,"VIDEO - Nikki Haley: We Have to Ban TikTok, It’s Controlled by the CCP and We Know It’s Harmful"
Andy Ngo,2025-01-15 17:46:25+00:00,Watch my coverage of one of Hizb ut-Tahrir's pro-Palestine rallies in October 2023. This was the event that led the British government to ultimately propose banning them as a terrorist organization.
Andy Ngo,2025-01-15 23:28:42+00:00,The UK Home Office released an announcement video about the banning of a radical Islamist group on anti-terrorism grounds.
Shunya,2025-01-15 16:03:31+00:00,British couple returning from France to the UK find an illegal immigrant in their car roof box.
Governor JB Pricker,2025-01-15 16:03:25+00:00,Things are going to get a little violent now.
Dan Sullivan,2025-01-15 16:41:58+00:00,Don't just ban. Arrest and deport.
KrimsonNews,2025-01-15 17:06:28+00:00,"Every Islamic jihadist organization has already been banned, just that they were under different names. This Hizb-ut organization will resurface under a different name to skirt the ban."
W. Brady,2025-01-15 16:09:22+00:00,It is a first step
BamaBlue1492,2025-01-15 16:06:19+00:00,"The lessons of extremism and radical ethnic violence so much a part of the 20th Century in Europe, seem to have been forgotten by their politicians. If people don't wake-up soon and draw a line against extremism, Europe will once again lose a generation to war."
TakForDetElon,2025-01-15 18:23:32+00:00,"In Denmark, Hizb ut-Tahrir was known for rallies in which they demanded that Denmark discard its legal system and adopt Sharia law. The rallies typically were attended by all 300 members of the group."
Un Homme,2025-01-15 20:57:31+00:00,"They've been infiltrated; their names and addresses duly noted. They'll all be under some type of surveillance, but no doubt there'll be some collateral damage to the public before the police start kicking down doors... as always"
Retired,2025-01-15 23:43:53+00:00,Talks cheap.  What're they gonna do to back it up.  So far the Conservatives have been worse then Labor.  Looks like they're gonna be crushed next election.  Deservedly so.
BatallónRyna,2025-01-17 01:32:33+00:00,They should never have touched European land with their backward religion
Rednecktified,2025-01-15 16:10:02+00:00,They asking for air fair? Can't save Palestine in London
Bob,2025-01-15 17:05:20+00:00,Deport them all
Offence Police,2025-01-15 17:47:47+00:00,"Why do we allow any Islamic organisations that are so extremist, even Islamic countries have banned them? Surely they would know best."
REMEMBER THE ALAMO!,2025-01-15 22:22:31+00:00,It's always been about NWO conquest and these are the shock troops. The world elites underestimate the passion for the world califate. They think these throwbacks can be pacified and controlled... they can't.
LaurannL,2025-01-15 23:16:57+00:00,How about shipping them all out of your country that would be a good start! We need to do the same thing in the United States!
Not Andrew Tate,2025-01-15 16:03:36+00:00,Sunak finally made his move
FAFO,2025-01-15 16:13:01+00:00,They should be expelled
Nick,2025-01-15 16:34:43+00:00,"Zero participants will actually be going to fight themselves protected by cozy western culture, football is on and enjoying the perks of being in a protected class. But armies ! Except us - we won’t be going . Like politicians really"
Blah Boats,2025-01-15 22:35:20+00:00,Look at all those room temperature IQs.
Ciccio Puletti,2025-01-15 22:37:04+00:00,"Very organized. 
Sufficiently funded. 
No homemade signs or banners. 
Well planned and years in the making. No one should be surprised when they launch a violent offensive. Their numbers are rising."
CKWhiles,2025-01-15 22:46:46+00:00,They should all be deported immediately.
Jeffrey Bale,2025-01-15 23:58:47+00:00,"For the past twenty years, I have devoted a week in my graduate seminars on Islamism to Hizb al-Tahrir. This is all too typical of the cult-like group's rhetoric."
Alan Jensen,2025-01-16 00:34:48+00:00,There is no such place as Palestine.
Shadyblues117,2025-01-16 04:18:00+00:00,They already lost.  I just hope that a  lot of people don't die before they realize it.
Gigi,2025-01-15 16:52:28+00:00,How many on the dole?
Bad Bob,2025-01-15 16:55:56+00:00,They will not do anything. Just smoke and mirrors.
Richard Taylor,2025-01-15 17:39:04+00:00,"Where do they think the current members will go?

Do they think the current members will just shrug their shoulders and acknowledge ""that's it then""?"
Lynn Wallace,2025-01-15 17:50:32+00:00,"""Thanks for letting us in. You will turn over the keys to your cities now, please, or else."""
AzBeto,2025-01-15 23:47:30+00:00,"Perhaps we should encourage a crusade? I’ll start a GoFundMe.

You’re welcome!"
Kelsey Mims,2025-01-16 04:07:13+00:00,Send them all off to war.  Don’t let the sirvivors back in. Problems solved.
diane flock,2025-01-16 04:07:27+00:00,those wuzzies won’t fight!
Bob,2025-01-16 06:14:13+00:00,The enemy is in the gate
Cory Champion,2025-01-16 23:26:38+00:00,"Please, Hizb ut-Tahrir members, board a plane to Gaza and provide direct support. Don't feel the need to return."
David,2025-01-16 23:51:46+00:00,"Yes, rise up so we can mow you down."
Gut Visits Zodiac,2025-01-17 11:14:51+00:00,we must de-islamize our society.
Peckinpaw,2025-01-17 22:44:48+00:00,"you know when young kids tried to travel from US to countries to join Isis the Taliban or whatever, they were imprisoned, so why is it ok for this?"
Peckinpaw,2025-01-17 22:45:29+00:00,"how is this not the same as WEF, NATO etc, just wondering as the globalists want to overlord us."
QuikHit,2025-01-15 22:39:02+00:00,What does that mean?  How does that work???
mark f,2025-01-15 23:16:29+00:00,Send them all back to the shit hole they came from.
DJ Syko,2025-01-15 16:10:16+00:00,Can we not just let them all go to Palestine to fight? Lets see how many turn up for the flights there.
Muscats2,2025-01-15 16:10:29+00:00,Western countries are so naive to the Muslim religious war against indefensible
John Rogue,2025-01-15 16:43:51+00:00,Release the hostages.  Get on your knees and pray for forgiveness for killing babies and raping women.
kahili,2025-01-15 16:46:25+00:00,"They don’t want to assimilate they want to silently creep in until they have a majority to force sharia law.

These people do not belong in western culture societies.

Deport all undocumented radicalized terrorists"
Family/Sports/Politics,2025-01-15 16:13:56+00:00,Why don't these illegals and clowns leave Britain?
DefiTheFuture,2025-01-15 16:33:04+00:00,As I recall the Met police excused their call for “Jihad” as just a call for a personal inner struggle
SteveBalladeer,2025-01-15 19:02:54+00:00,"“Hizb ut Tahrir” = the party of liberation, & “liberation” here means revolution or radical resistance against all “infidels” especially JEWS & Christians!!!"
Adam Allegri,2025-01-15 16:07:15+00:00,https://x.com/W1802Natan/status/1746921915367731298?t=pOMYwHa3G4xX2dyiuU3QRg&s=19…
Anthony,2025-01-15 16:19:23+00:00,These stupid assholes that we elect into our government in both the US and the UK allow these people into our country with little to no vetting. Nobody elected them to do this. They should all be forced out of office.
OleDawg001,2025-01-15 17:26:34+00:00,Let them go to Palestine & help their brothers !
lisal356,2025-01-15 17:39:44+00:00,Too little too late.
Stephen Fodor,2025-01-15 17:48:29+00:00,A little late of course.  Duhh.  Bann them and more....
sam,2025-01-15 18:24:28+00:00,The whole of Europe is headed for civil war. White leftists will take the side of the foreigners too. German leftists are already promising civil unrest if the AfD carries out mass deportations. Ten years.
Toni,2025-01-15 20:13:14+00:00,Demonic
aceand8s,2025-01-15 20:19:22+00:00,Sad for freedom of speech but the uk never had it
ElonMust,2025-01-15 20:28:23+00:00,"""They preach religious fundamentalism, separatism & advocate for a caliphate.""

That's fine, why don't they practice that in the they fled?  Thank God the women are represented."
mcab,2025-01-15 22:20:34+00:00,Why dont they go there. Larps.
Fogor,2025-01-15 22:22:39+00:00,And then? Will they magically go away?
Michael Ratz,2025-01-15 17:31:05+00:00,"Palestinians are despised in the Arab world. 

No Arab country wants Palestinians in their lands."
Lenny Schneider,2025-01-15 17:38:19+00:00,Arab uprising in Londonabad.
FireRaheemMorris&MarkStoops,2025-01-15 17:47:57+00:00,"Dis rasssist. It’s a Muslim ban. 

-any DA American who lets the big media formulate their opinion"
@mullarkey14,2025-01-15 17:53:41+00:00,Ban them from what?  Are they going to deport them back to their birth place and Ban them from entering/re-entering the country?
C. Ronald Ekman,2025-01-15 17:58:40+00:00,"Ban all you want, it doesn't address the underlying problem of allowing these radicals into your country."
Jim Bowen,2025-01-15 18:46:57+00:00,Have you offered the volunteers free transportation to the mideast? Any takers? Anybody?
FCK HMS,2025-01-15 19:50:32+00:00,"Just like Sagiv Jehezkel was deported from Turkey back to Israel, Hamas supporters need to be deported to Gaza."
Faded Tiger,2025-01-15 19:54:57+00:00,"Oh yes, rescue the terrorists you terror supporting western hating, pedophilic little dictator worshippers..."
tonymtexas,2025-01-15 20:05:23+00:00,"The west has allowed this 5th column infiltration and our children will be the ones to pay the price. This is now,  and has always been the promise of the Caliphate and people who refuse to see are risking all our freedoms."
Tom Cooper,2025-01-16 00:21:28+00:00,Why not just ship them all to Gaza?
Faded Tiger,2025-01-16 04:01:09+00:00,"Hey, Hizb-ut-Tahrir....if you are so serious about it, why do you not go and help Hamas fight so we can see what Israel does to you?"
TEQ TONIC,2025-01-16 10:48:52+00:00,"...meaning absolutely nothing as Brit cops don't arrest, Brit prosecutors don't prosecute, Brit courts don't convict, the Civil Service does nothing, and the Politicians just blah, blah  blah in parliament."
Lucky Ned,2025-01-16 12:50:52+00:00,"Islam should be banned from Western nations, Andy.  In case you hadn't noticed, death and destruction follow it everywhere it goes."
MobBarley4two0,2025-01-16 23:26:03+00:00,Democrats.
𝕆𝕤𝕔𝕒𝕣 𝔽𝕚𝕥𝕫𝕒𝕝𝕒𝕟,2025-01-17 01:01:55+00:00,"Ban them? Give them a lift, take them to Gaza."
Tiernan 509,2025-01-17 02:10:23+00:00,@HeathrowAirport
Your honessst death,2025-01-18 17:17:59+00:00,"In România they want to ban tiktok because it's a security threat, people from institutes that are sheeps are seeing unwanted informations that wake them up in what a fucking mess of a corrupt system they're working."
Your honessst death,2025-01-18 17:21:53+00:00,"Basically the government fear people so much they want to cancel their communication methods. Freaking insane. Protests on 21, 22, 23, go romania, outhrow (⁠╯⁠ರ⁠ ⁠~⁠ ⁠ರ⁠)⁠╯⁠︵⁠ ⁠┻⁠━⁠┻ corruption!"
k8ie,2025-01-19 01:22:15+00:00,alright they gotta ban tiktok shop it’s enough now
nicole,2025-01-19 01:23:51+00:00,what the fuck.
Corey,2025-01-19 01:24:33+00:00,I mean I would rather see this then a Cameron TT live
TikTokJimin,2025-01-19 23:11:46+00:00,"TikTok has changed the way it counts '#s from views to posts.  
Remember that engagement is more important than how many post you can have, although consistency helps the algorithm get your videos more viewed.

We don't know if this update is temporary or permanent yet.

Let's go for more videos and interactions to improve those numbers again."
JIMIN_SWITZERLANDMUSE,2025-01-19 23:29:33+00:00,Thank you
TikTokJimin,2025-01-19 23:35:22+00:00,Thanks to you
ˡᵘʸᵒ 지민¹³ ˢᵠᵘᵃᵈ ᶜᵃᵗˢ,2025-01-20 01:43:30+00:00,Thank you TiktokJimin. Do you know if you have a friend InstagramJimin? Because I think we need someone as dedicated as you on that app.
南雲 ルナ,2025-01-16 09:41:01+00:00,"TikTokライブ、やっとBAN解除されたからまたたくさんやる！！！

みんなきてね！"
凜,2025-01-16 10:01:35+00:00,BANBANざい
Auron MacIntyre,2025-01-17 18:14:47+00:00,"When I taught cell phones were a scourge, you spent your entire time trying to get the students to put them away 

The school eventually banned phones, not because they hindered learning, but because several prison riot-style fights were recorded and leaked to the press"
VDARE,2025-01-17 22:08:39+00:00,"A while back, Nick Kristof wrote ""If Only There Were A Viral Video Of Our Jim Crow Education System"".  But of course, there are lots of them. https://vdare.com/posts/nicholas-kristof-nyt-if-only-there-were-a-viral-video-of-our-jim-crow-education-system…"
Nathan Blodgett,2025-01-17 19:23:35+00:00,He tried to warn us.
Steve Stevenson,2025-01-17 18:23:04+00:00,At least half of them will be reenacting this at their 5 year reunion in a state penitentiary
Clementine Bayswater,2025-01-17 18:33:23+00:00,Why do we exert so much effort and spend so much money forcing kids into school who have no interest in learning? Compulsory education laws have some serious downsides.
Dundreary,2025-01-17 19:46:53+00:00,"I guess the students at predominantly white and Asian schools don't have smartphones, because the videos I see every day on X are exclusively of non white and non Asian scholars running amok...except perhaps for a random white or Asian victim."
Midas Mulligan,2025-01-17 20:58:54+00:00,"I was there. The argument started between the members of the physics club and the members of the math club, each one asserting that his respective discipline was superior to the other's. That was seen as an act of disrespect that simply could not be tolerated"
Bill Whorton doesn’t think you’re here to hunt,2025-01-17 18:34:17+00:00,"I graduated in 1996 from a public school in a fairly nice area, and events like this between young men from rival housing projects were if not common at least not so unusual as to arouse much interest. Adding floor-to-celling gates at chokepoints didn't change anything."
The Lighthouse Keeper,2025-01-17 18:19:51+00:00,Civilisation really is incommunicable.
Gabe the Austro-Arabian Autist.,2025-01-17 18:34:28+00:00,The internet revealed that our institutions are so poorly mismanaged that's its beyond embarrassment.
Brad Barnes,2025-01-17 20:32:15+00:00,Lol those screams are evocative of something
Lost Boy,2025-01-17 18:30:44+00:00,"my daughter gets to have a cell phone in her HS but then again, it's an all white private school, they learn shit there"
Permian,2025-01-18 12:12:45+00:00,Liberal white female lawyers perpetuate this system
JamesDeanThe3rd,2025-01-17 18:24:57+00:00,Pattern recognition is the first sign of intelligence
Tpatrick088,2025-01-17 22:19:29+00:00,This is why I am apprehensive of saying no cell phones in schools.  Schools won’t/don’t tell parents when these things happen. We need discipline and behavior issues dealt with in schools. Bring back consequences and accoutability. These incidents are becoming more frequent.
Lost Boy,2025-01-17 18:20:25+00:00,mace fixes this
Sean Waters,2025-01-17 18:24:09+00:00,Looks like a prison
sitedownrightnow.com,2025-01-17 18:25:19+00:00,Savage gorillas.
FishinFool,2025-01-17 18:22:26+00:00,Dumb white chick walking through the middle filming is the perfect representation of American culture
Goban the Barbarian,2025-01-17 19:43:12+00:00,"If it wasn't for the accursed things, most of the bad stuff people have been talking about would be still in the realm of ""Conspiracy Theory"". Now everyone gets to see them in their natural habitat."
CJ Holder,2025-01-17 19:44:00+00:00,It's the women and their excited screaming which fuels this. POC need sex segregated education.
Rico,2025-01-17 18:25:11+00:00,Auron teacher lore
Benjamin Gutierrez,2025-01-17 18:25:22+00:00,Nigga moment
Räuber Schniffchlau,2025-01-17 20:22:44+00:00,Magic dirt theory takes another massive hit
Baron Joe von Zoidberg of Shropshire,2025-01-17 22:10:11+00:00,"The first camera phones hit the market just as I finished highschool, the video they recorded was awful. If modern camera phones had been around when I was in highschool a lot of us would be in prison..."
Mark Robinson,2025-01-17 22:17:42+00:00,School=Zoo
Still Thinking,2025-01-18 08:17:18+00:00,"Many schools are designed by the same firms that design prisons. Don’t think for a minute, that’s just one big coincidental oversight."
Ryan,2025-01-17 18:21:40+00:00,Imagine living like this
Ota Stehlík,2025-01-17 18:22:55+00:00,"When I said 'schools are prisons for children', I didn't quite mean it like this, lol."
Lugo Rights,2025-01-17 18:28:36+00:00,Ooc were you on the left when you were a teacher and the environment at the school pushed you rightward? I've heard that arc plenty of times
Zackary Shane,2025-01-17 21:16:21+00:00,This might be a literal prison riot
Vault Dweller,2025-01-17 21:19:41+00:00,"Watching this video, it seems to me that BLACK phones are a the problem."
herniated discus,2025-01-17 22:18:47+00:00,Worldstar!
Buck3eighty,2025-01-17 22:53:53+00:00,Feral.
Mike,2025-01-17 23:06:05+00:00,How’s their math and science scores?
Giants talk,2025-01-17 23:13:17+00:00,One thing nobody talks about is what %  of the kids in that video live in fatherless homes.
Anti-Hatred Network,2025-01-17 23:29:51+00:00,We should not allow any smart phone for persons under age of 16
Inertiatic,2025-01-18 03:52:34+00:00,Why are white kids there?
Inertiatic,2025-01-18 03:55:22+00:00,Money. Public ed is factory farming for kids. They get fed money. Kids arent expelled anymore either.
Bliobleheris,2025-01-18 07:39:14+00:00,#AbolishGovermentSchools
Norge Gorgeous,2025-01-18 08:37:36+00:00,I wasn’t in high school THAT long ago and the idea of students having phones out or headphones on was literally unimaginable. It was a big deal getting caught with them and required your parents coming to pick them up
DARK 𝔐𝔉 𝔇00𝔐𝔄ℜ,2025-01-18 09:13:02+00:00,I think it's hilarious we force black kids against their will to learn math and science
The Cheese Man,2025-01-18 15:34:59+00:00,"You realize that's worse, right? Keeping fights secret?"
Christian Greene,2025-01-18 16:47:21+00:00,I guess you didn't teach English punctuation.
Ｊｏｓｉａｈ,2025-01-18 18:10:06+00:00,"If only the school offered a free 2nd breakfast, they'd all be as chill as hobbits in Hobbiton."
Ferengi Financial,2025-01-18 18:20:00+00:00,"We can't act surprised about this, many warned this would happen."
Sotonmush2,2025-01-18 19:03:19+00:00,"In one lesson today, I took 7 phones off students in the first 15 minutes (I'm surprised they gave them to me tbh.) After that I pretended that I hadn't noticed the others on theirs"
Rob Walker,2025-01-19 12:09:25+00:00,"But, you know, we gotta tear down a statue of a founding father rather than fix this nonsense"
Jo turner,2025-01-21 19:28:50+00:00,Is Domestication possible?
Theresa,2025-01-17 22:25:12+00:00,"I was bullied in school, attacked, feared for my safety in HS from 3 fat Jewish girls from Queens. Not joking. Stayed near Brooklyn girls, blacks & Puerto Ricans (DeeDee). That was in the 70's. I'd NEVER go to school now. That ppl aren't keeping their kids home, homeschooling..."
Mary Young,2025-01-18 23:45:46+00:00,Gov. Gretchen Whitmer still uses TikTok despite ban for federal employees #NewsBreak https://newsbreakapp.com/n/0qniFCT7?pd=0Evdv2aR&lang=en_US&s=i2&send_time=1705621540…
Bushra Shaikh,2025-01-15 14:40:52+00:00,"They're going after 
@GaryLineker
 now labelling him as an anti-semite but we've got his back.

Russia was banned in 2022 since the country's invasion of Ukraine. So why the drama over Israel who should follow the same suit."
Paul Welsh,2025-01-15 17:03:32+00:00,"You would have his back because you are both antisemitist, and racist. We all see you for what you are."
Andrew Hart,2025-01-15 14:46:07+00:00,because the analogy is not Russia but Ukraine!
Fitzy. THFC,2025-01-15 15:27:14+00:00,Because Russia invaded Ukraine and started a war. Hammas declared war on Isreal. And don’t give me a history lesson about what happened in years gone by. This wouldn’t be happening if Hammas hadn’t attacked Israel in October. Hammas sentenced its own people to death.
GGTH,2025-01-15 15:40:08+00:00,"Perhaps 
@GaryLineker
 could demand Hamas to surrender?"
Nick Bailey,2025-01-15 14:47:00+00:00,Ban the Palestine team too then.
Dave,2025-01-15 14:54:40+00:00,"The point that is always lost, is that the BBC is supposed to be neutral (yeah I know ) , this is the problem with what Gary Lineker says, as he is one of the BBC's highest paid employees and constantly breaks their own rules !!"
ezza,2025-01-15 16:00:38+00:00,"Sorry, was Russia retaliating against Ukraine aggression? Next."
mark jennings,2025-01-15 18:01:17+00:00,"Interesting…. I heard you on GB news a while back, when they still loved you, criticising the wonderful Gary for being woke! Now he suits your narrative. Once again u are so hypocritical! Shameless"
Suse,2025-01-15 20:40:32+00:00,The coward deleted his re-tweet.
Allan,2025-01-15 15:36:37+00:00,"They were after Lineker long before this
He's a plonker of gargantuan proportions 
An ex footballer that believes he's an intellectual genius
And a self righteous numpty
Let he or she who is without sin cast the first stone"
MrBrexit,2025-01-15 17:53:24+00:00,Ohhhh you’ve got the twats back have you
slingshot,2025-01-15 16:02:21+00:00,"hamas+russia are terrorists, so don't act victims"
Yaira Jehudit,2025-01-15 17:08:34+00:00,Support Muslims omg
LazeeBones,2025-01-15 17:51:29+00:00,Was Ukraine banned?
That Crypto Nerd,2025-01-15 17:53:48+00:00,
Hadrian,2025-01-15 18:14:36+00:00,"“…follow the same suit’
Those English classes aren’t working out, are they?"
Lucy,2025-01-15 19:11:41+00:00,"The same people wanting him sacked are the same people waiting for the ""Leftie Meltdown"" when Farage went into the jungle."
Lisa,2025-01-15 21:53:51+00:00,When an antisemite's got your back
Tripolitanian,2025-01-16 04:08:44+00:00,#IStandWithGaryLineker
Hassan Tawfiq,2025-01-16 05:05:47+00:00,Separate sport from politics. No country should be banned from any international sports.
Deus Vult,2025-01-16 06:58:30+00:00,Ukraine didn’t send terrorists into Russia to massacre women and children.
More Random Advice(Dino Accredited),2025-01-16 10:47:29+00:00,Always on the side of hatred aren't you sweetie!
Herr Prof Dr Ing Wolf Graf von Mongoose,2025-01-15 15:01:10+00:00,Did Ukraine attack Russia?
john,2025-01-15 15:04:26+00:00,"Because Hamas attacked Israel, leading to the invasion

Ukraine did not attack Russia, totally different situations"
JustSaying,2025-01-15 15:31:57+00:00,A nobody says she's got his back.
Stevuck,2025-01-15 14:46:12+00:00,Lineker is a nutter. Who would've thought his brother Wayne was the one who made more sense
"Rich ""King"" Sanderson (Stunning and Regal)",2025-01-15 15:16:20+00:00,"Russia wasn't banned in 2014, was it?

Also, Russia had not been invaded by a group of Nazi terrorists who were intent on killing as many as they could (i.e. genocide) before they were stopped.

Israel, like Ukraine, was invaded by genocidal fascists."
Fruitfly,2025-01-15 22:50:59+00:00,Its called hypocrisy and double standards on a collosal scale because he doesn't bow down to their genocide worshipping narrative
Phil Prange,2025-01-15 15:54:00+00:00,"Ukraine was attacked. 

Israel was attacked. 

You are a Jew-hater."
JP,2025-01-15 20:18:58+00:00,"Russia invaded Ukraine.  Hamas invaded Israel.  Is there something about this you don't understand?  Of course, you being an antisemite, you will take the side of another one, Lineker."
ATG,2025-01-15 16:24:28+00:00,"russia were banned for starting an illegal war, ukraine were not banned because they have the right to defend themselves ... so Palestine should be banned and israel should not if you follow the same logic"
Ian Clarke,2025-01-15 16:57:45+00:00,"Sack him. 
@DefundBBC"
RubberDuckie,2025-01-15 18:13:08+00:00,"Ukraine didnt charge in to Russia, kill 700 people in 2 hours then post videos cheering, singing and dancing about it while spitting on dead corpses and transporting women about to be gang raped. 
Hope that clears up the difference for you"
Universe 25,2025-01-15 18:16:07+00:00,"The founder of 
@RunRacismOut
 showing her racism."
Long Live Palestine,2025-01-15 20:15:54+00:00,Western double standards! Sick and tired of the west!
Franklin21,2025-01-15 20:34:52+00:00,Pro Palestine  woke left
@Pedro,2025-01-15 20:37:44+00:00,"The same thing with the UK &  US in the Iraq war , we saw no sanctions or banns . These rules work only on Muslim countries and the ones that don't share Western terrorist corrupted so called  values"
EUHasFailed,2025-01-15 20:39:10+00:00,Anti-Semites sticking together.
Mindaugas Svedas,2025-01-15 21:17:42+00:00,"https://x.com/elikowaz/status/1746952986385953237?t=dEsq6TDcUGU_fcnfeYDVOg&s=19…
Simply because of this.
Ukrane didn't invite first and take hostages"
aranjude,2025-01-15 22:11:32+00:00,Not comparable
DrWhippet,2025-01-16 01:26:30+00:00,On that logic it's only Hamas banned from football.
Taliho,2025-01-16 00:43:54+00:00,"If you don't care, than I pity you."
zhk,2025-01-16 03:04:43+00:00,"It did not start on 10/7, that argument doesn't work anymore!"
zhk,2025-01-16 14:47:04+00:00,Israel is acting worse than savages!
zhk,2025-01-16 15:18:07+00:00,O we know that they're monsters and criminals! That's why they're in ICJ
zhk,2025-01-16 17:00:23+00:00,"Sadly, I agree  I wish there were more people trying to stop them"
Taliho,2025-01-15 23:35:17+00:00,"I assume you were deaf, dumb and blind prior to October the 7th 2023. Go and see how much Israel have harassed and killed Palestinians. Do me  and everyone else a favour, don't bloody embarrass yourself."
James elsender,2025-01-16 08:43:00+00:00,Russia attacked Ukraine 'Russia aggressor' hamas attacked isreal 'hamas the aggressor' I no you thick bushra but come on
Hipscrew,2025-01-16 08:50:30+00:00,You’re a racist cunt! Who gives a fuck you support another cunt!
wablopablo,2025-01-16 09:16:36+00:00,"Because Israel’s actions aren’t compatible with Russia’s you plank! One is the aggressor, the other seeks to protect its citizens. Stop with the lies you grotesque toad!!!"
Karl Scott #StandUp4Brexit #ReformUK,2025-01-16 10:06:13+00:00,"Because Russia is the antagonist, Israel is the victim"
John Martin,2025-01-16 10:35:30+00:00,You stand with terrorists you stand with nazis
RoRoTV,2025-01-19 20:59:30+00:00,Après 4/5 mois d'absence total sur YouTube. J'en ai profité pour re tenter l'aventure sur Tiktok (compte ban 120k) Il y a énormément à dire! Après qq mois seulement je suis déjà à 37k et 79k sur mes 2 comptes. Je gagne un smic par mois et je suis très loin devant Ytb.
RoRoTV,2025-01-19 20:59:34+00:00,Je dépense bcp moins d'énergie pour un retour temps/bénéfice bcp plus important. Je suis entrain de travailler une 3ème chaîne sur le thème du foot rdv dans qq mois pour les résultats. Bien évidement à côté je travail pour avoir un fixe et subvenir aux besoins de ma famille.
RoRoTV,2025-01-19 20:59:36+00:00,Je parle seulement de ce qui m'intéresse et me passionne pour une vision long terme. Honnêtement vous devriez tenter l'aventure vous avez tout à gagner et rien à perdre! Aucun regret.
RoRoTV,2025-01-19 20:59:38+00:00,"Pour conclure si je peux me permettre de donner un conseil. Je suis sur YouTube depuis fin 2018 (ancien compte 11k ban par fake toei). En me mariant et ayant 1 enfant, j'ai compris combien la valeur du temps était précieuse. Toutes ces aprèm devant des animes et en montage [1/2]"
RoRoTV,2025-01-19 20:59:40+00:00,Alors que j'aurai pu + profiter de ma famille. Ce que je veux dire c'est que si il n'y a pas retour sur investissement (temps dépensé qui ne reviendra jamais)  alors il faut se poser les bonnes qst pr mieux rebondir! [2/2]
O𝕏 D. WILOF,2025-01-19 23:03:55+00:00,"Vraiment j'aime trop ce genre de retour c'est une dinguerie tu régale 

Dis moi tu poste combien de vidéo par jour sur tes réseaux ?"
RoRoTV,2025-01-19 23:11:24+00:00,"1 par jour et dans le meilleur des cas 2 mais c'est exceptionnel. Chaque vidéo j'en ai pour 5min max entre ""l'écriture"" tournage et montage donc très très peu de temps pour mettre ça en ligne"
Kenbun,2025-01-19 21:05:30+00:00,"Bien joué bro c'est mérité et ça fait plaisir de voir ça, lâche rien et profite des tiens"
RoRoTV,2025-01-19 21:27:21+00:00,Merci frero! Quand je reviens sur ytb/twitch faut absolument on se fasse ce live!
𝕄𝕚𝕝𝕒 |Lisez Boruto|,2025-01-19 22:09:00+00:00,Vraiment bravo à toi et j’aime beaucoup ce que tu fais sur tiktok.
RoRoTV,2025-01-19 22:11:44+00:00,Merci frero ça fait plaisir !
lucas lemonnier,2025-01-19 21:09:17+00:00,Tu reprend quand sur YouTube ?
RoRoTV,2025-01-19 21:27:57+00:00,Dans 1 mois! Je déménage dans 2 semaines à partir de la je met en place mon setup et lets go
DragoonWolf69,2025-01-19 22:06:39+00:00,"Bravo, tu le mérites sincèrement frérot et c'est quoi le thème sur tes 2 comptes TikTok ? Faut nous partager les liens."
RoRoTV,2025-01-19 22:08:29+00:00,Je parle d'actualité frero viens dm bg
Yass Kozukii,2025-01-20 02:31:32+00:00,Mashallah ta pas mal de vue je me suis abo au compte
WillDay,2025-01-19 21:09:33+00:00,"Wesh je savais pas t’étais sur TikTok, partage les liens frérot !"
Je Fonce,2025-01-20 21:33:01+00:00,Gg
RoRoTV,2025-01-20 00:46:43+00:00,Explique bg
Pete Alonso Meatrider,2025-01-18 21:23:12+00:00,He had covid like 2 weeks ago I think he's gonna be OK dude
Tadhg,2025-01-19 11:47:25+00:00,"Content removed from 
@tiktok_us
, shadow bans by 
@Meta
, warnings & restrictions on 
@YouTube
. 

It seems there are more repercussions for those satirising war crimes than for those committing them."
Tiberius,2025-01-19 12:12:09+00:00,Capitalism and imperialism:
Fahad Munawwar,2025-01-19 11:49:31+00:00,This..
Colm Kavanagh,2025-01-19 12:56:07+00:00,Paper is worth more than people
#CrushZionism,2025-01-19 13:02:05+00:00,This tells you everything about the current global order. Its seemingly virtuous stance is just a facade. It built upon lies and propaganda.
Orla Murphy,2025-01-19 12:03:27+00:00,The western world is being run by zionists. I despair.
Angel with Gaza,2025-01-19 11:51:07+00:00,My old account is shadow banned - it is invisible for any search or list. and i only have 500 followers. Totally ridículos.
Plantyathome,2025-01-19 11:57:07+00:00,"I'm of the opinion there's no real free speech, democracy is an illusion,the powers that be are running things for their benefit in spite of the population and planet"
Brian o Donovan,2025-01-19 12:27:27+00:00,The irony is there to see
Richie McCormack,2025-01-19 13:12:33+00:00,You must be cutting fairly close to the bone if you are pissing them off like that. Fair play to you for calling them out on their own actions.
meskunusukun,2025-01-19 11:51:15+00:00,These platforms are responsible for silencing the righteous and acquitting the guilty. The price for this has been paid to them in advance.
TSS300,2025-01-19 12:02:23+00:00,That means you ve really done it now xD
jose.,2025-01-19 12:11:00+00:00,"I was frustrated and traumatized when I faced same last week because my account were filled with memories which I couldn't afford to loose, till a friend told me about 
@bobbtech
 on Instagram and how they assisted,I tried their service and it worked out perfectly"
Superloop - Free Palestine,2025-01-19 12:30:27+00:00,"Have you tried using inverted commas around Zionism, Israel.etc? Could get around it and they're fake anyway"
haf_saa-adige,2025-01-19 12:37:34+00:00,
ConnellyJ,2025-01-19 13:38:00+00:00,Yyyeeppp.
Helen Mulholland,2025-01-19 13:49:12+00:00,They're all in cahoots with the genocide enablers!!
Bernadette,2025-01-19 14:52:38+00:00,Genocide in progress
jj79er,2025-01-19 17:00:11+00:00,Just wait until we have hate speech laws......
Banjaxed,2025-01-19 19:17:13+00:00,Not if ye were satirising the Palestinians.
phillymac,2025-01-19 21:26:21+00:00,Keep up the great work Tadgh.
Sumud,2025-01-19 23:12:50+00:00,"The martyr of the Palestinians always was an  opener. Now the gloves are off .Them vs Us. Not  vs  but we, the people that want peace freedom and respect for all sentient beings vs the elite monsters that want our annihilation, that want to make us slaves."
Hodhod,2025-01-19 23:20:59+00:00,"You’re a noble man Tadhg, be proud and stay strong"
Dk,2025-01-20 01:13:46+00:00,"Ain't that the truth! Keep up the good work, absolutely love your palestine skits."
moh ali,2025-01-20 09:20:48+00:00,True they are crime partners
Gerbil,2025-01-20 10:19:19+00:00,Even I was shadow banned.
Alison Bancroft 'degenerate communist' apparently,2025-01-20 11:06:51+00:00,FFS!!!!
Eugene,2025-01-19 14:08:13+00:00,for Blood Spattered Banner?
Tadhg,2025-01-19 14:09:25+00:00,Yeah and others
CELTICFM,2025-01-19 12:06:03+00:00,"We’ve been shadow banned for a few years! 
Mysterious unfollowing of us and by us.  
Let’s just say 
Many working at all social media cos have loyalties elsewhere, let alone their boards … 
Evidence of who pulls the strings in the shadows … 
Keep making satire!"
۸۰۴ قیدی نمبر,2025-01-19 12:24:32+00:00,Keep raising your voice for innocent
Go fáilte yourself®,2025-01-19 17:20:09+00:00,Got this shit today myself....
WhoCares,2025-01-19 11:51:10+00:00,"We lost this battle we we allowed Donald Trump ban to go through, freedom of expression should be protected at all costs unless it's direct attack and racism"
Mohammed Alqudah,2025-01-19 11:55:20+00:00,"Fake free speech
Fake democracy
Fake justice"
Gaeul,2025-01-19 12:11:17+00:00,"I thought I was the only one who got false banned, seriously it’s very frustrating like wtf are you guys banning people for?? Forget about them they don’t respond contact #BOBBTECH on Instagram he helped me unban mine am sure he will do same for you."
jinni.,2025-01-19 12:11:26+00:00,"Contact #BOBBTECH on instagram he helped me unban my account when I was constantly getting banned, after he unbanned my account I haven’t encountered any ban you should also contact him"
paul,2025-01-19 12:44:41+00:00,"Ever think it's because you spread complete bullshit misinformation which is against the policies of these platforms, written by folks much more in tune with the conflict that someone like you who solely consumes Al Jazeera, and recently I saw the Hezbollah affiliated website"
tony,2025-01-19 13:20:09+00:00,"How can you want to make satirical sketches about war crimes. Laughing at situations where people lose their lives. Freedom of speech is right, when you want to joke about loss of life for monetary gain, you need to question yourself and your ethics."
Carol P.,2025-01-19 17:09:34+00:00,"Look up Sincerely Awa on TikTok they are giving tips to help us while we repost,save n engage #FreePalestineFromIsraeINOW"
Fadwa,2025-01-19 20:09:34+00:00,"What can we do with the zionists that control what to publish and what ti shadow ban?! 
Any legal action"
Goodi,2025-01-20 00:29:26+00:00,"It is utterly ridiculous and pathetic that they are so terrified of the TRUTH

The more we speak up the more they search for ways to silence

We shall NO longer be Silent 

The WORLD IS AWAKE"
Muser Bueni,2025-01-20 15:02:23+00:00,"The holy book of Semitism concept:

This concept is superior to all human values.

An anti-Semite is infidel.

Israel is the idol of this concept.

Anyone showing any kind of opposition to this concept or its idol will be intimidated.

Laws must serve it regardless of democracy."
Pete Alonso Meatrider,2025-01-19 20:51:32+00:00,"We have vaccines, immunity, and treatments FFS why are these people so adamant on pretending it's April 2020 in Manhattan https://t.co/AVTcGo9ob9"
Kambidhi Seppalä,2025-01-19 14:52:41+00:00,Ban all the  old white men from staying in this country they are disturbing our  girls  shuu there by tiktok is hectic
MEKKE/KENALEMANG,2025-01-19 19:00:33+00:00,They look like they closer to death
ʕ”̮ॽु,2025-01-18 13:12:38+00:00,"hanbin being out in a tiktok ban because they ended their ""crush"" promo period

I hate that company so much"
Pete Alonso Meatrider,2025-01-30 04:15:16+00:00,Yeah there's no way this ends up working
Hala Bughazi,2025-01-30 19:49:05+00:00,Some IRS employees still access TikTok despite ban on government devices https://tcrn.ch/3UkmYEY
Las Vegas Locally,2025-01-30 23:12:47+00:00,Nevada Attorney General Aaron Ford has filed a lawsuit against TikTok.
Las Vegas Locally,2025-01-30 23:27:05+00:00,"...Snapchat, Instagram, Facebook, and Messenger too"
Mrs. SpaceX,2025-01-30 23:16:18+00:00,"Great, so let’s all just start suing everyone. Any takers for starting a lawsuit against 
@GM
 and Mary Barra for wrong statements of being the leader in EV endorsed by the White House?

$TSLA"
Mrs. SpaceX,2025-01-30 23:15:20+00:00,
vegas local,2025-01-30 23:43:25+00:00,Why doesn't he work on the safety of the community
Taxi Guy,2025-01-30 23:22:18+00:00,TikTok should be banned in Nevada.  Been saying that since 2018
Seth Yudof,2025-01-30 23:15:05+00:00,Because the dances are too hard for him to do?
intricateone,2025-01-30 23:21:25+00:00,Shut tik tok down China
Ft calls,2025-01-31 00:36:04+00:00,Vegas should worry abt the trash all over the city and homelessness dt
Ligma Azzcrack,2025-01-30 23:36:18+00:00,This from a convicted criminal and has a son that beats women. I spit in his face.
Ron Clark,2025-01-30 23:28:06+00:00,Tik Tok is already illegal in the state of Montana.
Adam,2025-01-30 23:29:11+00:00,There has been too much noticing. “Authority“ needs to cut back on the noticing.
gladys kravitz.,2025-01-31 00:49:01+00:00,At least he has balls unlike the Gov Lombardi o
The Unreal NEO,2025-01-31 03:46:50+00:00,How are we going to see the aliens?
William Lane,2025-01-30 23:17:21+00:00,He'll lose. Duh
Vegas Yankee,2025-01-30 23:19:16+00:00,"TikTok must have some dirt on Aaron Ford. Ok , off to TikTok"
Chris Rothenberger,2025-01-31 00:34:28+00:00,Fine. Now do the Fountableu for those nachos!
Vegas Thoughts,2025-01-31 06:17:23+00:00,This will ultimately result in a request that the state get to decide what we can and cannot view.
VictorReyes,2025-01-30 23:17:05+00:00,
Rae Jay,2025-01-30 23:31:57+00:00,"Do something about China and their business practices, not America's right to use an app. I appreciate what you are trying to do, but I think you're going about it wrong."
Robert Shell,2025-01-30 23:40:29+00:00,For what
George Winston,2025-01-30 23:53:31+00:00,"Facebook, too.  What a joke."
dion labranch,2025-01-31 00:59:54+00:00,For why tho
Rusty,2025-01-31 01:08:28+00:00,Parents responsibility
DUCKSWOLF,2025-01-31 01:28:41+00:00,What a pussy
MF 'Whoppy Toppy' DOOM,2025-01-31 02:13:19+00:00,"But not Twitter, eh?"
Thomas Martin,2025-01-31 02:40:19+00:00,Why Tim Tok  they can’t control and censor.  Free speech
Janice Stroud,2025-01-31 02:41:24+00:00,In general I’m against curtailing expression of Free Speech.
Nathan,2025-01-31 02:59:40+00:00,"Such a waste of money 
Focus on our veterans and other important things.  
Nothing wrong with tic tok"
"JBreeezy, lts Opening Weekend",2025-01-31 03:41:20+00:00,Wow. This D acting a bit like an R.
alaskanmike,2025-01-31 05:27:36+00:00,"Good luck with that, is it an election year?"
T.L Bugg,2025-01-31 07:06:58+00:00,"Yeah, tiktok, Rock and roll, horse less carriages, and women in pants are ruining the youth."
Mia R. Rios,2025-01-31 14:45:07+00:00,he needs to take action on why the gas hills have tripled !
damage jack (richard p),2025-01-31 15:22:52+00:00,"How soon we forget that it was just this last July that Ford hauled in the $1.1bn Walgreen settlement. That case and the $196m win vs Teva tracked independently from other state opioid actions. As a result Nevada won big, per capita bigger, moving the needle, one might even say."
The Social Decay,2025-01-31 16:35:58+00:00,Waste of time. What happened to parenting? Letting the parents decide what’s good for their kids? An individuals freedoms? How about making safe places that are affordable and engaging for kids to go and hangout at instead?
DiRTY,2025-01-31 21:29:29+00:00,children should not be on social media
Henrietta,2025-01-31 00:04:45+00:00,Literally crooked people running Nye County since forever  & boss man is going after TikTok?
Sen. Marsha Blackburn,2025-01-24 20:04:57+00:00,"Tennesseans do not want Communist China to set up shop in our backyard. TikTok’s parent company, ByteDance, is tied to the Chinese Communist Party by strict laws in Beijing that force companies to hand over users’ personal data."
Sen. Marsha Blackburn,2025-01-24 20:04:58+00:00,TikTok’s collaboration with China-based ByteDance all but confirms they are surrendering millions of Americans’ personal information directly into the hands of the Chinese Communist Party.
Sen. Marsha Blackburn,2025-01-24 20:04:58+00:00,"This is not only a violation of user privacy, but a tremendous threat to our national security. We do not want TikTok operating anywhere in the United States, especially not in our state."
The Southern Lib,2025-01-24 20:30:13+00:00,"Trump took millions from the CCP while in office. Yet you support him. 

You are a MASSIVE fraud."
Susan Debevec,2025-01-24 20:06:18+00:00,Real shame that a US Senator has no credibility.
Donald J Corleone,2025-01-24 21:07:14+00:00,Go away...
Graham Rowley,2025-01-25 00:00:45+00:00,Marsha supports a convicted Rapist for President!
Tommy Bubble,2025-01-24 20:10:29+00:00,China should own nothing in the United States.  Period.
sam jones,2025-01-25 15:10:15+00:00,Where are the Epstein flight logs???
J Smith,2025-01-24 20:05:37+00:00,Congress needs to ban Tic Toc.
kizziet,2025-01-24 20:32:12+00:00,"Marsha, What are your thoughts on the Kari Lake bribery scandal?"
Denise Mitchell,2025-01-25 01:25:14+00:00,You have no clue what Tennesseans want because you never talk to us.
Scott,2025-01-25 02:37:31+00:00,Communist China has camp at Mar A Lago
Chris Dyer,2025-01-25 12:47:21+00:00,"So are most of US politicians but you ain't yappin' about that or trying to ""fix"" that.  You people just fix shit that doesn't matter so you have something to lie to the people about. You think passing more laws is a ""successful"" session or career instead of  individual freedom"
mubei墓碑,2025-01-24 20:29:10+00:00,"Dictators from around the world admire Xi Jinping as their role model. With CCP's assistance, they are constructing undisclosed military bases near the US and worldwide. Shockingly, the US is unaware of 80% of these facilities.
CCP≠Chinese! CCP≠China!"
Claudia S. Nichols,2025-01-24 21:03:16+00:00,They have also bought up industry in my small hometown. Sickening
Sande Freundlieb,2025-01-25 01:43:31+00:00,
Mercedesdallas,2025-01-25 05:48:53+00:00,"Arkansas just announced they will be sending help to Texas, why aren’t we helping also?"
Margie Baker,2025-01-25 14:59:28+00:00,"We don't want a dictator, but you are supporting one"
Jay Desiderio,2025-01-25 15:29:42+00:00,So what’s your plan?  Do you have a bill ready to solve your perceived problem?  That’s why you’re in the Senate.
Mirali,2025-01-25 06:41:44+00:00,This what you're supporting you chumps? @Pontifex x.com/ShaykhSulaiman…
joel,2025-01-25 09:53:22+00:00,You're absolutely right senator Blackburn. I'm so proud to have you as a senator! You help so much with VA claims. Your Knoxville office found my Fort Bragg records from 1981 after the VA said they couldn't be located for 3 years!
Just some more BS,2025-01-25 15:32:05+00:00,Right on time again Marsha.  We already did this bytedance crap.  ITS PUTIN STUPID!  But you're cool with that aren't you?
Mary,2025-01-25 17:10:10+00:00,No they just want to be able to shoot Homeless Vets and Rig the next election by voter suppression
Emily Mason,2025-01-25 17:29:49+00:00,"That is a complete lie. Besides, who cares? US companies already have data they will sell to them."
Joe and his dogs,2025-01-25 19:03:23+00:00,"Actually, you do, Marsha . Your support of trump proves it ."
Midtenndore,2025-01-25 19:25:28+00:00,Marsha. You don't speak for Tennesseans!
Antonia Lee Donnelly,2025-01-25 19:33:08+00:00,Donald Trump was lining his pockets with Communist China's money while he was the president. He probably held the gate open for them.
Mike Montgomery,2025-01-25 20:38:18+00:00,Did you X this on your CCP made iPhone?
jame,2025-01-31 22:43:00+00:00,"I don’t know how to tell you this Marsha, but TikTok has had an office in Nashville for years"
Christopher Allen,2025-01-25 04:48:01+00:00,Do you even know where Tennessee is?
al.x.t,2025-01-25 05:42:59+00:00,Then it's a good thing that Donald Trump doesn't live in Tennessee...
Blazin4U,2025-01-24 21:14:57+00:00,This news is several years old Marsha
GTRTaz,2025-01-24 21:21:40+00:00,"Why would the ""Troops"" support Republicans<??

Republicans  Always have $$ for Military hardware but:

When the ""Troops"" come home...

Republicans lose their ""Check book"">???"
Joe Smith,2025-01-25 20:16:14+00:00,"Hey, we illegals don't need ID to ride a plane.. why to vote??  Voter fraud you say.. well, I am sure if we vote correctly, the punishment won't be much.. or the locals won't turn us in.. and hard to prove.. and all that.."
Russell Lange,2025-01-25 03:48:48+00:00,"Israelis on TikTok mocking Palestinians who have been bombed constantly for more than 3 months. 

When Zionists show you who they are, believe them."
AKhan,2025-01-25 06:45:10+00:00,Don't our media companies do the same as well...give our personal information to the government?
Texas Veteran,2025-01-25 14:40:34+00:00,The Tennessee Republican Party of China - wow. Mishijo..
Maida Sault,2025-01-25 02:55:37+00:00,Let's talk Russian payments to congressional members...
Bowerick Wowbagger,2025-01-25 00:00:53+00:00,Do you not want good jobs in Nashville?
Brandi,2025-01-25 00:44:47+00:00,"You know what sucks? You lie so damn much that I can't believe a word you say - EVER. Just resign already and let us have a Senator who actually cares about truth and constituents. Everybody in TN who has a functioning brain will 
@VoteGloriaJ
."
wilsom,2025-01-25 02:14:22+00:00,Epstein and Matt Gatze?
Patrick Norton,2025-01-25 02:34:48+00:00,Democrats calling on Biden to send in the Marines F16 jets and strike dissidents in Texas. While Congress/Senate temp funding just included hundreds of millions for migrant transportation to both S. and N. border.  We funded Hamas
LeylaL,2025-01-26 04:53:39+00:00,Do you have any idea how many people in TN use Tik Tok? And how many use it as a revenue stream and pay taxes on said money? Nashville is FULL of influencers. Get over yourself.
LeylaL,2025-01-26 04:57:43+00:00,"You live in your Brentwood home, totally out of touch with the rest of us. Pls stop.  Have a seat."
,2025-01-24 01:00:10+00:00,"Seven (explicit ver) and 3D (original ver) was banned from kbs. 

jungkook's seven really got people mad and it shows, oh seven the hit you are"
zerohedge,2025-01-30 13:20:13+00:00,"TikTok said it has spent $1.5 billion building an operation intended to convince U.S. lawmakers that the popular video-sharing app is safe.: WSJ

That's a lot of spending on bribes, errr, lobbying and stuff."
Ash Paul,2025-01-30 12:04:35+00:00,"Are cigarettes already making a comeback? As a vape ban looms in England, traditional tobacco gets a TikTok rebrand to appeal to Gen Z-ers with 'Hello Kitty'-themed cases and tips for the 'prettiest packs' to smoke https://dailymail.co.uk/femail/article-13018281/vape-ban-cigarette-tiktok-rebrand-hello-kitty-themed-case.html… via #ElmiraTanatorova"
Duprii,2025-01-27 09:45:42+00:00,Lol this video wasn’t up on TikTok for more than 15 minutes before it got took down for abusive behavior but somehow all the bashing he did in his video is okay per TikTok standards?
ＡＮＲＩ,2025-01-27 11:13:09+00:00,TikTokライブbanされてたの戻った
かかか過(skeb募集中),2025-01-27 17:58:42+00:00,"垢BANされても本物って言われるの辛すぎる
2万4000人消えたのまだ苦しさ消えてないのに
そういう奴に限って投稿にはコメントしないし
やっぱクソだよTiktok"
George,2025-01-30 10:35:25+00:00,"I got a 24hour ban on 
@tiktok_us
 (SEA) for ""harassment and bullying"" this is due to me calling people idiots for trying to trick me into swearing or saying something bad in Thai

Within 5 mins of the appeal I was given live access back, glad to see this is acceptable by me"
NO CONTEXT HUMANS,2025-01-22 17:00:27+00:00,TikToker sentenced to 3 years in prison for blocking tramway traffic just to record a TikTok video.
Brigitte Gabriel,2025-01-22 02:28:01+00:00,"TikTok issued a strike on my account for posting about the need to move to paper ballots!

What happened to free speech?!"
Pop Flop,2025-01-27 17:00:41+00:00,| ‘Taylor Swift’ is now banned on the search bar.
Bar da Néia,2025-01-30 12:19:49+00:00,Eu amava o tiktok mas tudo que eu comento nos videos eles dão ban. Vai se foder
est.1997 (but spooky),2025-01-26 18:25:40+00:00,Allowed to have a full time job at 15 but can’t go on TikTok. This state is beyond saving. Also this will be near impossible to enforce.
kidult‍ (prod. by woozi),2025-01-24 00:34:34+00:00,"A parte, no nos engañemos, la bannearon no tanto por explícita, sino porque contra resta todos los esfuerzos del gobieron para que las mujeres se casen y tengan hijos, porque ya muy pocas quieren ser madres en un sistema social como el de ellos, solo necesitaban una excusa"
kidult‍ (prod. by woozi),2025-01-24 05:37:24+00:00,"Sí, soy conspiranoica"
Oyindamola,2025-01-21 17:29:50+00:00,DJ chicken goes live on IG after his TikTok got banned this afternoon. This Werey no fold one bit sha
Libs of TikTok,2025-01-23 18:21:57+00:00,"Remember when a 12-year-old girl was tackled to the ground by Hong Kong police for protesting? Well, it only keeps getting worse.

Jimmy Lai was arrested for daring to tweet about the protests and his anti-state news company was shut down.

Free speech doesn't exist in China. If we do nothing, then America will suffer the same fate."
星猫【hoshineco】,2025-01-30 06:20:39+00:00,LIVEがBANになってる期間って投稿もおすすめに載りずらいみたいなのってあったっけ…?? っていう心配で一生TikTokに投稿できない。。早くBAN終わってくれぃ!!
Jair,2025-01-29 11:52:34+00:00,MORE PEOPLE TO BAN ON TIKTOK #PinkFriday2 #BIGFOOT
萬代 宏樹,2025-01-28 10:48:27+00:00,"ベガルタ仙台からモンテディオ山形に移籍した2選手について少し話しましたので是非見てほしいな。
あくまで個人的な意見ですのであしからず。

#ベガルタ仙台
#vegalta
#モンテディオ山形
#montedio
#氣田亮真
#加藤千尋"
Matt Ocko,2025-01-29 19:20:38+00:00,"The only “political risk” of banning TikTok accrues its CCP overlords actively using it to sabotage America and our allies 

This isn’t hard - if you wouldn’t let Stalin run all three US TV networks in 1950, you’d ban TikTok"
Pete Alonso Meatrider,2025-01-29 21:57:09+00:00,We simply cannot let these people win. Everything comes second to beating these Republican monsters. It's an election year and the opposition are skinsuit wearing ghouls who want to dismantle decades of progress
Marika Mikiashvili,2025-01-30 22:44:00+00:00,"Anything that comes out of a hardcore authoritarian system is used as an asset to global authoritarian advantage. No other way.
Ban TikTok."
Trend Tracker,2025-01-21 13:33:56+00:00,"Twitch streamer Xtinct_OW has been banned from the platform, following an incident where they encouraged a 14-year-old streamer to stick their hand in a moving mixing machine."
kitty,2025-01-28 01:28:56+00:00,They done got his account banned from Tiktok-
Philip Grone,2025-01-27 23:34:55+00:00,Ban TikTok and its CCP spyware. Problem solved.
かんちゃん,2025-01-30 12:11:38+00:00,【卓球】TikTokが垢BANされたので、カウンター王子と練習します
chelsea,2025-01-27 17:21:07+00:00,"Sometimes I want to insult people in my comments but, Tiktok can ban my account so I just like the comment and move on"
Pangur Bán,2025-01-27 00:28:30+00:00,All my dad does is send me Family Guy clips he sees on Facebook/TikTok and JFK theory videos
Pangur Bán,2025-01-27 00:30:02+00:00,Lmao
James Tourish,2025-01-27 00:30:16+00:00,Could you even be sent anything better?
UltimateLM30,2025-01-27 01:29:22+00:00,My dad got YT Premium because he wanted to download JFK documentaries because he thinks they will get taken down by the CIA
Angel River,2025-01-27 01:51:36+00:00,Average Irish boomer
Simply Manlet,2025-01-27 08:06:13+00:00,https://youtu.be/5u7euN1HTuU?si=wg1ZiIUVzXOEq9ph… send him this one back lol
𝕲𝖆𝖊𝖑𝖎𝖈 𝕱𝖚𝖙𝖚𝖗𝖎𝖘𝖙,2025-01-27 11:40:29+00:00,You should red pill him on who really killed Kennedy
Tomoaki YUI,2025-01-24 10:11:54+00:00,TicTokのなりすましがBANされたみたいだ。ご協力いただいた皆さんありがとうございます。
AKI A,2025-01-24 10:23:37+00:00,"本当に良かったです！
通報しても何も変わらないのかと
残念に思っていたところでした。"
× 부부,2025-01-24 10:19:38+00:00,"何度も通報したので良かったです
もうなりすましでないといいですけど"
naoto。,2025-01-24 10:35:40+00:00,BANされてもアカウントも残り動画残りますか？なりすましの動画まだ見れるようになってます
Jimmy Quinn,2025-01-29 19:20:38+00:00,"New: Pro-TikTok Club for Growth president David McIntosh is doing an off-the-record briefing tonight in D.C. on ""the political risk of restricting or banning TikTok"" with Kellyanne Conway, I'm told. 

McIntosh and his organization staunchly oppose a TikTok ban and are part of efforts to shore up GOP support for the CCP-connected app. Not clear what Conway will say, though her participation and the event topic indicates that she could weigh in against restricting the app for political reasons. Conway has previously expressed opposition to a TikTok ban: “I'm not a big ban things person.""

Club for Growth is backed by Jeffrey Yass, a major investor in TikTok parent ByteDance. The Wall Street Journal reported that Yass has given Club for Growth $61 million since 2010. 

Beijing-based ByteDance has an internal CCP committee and contracts with Party entities to push Beijing's propaganda on the Uyghur genocide. It has also worked with firms that the U.S. has identified as part of China's military-civil fusion ecosystem."
Nathan Leamer,2025-01-29 21:16:33+00:00,"Let’s be clear, this a lobbying event hosted by nonprofit at the behest of a board member who also happens to be an investor in TikTok.

This ethical quagmire is a brilliant way to avoid disclosures. Essentially a CCP controlled entity doesn’t have to disclose this endeavor to"
Mark Simon,2025-01-29 23:22:40+00:00,"Tik Tok just gets worse all the time.  Sad to see 
@KellyannePolls
 sell her soul here.. but cash must be good.."
Francis the Mule,2025-01-29 21:54:40+00:00,"The data security trope is BS.
TikTok is all about 
      MASS MIND CONTROL,
BAN IT."
Shan,2025-01-27 10:18:10+00:00,"我們都喜歡的樂樂法利 against 抖音！
台灣有關單位及人民，真的要開始認真對付這個垃圾 app ，不只是垃圾，主要是這塊垃圾有毒！
言論自由不代表你沒有任何管理及約束！
就像你有自由在市場擺賣食品，但你如果賣有毒的食品那就是犯罪！
我們不是阻止人們擺賣的自由，但是為了公共安全，必須有安全監管"
Daniel Fang,2025-01-27 10:34:28+00:00,痘印封禁了
人類你們時間不多了,2025-01-27 10:28:46+00:00,"希望能醞釀足夠的民意
讓捍衛台灣的立法委員
有底氣
能推成法案
禁掉抖音

#美國沒搞成不是藉口
#我們比印度危險

#除台奸台賤行動"
渡川,2025-01-27 15:44:09+00:00,完全同意应该禁！
占米李,2025-01-27 15:49:24+00:00,抖音受台灣監管 如果不接受便可以封禁了。
Charlene,2025-01-27 22:13:58+00:00,媒體中介法啊
法老王的秘密,2025-01-28 01:14:46+00:00,抖音有毒
如是我闻,2025-01-27 11:37:19+00:00,不喜欢抖音，你可以用小红书啊
闪兑发卡,2025-01-27 16:47:38+00:00,这条狗一眼就知道嗑药嗑多了
无耻年代 Glory to Ukraine,2025-01-27 21:51:40+00:00,抖音刚出世的时候我下载安装过了，但是一个礼拜后就卸载了，并且要求家里人也不要用，为什么？因为我发现那时只要我闲下来就会刷抖音一刷就是几个小时，吸毒一般，tailepaleq
阿炮,2025-01-27 23:11:02+00:00,全世界都在禁抖陰，就只有台灣某些人某些霉體批評民進黨是因為反中才想禁抖陰
6不改觀,2025-01-28 01:31:24+00:00,說的太好了
immonen1205,2025-01-28 06:49:06+00:00,樂樂的說法是正確的論述
CJ,2025-01-28 10:20:35+00:00,"原來中國的YouTube 也是這樣被禁的。所以。。。。。
按照反賊的話，美國也是獨裁國家了？"
hannahhuang,2025-01-27 17:04:48+00:00,"如：治洪之道
是疏洪還是圍堵
有效

都成癮了 
且一代傳一代
一代擴散一代了
怎禁

如之前悉尼爸
於此曾建言
還不如不禁
大家跟著學後
一一以其各宣傳
而以ㄧㄧ駁斥
反制"
Shan,2025-01-27 23:38:03+00:00,不是禁，而是有所管理
vicious,2025-01-28 02:14:21+00:00,不对啊 按照你批判王志安的思路 你前后双标啊
海洋,2025-01-28 04:25:12+00:00,乐乐法利 超赞的
Libs of TikTok,2025-01-26 18:10:10+00:00,"This is so sad… student at 
@LexRich5Schools
 slams her Conservative Christian parents at board meeting.

She warns against “book banning” and bashes Trump. She says she was inspired & influenced by her teachers.

Schools are indoctrinating students and turning kids against their parents."
Elon Musk,2025-01-27 06:04:23+00:00,True
Libs of TikTok,2025-01-28 00:06:54+00:00,Someone even wrote a kids book on this topic! The book promotes a strong family unit and helps kids spot predators who will try to cut them off from their families. http://Lottbook.com
Meme’nOnLibs,2025-01-26 18:13:29+00:00,Conservatives need to push for books to be added to the curriculum…just like this one
Libs of TikTok,2025-01-26 18:34:19+00:00,Yess!!
Kate,2025-01-26 18:56:12+00:00,"Wow! The teachers encouraged her to slam her father at a school board meeting? And she calls her father’s beliefs…dangerous? Dad, it’s time to take her phone, iPad, car, & every other entitlement she believes she deserves from you. Tell her to ask her teachers for them."
Lily Tang Williams,2025-01-26 19:02:56+00:00,"Very sad, a HS student was brainwashed to slam her own parents, just like Red Guard (I was a member) did during Mao's Cultural Revolution. Thank God, I did not publicly criticize my mom, but I did privately at home. Warning: We are in the middle of American Cultural Revolution."
Paul A. Szypula,2025-01-26 18:22:00+00:00,"This is more evidence of child abųse in our schools and why parents would be wise to homeschool their kids.

Teachers are using public schools to brainwash kids with dangerous leftist ideology.

They know adults won’t buy their evil so they’re preying on impressionable kids."
Thomas (TJ) Brantley,2025-01-26 18:12:47+00:00,This is why I constantly talk to my children and teach them what I believe they should know about truth. It is not a teacher's place. Period. Stick to math and science.
Frank McCormick,2025-01-26 18:22:24+00:00,I told parents it was happening. They don’t need your guns if they’ve got your kids.
Planet Of Memes,2025-01-26 18:10:55+00:00,Looks like someone would be paying for school herself
IAmLookingBackAtYou,2025-01-26 18:15:49+00:00,"You can try to raise your kids to become balanced, kind, and educated adults - but the moment you hand them over the leftwing education system, you might lose them forever. To indoctrinate students to resent their parents, is the epitome of War on the Family. Liberals are"
J. L. Richelm,2025-01-26 18:18:59+00:00,"- Nazi's had the Hitler Youth
- Soviets had the Komsomol

Now here we are. What will this group that is being conditioned in America be named?"
Washingtons ghost,2025-01-26 18:41:34+00:00,This is what happens when you let the state raise your kids
Heather Mullins,2025-01-26 22:28:23+00:00,She doesn’t realize the teachers that influenced her are actually predators. Sad. Her poor parents must be heartbroken that those monsters got to their children.
Rebecca V Anti-Communist,2025-01-26 19:13:56+00:00,White liberal women are very easily influenced. We need to understand why.
Leonard Karr,2025-01-26 18:16:56+00:00,This is EXACTLY what the Soviets and CCP did. The teachers union is full of traitors
Progressing California,2025-01-26 18:18:49+00:00,This is not an aberration. This girl is a display model of the planned outcome of modern government schools.
Danielle,2025-01-26 19:07:07+00:00,Red Guard. If she were my daughter I would not pay her college tuition after she graduates from HS.
Governor JB Pricker,2025-01-26 18:11:22+00:00,Becoming their “cool” friend and turning them against their parents is the foundation to what we want!
Erin Elizabeth Health Nut News,2025-01-27 04:39:22+00:00,"I think that she meant to say “my left wing sicko Jeffrey Epstein vibe  Teachers have infiltrated my brain with dangerous false fraudulent agenda, and wrote the speech for me to”. That’s what I think think she meant to say."
Mendy Howe,2025-01-26 18:15:29+00:00,"Young adults with an under-developed thinking, or whose brains have not matured yet, are eager to show ""maturity"" through empathy and compassion and so end up doing virtue-signalling as the fastest and most convenient way to demonstrate ""maturity"". Unfortunately, in such haste,"
Jan Krygier,2025-01-26 18:22:42+00:00,"Wow! The level of anger always just blows me away. You can see it escalate as she goes through her remarks to the point that I'm surprised she doesn't end it all with a loud ""I HATE my parents!"""
SeldenGADawgs,2025-01-27 00:12:37+00:00,"When she turns 18, they should escort her off their property."
UNDΘΘMΞD,2025-01-27 06:13:06+00:00,"When has any non-porn books ever been ""banned""? And even then it's only been banned for children. You can buy those books as much as you want as an adult."
Ed Renner,2025-01-26 18:17:30+00:00,"Young, impressionable, rebellious against what your parents say. Rather than simply teaching them the Three R's, schools now take advantage of teens wild emotional rollercoaster ride of emotions and weaponize them against center right."
Paul Rossi,2025-01-27 12:24:53+00:00,"At my former school teachers would disavow and even denounce their own parents, and the children would follow."
David Films,2025-01-26 18:21:17+00:00,school turned a girl against her parents. She called out her father as bigoted right after she said she comes from a loving home. She is old enough to be called out as a horrible person.  How can someone do this to their parents?
Adam Kuhn,2025-01-26 18:41:27+00:00,"I could not imagine what a parent goes through losing their child.

Schools are fully brainwashing kids at an alarming rate and it’s especially troubling in girls."
F the Pump,2025-01-27 06:11:10+00:00,"“I’m not an adult and I live with both my parents and have a comfortable life… Now let me tell you how my dad has been a detriment to me by taking care of me, feeding me, housing me, clothing me and discussed God with me”
WTAF…"
CNSPiRACY FACTS,2025-01-27 06:08:07+00:00,How isn’t it obvious to everyone now that the current “system” isn’t working?
Barbie D H,2025-01-27 00:05:57+00:00,"Th sad thing is this clueless teen will probably suffer depression or even commit suicide because what these sicko peds, sexual agenda, genderpsychos, are pushing is mental illness and the sickos teaching her will NOT be there for her when she falls & if she pushes/blocks her"
Dale Richardson,2025-01-27 02:41:10+00:00,"If we don't stop this, then things like this will happen. It is open season on our children!"
Noel Olinde,2025-01-27 16:22:31+00:00,Maoism
Brenda Venus,2025-01-27 04:09:25+00:00,This young intelligent girl would be much happier living in China. The individuals funding her aspirations should give her a 1st class one-way ticket to Beijing.
IndoVerse,2025-01-26 18:10:35+00:00,She didn't even taste it
Political Punk,2025-01-27 20:44:14+00:00,"No one wants conservative christian parents because they’re controlling, judgmental, and severe. That’s why this young woman doesn’t like her dad. It has zero to do with the schools"
Jason Rapert,2025-01-27 00:22:20+00:00,"Exhibit number one for ridding every liberal zealot from our school classrooms. They brainwashed this girl. Got her to get up and denounce her own father. They probably helped her write her statement. This is the stuff of nightmares - liberal, godless, zealots indoctrinating"
pensive calypso music,2025-01-28 22:26:10+00:00,God forbid a child hold different beliefs and form different opinions from their parents
Janice Hickey,2025-01-26 20:00:30+00:00,"Her parents:  ""Hi, honey, have a seat, your mother and I would like to discuss something important.  College is on you."""
Nathaniel Eliason,2025-01-26 18:16:26+00:00,Anyone who would publicly ridicule her father in this way and for the reasons she states is a terrible person. But that is the point of modern schools - to destroy the family and create atomized individuals controlled by the state.
Kate,2025-01-26 19:13:11+00:00,"I lost both of my parents when I was young. I would have given anything to bring them back….while she openly slams her wonderful parents. 
Hey kid, the world is full of wolves in sheep clothing when you don’t have your parents to protect you. Here you are believing the wolves."
WildBillNC,2025-01-26 18:10:56+00:00,Homeschool
Eric Rusch,2025-01-26 18:21:24+00:00,"“I hold the utmost respect for [my teachers]… I am incapable of fully understanding the stress and the responsibility felt by teachers”

Yet you don’t hold the utmost respect for YOUR OWN FATHER? 

You don’t understand the stress and responsibility of RAISING YOU???

You need"
LibertyDent0n,2025-01-26 18:34:28+00:00,Christian parents still sending their kids to gov schools for 8hrs a day and wonder why their kids turn against them
Stephen “The Yellow Dart” Schutt,2025-01-26 18:33:38+00:00,"Wish I could speak to her

So much incorrect in what she’s saying. But I’d need to talk to her to know what she means

“Honor your father and mother that your days may be long on the earth”
Teenagers, you need to take this seriously. It is not virtuous to dishonor your parents"
Hidden Heroes Art,2025-01-26 18:22:59+00:00,Like the Nazi youth camps to turn children against their parents and later turn them in if they didn’t submit to the new order. Yeah lol that’s exactly what she did
Nexxus Lux ✩✩✩,2025-01-26 18:13:19+00:00,These teachers should be charged with child endangerment.
Neil Johnson,2025-01-27 01:33:10+00:00,"This girl had the benefit of being raised by her parents. They changed her diapers, kept her fed, and held her when she cried. 
This is what dishonor looks like. The teachers who encouraged this crap are pathetic. They didn’t make the sacrifices to raise her. No sleepless nights,"
AngelaTarantula,2025-01-26 18:42:45+00:00,"Like she said, she's just a high school student. She knows nothing yet. I feel bad for her dad."
Private Citizen,2025-01-26 21:59:17+00:00,"My parents tossed my sister out at 18 because she told our parents they were too controlling and she wanted her opinion.  2 months later she came crawling back, not only agreeing to the rules, but with a fresh perspective of life."
shelly,2025-01-26 19:11:58+00:00,"She brags about having a “good life”, her parents need to change that. They need to start charging rent. Make her pay for her own food and bills and most important, if they had a college fund, mom and dad need to take a lovely vacation with that money."
Suzanne Perich,2025-01-26 18:25:18+00:00,She has been groomed.
Kurt Schemers,2025-01-26 19:16:26+00:00,"Marxists are employed as teachers, and their primary goal is to steal your children and their youth and to indoctrinate them.

Get your children out of public schools before you lose them forever.

STARVE THE SYSTEM: Support paying the student, not the system."
NewsieOne,2025-01-26 22:01:32+00:00,"I can't imagine the hurt and betrayal her parents must feel. Time for some tough love, sweetie. Since you abhor your parent's beliefs, you'll feel better if you don't get a dime of their hard-earned dollars for school, clothes, etc. Enjoy your lifelong student debt for your"
LCPS Can Do Better,2025-01-27 01:14:08+00:00,"A wholly personal & political speech, inspired by her English teachers, where she calls her father a bigot & complains about her upbringing. Nothing to do with school board business. Any teacher who encouraged this is most certainly crossing the line with students."
Dawn Niebuhr,2025-01-26 18:15:27+00:00,"Wonder how the ungrateful twit would do making rent, utilities, food, car, insurance etc out on her own?!"
Deb-- Redacted Redacted,2025-01-26 22:12:27+00:00,"It's a new phenomenon called "" parental estrangement"". 
The teachers and outcast teens teach kids how to hate their parents if they don't agree to go along with everything they want. 
They all celebrate when things go like this. 
Evil."
bitingback,2025-01-26 21:02:53+00:00,Reminds me of Gretchen Whitmer...
Ride_Guy,2025-01-26 18:54:48+00:00,"If you can buy it at Barnes & Noble or Amazon, it’s not banned.  I bet she would be the first to try and get a book espousing America first or conservative values removed from school libraries."
Diana H,2025-01-27 01:00:21+00:00,Oh hell no.  Mine would be on her own at 18 with that damn attitude.  Her “wonderfully kind teachers” could pick up that slack.
BarMont,2025-01-26 19:43:09+00:00,"Honor thy father and thy mother. 

Hopefully someday she will beg forgiveness from her father and look back on this with great shame."
sam zeff,2025-01-27 19:03:28+00:00,"Or, and follow me here, she has different politics than her folks. Lord, nobody has ever heard of that!"
Alpha Papa,2025-01-26 18:13:22+00:00,I just can't.... her father should hand her over to her teachers and wash his hands of her. Or sue the pants off the teachers
Victoria Sullivan,2025-01-27 12:28:36+00:00,"This student has no idea that she has been indoctrinated.  She thinks she came to these conclusions on her own.  That is the scariest part.

Her poor dad having to hear his own daughter say these things against him."
Riley,2025-01-26 18:20:33+00:00,"I’m telling you. They’ve so deeply brainwashed students. Look at colleges and grad schools. I don’t think it can be fixed without something 
major. These teachers are so evil, and they’re just liars. They don’t even fill their heads with correct information. Just propaganda."
V for Vendetta,2025-01-26 20:04:30+00:00,Marxism at work here
Riley Jane Meli,2025-01-26 21:09:22+00:00,"Teachers should never strive to be ""friends"" with students, they should strive to educate them."
Colorado Girl in Ohio,2025-01-26 22:05:57+00:00,Dad to his daughter…you want to go to college? Yeah. I’m not paying for that.
Sister Barbara Rheen,2025-01-26 20:29:21+00:00,Time for her parents to cut her off
Implicit Truths,2025-01-26 18:13:21+00:00,"Two of my three daughters (all who went to elite schools), no longer speak with me. I'm a white colonizer."
This too shall pass,2025-01-26 20:54:46+00:00,I’d like to find her in ten years and see how this positively impacted her life
brumars,2025-01-27 05:24:17+00:00,"wonder which teacher wrote that free thoughts for her. When you are using words you cannot pronounce, and trip over prose heavy sentences - you know these are not her thoughts or words.

But those teachers are ""qualified"""
Big Papi Joe,2025-01-27 11:02:26+00:00,"One distinction of cults is that they turn you against your family and friends if they don’t embrace the cult’s tenets.

I see MAGA embarrassed if their family voted for Biden, but I don’t see them attacking and disowning.

Woke is different."
Mark Sullivan,2025-01-27 03:49:21+00:00,Right out of Karl Marx
"Oh, ya know",2025-01-26 18:12:36+00:00,Ungrateful little wench.
JustHereToReadTheNews,2025-01-26 18:21:05+00:00,Who knew Teachers would be the leaders of the Charles Manson Family 2.0?
"Richard R Balsamo, MD, JD",2025-01-26 23:50:56+00:00,Denouncing one's parents to the party commissars is so Soviet Union 1935.
The Comedian,2025-01-27 08:20:30+00:00,Students shaming their parents in China:
Reject The great reset,2025-01-27 08:41:12+00:00,"THESE are the books we want to be removed from schools. ANY sexual content is inappropriate for little kids. 

That's not book burning.  It's child protection. In the same way that porn magazines are put on higher shelves out of children's reach."
FreedomsMellowD,2025-01-26 23:18:21+00:00,"Formed her own opinions, with teachers and peers constant ""love and support"", against her parents ""indoctrination""......not backwards at all."
"Amy (Doc) CHAI, MD 4Congress",2025-01-26 23:48:23+00:00,"The social pressure to hate the right people can be overwhelming. 
This is especially true for girls, because they are socialized in groups for the most part.
This is not an accident. 
The schools are aggressive. This is the indoctrination. If they can’t take your child’s body,"
Kevin Jones,2025-01-27 05:18:33+00:00,"Within a few short years, this poor soul is going to have rainbow colored hair, multiple facial piercings, numerous tattoos and will most likely have a growing drug problem"
itsallaboutcommonsense,2025-01-27 16:24:38+00:00,"Time for her teachers to absorb her bills, including but not limited too, health insurance, groceries and clothing, and housing."
CyGuy4Life,2025-01-26 18:22:55+00:00,DISOWN HER AND PUT HER UP FOR ADOPTION
David,2025-01-26 19:02:12+00:00,"This is one of the most disgusting things I've seen. 

I don't agree politically with my parents, but the idea I would have a permanent recording of me ignorantly disrespecting them publicly as a child is...

OMG I would regret it eternally.  ETERNALLY.   What a SNOTASS CHILD"
Not Brenda,2025-01-26 19:46:15+00:00,"This is so very sad.

I, too was raised by a conservative Christian father
Also internalized some of his beliefs & teachings w the trust of a child

Also attended & benefitted greatly from a public school education

Also received encouragement to do my own research

But contrary"
Alex Bailey,2025-01-27 02:57:42+00:00,I live in this district. This is why we homeschooled our 4 kids.
Mike Kilo,2025-01-27 16:26:06+00:00,I’d send her to a military school.
Hugh Jolley,2025-01-26 19:04:24+00:00,"Schools, Colleges & Universites need an urgent root & branch overhaul.

There are far too many activists in academia.  They need to be removed.   Our children are being poisoned by DEI tokenism."
Maggie Rock,2025-01-26 21:50:42+00:00,"They sure are. Get your kids out of the schools, they’re being preyed upon and they aren’t safe."
WinchesterIdaho,2025-01-27 00:23:17+00:00,"Ahhhh to be young and know it all again! And then comes life to take you down a few notches. It is sad to see what certain schools and teachers are doing to the kids. This one had the potential to be a super smart, kind and considerate child."
Lady Liberty,2025-01-27 10:11:32+00:00,Schools have become cults. Not unlike Scientology “reading rooms”.
Tim Hentschel,2025-01-27 11:13:15+00:00,"The English teachers should stay out of politics in the classroom. Whether you’re on the left or right, you should be concerned that a group of teachers was actively grooming their students to hate their parents."
SirGizmo170,2025-01-26 18:35:41+00:00,"You NEVER involve children in ADULT issues - ever!  You teach them facts and then when they are an adult they can decipher what they learned vs. what they see.  What a repugnant girl, I hope she is 18 and her parents can show her the door since she knows it all!"
Lindari,2025-01-26 23:13:28+00:00,"Of course, she was inspired by her English teachers.  So goes into talking about her ""bigoted"" father.  Why is she airing this at a board meeting instead of with a therapist.  She has a lot of growing up to do."
SMH,2025-01-27 00:02:25+00:00,"Hey, have her read those banned books herself, out loud, to her grandparents"
GolliAir,2025-01-27 02:02:35+00:00,"My daughter went to a Christian private Jr/High school. She was grounded. In college it changed.  While working, her liberal peers converted her over George Floyd.  She has not spoken to me since.  I can relate to these parent’s shock. Love them till they come back."
carla,2025-01-27 13:45:21+00:00,Faith in God prevents modern totalitarianism.
Matthew S Harrison,2025-01-26 18:57:22+00:00,"If that were my kid, I'd throw her out of my house today."
Henrik Bentzen,2025-01-26 19:25:16+00:00,"You will wake up one day. When the professors at the school, or university can't reach you anymore, and the worlds' reality creep in on you, well, you will change your mind. Maybe slowly in the start, but you will."
Tom Koelzer,2025-01-26 20:17:39+00:00,Next for her is to be accountable for here actions (Might be a tough conversation with her father).
Jack Spitz,2025-01-26 22:38:22+00:00,The Red Guards live
J. Kray,2025-01-26 18:34:47+00:00,"Sounds like she really got a super diverse education, that laid out all sides of the topics they were programming her to receive"
George Garcia,2025-01-26 19:01:39+00:00,"Her father failed her in NOT telling her WHY he said such things.

Her father should've acknowledged that while the 'other' side has some fair points, he should have explained to her while they are superficially sound, those ideas break down upon further examination.

That is how"
Dan a Rama,2025-01-26 21:14:14+00:00,Classic leftist playbook. No one should be surprised.
MauiTony,2025-01-26 22:16:55+00:00,"We’ve lost all hope! America is dead. The Taylor Swiftification of our youth away from Christian principles and morals, that this country was based on, to idolization of pleasure and rejection of truth based facts of gender, sexuality, and beginnings of life. They refer to Godly"
Domenic,2025-01-27 02:47:02+00:00,Dumb parents fed their daughter to the wolves
Trolls Gay,2025-01-26 18:29:26+00:00,Another valid reason to homeschool your kids!
ꖅFalangistDudeꖅ,2025-01-26 18:14:27+00:00,It is sad because she rejects one thing just to fully embrace an opposite like if that is any better (I mean in the sense that people believe if something is bad u have to believe the opposite which is usually for people who can't actually think for themselves). So
Cathy Wilson,2025-01-26 18:49:55+00:00,"Her teachers have been trained in how to use psychology more than her parents have.    They may seem more compassionate and balanced, but they're just as opinionated and political as anyone.  

I wonder if this young lady will take her parents' advice when she decides to"
DEEP STATE,2025-01-26 18:11:10+00:00,Inspired and influenced by her teachers huh.  What a shame
Pierogi,2025-01-27 23:19:37+00:00,"""Irrefutable truths"" ""Principles of democracy"".  It's a sight to behold at the outcome of social engineering products.  Women and certain type of men absolutely believe this rhetoric, because if she starts to question her incorrect arguments that any intelligent person can see,"
Tyler (FindingLifeintheWord),2025-01-27 13:55:29+00:00,"“The youth were turned against their parents and their own heritage. As the youth were radicalized, many of them turned violent”"
Kerri Sue,2025-01-27 15:20:30+00:00,Quit paying her phone bill
Larry Owens,2025-01-26 18:36:35+00:00,Just like the Chinese revolution.
Jason Rosenberger,2025-01-26 18:55:53+00:00,"This is the plan by the evil socialists, breaking the family through brainwashing in government facilities.  Teaching young people what to think and not how to think.  Rewarding them for betraying family, friends and neighbors to governmental control. Demonizing freedom. Save the"
Pastor Daniel,2025-01-26 19:19:43+00:00,#homeschool
Mystery Novelist,2025-01-26 20:40:46+00:00,Weird and dangerous world we live in where going against our parents is a virtue signal.
Latino Nation,2025-01-27 00:14:05+00:00,"I fault the parents.  If they do not have any influence on their child, then that means they are not spending enough time with her."
Craig Murphy,2025-01-27 16:18:58+00:00,As predicted and planned:
bbuckley,2025-01-28 19:21:29+00:00,"Chapin School? She’s wealthy. Will dad disinherit her?
Better yet, he should stop paying Chapin and she’ll have to go to the rough public high school.
She’ll be beaten up within an hour. They’ll beat the commie high-handedness right outta her."
MakeMineTexas,2025-01-28 14:24:50+00:00,"Pull your kids out of government indoctrination centers. Get with a group of like-minded parents and form a home school coop, or research other options, but get them out before they turn into this girl."
GATTO Movement,2025-01-28 15:04:38+00:00,#GetAllTheThinkersOutofForcedSchools
Paul Finlayson,2025-01-28 16:48:04+00:00,Isn’t this how the Hitler youth started?
@JoJoMichigan,2025-01-28 22:32:41+00:00,Reminds me of Taylor Swift here:
Beej,2025-01-29 23:09:05+00:00,"Indoctrination kids and having them turn Gainst their parents--now, when in history has that happened."
Keith,2025-01-31 06:14:44+00:00,"“Book banning”as if conservatives are trying to burn all books for the sake of preventing children from learning .
Clearly, there are books that children should not read !
What kind of an idiot would refer to that as book banning .
Do we call it movie banning if it’s rated R ?"
G00GLE BLACK CRIME RATES,2025-01-26 21:18:35+00:00,What a stupid N-loving whore.
Thomas_Aquinas,2025-01-27 14:18:36+00:00,"This is an example of compulsory government schools working as intended --when they were introduced into America from socialist Prussia by Horace Mann 170 years ago.

The effects are lifelong. You've been damaged, too. Don't kid yourself. Where did your beliefs come from?"
anne burkart,2025-01-28 14:13:54+00:00,"Future rainbow haired multi pierces Karen
poor parents"
clay varga,2025-01-28 14:14:03+00:00,Back in the day her denunciation of her parents would have both of them arrested by the Gestapo. Sad that she paid little attention in her History classes.
Bri-man93,2025-01-28 14:17:41+00:00,Parents: we are now cutting you off 100%. You know everything and are prepared to be on your own. Good luck. luv ya.
Abi Habas,2025-01-28 14:21:28+00:00,"Yup, I see our district trying to do this."
Gandhi,2025-01-28 14:28:26+00:00,Spoiled entitled little cunt. Brainwashed by the system. Obviously the parents never made her work for a fucking thing.
Determinatio Virtutis Benevolentiae,2025-01-28 14:29:22+00:00,Kids are not extensions of their parents. What is with jerks like you thinking kids have to be copies of their parents?
conservative,2025-01-28 14:35:43+00:00,"Someday she will regret doing and saying this. Her father will continue to support her spiritually, and monetarily and will eventually tell her he accepts her apology although one is not needed because she's his daughter and holds his heart."
jhawk4life,2025-01-28 14:42:57+00:00,I guess the spoiled brat can pay for her own college then.
Mary Vegas,2025-01-28 14:56:44+00:00,She doesn't read so well. Guess her teachers were busy *enlightening *her
Calvin Coolest,2025-01-28 15:45:12+00:00,Homeschool your kids.
dyyrStraits,2025-01-28 16:03:49+00:00,Yep. Cultural revolution. This will not end well.
"Rich Lassiter, MD ₿itcoin",2025-01-28 19:40:52+00:00,"If children don’t learn to think for themselves, humans will never advance.
If we (collectively) didn’t think independently, women still couldn’t vote, slavery would be legal, the Earth would be the center of the universe, and we would trust the government to create sound money."
Cunningham,2025-01-28 22:01:06+00:00,She deserves a medal.
Daniel Meier MAGA/MAHA!,2025-01-28 23:44:42+00:00,"We must get the Marxists out of the school system! They've been infiltrating the school for years, perhaps decades."
PatOShea,2025-01-28 23:50:33+00:00,I'm curious how her *own* opinion differs from the teacher's
Reesie,2025-01-28 23:52:19+00:00,This is how tyrants have done it in the past
B P (Borimor),2025-01-29 01:39:07+00:00,"That ungrateful little brat is lucky she's not my daughter.

She's be looking for alternative housing.

Maybe one of her asshole teachers would take her in."
Humbert Humbert truther,2025-01-28 16:59:00+00:00,"Where does she ""slam"" her parents in this speech? She points out a valid flaw in her upbringing and even says she loves her parents dearly and is grateful to them for the life she was given. Children should be forming their own political and moral beliefs outside of their parents"
Morning Star,2025-01-29 03:57:34+00:00,I hope she’s saved enough for college. Because her horrid Christian conservative parents should let her do that on her own.
USA65,2025-01-29 11:41:49+00:00,"Schools need to simply focus on academics and stop trying to sway young, vulnerable minors to a certain political ideology."
Paul Erickson,2025-01-29 15:25:01+00:00,It really proves the level of indoctrination by the indoctrinators happening in public schools.  It makes sense now as we see kids dressing up as dogs and cats who are told and believe this is normal.  That having your dick cut off because you feel like you're a girl is normal.
Dr. BB,2025-01-29 18:34:21+00:00,This is local government at its finest. This has nothing to do with a Biden policy.
monster mash,2025-01-29 19:19:44+00:00,And people wonder why homeschooling is becoming so popular nowadays. Parents are fed up with the indoctrination of their children.
Petr Kraus,2025-01-29 22:56:14+00:00,Kinda wonder what would happen to her if she refused to read the script.
57holloway,2025-01-30 00:15:54+00:00,"She has no idea how lost she is. And to put herself in the 
Demoncrates arms, she will lose not only her morals but their influence will take a life time to undo."
Barbara Larison,2025-01-30 02:09:10+00:00,"Since she thinks that she has learned how to think, now she can learn how to take care of herself, including all of the devices that she thinks she needs. Teachers should stick to teaching and stop indoctrinating."
LOZ,2025-01-30 02:29:18+00:00,People have to watch everything their kids are doing in school now and ask questions constantly or they'll be indoctrinated they should be pulled out all together
Mad about birds,2025-01-30 22:04:18+00:00,"I wonder who this ignorant child imagines who, with the passage of time, will be there for her as she faces life’s inevitable struggles and problems?  Life teaches us that it’s pretty well usually family over peer group and it’s certainly never a teacher at one’s deathbed."
LegalLatino,2025-01-26 19:11:27+00:00,Turning kids against their parents is a staple of authoritarian regimes.
Cecile Shaw,2025-01-27 17:12:18+00:00,"Viewpoint diversity is direly needed. Research by 
@j_fishback
 has shown there is a lack of books that offer conservative viewpoints or even a counter viewpoint in our tax funded libraries.

Parents & community members who are concerned about this should check out their libraries."
RightThinking,2025-01-26 22:21:41+00:00,"The psy ops of liberals being useful idiots to the globalist agenda to crush the USA is working.  Turn children against their parents…psy ops 101. 

Wake up America"
ClimbTheMtn,2025-01-26 21:55:19+00:00,"Her error is thinking that her teachers are dispassionately providing her all the ""facts"". They are undoubtedly giving her only the facts that support their political position, thus giving her the illusion that she is drawing her own ""conclusions""."
Terri Zorn,2025-01-28 17:55:23+00:00,"""I endorsed a man that would have me suffer and die for political agendas.""  What the actual heck?  I couldn't listen to her indoctrination after that."
Jon,2025-01-28 18:51:02+00:00,That’s EXACTLY the point. Mao Zedong would be proud of today’s Left.
RealZamGuy,2025-01-28 20:17:58+00:00,"If I didn’t know any better I would have guessed this is a Babylon Bee skit, especially since it looks like she’s dressed in a prison uniform or something similar to what the communist party wears."
LibbyF,2025-01-28 14:50:39+00:00,Wake up parents!!!!
SeargantSchultz,2025-01-28 14:52:14+00:00,And when the parents discipline her and take away her privileges she has DCYF on speed dial.
Dommi,2025-01-28 14:56:00+00:00,I definitely understand this. This happened to me as well. Sounds all too common
Jameson,2025-01-28 15:00:28+00:00,Telling kids to do their own research is indoctrination?
Dahlia Grace,2025-01-28 15:05:50+00:00,"""I was given the option to look at all sides and choose for myself""

And y'all call indoctrination??"
Jeffrey Guy,2025-01-28 15:07:51+00:00,I was born in the late 50s and was poor white and the family got to lower middle class. Each of us were shown the door when we graduated HS to find a life. This student needs to wake up as she has a much easier life. Listing to school people over her parents will not help her.
"Dr. John Doe, JD, MBA, Esq.",2025-01-28 15:19:20+00:00,Chairman Mao smiles
DenCanesFan,2025-01-28 15:22:17+00:00,My kids must think exactly like me!!!!
WhiteDogPoo1,2025-01-28 15:29:42+00:00,"If I was the parent, I would just sign her over to the school board. Let them have the bitch and finish raising her. Be gone."
Christopher Antone,2025-01-28 15:30:55+00:00,Well she can now move in with her English teachers.
akana phenix (a tiny hiatus!),2025-01-23 01:03:43+00:00,"update: TikTok is censoring Xiran’s response to the Hugo Awards deliberately excluding them from being a finalist. They need justice. Please speak up about this.

https://x.com/XiranJayZhao/status/1749595259590594778?s=20…"
Dexerto,2025-01-23 14:05:27+00:00,"The move appears to have worked, with a dramatic drop in the number of students going to the bathroom.

Read more:"
Censored Men,2025-01-23 05:17:29+00:00,Never forget that this was the biggest trend on Israeli TikTok for MONTHS while Palestinians were being bombed in Gaza.
Scott Howard,2025-01-26 02:13:02+00:00,"Congress should ban TikTok tomorrow, and parents should stop buying their children smartphones until they’re in high school *at the earliest*"
granny,2025-01-28 01:29:03+00:00,Tiktoks “belatown.” Has Officially been Banned Off the Platform.
Tazow - $TZW,2025-01-30 19:50:11+00:00,#Tazow Some IRS employees still access TikTok despite ban on government devices http://ow.ly/mkHN105eq4Y #crypto
✧ ೃ𖤐 Vicy Vicy 𖤐ೃ✧,2025-01-29 19:08:26+00:00,Acho q levei shadow ban do tiktok
Shopchopper,2025-01-30 19:47:09+00:00,Some IRS employees still access TikTok despite ban on government devices https://ift.tt/W2Ub1LP #onlineshopping #shopchopper.com #shopchopper #retailnews
Brigitte Gabriel,2025-01-22 02:28:01+00:00,"UPDATE:

TikTok has upheld their ruling on my video about the need to return to hand counted paper ballots.

It shouldn't surprise anyone that Gen Z is so brainwashed when the truth cannot be shared on their favorite social media platforms."
CryptoGlenn.eth,2025-01-29 04:52:35+00:00,Tiktok live has been down since 9pm est will work on getting stream up and running Monday. hope it wasn't a ban.
Senator Marco Rubio: Archived,2025-01-30 16:30:07+00:00,"Chinese-controlled TikTok claims to care about their users but continues to feed young American girls content that destroys their overall well-being and mental health. Time to ban TikTok.

https://themessenger.com/tech/tiktok-teen-mental-health-arbitration-claims-hero?utm_campaign=body&utm_medium=newsletter&utm_source=messenger-morning…"
Chen Weihua （陈卫华）,2025-01-30 20:40:12+00:00,"How stupid. Tik Tok content is filled by American users themselves or people all over the world, like Facebook, Twitter, Instagram etc."
Jewy,2025-01-31 00:47:56+00:00,Can say the exactly the same about American controlled facebook and instagram.
Jeremy Wickersheimer,2025-01-31 06:06:31+00:00,"How many people feel that Marco Rubio destroys their overall well-being and mental health?
Should definitely ban X."
Scunthorpe Watch!,2025-01-31 13:05:05+00:00,"Ban books as well! ""On the beach"" was way too depressing! Lord of the flies! The diary of Anne Frank seriously got me depressed when I read it at school! The list goes on! Many of them are even PRINTED IN CHINA!"
B.S. Champion,2025-01-30 18:01:37+00:00,Sit down Fascist
DocSon,2025-01-31 05:26:17+00:00,"How long have you been in Congress now and nothing has been done about China?
You got a cushy job Mark and I appreciate the recognition you sent me for my Vietnam service, but I’m gonna require a little more from you like closing the border. Which means closing. Which means razor"
chiefkid,2025-01-31 09:25:11+00:00,You're so afraid that they can show them what actually happens in the world as opposed to your censored propaganda version of MSM ??
艾奎Equi《》,2025-01-31 09:33:18+00:00,Once again very profound understanding of Tiktok
維生素K,2025-01-31 15:07:21+00:00,"TikTok is trying to build permanent office in Nashville up to 100,000 square miles feet on Music Row"
Amber,2025-01-30 16:46:41+00:00,I don’t want my tax money used for this purpose either!
David Botts,2025-01-30 17:20:53+00:00,I believe it
Union Civica USA/ EEUU,2025-01-30 17:31:42+00:00,"Wascar debe demandar los agentes de Ocoa 
@luisabinader
 @CNMagistratura
 @TribunalConstRD
 @Fiscalia_DN 
@PoliciaRD
 @DiputadosRD
 @SenadoRD
 @peulloa
 @CDP_RD
 @CDP_RD
 @AntolianoPR
 @PRM_Oficial
 @Jesuscastro126
 @UniversidadUASD
 @raquelarbaje
 @RaquelPenaVice"
The Trust The People Channel,2025-01-30 18:13:26+00:00,"Finally someone speaks up. I wonder why fbi nor any ""expert"" talks about their almost irreversible damage social media does on young woman."
XXX,2025-01-30 22:57:22+00:00,Stupid people believe you.
Roti Prata,2025-01-31 03:07:50+00:00,With your limited brain capacity to process information and you got selected as senator? What a f*cked up nation is that.
SiteLi777,2025-01-31 04:10:48+00:00,"TikTok is trying to build a permanent office in Nashville up to 100,000 square feet on Music Row　 
TikTok正试图在纳什维尔的音乐街建立一个占地面积达100,000平方英尺的永久性办事处

 #CCP #3FPlan  #13579plan  #BGYPlan"
martin z,2025-01-31 04:33:23+00:00,bro you own the source code already after forcing them to share it remember? tell IBM to change it if you care so much why do you bring china into this?
ChuckPerson,2025-01-31 04:58:39+00:00,"Hmmm. The left claims this against X. So are we banning social media sites, or nah?"
abdoosh1984,2025-01-31 06:09:55+00:00,The only problem is you want American only to listen to your lies otherwise there is no problem
Sylvia Reardon,2025-01-31 16:02:57+00:00,"Well, our government destroys our overall well-being and mental health.
Time to ban it."
هلاله,2025-01-30 16:37:37+00:00,"Why are the young people of my country being killed unjustly and there is no name of human rights for us.  How long is discrimination?!
#RezaRasaei
@SenTedCruz
 @UN_HRC
 @UNHumanRights
 @AJMougin
 @Samawal_LLC
 @LisaDaftari
 @ChrisCoons
 @giladerdan1
 @GilaGamliel
 @Najibnaik
 @siaayrom"
David Park,2025-01-31 03:03:54+00:00,"Your issue with TikTok is definitely not its content or young American girls’ well-being, but the fact that it’s a Chinese product."
Colorado Charlie Lee,2025-01-31 05:09:47+00:00,Ban #TikTok
Jose John（红叶超时空战队）,2025-01-31 04:02:59+00:00,"With a significant increase in illegal immigrants, if the Chinese Communist Party (CCP) were to provide weapons to these illegal immigrants, would a recurrence of 911 be possible?
#TakeDownTheCCP  #ILLEGALimmigrants"
HKTeaHouse,2025-01-31 10:41:19+00:00,"AS OF NOVEMBER 2,2023.THE INFLUENCE OF TIKTOK SINCE THE START OF THE ISRAEL-
HAMAS WAR DEMONSTRATES THAT TIKTOK IS
NOT JUST A SOCIAL MEDIA PLATFORM;ITS USE
FOR INFLUENCE CAMPAIGNS IS VERY OBVIOUS."
Max,2025-01-31 03:41:30+00:00,TikTok is a platform; it doesn’t generate content. The users on the platform are creating content.
Ryan,2025-01-31 05:51:48+00:00,"CCP's Full-Scale Armed Support for North Korea, Iran, and Saudi Arabia Points the Sword at U.S. Strategic Forces in the Asia-Pacific."
Knight furry,2025-01-31 06:14:37+00:00,Uneducated politician
Sloth1066,2025-01-31 07:30:51+00:00,Tik Tok has lots of vacuous nonsense. It also has a lot of eye opening political insights from people who have realized they've been fed self-serving nonsense by their politicians & media. U.S. wants it banned because it can't allow people access to a platform it doesn't control.
Hikage,2025-01-31 08:16:27+00:00,Ban tiktok!!!
Hitchcock,2025-01-31 08:55:29+00:00,Do not forget the harmful challenges that put the teenagers in danger
巡山道且长.三元,2025-01-31 11:08:29+00:00,Much better than pornhub for the young American girls
We Aren’t Going Back,2025-01-31 12:28:07+00:00,I’m equally concerned about Fox…
A.K.,2025-01-31 12:34:45+00:00,"Same as instagram , YouTube and the others .. it’s the algorithm that gives u the content and that’s how every social media platform works .."
Li Haoran,2025-01-31 13:13:50+00:00,Marco Rubio is like your parents who have no idea how social media works but yet feel confident enough to tell you that it will rot your mind. If he only knew that TikTok's content is created by the users themselves...
LulaKabula,2025-01-31 13:20:07+00:00,TikTok just reflects your own mor&nic culture back at you.
Russell Lange,2025-01-30 17:45:54+00:00,What kind of animal destroys a school and then makes a tiktok video about it?
Russell Lange,2025-01-30 17:46:28+00:00,"Israelis on TikTok mocking Palestinians who have been bombed constantly for more than 3 months. 

When Zionists show you who they are, believe them."
AAInTheHoleAce,2025-01-31 00:05:19+00:00,"No matter how much Marco Polo Rubio hates CCP  or jealousy of new Chinese wealth, Marco Polo should know American  system better as a “law maker/elite politician,” that it’s virtually impossible to ban TOK TIK outright. Even you go thru Fed, you can’t go thru all states."
CHINA IS GREAT,2025-01-31 02:37:45+00:00,NONSENSE
Michael,2025-01-31 03:04:12+00:00,"tiktok is way healthier to young Americans than twitter, see below:

https://x.com/i/status/1752197252922413517…"
北京阿诺 北京硬汉 铁汉柔情,2025-01-31 05:37:28+00:00,I can see that you want to be the big daddy to young girls all over America and make them listen only to you.
tai,2025-01-31 05:49:23+00:00,Why Florida doesn’t need a smart Senate？
Aki K,2025-01-31 06:11:45+00:00,"Soon you'll hit 300 likes, Senator. Keep fomenting fear and hate, it'll happen one day."
kolein,2025-01-31 08:49:25+00:00,美帝政客都是一帮弱智
Summer Palace,2025-01-31 10:49:39+00:00,"Time to ban Facebook. Oh wait, Marco has blatant double-standards and will give Murican companies carte blanche to destroy the mental health of American children.

https://washingtonpost.com/technology/2023/10/24/meta-lawsuit-facebook-instagram-children-mental-health/…"
Recycle Me,2025-01-31 13:39:39+00:00,STFU evangelical psychopath
Gavin Larson,2025-01-31 13:56:12+00:00,You should ban your own controlled pornhub and your fellow British onlyfans in the first place.
Johnaholeotoole,2025-01-31 14:21:31+00:00,"You own a Barbie doll, Marco?
I suspect you do."
FForest,2025-01-31 15:37:49+00:00,"Marco, your American companies already did that for decades."
AT-ALG,2025-01-31 16:00:21+00:00,You can ban TikTok whatever you want and doesn't need to make up this .
椰奶的白眼狼,2025-01-31 16:19:21+00:00,You politics are really something. Blaming everything on China or Russia or any other countries for your own problems.The true purpose of this is to control your own http://people.you Don't want them to see the truth.
Tweet2020,2025-01-31 16:41:51+00:00,"American TikTok contents are created by Americans. Take responsibility, pendejo."
synchronous33,2025-01-31 17:01:01+00:00,Watching you shit out of your mouth on twitter is probably more damaging to American mental health.
Ruth_chinwaz,2025-01-28 18:42:32+00:00,"Sa vle di fanatik 4 atis pa ka bay yon video 150K Fanatik Lepè a kite sou tiktok ki tap fè kk m tande yo ta pral bare album pa ka mete video papa kleren an 700kMenm YouTube nou pa ka jere nap rantre nan deba moun. Merci Bondye pou Wendyyy ou ban nou
#CHINWAGANG"
Sandro Sandro,2025-01-28 18:57:06+00:00,Tren album nan tap pase sou do pye yo. Yo non bare van..
Ruth_chinwaz,2025-01-28 19:46:48+00:00,
Joel Atkinson,2025-01-29 19:59:19+00:00,And a ban on tiktok until Beijing allows tiktok!
ISLAND BOY,2025-01-28 04:17:19+00:00,"Barbz getting whole tiktok accounts BANNED and leaking info , yea tell them keep playin"
kitty,2025-01-28 04:18:13+00:00,it’s really over for them
Nicki’s Playroom,2025-01-28 04:18:56+00:00,"They ain’t learn in 2018, gotta whack em like a Megan diss (I made this up on the spot lmk if I did good)"
BLKSpanishBarbie_7,2025-01-28 04:24:43+00:00,
Pete Alonso Meatrider,2025-01-30 20:02:25+00:00,"These are the same people who accuse liberals of being obsessed with ""the current thing"" cannot make it up"
Lou Anon,2025-01-30 23:41:59+00:00,That guy is at least 50 WTF is wrong with being 34
Noah Smith,2025-01-23 01:14:32+00:00,"TikTok is a Chinese propaganda engine.

Force ByteDance to sell TikTok."
AbhiDhabi5,2025-01-23 17:25:57+00:00,"TikTok has deepened my knowledge and appreciation of the Macross saga.  For that reason alone, let it be."
Noah Smith,2025-01-23 17:27:04+00:00,"Don't worry you'll still be able to watch it, just minus the Chinese propaganda"
Printing Center of Excellence,2025-01-23 16:51:33+00:00,India banned tik tok and they are doing just fine. (Not sarcasm)
Daniel Larson 蓝丹烨,2025-01-23 16:55:13+00:00,But... the propaganda was highly ineffective.
viv,2025-01-23 17:00:14+00:00,Ban tok tok
ttb618,2025-01-23 17:03:11+00:00,We need a competitor. Elon needs to bring back Vine no matter how scummy it looks like
Matt Zelinsky,2025-01-23 22:45:21+00:00,"Ban TikTok, bring back Vine"
Patrick Basiewicz,2025-01-23 17:56:21+00:00,Do you think the power of social media to really influence people is still potent? It seems to be tapering off. Would love to see some data on this.
Law and IT Analyst,2025-01-23 20:06:26+00:00,It has tremendous value for youth indoctrination. So it will be used that way by whoever buys it.
Pecan,2025-01-23 16:49:27+00:00,where/how would they get that data though?
Alex V,2025-01-24 03:14:27+00:00,Better to block it.
DadHominem,2025-01-24 08:08:45+00:00,1) Only reason that the intelligentsia etc opposed this was because the Trump administration proposed it. 2) Imagine if it was the Russians that owned TikTok.
Stephen Inoue,2025-01-24 12:06:23+00:00,Even in 2024 there isn’t a single social media platform where China allows their citizens to talk freely with the rest of the world. Not even on TikTok. So which one is you? Any of them?
Desert Pretzel,2025-01-24 15:40:25+00:00,"I think this is true, but I also think any unmoderated algorithm will tend to nudge people towards more extreme views for similar reason Fox News got popular & media outlets pump out click bait. Outrage/anger gets eyeballs & clicks. & angry people embrace extreme positions."
AlexS,2025-01-24 15:25:40+00:00,So called Free market?
KM所長【中洲無料案内所マンゾクステーション】,2025-01-29 10:10:25+00:00,"動きも表情も最高すぎるさくらちゃんのTikTokはBANされる前にお早めに

https://vt.tiktok.com/ZSFde6EQC/"
ポンポコ太郎,2025-01-29 10:16:52+00:00,
KM所長【中洲無料案内所マンゾクステーション】,2025-01-29 10:18:36+00:00,
広島_凛花･デリヘル風俗嬢,2025-01-29 10:21:24+00:00,色っぽい表情で丁寧に(自主規制)を さわさわ洗っていますね///
KM所長【中洲無料案内所マンゾクステーション】,2025-01-29 10:23:48+00:00,きれいになってすっきり←
宅イチロー,2025-01-29 12:02:48+00:00,所長が揉んだ感触をお聞かせ願いたい。
KM所長【中洲無料案内所マンゾクステーション】,2025-01-29 12:17:04+00:00,逆に聞かせていただきたい
ヤマちん:SaToShi0707,2025-01-29 10:14:16+00:00,
Endra WeebCon,2025-01-21 03:56:59+00:00,Tiktok banned me for playing Palworld lmao
Airwingmarine,2025-01-21 04:36:39+00:00,"I mean... human trafficking, animal slavery...  could be an honest mistake"
CPat,2025-01-21 03:59:47+00:00,Legitimately have no idea how any streamer operates on TikTok at this point.
The_Rebella,2025-01-21 15:39:56+00:00,-.- tik tok needs to relax with the bans. Your content is fire and whoever keeps reporting you is smelly and eats rotten eggs.
Queen Lilly Dreamhack Dallas,2025-01-21 22:16:40+00:00,They banned me for Pokémon TWICE. I guess they just don’t like these games
Ravensearn,2025-01-21 07:27:24+00:00,Why does someone have to ruin it for the rest of us.
Savitzen,2025-01-22 00:25:09+00:00,Tiktok seems to ban people for just simply breathing at this point
DoctorKoshka,2025-01-21 03:57:57+00:00,That’s crazy!! Hate speech by playing a game
Dusty @ Coachella W1 (Coachella #18),2025-01-21 03:58:28+00:00,Finally someone stood up to your questionable labor camp
Mysterious Druid,2025-01-21 04:12:33+00:00,For real? They make no sense.
aeris,2025-01-21 04:35:10+00:00,Saw that
uptempo,2025-01-21 04:48:42+00:00,You were punching Pokémon and stuffing people in balls to sell them for money weren’t you lmao
Reflix66,2025-01-21 04:49:13+00:00,I got banned the other day for hate speech. The reason was “I Love You”…
aDanishMafiaHit,2025-01-21 05:32:14+00:00,You probably caught a human
Mandini,2025-01-21 07:57:25+00:00,Someone at their hq definitely loves you.
Brave Chicken,2025-01-21 08:50:19+00:00,Hate speech
ILLRUSH505 | SIGNED WITH SCUF,2025-01-21 10:28:45+00:00,"I literally got banned on it last night, too, for streaming it"
Zaxsin,2025-01-21 19:09:04+00:00,WHAT?
Dom Mayo,2025-01-21 20:56:41+00:00,It's because you murdered that poor sheep in cold blood like a monster
brainonfire,2025-01-22 07:23:31+00:00,:(
rambo tai,2025-01-22 12:48:16+00:00,yes im sure that was the reason
AniV,2025-01-29 02:24:18+00:00,More like banned you for being a whore  lol
Casual Senpai,2025-01-21 04:20:04+00:00,Probably a false report. We’ve had this happen to us before for no reason.
SniperDamian,2025-01-21 04:41:13+00:00,...Huh?
Adventures_of_RW,2025-01-21 05:46:51+00:00,maybe  kick is a better platform lol
"Max (She/They, Her/them)",2025-01-21 08:58:50+00:00,Again?!
LorD Zi,2025-01-21 15:39:38+00:00,shit on tbh
Bubbles,2025-01-21 04:29:21+00:00,what did you do that was hateful?
CleverNamedotexe,2025-01-23 03:41:39+00:00,"They banned me for calling out a blatant racist posting slurs on their account lol, the account is still up but they unbanned me at least."
HỒNG ÂN,2025-01-30 03:06:07+00:00,"Hãy tham gia lớp nhảy của bạn LyNa nhé mọi người
Học nhảy vừa khỏe mạnh, vừa thông minh ạ.
Hãy xem video của lyna! #TikTok"
Cường Lê,2025-01-30 03:23:04+00:00,Học nhảy để có nhiều năng lượng và thấy yêu đời hơn
HỒNG ÂN,2025-01-30 06:09:12+00:00,"Chính xác luôn, đi học đi nhé"
Bảo Bảo,2025-01-30 03:50:22+00:00,
HỒNG ÂN,2025-01-30 06:10:12+00:00,Thanks!
Văn Toán,2025-01-30 04:10:06+00:00,"Chúc bạn mình ngày mới tràn đầy năng lượng, thành công và may mắn nhé rảnh rỗi ghé qua nhà mình chơi với nhé"
HỒNG ÂN,2025-01-30 06:09:54+00:00,"Mình mới qua sáng nay, không gặp bạn ở nhà.hi"
Huy Lê,2025-01-30 08:31:36+00:00,Học nhảy vừa khỏe vừa thông minh!
HỒNG ÂN,2025-01-30 13:19:53+00:00,"Chính xác luôn, khỏe mới thông minh"
Một Hai Ba Bốn,2025-01-30 08:48:09+00:00,nhảy có giống tập thể dục không ạ
HỒNG ÂN,2025-01-30 13:19:24+00:00,Thể dục mà
BXONE,2025-01-30 10:40:14+00:00,Họ nhảy rất đẹp. Chúc bạn buổi chiều tốt lành nhé
HỒNG ÂN,2025-01-30 13:20:25+00:00,Chúc bạn buổi tối bình an nhé
Hưởng Lê,2025-01-30 11:57:55+00:00,Wow Tết đến kế bên đít rồi nhảy nhót gì nữa nà haaaa.
HỒNG ÂN,2025-01-30 13:18:56+00:00,"nhảy cho khỏe mà, đâu ảnh hưởng gì đến tết.hi"
karina,2025-01-30 02:39:55+00:00,okay i think its time to ban tiktok from f1 fans
karina,2025-01-30 02:53:15+00:00,i literally don’t know
Sleeping Giants Brasil,2025-01-26 19:26:00+00:00,"TikTok é processado nos EUA por exibir conteúdos impróprios a menores

O estado de Iowa realizou uma pesquisa para entender o que é exibido a um jovem de 13 anos na rede social

Foi concluído que o algoritmo exibe conteúdos impróprios até mesmo com controle parental"
Sleeping Giants Brasil,2025-01-26 19:26:02+00:00,Notícia:
Luí,2025-01-26 19:26:40+00:00,eles só ligam pra isso pq o ttk é da china kk
Patriota,2025-01-27 13:05:34+00:00,"E a Jovem Pan processando voces , kkkkkkk agora voces se ferram mesmo , esta pagina não vai durar muito kkkkkkk"
Marcos Vinicius Parente,2025-01-27 10:05:34+00:00,"A choquei matou uma menina com fake News, mas esses lixos que dizem combater fake News, passou pano."
polly,2025-01-28 06:28:28+00:00,omfg i know i arrived at the bottom of the bubble of sonny angel on ig
Alan,2025-01-30 05:27:21+00:00,Broker lagi minat cari sifu tiktok live full margerin sebab boleh attract more client. Yang tak buat ib ni asyik kena ugut turun leverage dengan ban acc saja.
Charlotte Vietnam Official Fans,2025-01-29 10:31:18+00:00,"Tối nay, chúng ta sẽ cùng gặp Charlotte và mae Anna tại Live Buae với những chương trình khuyến mãi hấp dẫn 

Ngày 29 tháng 1 năm 2024
Bắt đầu live lúc 19h30 - 21h00
LIVE tại Tiktok: itscharlotty & Anna Shop

Các bạn fan Việt hãy cùng trend hashtag cho Charlotte nhé 
#.BUAELIVExCHARLOTTE
Bắt đầu trend lúc 19h00

#ชาล็อตออสติน #CharlotteAustin
@itscharlotty"
Proposition Nalls,2025-01-30 20:09:29+00:00,Who do I need to speak to so they ban Nana Ama from TikTok?
David Sacks,2025-01-28 18:39:36+00:00,Why blow up Nord Stream if you’re not going to sell LNG? Biden’s policy is contradictory.
Ian Miles Cheong,2025-01-28 23:54:36+00:00,Europe won’t trust America after this ban. They’re relying on American LNG and Biden just screwed them to look good to his TikTok teen audience and also stick it to Texas.
Ann Coulter,2025-01-27 17:10:55+00:00,"This is even dumber than Nikki Haley wanting to ban TikTok.

""Florida lawmakers (D & R) move to bar kids from social media""

https://msn.com/en-us/news/us/florida-lawmakers-move-to-bar-kids-from-social-media-in-latest-statehouse-push/ar-BB1hgZNk…"
EV_Trapper,2025-01-27 17:13:10+00:00,"Thank God you will never be a politician.

 This is the best move that any Legislature could ever do. Move it to age 18+ & force kids to be kids again like we used to be."
Bobbie Evans,2025-01-27 17:15:40+00:00,"Florida continues to protect the KIDS, Ann. Kids."
Kenneth Dias,2025-01-27 17:30:24+00:00,"It’s something good parents already do.
Not something a bitter Barren Spinster like yourself would understand."
RICK SCOTT,2025-01-28 01:37:52+00:00,We want Ron Desantis.
William Wolff,2025-01-27 17:39:07+00:00,"Ann,
I know you love social media and are great at it. I believe the damage being done to young children and teens, related to their psychological well-being, is substantial. Letting children have unlimited access to social media is going to be seen as a horrible thing"
Ana Blake,2025-01-27 17:45:36+00:00,DeSantis already said the bill was overreaching and too broad. It won't get by the veto pen.
RicardoRetardo,2025-01-27 17:11:51+00:00,Is it? I don’t think so.
Amy,2025-01-27 17:12:08+00:00,That genie is out of the bottle. And like one can enforce.
M.L. Hayden,2025-01-27 17:12:21+00:00,Do we arrest the children or the parents when this backfires? The whole family maybe? Just to be safe
Andrea Justus,2025-01-27 18:43:23+00:00,If parents aren’t going to do it then someone needs to. Social media is killing our society.
Left Is Out,2025-01-27 19:06:16+00:00,Please go back into hiding Ann.  We don't need you and Mitt complaining about every step conservatives take toward restoring sanity to the country.
J. Dub (Blue Checkmark) Forklift Certfd #FELLA,2025-01-27 19:23:05+00:00,"They should ban Cryptids next, they scare everyone and look dangerous."
Chloe Zoe,2025-01-28 09:22:17+00:00,I agree with keeping youth off of social media. I recommend listening to Jonathan Haidt talk about how detrimental it is to young girls. TikTok is also inundating them with leftist ideology that's purposely being elevated through the algorithm.
JustMe,2025-01-27 17:36:43+00:00,For show only. Should have never been proposed
Cliff Moskowitz,2025-01-27 18:04:31+00:00,Well it is the free state of Florida. Don’t you feel free
"Communist Int'l, LLC, Sarc.",2025-01-27 18:28:48+00:00,I always admired your intelligence and thick skin.
Conservationalist,2025-01-27 18:41:30+00:00,How would you suggest we deal with the ravages of social media on children?
Chimpooey,2025-01-28 01:34:19+00:00,Google Mike Diana.
A Vernal,2025-01-28 08:02:47+00:00,This is North Korea
OG Boomer,2025-01-28 12:09:57+00:00,Says the woman who's never birthed?
Notorious$,2025-01-27 17:11:45+00:00,It’s not realistic.   These people do not live in the real world
Chris Howard,2025-01-27 17:11:58+00:00,
karam,2025-01-27 17:15:04+00:00,the donors love Nikita:
J T,2025-01-27 17:33:05+00:00,"Ann, in the '60s, parents howled how our music was just a bunch of noise, even though it was ledged, well thought out compositions of note and chord progressions. Today, it's totally unintelligible bull sh_t and it SUCKS, but they remind us of what our parents said to us."
RitzBoomer,2025-01-27 17:42:43+00:00,I agree.  DeSantis doesn't want to sign something into law that has no staying power.
one eyed man,2025-01-27 18:08:28+00:00,How? social media is a plague.
Chip,2025-01-27 18:40:51+00:00,How about parents taking some responsibility for their kids.
Randal Day,2025-01-27 19:37:05+00:00,It's actually a good idea.
Lisa P,2025-01-27 20:07:15+00:00,"Kids aren’t allowed to smoke, drink, vote, gamble, or drive.  It’s bipartisan.  The FL legislature also barred most restrictions on teenage employment.  They seem to have a grasp on what is causing children’s mental health issues."
JKCJ,2025-01-27 20:20:29+00:00,Your boy Ron back at it!
Frederick Husar,2025-01-27 22:51:46+00:00,idiots
randomCrapola,2025-01-27 23:15:05+00:00,"Florida has gone to shit. They were great during Covid, but then went full-on government overreach after."
Maggie May,2025-01-27 23:23:18+00:00,Less Gov't. This is on parents not politicians. This is so stupid. Raise your kids
Scott Sheffield,2025-01-28 02:19:17+00:00,The genie is out of the bottle . Great idea but not enforceable.
Jose A Carcamo,2025-01-28 02:28:43+00:00,"I can’t say is dumb..maybe controversial to the new generations ,and “influencers” that can’t live without their gadgets or social media .
Minors are becoming slaves and slow , because of this .
Is legal, in the parents rights and 
You think is better doing something or nothing ?"
AJL,2025-01-28 03:17:03+00:00,"Pretty soon the inhabitants of Florida will consist only of nasty, racist, old white people screaming ""get off my lawn."" Oh wait. Never mind."
AJL,2025-01-28 03:20:06+00:00,"The Sactimonious crowd is determined to make Florida as socially inhospitable as it is environmentally inhospitable. Bugs, heat, humidity,  hurricanes, flooding, alligators. Who in their right mind would live there. Of course it's cheap."
Dfs414249,2025-01-28 05:44:11+00:00,Parents need to stop letting  children have unrestricted internet access.... problem solved
Son of a Butch,2025-01-27 18:28:46+00:00,What’s wrong with banning underage kids from harmful SM?
Impartial Observer,2025-01-27 17:13:24+00:00,"Ron DeSantis is not well.  Being overwhelmingly rejected triggered his 'histrionic personality disorder',"
EL Warner,2025-01-27 17:16:08+00:00,"Ann, what's wrong about that? What one sees on that platform in the USA, can't be displayed in China on the same platform."
John,2025-01-27 17:16:13+00:00,The difference is this is for kids. Nikki Haley is going after ADULTS.
Lupus Noctem,2025-01-27 17:18:46+00:00,"Just show them your birth certificate, and you'll be ok."
Scott Drum,2025-01-27 17:19:31+00:00,"States have always restricted minors on the usage of harmful things. You know, like going to school when they might catch a mild virus."
ruttager,2025-01-27 17:21:02+00:00,"Yeah, keeping kids off social media wouldn't make a lot of sense to a spinster like you."
"SORRY, WE CAN'T SHUT UP ABOUT THE REAGAN 80'S!",2025-01-27 17:37:34+00:00,"kid should be in the gym, not on computers. i want them workin', not havin' fun. it's a form of child labor, but not exactly"
One Percent Takers,2025-01-27 18:16:48+00:00,Ron DeFascist wants censorship in Florida schools. Another right-wing pig.
Jason A,2025-01-27 18:25:02+00:00,We should ban Tik Tok.
Efficiency is next to Godliness,2025-01-27 22:26:54+00:00,Ann's a liberal
Billy Dee Wahl,2025-01-27 23:45:04+00:00,"No, it's actually good for their mental health."
Jesse unvaccinated DEPLORABLE ECONOMIC NATIONALIST,2025-01-28 06:25:25+00:00,"YOU CALLATE VIEJA Y  LOCA ! 
No-one asked you"
Insert Name Here,2025-01-28 13:58:21+00:00,Who took over your account Ann? Well  at least you've moved on from trump.
Scott,2025-01-28 17:22:33+00:00,Ann is a communist sympathizer!!!!.tic TOC Chinese spyware!!!
れいんさぶ,2025-01-30 13:07:28+00:00,たぁどTikTok LIVEでちんこ出してBANマジか
たぁど【Fixer】,2025-01-30 13:34:11+00:00,だしてないな？
れいんさぶ,2025-01-30 14:10:27+00:00,ダメ、全裸で謝罪して
れいんさぶ,2025-01-30 14:10:52+00:00,まぁその話地元では有名だけども
れいんさぶ,2025-01-30 13:23:58+00:00,なんで落単で済むと思ってんだ豚箱行きだろ
Rae,2025-01-29 22:10:12+00:00,Julia jadoo et tamara faut les ban de tiktok elles sont trop bizarre wesh
ght.,2025-01-30 15:30:51+00:00,La meuf la Tamara c’est trop grillé que c’est une mitho
polly,2025-01-28 06:23:01+00:00,can u all fucking stop sharing the pic of the feet that nicki liked????
Visegrád 24,2025-01-30 16:52:57+00:00,"TikTok’s top lobbyist in Israel has quit the social media giant over antisemitism.

TikTok is allowing 'hostile propaganda against Israel and Jews' to proliferate on TikTok says former Naftali Bennett advisor Barak Herscowitz after leaving the Chinese social media giant."
Visegrád 24,2025-01-30 16:54:42+00:00,"Source: Jewish Insider 

 https://jewishinsider.com/2024/01/tiktoks-top-lobbyist-in-israel-quits-over-antisemitism-on-platform/…"
Propaganda Spray,2025-01-30 16:55:27+00:00,Damn! I thought you'd be a good platform for our TikTok soldiers
The Immortal,2025-01-30 16:53:44+00:00,Impressive
Furkan Gözükara,2025-01-30 17:19:59+00:00,"No tiktok does  censorship more than even  Instagram

All news videos I post get auto banned lol. Literal news from main stream media"
gato fumador,2025-01-30 17:57:40+00:00,he worked for this guy and wants to whine about antisemitism?
Dצבי,2025-01-30 17:14:36+00:00,"TikTok is garbage for the mind.

Needs banned."
INSAFIAN,2025-01-30 16:53:51+00:00,Israel propoganda
INSAFIAN,2025-01-30 16:54:00+00:00,This is terrorism
Tony.Pi,2025-01-30 17:00:13+00:00,Great decision
Punk31,2025-01-30 17:01:45+00:00,A lot more than just antisemitism is proliferating on that social media.
suzmoon,2025-01-30 17:26:32+00:00,"@BarakHer
 כל הכבוד."
wladin,2025-01-30 17:50:05+00:00,Why work for communists in the first place?
KHALED,2025-01-30 16:53:36+00:00,Why
Sukuna Sato,2025-01-30 16:54:29+00:00,"This is truth. The Jewish lobby don’t have control over tik tok and now everyone is seeing what a media app can look like with no manipulation from the jews. It would be the same on insta, X, and others if the zionists had no control over their media. China is"
Breaking News,2025-01-30 16:54:31+00:00,Terrorists were released into the US and caught after a year.
Artist in Los Angeles.,2025-01-30 17:53:29+00:00,Oh really? I too have noticed the slant of that website app. It's so wrong of them.
Gotfryd,2025-01-30 18:01:28+00:00,"I don’t think everybody is aware of the antisemitic, anti-western, pro-authoritarian content that #TikTok proliferates in the West and the intensity of bull*** Russian, Chinese and Iranian propaganda directed at the minds of young people… Otherwise it would’ve been banned."
Laxman,2025-01-30 19:15:53+00:00,"@SenSchumer
 
@LeaderMcConnell
 
@SpeakerJohnson
 

Time to at least regulate and even better ban TikTok."
Jim,2025-01-30 22:18:16+00:00,Another truth denier
Altleftto,2025-01-30 16:54:20+00:00,Cope and seethe
Rebecca Nneka Amarachi (FIRST LADY),2025-01-30 16:56:31+00:00,He isn't lying
oskar,2025-01-30 17:09:56+00:00,Tiktok is  ain disguise
henry winkle,2025-01-30 17:54:25+00:00,so does twitter.
Lord Muhalia,2025-01-30 18:13:09+00:00,Why?
Ростислав,2025-01-31 02:22:07+00:00,"Подав скаргу під одним антисемітським відео на коментарі типу ""Адольф був правий"". Одному відповів емодзі клоуна. Всі мої скарги відхилили, а мій коментар з емодзі видалили, написали що це хейтспіч і якщо таке повториться мій акаунт обмежать..."
David_shloomo7,2025-01-31 09:34:04+00:00,"The Zionists want to control all types of media so that when their antichrist comes, he will be marketed as the savior of the world."
@R.,2025-01-30 16:53:17+00:00,"Biden is not so stupid.
So,
Biden don't want to widen the war in middle east.

He knows the Russia and China is behind Iran."
"Jenny(Ø,G)KGeN",2025-01-30 16:53:50+00:00,
Hamilton,2025-01-30 16:56:12+00:00,"2 big dictatorships in the world. China CCP and Russia.             
They are very cunning and insidious!"
common sense over party,2025-01-30 17:11:41+00:00,"Awww poor guys, it’s always everything antisemitic with you guys."
Eric Blair,2025-01-30 17:18:08+00:00,"Im not anti social media per se, but its obvious most folks on my team (peaceful but unafraid anti-globalists) spend most of their time:

1. Talking to other like minded people
- This has some value but much of it is a huge waste of time and resources

Or

2. Arguing with"
Tzimmes,2025-01-30 17:37:28+00:00,"@visegrad24
 can you please make it viral, how Gaza citizens are ""starving""?
Thanks"
Rolf,2025-01-30 18:17:41+00:00,"Yeah sure!
TikTok is silencing pro-Palestinian content while never bothering to delete even the worst kind of hate speech and video content coming from Israeli-Jews!
This is a fact!
So, stop your ridiculous bull nonsense, you !"
MT,2025-01-31 07:13:37+00:00,"chinese govt always the biggest sponsor of terrorism. Including hamas, taliban, ruzzia, iran and north korea."
Maisie Lynn Ur Mum’s House,2025-01-28 09:07:22+00:00,"Awww I got a content violation on 
@tiktok_us
 for telling someone that genocide is bad. 

Anyway: free Palestine. And if Zionists didn’t want to be called stupid, then they shouldn’t be so fucking stupid.

And to 
@TikTokSupport
 : you’ve become Wish.

Fuck off."
Mudovich,2025-01-28 09:08:47+00:00,Social media across the board needs to do fucking better with their content moderation. They need to stop attacking the ones who haven’t broken the rules and actually start banning the ones who do.
qccH2-0 @ Max Mode,2025-01-28 18:59:08+00:00,"I keep getting Israel tourist adds and like ""come visit [Isreali city]"" adds. I've reported every one"
The Everything Machine,2025-01-28 21:18:29+00:00,"U.S. State Department: TikTok is a secret Chinese ploy to undermine U.S. Hegemony by brainwashing our youth into their communist ways-
TikTok enforcing rules supporting genocidal U.S. State Department propaganda: huh?!"
"Le Prof. Canadienne, Ph.D.",2025-01-29 19:53:37+00:00,Concur.
Godly Magistrate of Humankind,2025-01-28 15:32:10+00:00,"All of the religious fights in that area are stupid, and the Palestinians aren't free from that either."
Leonard Smith,2025-01-29 08:14:57+00:00,"This situation in the Middle East is more complicated that just “Free Palestine” , also the world genocide is also being thrown around way to lightly. Hamas is evil , the IDF is evil . Standard  Jews and Arabs are not evil."
toffee oliver,2025-01-29 08:51:08+00:00,this man having 492.8k followers is the strongest argument for a tiktok ban
Prof Zenkus,2025-01-30 07:06:36+00:00,"Make no mistake, Nancy Pelosi's unhinged little outburst is designed to do one thing: scare Democrats and others from sympathizing with the ceasefire mvmnt or joining in a protest lest they be labeled Russian or Chinese plants. 1."
Prof Zenkus,2025-01-30 07:06:36+00:00,"2. It's out of an old playbook: characterize those opposed to US foreign policy as dupes for our adversaries.  The goal isn't to punish those who are currently protesting, but to make sympathy for that protest movement and its goals seem unappealing and unpatriotic."
Prof Zenkus,2025-01-30 07:06:37+00:00,"3. By saying that ""calling for a ceasefire is Mr. Putin's message"", she is linking the ceasefire in Gaza movement with Russia - and to many Dems that also means linking it to Trump. The irony is, Trump isn't calling for a ceasefire in Gaza."
Prof Zenkus,2025-01-30 07:06:37+00:00,"4. But that doesn't matter to Nancy because as long as she can associate ""ceasefire"" with ""Russia"" and ""Trump"", she can hope to make sympathy with the ceasefire movement unpalatable for Dems who are likely voters."
Prof Zenkus,2025-01-30 07:06:38+00:00,5. The establishment's fear is that the protests - which aren't going away - will continue to grow and that they will have an influence at the ballot box in November. She's basically saying to liberals: Are you sure you want to associate yourselves with this crowd?
Prof Zenkus,2025-01-30 07:06:38+00:00,"6. This wasn't a flub. She knew exactly what she was doing. She and the rest of the establishment are terrified. Not only might they lose the WH over this, they may lose key voting blocs forever."
Prof Zenkus,2025-01-30 07:06:38+00:00,"7. In addition, they fear a rising movement of awareness and dissent regarding US foreign policy.  When 20 year olds on Tik Tok are giving educated perspectives on the history of US support for undemocratic, dictatorial and murderous regimes - the establishment loses control."
Prof Zenkus,2025-01-30 07:06:39+00:00,8. Their hope is to stop the bleeding as best they can and pray that the movement against genocide and US complicity becomes unpalatable to more and more Democrats and eventually dwindles.
Prof Zenkus,2025-01-30 07:06:39+00:00,9  To suggest that real people aren't being moved by images of dead babies and flattened neighborhoods appearing in their screens daily....
Prof Zenkus,2025-01-30 07:06:40+00:00,10.   ...and that the only thing motivating us to oppose US support of genocide must be the influence of a foreign adversary - is one of the most deeply insulting and dangerous things I've heard a Democrat say in the past 3 months. And they've said a lot if bad sh**.
Prof Zenkus,2025-01-30 07:06:40+00:00,"11. The silver lining is the fact that Pelosi even had to go there is evidence that they are losing. If the Palestine solidarity movement was dwindling on its own, there'd be no reason for her to say this now. I'm sure the Dems have done some serious internal polling on this..."
Prof Zenkus,2025-01-30 07:06:41+00:00,12. ... and I'm sure the results are troubling for them. When they attack this way it's out of desperation. It's their Hail Mary. They see the interruptions at Biden and other Dems' appearances becoming more frequent. They know we are only getting louder.
Prof Zenkus,2025-01-30 07:06:41+00:00,"13. Their goal is to paint the entire movement as an enemy movement, funded by one of their most hated villians: Putin. And of course China a close second."
Prof Zenkus,2025-01-30 07:06:41+00:00,"14. What they're not getting is that the movement is being run and energized by many younger voters who have no allegience to the old Democratic Party, mostly don't care about ""Russia-gate"", and who are deeply motivated for justice. And they don't care what you call them."
Prof Zenkus,2025-01-30 07:06:42+00:00,15. And those Arab and Muslim voters who have lost family in Gaza or the West Bank really don't seem to care what they are called either: calling them enemies while they are mourning their family members doesn't seem like a great way to change minds.
Prof Zenkus,2025-01-30 07:06:42+00:00,"16. This is a situation where the more the Dems do to stop something, the more it grows. And they're freaking because there's an entire multi-generational movement that's questioning US foreign policy and wont be on board for whatever wars they want to start in the future."
Hellscape Henny,2025-01-30 13:49:41+00:00,"Thats what they hate about tiktok, people can get unvarnished perspectives on US foreign policy by bypassing the propaganda stations MSNBC, CNN, FOX, ABC,CBS"
TappyCard,2025-01-29 11:01:13+00:00,US judge blocks Montana’s TikTok state ban: ‘oversteps state power’ - https://mateobadella.com/49870400/us-judge-blocks-montanas-tiktok-state-ban-oversteps-state-power?via=tw…
jarᯓᡣ𐭩 | karina day!,2025-01-29 18:55:00+00:00,i rubbed my eyes like for girls who didn’t gaf about tiktok until like 6 months ago & shadow ban 73278292 times this is so good?????
jarᯓᡣ𐭩 | karina day!,2025-01-30 10:16:04+00:00,kid u not they didn’t even start doing challenges until last 2 cb????
@christine.elizabeth,2025-01-29 18:01:34+00:00,"And TikTok refuses to allow this to go viral because it goes against the current TikTok trend campaign of being anti-Nicki. If it was a Nicki hate video, it would’ve gone viral by now. https://tiktok.com/t/ZT8nQms4t/"
RAQUEL,2025-01-30 14:49:43+00:00,@NICKIMINAJ
Aicha,2025-01-30 17:26:16+00:00,True!! They shadow banned three of my tiktok videos. It didn’t even get one play!!
RIAHCARTI,2025-01-30 20:29:19+00:00,"CLOCKK this is from my page. The blue is before the diss track, the red is after. Nicki definitely upset some major people behind the scenes"
La Miki Minach,2025-01-30 16:22:40+00:00,I agree
J.A.,2025-01-31 01:18:36+00:00,I’m making it a point to repost this video and the video of that woman recanting her story every time I see them cause they gone hear us one way or another
thatspablovivo,2025-01-31 07:25:22+00:00,"Pls the other day I “posted” a video saying I will always be a barb or whatever with “pills and potions” playing in the background and it didn’t want to show on people’s TikTok accounts, as if I hadn’t posted anything!!! So weird!!"
𝔻𝔼𝕁𝔸𝕍𝕌,2025-01-29 08:58:55+00:00,"Coba ketik dikolom pencarian
""Jokowi Ban Bocor""
Liat siapa aja yang jadi korban video tiktok."
Jeng Rini GL,2025-01-29 10:49:49+00:00,"Banyak yg kena virus buniyani.
Sedih.."
𝔻𝔼𝕁𝔸𝕍𝕌,2025-01-29 11:08:33+00:00,"Sepertinya beberapa jadi korban juga mbak, tanpa cek dan ricek ikut²an posting."
Arif B Santoso,2025-01-29 09:37:39+00:00,Bahkan si alip yang ngehoax soal tampar dan cekek itu juga jadi korban tiktok.
𝔻𝔼𝕁𝔸𝕍𝕌,2025-01-29 09:39:26+00:00,Fanatis buat orang hilang akal sehat.
ROMEO,2025-01-29 09:45:41+00:00,Penggorenganya adh bnyak yg mengkonsumsi
𝔻𝔼𝕁𝔸𝕍𝕌,2025-01-29 09:48:44+00:00,"Cuaca mendukung.
Hujan = Kopi +Gorengan."
Oka,2025-01-29 12:02:25+00:00,Turnbackhoax pimpinan pak Beni Yogya
𝔻𝔼𝕁𝔸𝕍𝕌,2025-01-29 13:18:34+00:00,Ngeri juga kalau kaya gtu pak.
Gacha Zone,2025-01-22 02:48:12+00:00,Genshin Impact's Douyin (CN TikTok) just lost millions of followers due to a riot by the Chinese community regarding the Chinese New Year rewards which triggered a strike leading to unfollows across all CN social media and review bombing
Suzuner,2025-01-22 02:49:26+00:00,"HSR could never lose that much
Genshin >"
supweme,2025-01-22 02:50:08+00:00,Alright china bros score us some more free rolls again
Emilia,2025-01-22 03:13:36+00:00,"Finally, that's happen."
hikki,2025-01-22 02:53:48+00:00,"I will say this in advance.

When HSR 2.0 Livestream comes this upcoming friday and the rewards were shown…

Best believe this will come back to haunt them"
Bunny Overlord,2025-01-22 03:06:25+00:00,IS GOOGLE CLASSROOM OK!? TELL ME GOOGLE CLASSROOMS OK!!!
Calx ||,2025-01-22 03:12:16+00:00,every app on the app store when they hear mentions of the annual genshin review bombing because they know its gonna include them for no reason too
which can eternal lie,2025-01-22 03:05:56+00:00,The real question is why aren't we joining them?
Ultra Messi (Fan),2025-01-22 10:50:19+00:00,"If they'll try to compensate for this, please provide some for the Global players as well please"
We3,2025-01-22 03:08:05+00:00,Hsr could never >>>>>>>
ellie hee hee,2025-01-22 03:25:13+00:00,"Welp. If there's one thing fairly consistent about MHY is that they listen to their CN fanbase at least. It happened with Zhongli's changed kit, Childe's lowered difficulty, etc. 

If we get something nice out of this then good. I'm just too used to the small rewards lol."
Titania,2025-01-22 05:29:14+00:00,"Meanhwile Honkai Impact 3rd will gave free S-rank option, free gacha currency, free costume & another free character in event."
Meursault,2025-01-22 03:03:52+00:00,Chinese player's are not wrong this time
Kazahana,2025-01-22 09:27:11+00:00,"Oh god, not again"
ARKENO,2025-01-22 03:10:02+00:00,"About time, the devs need to start treating the players well. HSR has been giving out nothing but love to their players so why can’t Genshin players? We should all join"
Honglalula Lalula Lala!,2025-01-22 03:33:10+00:00,It's been 3 years and Hoyo has been giving the same rewards like come on can't they upgrade their rewards for once. Wait until Genshin player reviews bomb HSR's first anniversary rewards.
𖦹 M¡kKƙ ࣪ 𖤐 ๋ saw Sabrina ⋆ฺ .,2025-01-22 04:20:16+00:00,FINALLY a feedback from Chinese community
Snow Bline EN Vtuber,2025-01-22 07:01:26+00:00,Where were they during the first anniversary?
MellyUltra,2025-01-22 03:03:49+00:00,"great, the review bombs is returning"
zuxx00,2025-01-22 03:46:10+00:00,"I stopped caring for Lantern Rite or any major event rewards since Sumeru came out. I just lowered my expectations in general. If you're no longer happy with the game, take a break, play something else. Or maybe that's just me, I didn't spend a lot on this game. Just 2 BPs."
ʅӍ˥ʞɛʃ,2025-01-22 04:29:04+00:00,"For CN community: 

我完全同意并且会支持中国社会想要采取的任何极端主义措施，这个小气的公司需要紧急改变，我的发言结束（如果有错误的话，抱歉，这是用翻译写的）"
nia⁷,2025-01-22 06:06:57+00:00,This could stop if they dropped the zhongli skin
Kaung Khant Oo,2025-01-22 03:18:26+00:00,Good. At least Chinese players have more vocal and authority than the rest of the world. Let them cook.
ChesterLum,2025-01-22 06:22:31+00:00,"不错给个下马威他们，有新服装但是角色没rerun, 3年了奖品还是没变多少。隔壁两个honkai都给到5星角色，但是原神就一次一次的交不到货，没送5星 弄个自选命星也可以，至少为自己抽过的角色加一命也不是很过分，原神赚钱就拿去开发其他游戏， 派礼物在其他游戏，他们好像忘记了原神是他们红了的作品那样"
Nacho2382 | 17,2025-01-22 02:59:42+00:00,We need to join them
Koku,2025-01-22 03:03:56+00:00,"hsr 2.0 is coming ...
do something genshin devs"
Gah 𒉭,2025-01-22 03:24:00+00:00,"They’re not gonna change, the game itself is a cash grabber just to make their other games like HSR and the upcoming game ZZZ. They don’t care about genshin as long as it’s making profit for their deeds."
Joalego,2025-01-22 05:50:08+00:00,Dehya buff?
kinoko,2025-01-22 14:06:52+00:00,信不信只要中国外的网友也行动起来了。米哈游就绝对不会再装死的，米家老传统了，媚外
Tuna Specialist,2025-01-22 06:56:19+00:00,"Lets be honest, if mihoyo treated the player base the same as honkai or star rail, this wouldn't even be a thing from the start."
hOOcha_1p,2025-01-22 08:18:22+00:00,HOYOVERSE honest reaction:
paranoid,2025-01-22 15:48:16+00:00,Will it be as bad as this incident tho LOL
Albeedo (woah !!),2025-01-22 03:37:49+00:00,YES CHINESE BROS WAKE THEM UP
Mario Zelda,2025-01-22 05:10:41+00:00,Well mihoyo has solution for this: they'll just make HSR less generous and having less content so there won't be a game to compare genshin to lol
爽爽爽,2025-01-22 02:56:24+00:00,3年9个球明年就有12个了
Eaten,2025-01-22 04:35:50+00:00,"@pikaso_me
 screenshot this"
✮⋆˙♪ sena ˎˊ˗,2025-01-22 05:04:40+00:00,"@pikaso_me
 screenshot this"
AtomicAloshamir,2025-01-23 11:08:13+00:00,"No, it's fake. Genshin CN tiktok never got to 11 million fans before. The highest number is 9.6 million."
鳴神島の ~Mika,2025-01-22 03:10:33+00:00,Again? It was the same at the first anniversary
Ray !!,2025-01-22 03:18:07+00:00,deserved tbh
JoCaTen (happy 21 years Burst Angel),2025-01-22 03:23:57+00:00,"Wait uhh, which one is the followers?"
书华,2025-01-22 03:24:00+00:00,Interesting News! But it’s difficult for Genshin Impact to acquire Douyin
chen Van,2025-01-22 03:26:54+00:00,這挺搞笑的，直播前2天粉絲量爆增，直播後爆降
Joy / Sketch,2025-01-22 03:48:55+00:00,"I smell a 
@Muj_in
 video......... although it really depends on the level of unhinge come to think of it"
Amauri E. Alcántara,2025-01-22 04:07:59+00:00,My only hope is to gat some primogems out of this.
Emi,2025-01-22 05:01:03+00:00,"@Muj_in
 keep an eye about this situation, it’s going to be wild"
生菜酱,2025-01-22 05:04:35+00:00,"Last night I witnessed the fluctuation in Genshin Impact's Douyin followers, with around a 1,000 followers dropping every few minutes. So it went from nearly 10,000,000 to the current 8,600,000 , losing over 1,000,000 followers, and the unfollow count is still rising"
Doctor Rino,2025-01-22 11:20:22+00:00,"Seems nobody realise is TikTok the most awful social network, a trash, and most ppl are childs. Sure DaWei is super worried... hahaha"
Larissa,2025-01-23 00:04:31+00:00,I'm going to laugh a lot when mihoyo gives the rewards only for the Chinese server and nothing for us. This will be the moment that genshin dies in the West.
Mio akiyama's husbando,2025-01-22 03:29:06+00:00,To all the idiots saying hsr could never remember that when you get no free Xiao while hsr players get free dr ratio remember that and instead say: genshin impact could never.
,2025-01-22 07:00:15+00:00,You know what? The skin selector for players who only get the ps5 is such bullshit and the other rewards could definitely be better. I support what they’re doing. It’s just a shame that in order for hoyoverse to listen the fan base has to literally retaliate online
Sharpman (Natlan Enjoyer),2025-01-22 08:59:31+00:00,"I have a hunch someone spread a rumor about the rewards again. Similar thing happened with the first year anniversary event, and then pandemonium just ENSNARED the joint."
IV,2025-01-22 17:02:56+00:00,@suj1r0kimimame
froakie thinker,2025-01-22 17:33:21+00:00,okay i’m sorry i’m so dumb— what’s wrong with the new year rewards? i haven’t seen anyone talk about it. i thought they were the same as previous years?
逃避现实,2025-01-26 00:26:18+00:00,这个节奏没有什么可惊讶的，因为他们跟官方闹原神官方也不会理，要是冲官方没把福利冲下来他们就是
𝘚𝘢𝘴𝘶𝘬𝘦 𝘜𝘤𝘩𝘪𝘩𝘢,2025-01-22 18:11:47+00:00,Damn the anniversary was that bad huh
rein smith,2025-01-22 05:24:18+00:00,"So it begins, the ""2nd review"" bombing.

Honestly I'm more excited how the community reacts this coming Friday about HSR's stream if the rewards are even better then it may be the straw that breaks the camel's back for Genshin.."
Hayden | Head Rep Stan,2025-01-22 05:37:55+00:00,WE WON
Yorkx_Universe,2025-01-22 05:40:22+00:00,Do they favor global servers? Wtf!?
!,2025-01-22 05:56:34+00:00,"Getting mad over a game!!!! Genshin has the most strangest and dirtiest community ever

GENSHIN KIDS COMMUNITY"
Javirou,2025-01-22 06:08:54+00:00,I mean based?
Kirin / 키린,2025-01-22 06:30:48+00:00,"Let the chinese fanbase riot. It’s for the best.

Last time this happens was during Honkai Impact anniversary.
Global got an exclusive cut scene while chinese version got no cut scene.
Riot happened, Mihoyo pull the exclusive scene from global anniversary."
your local trashcat,2025-01-22 07:38:06+00:00,History repeats itself
Sinato,2025-01-22 10:09:45+00:00,Let's unfollow and do a review bombing too on Play Store/each store you want to #TrueRewardsOnGenshinImpact
??,2025-01-22 11:50:29+00:00,History is fuckin repeating.....
dung vo,2025-01-22 11:52:51+00:00,new year same old CN community
Akira,2025-01-22 11:53:05+00:00,Let us support our Chinese brothers and sisters!
鈺中& 那珂 IVAN Project所屬,2025-01-23 17:37:53+00:00,this is bilibili’s status
曾骁 そーくん Zeng Xiao,2025-01-22 02:49:57+00:00,well these happen like every other patch don't they?
Kal,2025-01-22 03:22:08+00:00,Good
Mike Wazawzki,2025-01-22 03:29:51+00:00,but oh wait i thought hsr players the only people complaining about the genshin rewards i thought we should be more grateful their giving us dirt shirt for their anniversary
Matty,2025-01-22 03:49:36+00:00,Unless many people delete their accounts and quit the game otherwise nothing changes
VeryHorriblyTired,2025-01-22 03:49:38+00:00,It begins
薄荷,2025-01-22 03:51:18+00:00,This is its retribution
"Kilian, the Forlorn",2025-01-22 04:01:13+00:00,W china bros.
ツツハラ,2025-01-22 04:04:44+00:00,they deserved it tho
habuirqe,2025-01-22 04:16:25+00:00,Cringe crybabies is what they are
sen,2025-01-22 04:18:18+00:00,get good. glb did this on 28th september 2021
Bento,2025-01-22 04:24:36+00:00,LETS GOOO
Nakoo,2025-01-22 04:28:45+00:00,Chinese server is just bunch of babies playing video games
Amaan,2025-01-22 04:49:44+00:00,China bros winning us some free pulls lets gooo
drangan trakioiot,2025-01-22 04:57:31+00:00,bagusss. kapok kelen hoyoverse guuubluk
allstarsdiva,2025-01-22 04:57:52+00:00,Noooooooo not again
Shian the 3rd | Anemo Boys collector. inactive,2025-01-22 05:06:58+00:00,maybe it's time for 1 star review bombing?
Lisa Filipe,2025-01-22 05:07:24+00:00,"@Muj_in
 get in on the tea!! What happened??"
Miro?,2025-01-22 05:20:21+00:00,Maybe theyll fix dehya
unclelate,2025-01-22 05:36:32+00:00,deserve it
iori,2025-01-22 06:52:46+00:00,Good
Niratma,2025-01-22 07:23:15+00:00,As they should
This AMG Drinking too Much Oil,2025-01-22 07:39:33+00:00,Update: hyv is buying Zombie accounts to maintain followers number on BiliBili (Chinese YouTube)  x.com/hxg_diluc/stat…
Pasteletta!,2025-01-22 07:53:01+00:00,CN Community is wild for literally every HoYo game smh
Eren yeager,2025-01-22 08:03:29+00:00,"Oh come onn, our favourite alfro guy is back!"
The Filled Elixir Storage,2025-01-22 11:20:41+00:00,"""The war has already begun. It is just a continuation of past battles"""
༒☬𝓜𝓸𝓶𝓸 𝓓𝓻𝓮𝓪𝓻𝓮𝓼𝓽☬༒ 1o3o1,2025-01-22 12:27:00+00:00,Just give us a free nothing five star. XD
Mega,2025-01-22 13:06:56+00:00,@Muj_in
the Zone,2025-01-22 13:14:36+00:00,"it's because the number of followers was rise up instantly in few hours ago before the stream, then they unfollow the accont. Actually, the number of followers is not changed too much. meanwhile, the followers of bilibili is very steady"
馬担当の坨（だ）ちゃん,2025-01-22 14:58:36+00:00,活该……继续看戏……∠( ᐛ 」∠)_
Ken || its Aprilus♡,2025-01-22 15:16:01+00:00,Here we go again
Armaros,2025-01-22 16:23:54+00:00,"I mean they deserve it. We've been tolerating their bullshit for 3 years so it's time to show these fuckers this ain't how it works.
Honkai impact is way better on terms than Genshit, I hope the Devs will address this and not give us just 10 free pulls. This can't go forever"
Yokin_OwO,2025-01-22 16:52:47+00:00,Lmfao
maynerd han,2025-01-22 17:17:41+00:00,鸡厂但凡送个常驻五星都不会有这么大的节奏，但是米家策划已经习惯高高在上俯瞰玩家了，米哈游已经开始威胁相关视频作者了
Shadow ''Andrei'' 2-1,2025-01-22 17:32:22+00:00,Just another new year in China. Unsurprising if they made another chaos by the year.
ジェックくん ‍,2025-01-22 17:37:36+00:00,"@Muj_in
 you might want to see this"
Julio Reyna,2025-01-22 17:57:46+00:00,"Get them, go go go CN community"
effie,2025-01-22 19:41:41+00:00,I think I've seen this film before lmao (throw back to Genshin's first anniversary anyone?)
♡ shima ♡,2025-01-22 21:04:35+00:00,If only they were this productive when it came to playing the actual games story!
THE DRINK,2025-01-22 22:19:39+00:00,I find it funny the CN players are complaining about being treated poorly and getting changes while the rest of the world has slowly accepted we're never getting our voice heard
DaXx,2025-01-22 23:24:07+00:00,"Genshin is lazy mess, they wont change. HSR is way better"
Joshua,2025-01-23 03:29:39+00:00,"When you don't listen to the plan base
hopefully they listen more after this"
culicvaiker,2025-01-23 03:42:27+00:00,"Deserved. Honestly, totally deserved. Not only because of not doing what was leaked."
朵推,2025-01-23 03:53:26+00:00,CN players care more about pulls and rewards than others
StormyGuy169,2025-01-23 06:43:03+00:00,"Oh boy not this again, this surely had become an “anniversary” thing huh? (Oh the irony)"
Mika,2025-01-22 20:57:09+00:00,Don't they give out the same shit every year? Why are they rioting?
AgentHunt.eth,2025-01-22 03:30:09+00:00,Nothing changes lol  one free gift solves it all
CryptoMan,2025-01-22 04:42:39+00:00,Lost 1M of follwers. Surprise me :(
Robert Mel B. Conde,2025-01-22 02:52:59+00:00,creating a misinformation can cause a war
Yanqing (profile WIP),2025-01-22 18:58:01+00:00,"First the across the world, now China? Not gonna lie, shit getting intense each year, thanks to the genshin community"
Mona,2025-01-23 07:01:26+00:00,"中国玩家需要你们外国玩家的参与，否则Mihoyo什么也不会做。
Chinese players need you to join,otherwise mihoyo will do nothing."
Chloe.™,2025-01-30 05:08:36+00:00,Im giving my self a tiktok ban until i finish CC3  i am not gonna spoil my self!
Chloe.™,2025-01-30 05:10:41+00:00,I shit you not. Not even 0.5 seconds from closing this app my thumb tapped on tiktok i closed it so fast cos the first tiktok was Cc3
layla,2025-01-24 15:16:36+00:00,In pratica il provvedimento è più per noi che non avremo i tiktok che per loro che devono rinunciare a 10 miseri minuti di telefono #amici23
LauraPetisol,2025-01-24 15:29:57+00:00,Il ns tik tok domenicale
layla,2025-01-24 15:30:20+00:00,Vabbè dai solo per una settimana Ahahahahah
Carmy,2025-01-24 17:50:44+00:00,"Una domanda ma sei quell ARROGANTE MALEDUCATO ECC....in senso ironico naturalmente, di Mida non avesse espresso il suo pensiero avendo una mente pensante  il provvedimento sarebbe arrivato lo stesso? Così chiedo......"
Beefeater,2025-01-29 22:42:41+00:00,"According to its editor-in-chief Dmitry Kiselyov, Sputnik was intended to reach a worldwide audience ""tired of aggressive propaganda promoting a unipolar world and who want a different (Putin) perspective"". Putin, (the indicted War Criminal who faces arrest and trial for war"
Beefeater,2025-01-29 22:42:43+00:00,"2016 and onwards - more lies, propaganda and integration of Sputnik into the Russian Information Warfare Operation.

 In March 2016, access to Sputnik's online content was blocked by Turkish authorities, as well as denying the Turkish bureau chief Tural Kerimov access to the"
Beefeater,2025-01-29 22:42:46+00:00,"In April 2018, journalist John Stanton, who had been Sputnik's Pentagon Correspondent for roughly two years, published a report highly critical of Sputnik News, Sputnik Radio, and RIA Novosti, declaring that both the organizations were part of a larger Russian Information"
Beefeater,2025-01-29 22:42:48+00:00,"Social media services including Facebook, Instagram, TikTok, and YouTube blocked Sputnik and RT content for their European Union users, while Reddit blocked outgoing links to Sputnik's and RT's websites in all regions. On 2 March, an EU regulation was published, which put the ban in force. 

Microsoft and Apple Inc. responded by removing the Sputnik and RT apps from the Microsoft Store and the App Store, respectively. On 11 March, YouTube blocked Sputnik and RT worldwide. 

On 13 September 2023, the bureau chief of Sputnik Moldova, Vitaly Denisov, was deported and banned entry into the country for 10 years. Moldova’s General Inspectorate for Migration stated that Denisov's presence in Moldova ""endangers the informational security of our country."" 

Daniel Voda, the Moldovan press secretary, stated that Sputnik was ""constantly dealing with informational attacks, lies, propaganda and disinformation.” Moldova’s government spokesperson, Daniel Voda, said in a press briefing after a government meeting that the authorities “have zero tolerance for fake news. 

The institution of which the respective citizen belonged was constantly dealing with informational attacks, lies, propaganda and disinformation,” Voda said. “Our message is clear: We will continue to protect the interests of our citizens.”

In summary:

Sputnik, #TASS and RT (Russia Today), are all state controlled media arms under the direct supervision of indicted war criminal vladimir putin, who is a wanted fugitive in almost every democratic country across the globe. If that doesn’t give you pause for thought, consider this to:

 These media outlets are dedicated to producing pro-kremlin content and disinformation to disrupt democracies and the rule of law. Every single story published, has an angle - to disinform, misinform and shape the readers views into a pro-russia, pro-kremlin and pro-war criminals narrative.

 As set out and referenced, these media outlets are incapable of producing objective, unbiased and truthful reporting of events - every story is a spin, if they can’t spin a story to sow mistrust and propaganda - they don’t run it.

 All of these state media arms use social media to spread false claims, misinformation and sow distrust between people and countries - active measures part of Putins Maskirovka program of deception and camouflage of the truth and objective reporting.

 All of these state controlled media outlets, refer to the illegal war in Ukraine as “a special military operation”, in the face of documented torture, rape, murder and genocide in cities like #Bucha and #Mariupol, two cities decimated by the armed forced and criminals employed by Russia to wreak havoc across Ukraine and destroy every part of Ukrainian existence.

With this in mind, if you still choose to believe a single word published by these outlets, including the baby of the group - Sputnik, then you a gullible human, incapable of critical thinking and a comprehension of the truth.

5/5 - End

 Bookmark this tweet and use it to BONK any Sputnik and RT posts.

 Please retweet if you enjoyed this - it helps with visibility !
Buy me a coffee donation if you can, to help keep my work going!"
Beefeater,2025-01-29 22:42:49+00:00,"Every single Coffee helps, sharing is important too!"
Beefeater,2025-01-29 22:42:49+00:00,"References and sources:

http://america.aljazeera.com/articles/2013/12/9/putin-dissolves-rianovostinewsagency.html…

https://independent.co.uk/news/world/europe/andrew-feinberg-quits-sputnik-russia-news-agency-white-house-correspondent-a7758921.html…

https://apnews.com/article/moldova-russia-journalist-expelled-sputnik-5448a0b7b851e833b6ecab726099ad77…

https://cryptome.org/2018/04/stanton-sputnik.pdf…"
Eva Szokalo,2025-01-29 23:37:42+00:00,"Just as you alluded to Russia's penchant for disinformation, their publication Pravda, means (and I'm taking an educated guess here as it's very similar to a Polish word) truth, suggests that nothing changes"
YouTubeラファエル社会問題解決,2025-01-30 17:20:55+00:00,しんやっちょTikTokイベントＢＡＮがコロアキに励まされるの巻。
TONI TONE,2025-01-22 01:24:30+00:00,"Just saw a video on TikTok where a Mum is recording her toddler and her toddler is pleading: “Mummy please don’t take a picture”. The Mum continues filming while lying that she isn’t, and her daughter gets more and more upset.

I hate how that content still ended up online."
positivity moon,2025-01-22 09:33:09+00:00,"Online privacy, especially for children, is becoming increasingly blurred with the rise of social media, emphasizing the need for a renewed dialogue on consent and digital etiquette in the digital age."
Autistic Tennis Fan,2025-01-22 07:49:52+00:00,We really need some digital privacy laws for kids now. This stuff is abuse.
MSB,2025-01-22 08:57:06+00:00,"Some women are just not worthy of that ""mother"" title."
ThePharmWriter,2025-01-22 09:31:03+00:00,"Everyone is looking for social media validation these days, at the expense of their loved ones.

Sometimes, I watch videos where the family is 'creating' content online, and it's easy to see that not everyone is comfortable with it.

It's weird to see."
gracious,2025-01-22 12:59:48+00:00,"And yet she was talking about ""she's not taking parenting advice from the Internet"" when people told her to respect her daughter's wishes"
RebStar,2025-01-22 01:28:46+00:00,Some become parents just for content creation.
Unravel with Tolu,2025-01-22 01:50:51+00:00,Thought I was the only one who felt a type of way about it
JENRAY_TWEETS {Blackstars Autos},2025-01-23 00:44:07+00:00,"When you born your own, obey what you born."
Ama Udofa,2025-01-22 21:14:24+00:00,People were saying it's funny and that people who criticized it are doing too much
TheSagee,2025-01-22 16:52:38+00:00,People that do this don't see children as whole complete humans or deserving of dignity.
Aproko Health Educator,2025-01-22 10:24:47+00:00,Saw it here awhile ago. It was a cringe. Motherhood nowadays is just content and inshallah. The child was obviously not comfortable and the mom kept recording and even went as far as posting it for the world to see what a failure she is...
merrygoround,2025-01-22 18:31:17+00:00,"This is why I like you. I was pissed when I saw the video and people were laughing. When she said it the first time, okay the mum might have felt she was just playing but she kept on saying it . She posted that video trying to entertain us? Strangers? Nonsense"
my name is,2025-01-22 22:38:00+00:00,I felt really uncomfortable with it as well
Ebitari,2025-01-22 11:56:57+00:00,"Twitter algorithm >>

Everything is increasingly becoming content."
Lilly Nyoni,2025-01-22 10:02:48+00:00,Baby girl was distressed and told her it wasn’t the time to take pictures. But …. content is king
Tats_Makz,2025-01-22 21:22:28+00:00,Content creation involving minors should be banned regardless of intention
kemi,2025-01-22 15:39:31+00:00,
Shodease,2025-01-22 21:36:33+00:00,Awful
QUEEN LADY…,2025-01-22 23:09:24+00:00,"You guys, stop na"
HitmanOnTheMic,2025-01-23 01:35:10+00:00,Everything these days is content and it is beyond crazy.
i love wizkid,2025-01-23 05:26:25+00:00,She didn’t say ‘please’. Commot for there
Rems,2025-01-23 06:35:47+00:00,"She could have ended it when her daughter said that and people would get the message of children getting consequences for their actions, but no, she decided not to"
Dione.,2025-01-23 12:33:22+00:00,Laws definitely need to be in place with recording kids! Bc it’s getting out of hand
Broken Flirt,2025-01-23 15:06:04+00:00,I couldn’t finish watching it
38Babbbyyyyyyy,2025-01-24 07:10:27+00:00,"Internet lifestyle people, parenting a girl for her mom Lmao… y’all will be fine"
Martin C,2025-01-30 11:41:38+00:00,"""Young smokers are showing off their kitschy designs – including themed cases and multi-coloured papers - on social media, prompting fears that when vapes are banned young people will turn back to cigarettes instead."" #Duh"
Claire double u,2025-01-30 20:13:43+00:00,Feels a cheek for daily Mail to be posting about this when they were being hysterical about disposables
Lorien,2025-01-31 12:30:55+00:00,At least it gives the illegal importers something to replace vapes with. Silver linings and all that...
sho2daPan,2025-01-30 19:14:15+00:00,Duh... Like why would they not?
KINSLEY,2025-01-31 18:36:42+00:00,this is UNGODLY !!!
