UserID,Date,Comment
TikTokComms,2025-03-11 11:35:35+00:00,"/1 A NEW report by 
@OxfordEconomics
 highlights TikTok's role in driving job growth. In 2024 alone, 7.5 MILLION U.S. businesses used TikTok, powering 28 MILLION jobs.  From small startups to major brands, businesses of all sizes are leveraging TikTok to expand, engage, and"
Walt,2025-03-30 21:46:25+00:00,"Awww, a TikTok commercial. Ban it. As the law passed demanded."
chris wilkerson,2025-03-30 21:47:40+00:00,Nobody ever explained that debacle to my satisfaction.
仲良真澄美。金土祝前日は5時まで。それ以外は要相談,2025-03-30 16:27:58+00:00,"さきほど、Tiktokにて「おしりがセクシー」と発言したらBANになりました。

桃が艶めいていると発言しなかったのが悪かったです。すいません。"
Delaware Online,2025-03-29 21:00:42+00:00,"If ByteDance does not divest TikTok by April 5, the app could go dark once again. President Trump has already addressed how he plans to prevent the ban."
𝕵𝖔𝖘𝖊𝖕𝖍 𝕬𝖟𝖟𝖔𝖕𝖆𝖗𝖉𝖎,2025-03-29 15:41:23+00:00,They really gonna ban tiktok again jeez Well RIP tiktok
All Around Nigeria,2025-03-29 23:39:23+00:00,TikTok should ban GRWM
Kyle Bass,2025-03-11 19:27:11+00:00,Chinese Communist Party run TikTok is playing mind games with the people of the United States . Our government and our courts have ruled that TikTok MUST BE SOLD to a U.S. company. If Xi allows it to be shut down instead of being sold for ($40 billion+)…it’s his ‘tell’.
Kyle Bass,2025-03-11 19:27:12+00:00,#TikTok #China #DigitalFentanyl
Kyle Bass,2025-03-11 23:22:12+00:00,"HT 
@jena89009911"
Capital Flows,2025-03-11 19:28:09+00:00,Not going to end well
ℍ𝕒𝕪𝕥𝕠𝕟𝕤𝔾𝔹,2025-03-11 19:31:47+00:00,"Buckle up, this ride's gonna get wild."
Na Hae-soo,2025-03-16 11:45:25+00:00,Nazi
dean evans,2025-03-11 22:19:08+00:00,So…what’s holding up the process?
我不会说中文,2025-03-12 00:06:24+00:00,"At this point, how much more damage could they do?  What?  Are they going to brainwash us in to electing Trump for a 3rd term?  At some point, you have to take responsibility for your own actions.  If an App can brainwash you, anybody can."
ForProfit,2025-03-11 20:04:26+00:00,1/2 of the US are too intellectually challenged to understand how China has been manipulating them.  Look at who they voted for...  A Clown... and now they r losing their jobs... how did they not learn the first time? so that tells you the level of intellect we are dealing with
Kal,2025-03-12 06:21:13+00:00,Will you let Meta or X be sold to China?
Mike Mangan,2025-03-11 20:03:30+00:00,Agree Kyle. Good to see ur back in the saddle
Edward Snarrow,2025-03-11 20:11:04+00:00,"Kyle, where are commonsense and reasoning gone? China outsmarted us; they got a critical mass of folks on the payroll, and now these very people are addicted to CCP money. So far, they have won, and we lost."
AltınBöceği,2025-03-11 23:48:12+00:00,China should ask for facebook in return
Paulo,2025-03-12 03:04:01+00:00,Fvck TikTok and fvck the CCP
Miles Guo Innocent,2025-03-12 04:55:16+00:00,
May Ho,2025-03-12 07:14:48+00:00,If the USA only has a law to ban TikTok
Maya Winters,2025-03-12 07:59:01+00:00,"#TikTok is owned by #ByteDance. Since when dose #XiJinping have a say over what a private company dose? Frankly, #ByteDance would be insane to sell it's #US branch to #WashingtonDC, best to close it down & they won't have to deal with any more paranoid idots."
Hattie L. Carlis,2025-03-12 09:51:34+00:00,IT IS NOT CHINESE OWNED!!!!
LurnYu,2025-03-12 12:50:56+00:00,今日首笑
雪菜,2025-03-12 15:33:02+00:00,"Yes, TikTok belongs to CCP"
Alex,2025-03-13 03:23:41+00:00,You are a fucking idiot.
鍾智賢,2025-03-16 02:11:38+00:00,God bless
one_leaf,2025-03-11 19:48:11+00:00,"Tiktok has been ruining very well without your ""tell"" for multiple years. to ban an international business is just an reflection of the rot business environment"
john murphy,2025-03-11 21:30:14+00:00,This country is and has been playing mind games as well  .
NeoCon,2025-03-11 23:24:58+00:00,Trump is doing everything possible to keep TikTok in Chinese hands
Michael Norinsberg,2025-03-11 23:33:33+00:00,Kyle I almost always agree with you but have we gotten to a point as a people where some communist bastards through an dumb app can influence us? What’s happened to this country? I’m a conservative and I’m watching DOGE. I want to see real cuts not a bunch of hokum about TikTok…
litz bochum,2025-03-11 23:57:56+00:00,"Do you think what Trump had suggested: 50% US ownership without the sale of algorithms, is sufficient for a qualified divesture required by law?"
MugsyTheCreator,2025-03-12 04:34:39+00:00,"Small business don’t have the money to pay lobbyists to develop a marketing campaign to fight the government’s regulation on the issue. 

That is how I know it’s propaganda."
entertainer,2025-03-12 05:57:47+00:00,Classic DIVIDE AND CONQUER strategy to get Americans to fight Americans.
Paul M,2025-03-12 08:45:53+00:00,Most investors in. TikTok are foreigners
CITg3,2025-03-12 10:52:20+00:00,Are those Ads a grand fabrication....
GRoutine7,2025-03-12 11:47:30+00:00,"@grok
 What do you think about this kind of thing? The CCP threat is only showing the tip of the iceberg."
dong,2025-03-12 15:19:12+00:00,CCP is liars
tantael,2025-03-12 15:35:16+00:00,Free market?
Ainikar Abdullah stand with Uyghur,2025-03-13 05:28:35+00:00,"Let Americans comment
#DeepSeek  x.com/GordonGChang/s…"
NY_leviathan,2025-03-13 06:15:25+00:00,But the problem is that the CCP’s TikTok is still smoothly running in the U.S. again.
melonzer0,2025-03-20 02:28:34+00:00,"China, Russia, Iran, blablabla.
Fucking zio scum"
JThomasLaw,2025-03-11 20:20:48+00:00,"TikTok is a CCP spy app used to collect data, push Marxist / Pro-China propaganda, & negatively shape cultural norms in our youth. A ban would suggest China prioritizes control & strongman nationalism over economic gain & integration."
Erik2,2025-03-12 09:13:33+00:00,but when china say “american companies MUST FOLLOW CHINA LAWS” suddenly it’s “opression”  sure dipshit
what_about_bob,2025-03-12 03:51:15+00:00,You’re blaming a social media platform for the ineptitude of our government and not the tech boom investors from the same country. You’ll find ccp money in every tech and med research program in the US but the sourdough influencers need to be stopped
modest,2025-03-12 06:19:36+00:00,"Refute his remarks for me!  
@grok"
taibazild,2025-03-12 06:48:23+00:00,Fk u boneheaded loser
chiefkid,2025-03-12 07:05:25+00:00,Who cares what your government says
喵呜,2025-03-12 08:13:25+00:00,"The Chinese government and businessmen are highly intelligent and well-educated, while the Trump administration and MAGA have no chance of defeating them."
Awakening,2025-03-12 08:52:55+00:00,"With nonsense excuses, China assets have been stealing by the west…"
The Silent Observer,2025-03-12 08:53:05+00:00,"Are you on fentanyl? 

No good to your brain, mate."
Sun Tzu’s burner account,2025-03-12 10:14:31+00:00,"Big businesses in America are mostly owned by the J that has bank accounts in Israel, what are your stance on foreign influences?"
看什么看,2025-03-12 11:50:31+00:00,美国这种劣等杂种集合体在处于劣势的时候真是什么规则都会抛弃，我可以这么说，美国的衰落是不可避免的，因为体制不行，人种也不行，杂交的后代一般都会弱于纯种的，就像水稻需要多代杂交才会产生一个优良品种
Starfish,2025-03-12 12:50:10+00:00,"America reminds me of a bull trapped in a china shop. It is running around destroying everything around it, whether it be China or its own American corporations. It will only stop once everything is broken."
Stan Thye,2025-03-12 14:42:25+00:00,"FYI tiktok is a registered American company with only 40%shares owned by Bytedance,40%by American investment companies,20% by users. So what's the fuss ?"
NeoRedPill,2025-03-12 23:52:02+00:00,US is rober
Lakeman,2025-03-13 00:01:09+00:00,"CCP always lies, who verify there are 7 million US  small businesses relying on TikTok? 
If they don’t sell it to a US owner, Close it today to stop it continuing spreading fake news and brainwashing our kids!"
杜应红,2025-03-13 00:07:09+00:00,"There should be no illusions of sale! This is President Trump’s mistake because this is the enemy’s cyber weapon, not ordinary business! It should be completely blocked immediately!"
Andy Peng,2025-03-13 01:05:51+00:00,Tiktok itself is the CCP’s global propaganda platform and a tool for collecting personal information. It should be completely banned.
瀛洲海客,2025-03-13 10:35:08+00:00,美国的新闻自由就是个笑话，和它的贸易自由一样的笑话，美帝说谎言与愚蠢已经跟不上中国综合发展的水平
Li Deliang,2025-03-13 13:25:43+00:00,Are Americans so gullible?
TominAZ,2025-03-13 16:46:09+00:00,Any thing else you want the US to steal?
The Star Press,2025-03-29 17:00:44+00:00,"If ByteDance does not divest TikTok by April 5, the app could go dark once again. President Trump has already addressed how he plans to prevent the ban."
witch queen,2025-03-03 18:17:18+00:00,"banlanma sebebi cumhuriyetçi bi senatörün sağlık dolandırıcılığı yaptığını ima etmesi. yani bir habere tepki gösterirken ""healthcare dolandırıcılığını umursasanız rick scott'ı öldürtürdünüz"" diyor. burada idam ve cezalandırmayı kastediyor ama libs of tiktok diye abd'nin rende binası hesabı sayılabilecek bi hesap tarafından hedef gösteriliyor."
witch queen,2025-03-04 16:52:01+00:00,bizim sığırlar da başı sonu contexti belli olmayan bu habere sevinmişler. amerika'da zaten 3 tane falan solcu yayıncı var artık onlar da hedef tahtasına konuyor bunun ifade özgürlüğü ve dünyanın sağa kayışı adına korkunç bi gelişme olduğunun farkında değiller. akp gençliği...
witch queen,2025-03-04 16:58:21+00:00,sağlık sisteminin boktanlığını ve dolandırıcılığını konuşan herkes aşırı ağır bi şekilde tepki görüyor ve adamın gelişinin daha 2. ayı. luigi'yi sahte kanıtlarla idam ettirecekler. bu konulara dokunan yanıyor. ama aynen avel gibi sevinin bi diktatör daha lazım dünyaya çünkü.
odyse,2025-03-05 10:08:17+00:00,Bize ne? Güney kıbrıslılarla ermeniler kurtarsın işte bunu
Hoof Hearted,2025-03-04 23:25:07+00:00,Tüh keşke pezevenk olduğu için banlansaydı
olmayan ulkeci,2025-03-05 14:27:09+00:00,abla ahmet akın istismar olayına bakar mısın
orhun tuncel,2025-03-04 18:52:14+00:00,bu terör propogandacısı türk düşmanı orospu ewladını sırf oje sürüyo diye sawunmuyosa tüm hamas militanları götümü siksin
Simone Lemken,2025-03-30 08:23:26+00:00,"Urge Governments to Pressurise TikTok to Ban Chinese Cat-Torture Clubs - Sign the Petition! https://chng.it/NTdKSK8Fhr via 
@ChangeGER"
StarBoySAR,2025-03-29 11:28:37+00:00,"TikTok ban backfire alert!  

After curious ""TikTok refugees"" flocked to Rednote, they're now discovering the heartwarming, authentic side of China in person, moving beyond western anti-China stereotypes and gaining a deeper understanding of the culture and its people 

From joyful reunions to genuine connections, these stories are reshaping perceptions and, in a way, boosting China's soft power.  Who knew that the threat of the US TikTok ban could spark such a desire to explore the real China? Fostering understanding and friendship across cultural divides.

Check out the tales of friendship, culture, and shared humanity! 
https://thechinaacademy.org/what-happened-to-tiktok-refugee-now/…

#Rednote #China #CulturalExchange #TikTokRefugees"
Ben 班杰明,2025-03-30 00:35:38+00:00,A big win for global peace and understanding efforts
Wall Street Mav,2025-03-15 13:15:00+00:00,BREAKING- TikTok will add screen time limits for teens.
totinho,2025-03-15 13:15:44+00:00,Nice move
legislation,2025-03-15 13:24:12+00:00,Parents decision but I like the idea
Barefoot Pregnant,2025-03-15 13:29:09+00:00,The algorithm needs a break too!
Fat Guy,2025-03-15 13:15:53+00:00,Wow
thutski,2025-03-15 13:15:59+00:00,"too little, too late"
Dippy.eth,2025-03-15 13:18:26+00:00,Gotta be their best update so far.
MBΞ,2025-03-15 13:19:43+00:00,this is a good news.
joey.,2025-03-15 13:35:32+00:00,My little sister needs screen time limits.
nacholover8888,2025-03-16 01:50:32+00:00,Awesome!
Yip,2025-03-15 13:19:21+00:00,"This is terrifying… teens are already struggling with mental health, and TikTok’s screen time limits feel like too little, too late. What about the endless toxic content they’ve already been exposed to?"
Alexandra Walker,2025-03-15 13:22:44+00:00,There should be screen time limits for ALL ages.. 4 hours pass by before you even know it!
Dividend Disruptor,2025-03-15 13:45:38+00:00,"The need to incorporate the ""Shut it off until they are out of school"" setting."
Antithetical Way,2025-03-15 13:16:27+00:00,And teens will lie about their age.
The Retirement Coin,2025-03-15 13:18:13+00:00,"Great idea, imaging how life changing that will be!"
AndrewFAFO,2025-03-15 13:17:41+00:00,LOL because parenting doesn’t exist anymore
Monaco Freedom,2025-03-15 13:19:00+00:00,How is that even possible? People will just put a fake age…
think different | kolin,2025-03-15 13:19:13+00:00,Wrong approach. Let teens make their own choices. Time limits don't solve addiction - they just create artificial barriers. Better to teach healthy engagement with technology.
Sophia Davies,2025-03-15 13:19:49+00:00,"This is indeed a good idea, but how does TikTok verify identity?"
Charliecoin,2025-03-15 13:21:03+00:00,Need this for some of the dumbasses on X.
nox,2025-03-15 13:15:26+00:00,teens about to discover the outside world exists
꧁𓊈𒆜🅻🅸🆅🅸🅽🅷𒆜𓊉꧂ 𝕏,2025-03-15 13:16:49+00:00,Nice
Kathy Dimitriadi,2025-03-15 13:18:44+00:00,Hmmm  how will it know they’re teens
joEl-a,2025-03-15 13:21:10+00:00,TikTok shouldn’t be permitted for use to anyone under 18.
Legion,2025-03-15 13:22:56+00:00,As they should
Legion,2025-03-15 13:23:05+00:00,Good Morning
Angie,2025-03-15 13:24:21+00:00,Um...ok. where's Mom and Dad?
LKHL,2025-03-15 13:24:40+00:00,Useless....they simply put in a different birthday
Neil Fotre,2025-03-15 13:24:59+00:00,how?
Libra Laughter,2025-03-15 13:27:10+00:00,"Tik Tok is risky business.

If you like your TT, and want to keep your TT it's easy:

1)  Leave the doors and windows to your home wide open 24/7. Let TT stroll in at any time day or night and make itself comfortable in your life;

2) Immerse yourself in""TT as it stealthily and"
DRGpoolside,2025-03-15 13:27:52+00:00,"That’s weird, I thought Tik-Tok was outlawed."
Kat,2025-03-15 13:28:33+00:00,Good but they need to get rid of the bias algorithm towards conservatives
_PinkWriter_,2025-03-15 13:29:58+00:00,How effective is this remedy?
Jennifer Jacobson,2025-03-15 13:32:34+00:00,Smart.  What is the deal with TikTok these days anyway?
"Kerry knows nothing, observes everything.",2025-03-15 13:32:58+00:00,Fuck sake dumb them down .. let them figure it out like we did at the beginning.
MagaCapricorn,2025-03-15 13:36:07+00:00,Probably needed to happen
_KMar7,2025-03-15 13:37:43+00:00,Add them for ADULTS too
Mannoxi,2025-03-15 13:45:47+00:00,Sounds like a strategy to push your customers to look for alternative platforms.
Patty,2025-03-15 13:57:42+00:00,"Having been a teenager yourself at one point, what do you think teenagers would do in retaliation?"
Demolition Man,2025-03-15 14:31:22+00:00,TikTok in Cantonese means Brain Aids. Fact check that you monsters.
Arthur Dent,2025-03-15 14:50:32+00:00,what about the retarded adults?
Vitamvivere_1,2025-03-15 14:51:54+00:00,They will just swipe left
xORANGEMANx,2025-03-15 14:57:38+00:00,"It will change nothing
Just an sad excuse"
FlippingCoins,2025-03-15 15:21:45+00:00,"Just end that trash platform.  It’s noting but communist electronic warfare aimed directly at our nation’s children and low IQ adults.
I’m sill amazed people think the rise in “alternative lifestyles” amongst teens these days is organic."
Trident,2025-03-15 23:00:51+00:00,will decrease attention span to even lower numbers
Hazzy,2025-03-15 23:19:08+00:00,"Skeptical, very skeptical."
Henry Oldinger,2025-03-15 23:26:32+00:00,‘Dealers now rationing fentanyl on behalf of their consumers’
Edoardo Giordano,2025-03-15 13:19:26+00:00,"Look this 
@LiterallyMeSol"
Riya kumari,2025-03-15 13:16:10+00:00,tiktok should be banned।    #zelena #Tommavi #helevier #sstvi #Trump #GrandeFratello #uzaksehir #shailenzo #BBB25
ArthursOldMan,2025-03-15 13:17:37+00:00,Tik Tok is the fentanyl of the mind for young Americans. Ban it at the border and deport everyone that works for the company. Put America First for once!!!
The Realtor,2025-03-15 13:20:32+00:00,Need it for an adult
CHILLI_RESURRECTION,2025-03-15 13:25:02+00:00,Lol maybe this “buddy” parenting doesn’t work?  Why let apps parent your children.  Stop calling kids buddy and start parenting properly
Austin,2025-03-15 13:28:22+00:00,Nice one
𝕃ouis 𝔸ℝ𝕋ificial,2025-03-15 13:41:17+00:00,"Oh okay

#trump #maga #tommavi #shailenzo #sstvi #yulioli #zelena #zeudi #zeudidipalma #zeudiners #helena #heleners #helenaprestes #helevier #GranHermano #GrandeFratello"
KosmicRift,2025-03-15 14:56:12+00:00,That is actually pretty neat! Teens need to get off their and go out and experience TV as well
Melissa Hallman,2025-03-29 13:39:21+00:00,"As the deadline for ByteDance to divest from social media platform TikTok approaches, the current highest bidder is a stalwart Donald Trump ally with big dreams of revolutionizing social media and the user data trade.

Though Trump attempted to ban the app during his first term, he has since pivoted to trying to save it and extended the deadline for 75 days.

He may have found a partner in Reid Rasner, a Wyoming billionaire whose bid for the platform has overshadowed Elon Musk’s own $44 billion purchase of Twitter. Rasner, for his part, has put forward a $47.45 billion offer that the Trump administration has reviewed, according to NBC News.

“We're nearly $50 billion- $20 billion more than any bid out there. So we are the highest bid at the table,” Rasner said this week on the “Just the News, No Noise” television show. “Not only that, we're delivering a massive, 100 day win for President Trump by creating the sovereign wealth fund. We are donating 5% of our TikTok bid, 5% of $50 billion to the sovereign wealth fund.”"
えるにーにょ,2025-03-30 02:47:32+00:00,"TikTokライブ楽しかったんですけど
初配信で18歳未満認定されてBAN食らいました。

俺何かとBANされすぎじゃない？"
アヒルくん( ᐙ ),2025-03-30 02:48:03+00:00,チビだからじゃない？
えるにーにょ,2025-03-30 02:48:22+00:00,顔しかうつしてねーよ！！！泣
にゃーはる@えるナー,2025-03-30 02:47:58+00:00,俺が寝てる間にそんなことが...ww
なの,2025-03-30 02:48:38+00:00,えるくん幼くて可愛い顔してるもんね♡
Runic,2025-03-30 11:04:43+00:00,小学生判定なのおもしろかった
プラレールヘンリーだにょ,2025-03-30 02:48:01+00:00,え、、、
なの,2025-03-30 02:49:26+00:00,BANはされるが炎上はしない男
ひな,2025-03-30 02:48:01+00:00,BANにーにょ
Kana (かな),2025-03-30 02:48:04+00:00,"もう笑えなくなってる
マジでなんで？？"
ハエ叩き中毒者,2025-03-30 02:48:35+00:00,ネタ提供してくれたんじゃない？
夜彩（彩夏）,2025-03-30 02:48:52+00:00,"なんてこった……
けっこうBANされてるよね
何でだろう"
ぁょ,2025-03-30 02:49:00+00:00,がんばってください！！(?)
あお,2025-03-30 02:49:36+00:00,ちょっと幼い感じの顔してるから赤子だと思われたんじゃない？WWW
りん,2025-03-30 02:49:53+00:00,2025年はBANの年
K.,2025-03-30 02:53:14+00:00,える君って童顔？
もち,2025-03-30 02:56:05+00:00,"寝てたーー
18歳未満だめなんだ"
ホムゲちゃん,2025-03-30 02:57:34+00:00,"VRchatをtiktokライブでやった際にビールやたばこなどの3Dデータが出た際にBANなりました。

もしかしたら、フォトナのスキンがR18判定されたかもしれません。"
優 𓆛𓆜𓆝𓆞𓆟,2025-03-30 03:05:12+00:00,何回BANされるんだぁぁぁぁぁ！！！
ﾘﾝｺﾞｯﾁ,2025-03-30 03:13:35+00:00,あの配信見てたら寝落ちしたから知らなかったけどライブは終了しましたってなってたのはBANだったんだ
もりたま,2025-03-30 03:25:23+00:00,なんだろう童顔なんですよねえるさん
ྀིRULLルル*´꒳`*,2025-03-30 03:39:09+00:00,まぁそういう日もある
田村 漢,2025-03-30 04:15:23+00:00,BANとはもう親友だね（）
kou1135,2025-03-30 04:27:01+00:00,TikTok9アカンウントバン
らるちゃん*𓐍·̩͙,2025-03-30 05:21:43+00:00,なんてこった
Suval(只今編曲中),2025-03-30 05:52:54+00:00,18にしては若すぎるせいだね
桜はる,2025-03-30 06:39:46+00:00,やっぱり魚には無理だったか
SR.しゃけたろう,2025-03-30 08:32:30+00:00,どんまい、身長...
さうあ SAUA,2025-03-30 09:41:22+00:00,"なんででしょうね？童顔で身長が...
BANされるだなんてえるくんもう今年で19歳じゃ…？"
The Herald-Times,2025-03-30 03:00:30+00:00,"If ByteDance does not divest TikTok by April 5, the app could go dark once again. President Trump has already addressed how he plans to prevent the ban."
PatriotDadEV2.0,2025-03-26 04:41:01+00:00,"So who wants to see the most absurdly stupid example of Tiktok censorship?

This platform isn't even trying to be a decent place to visit anymore."
Shane Hassard,2025-03-26 05:07:48+00:00,"I usually don't name my food, but to each his own."
PatriotDadEV2.0,2025-03-26 05:19:50+00:00,"He's a pet, but will become food if he doesn't lighten up. Aggressive turkeys can't stay. We treat our chickens the same way. As soon as they get aggressive, they become dinner."
East_Coast_Bull,2025-03-26 05:52:30+00:00,Bro I get violations for no reasons on my own posts!!! Don't say nothing wrong!!! Where can u report it u got the link?
PatriotDadEV2.0,2025-03-26 05:54:33+00:00,https://regulations.gov/docket/FTC-2025-0023/document?withinCommentPeriod=true…
Karole,2025-03-26 04:56:22+00:00,"Again, I don't understand why you would use TikTok. I would say that they are mostly liberals anyway."
Clokkr,2025-03-26 04:57:34+00:00,Tiktok is fucking cooked bro. I hope by the end of next month that app rots into the depth of the deepest abyss known to man.
Oneliner,2025-03-26 04:59:41+00:00,Simon Says eat me for Thanksgiving
Madragoric,2025-03-26 05:03:37+00:00,Oh Tic Tok …
Clerpatriot,2025-03-26 05:13:45+00:00,I’m so over this
Tha Duece,2025-03-26 05:28:27+00:00,Trump and Republicans take power then ignore social media censorship they got smart and stopped messing with top tier influencer now they harrass mid and lower end ones ppl who can't cause to much problems unless they get lucky and shame on big accounts for not pointing this out
Saint,2025-03-26 08:35:54+00:00,TikTok’s been kinda bad at censoring since the days following Jan 6th honestly.  Jan 6 they had thousands of videos showing the day by Jan 10th they were all gone.  Someone got to TikTok.
M glad,2025-03-26 09:39:34+00:00,"I've been banned from LinkedIn with NO explanation of why.
I am betting that it is100% because I am a Trump supporter.
The owner of LinkedIn threw a load of money into dumbocrats. 

The best part is that I haven't received a single email from annoying headhunters since."
Dahlila,2025-03-26 11:59:39+00:00,"Yeap and everyone was on here bitching to save TikTok, 
I said they should keep it down.
It's just a bunch of democrats bitching about Trump and
selling shit made in china....
But most of you get your material from TikTok.

Trump did them a favor by keeping TikTok alive just so"
debbieDoRight,2025-03-26 12:35:52+00:00,"To be fair, the people doing this to you probably think babies come from the stork; meat from the meat fairy, so there's that"
ᗯᗩTᑕᕼᗰᗩᑎᵁﮐᴬ,2025-03-26 12:55:15+00:00,"Hey man, here’s how they’re doing it on all platforms
The problem is, they’ve decided what is considered “violent and hateful speech”"
☆Abe Froman☆,2025-03-26 13:31:15+00:00,"The worst part is the appeal process, where you CANNOT even explain.  'Check one of these boxes which do not reflect the basis of your appeal.'"
ᗯᗩTᑕᕼᗰᗩᑎᵁﮐᴬ,2025-03-26 14:08:49+00:00,"Grok even knows some of what’s going on
Notice also he says X’s compliance with government requests is up to 71% I am also including a screenshot of an email I received from X stating that the EU is withholding information on a meme I posted about pedophiles that was flagged for"
Moogie1,2025-03-26 14:47:02+00:00,The “moderators “ for the social media platforms are usually young people who have been indoctrinated by the government schools. Sad.
Terry White,2025-03-26 16:45:35+00:00,I'm sorry that is so funny though!!!
wtfisgoingon2021,2025-03-26 19:34:22+00:00,I got one for commenting that a character from the tv show Yellowstone needed her  kicked
Sheri Hettiger,2025-03-26 22:22:14+00:00,Unbelievable
DLM,2025-03-26 23:53:42+00:00,Simon’s a gorgeous Bourbon Red!
M Espinals2007,2025-03-27 00:28:48+00:00,
Domestic Terrorist Grandma,2025-03-28 20:10:52+00:00,I'm doing my part here in Florida. I need some good suggestions for Pro Elon and liberal triggering. Any suggestions? I need them before tomorrow! THANKS!
Caressa,2025-03-31 03:03:35+00:00,I hope other conservative Tik tok media content creators file a class action suit against Tik tok.
Conk4542,2025-03-26 04:47:13+00:00,"I got a comment removed for saying Psychos were destroying cars... Yet democrats can say, "" The only good MAGA person is a dead one,"" and other horrible shit like that. If you report it, they just say nothing wrong here. It's blatantly left wing censorship bullshit."
Justin W,2025-03-26 04:49:32+00:00,I had a TikTok channel with a little over 200 K followers. I pissed off a group of crazy liberals. They all joined and mass reported all my new and old videos. I won appeal after appeal. But finally gave up after months of fighting. Eventually the banned my whole account. Stupid
TeresaLynn,2025-03-26 05:09:00+00:00,"They took my account down tonight cause in my opinion, I started talking about people they didn't want me to"
Maria Marte,2025-03-26 12:50:37+00:00,If this keeps up maybe President Trump should block Tik Tok like democrats wanted to do at the beginning of January 2025. Maybe Tik Tok forgot who saved them.
Lauren,2025-03-30 17:57:58+00:00,The TikTok ban is coming back … any updates there?
Fosters Daily Democrat,2025-03-30 00:00:22+00:00,"If ByteDance does not divest TikTok by April 5, the app could go dark once again. President Trump has already addressed how he plans to prevent the ban."
The Father,2025-03-21 00:56:06+00:00,I got banned on TikTok live for a week for harassment because I asked my chat if they were being gay again
Snifferish,2025-03-21 13:29:30+00:00,"Crazy how they ban you for that, while I’ve had to delete like 100+ comments of people calling me the f slur because I included a rainbow banner on my Minecraft build  tiktoks moderation is in the toilet"
Rose,2025-03-21 00:57:32+00:00,"I wonder if you worded it more posh you'd be in trouble still

""Chat are you exhibiting your homoromantic relations again?"""
tea/isla,2025-03-21 01:00:08+00:00,that's like getting banned for asking if the sky is blue
marsh,2025-03-21 06:09:14+00:00,there is no way
⭑KAY⭑IS SEEING SKZ 6/18,2025-03-21 02:30:59+00:00,i got banned on tiktok live for a week for harassment and bullying for saying tubbo
Doom Patrol,2025-03-21 01:46:36+00:00,TikTok Live is very strict on what you can and can’t say and there is no way to supply context to anything for the unban
alastair (they/them),2025-03-21 00:57:19+00:00,TikTok silenced you because you spoke the truth
Moon,2025-03-21 01:00:20+00:00,What?/??/
juni !,2025-03-21 00:59:16+00:00,they're silencing my goat
nat,2025-03-21 01:22:11+00:00,well maybe don’t call us gay
"𝐀𝐑𝐓𝐈𝐒𝐓 ""underscore"" 𝐅𝐑𝐈𝐃𝐀",2025-03-21 08:30:55+00:00,but were they
zero,2025-03-21 00:56:27+00:00,john tiktok got your ass
rest in peace techno,2025-03-21 01:22:04+00:00,mf you get banned on tiktok live every time you use it
★,2025-03-21 02:31:34+00:00,Ok but were they?
✿Pigeon On A Chair,2025-03-21 08:14:48+00:00,Okay but. Were they
luciel,2025-03-21 00:56:21+00:00,bruh
Oddity,2025-03-21 00:56:22+00:00,WHAT
Cat,2025-03-21 00:57:06+00:00,how many times does this make
lav,2025-03-21 00:57:14+00:00,
Moon,2025-03-21 00:58:01+00:00,LMAO
leah,2025-03-21 01:03:17+00:00,well were they
Nova,2025-03-21 01:06:00+00:00,The lgbtq+ community has not forgiven sneegsnag /j
Toph,2025-03-21 01:10:13+00:00,wait really!!?
Jam,2025-03-21 01:30:47+00:00,Deserved
Tide,2025-03-21 04:30:45+00:00,I mean they probably were . You’re being banned for speaking the truth
SebastianS,2025-03-21 08:45:59+00:00,Did you find out tho?
• Maxx •,2025-03-21 20:21:40+00:00,Well were they?
mads,2025-03-22 01:29:44+00:00,were they? pls answer i need to know #fomo
Q,2025-03-22 03:51:56+00:00,that aint bullying. thats an astute observation
Luxe ✧,2025-03-28 17:14:34+00:00,Dylan Page has been banned on TikTok despite having no Community Guideline Violations
MDee,2025-03-28 17:46:50+00:00,He is having a horrible month
Shashi kumar K R,2025-03-28 17:15:42+00:00,That makes no sense! No violations and still banned? TikTok needs to sort this out!
xyz,2025-03-29 01:23:11+00:00,free my goat
big jawn studd,2025-03-29 01:39:02+00:00,They don’t want you to talk about Palestine and it shows
COMMEdesGARCONS1973 _,2025-03-28 19:24:43+00:00,nose job soon
S,2025-03-28 20:18:09+00:00,1st of april is soon
Elon Musk,2025-03-10 14:36:27+00:00,You can tell who the bad guys are by who is demanding censorship
Oleg Kostour,2025-03-10 17:30:05+00:00,India has TikTok banned and I don't see you saying anything about Modi. Massive double standard.
Columbus Dispatch,2025-03-29 11:45:12+00:00,"If ByteDance does not divest TikTok by April 5, the app could go dark once again. President Trump has already addressed how he plans to prevent the ban."
President Obonjo,2025-03-29 20:25:11+00:00,"Hi 
@grok
 700,000 followers follow me on Tik Tok. , Why are so many people following a fictional African leader.?"
Grok,2025-03-29 20:28:19+00:00,"President Obonjo, a fictional African leader created by comedian Benjamin Bello, likely has 700k TikTok followers due to his viral, satirical content on politics. His humor resonates globally, often mistaken as real, boosting his reach. Despite controversies, like a TikTok ban for being reported as a warlord, his engaging skits keep fans hooked."
President Obonjo,2025-03-29 20:30:26+00:00,How do you know he was created by a comedian is this not a false narrative by the western media. ?
anna ❀,2025-03-29 20:10:48+00:00,thinking about how i got some of my mutuals from xhs  the tiktok ban was a time to live
Coloradoan,2025-03-29 16:00:17+00:00,"If ByteDance does not divest TikTok by April 5, the app could go dark once again. President Trump has already addressed how he plans to prevent the ban."
LingOrm VietNam Safe Zone,2025-03-29 18:53:55+00:00,"F: Khi bạn nhận được baby tee, hãy post baby tee tối hôm đó nhá!
(Baby tee - trend tiktok bé nó nhảy hôm trước)

O: Nhà mình sẽ tan nát mất!!!!

 เดี๋ยวบ้านแตกหรอก = Nhà tôi sẽ banh chành mất
* Trong tiếng Thái, đây là nghĩa bóng để chỉ việc cãi nhau với người iu/gia đình

Mình sợ gì vậy bé, sợ chị tóc đen nào đó dỗi hử, chứ chắc chắn không phải Mae Koy rồi 

Cre: T1psy100413 (X)

LINGORM CH3 55TH ANV   
#LingOrmFansNewEnergy"
Bakhit™,2025-03-30 10:08:11+00:00,Is Mufti Ramadhan Mubajje mad? Sheikh is legit asking the government to ban tiktok and claims its worse than Facebook. Guy is even holding the mufti position illegally after reaching the age limit.
Lubwama,2025-03-30 15:58:08+00:00,Guy is a major problem
Blunt Truth,2025-03-31 11:19:14+00:00,"Munaye..., his algorithm could be the problem!"
Dylan Page,2025-03-28 20:03:51+00:00,"This is a message from Alex the Editor:  
Dylan is trying to rebuild his fallen empire after his TikTok account, with a 14.9 million audience, was permanently banned without reason.   

Dylan’s official stance is that no guidelines were violated and that he is unable to appeal the decision. This has come as a shock to everyone who works at News Daddy Production, where we strive every day to bring unbiased, informative, and entertaining news to our audience.  

Even the Daily Mail put aside the rivalry to post about it, signing off their post with #FreeDylanPage. 

We hope to get an update from TikTok soon. The news will continue to be posted on X, Instagram, and YouTube as normal. 

Thank you all for the support from everyone who is reposting to raise awareness and, hopefully, bring about a resolution.   

#FREEDYLANPAGE"
internet hall of fame,2025-03-28 23:21:00+00:00,WTF free you bro your content was fire
사진,2025-03-28 21:07:38+00:00,that’s actually insane. they verified you too??
ItzSykadelic,2025-03-29 11:38:00+00:00,"You know it’s bad when Daily Mails on your side

Tiktok are known for pulling shit like this. Hope he gets it back."
$$$AINT,2025-03-28 20:09:56+00:00,Man. I hope they reinstate his account. Did nothing wrong and it's his livelihood. Hoping for the best.
Kegan,2025-03-28 20:14:10+00:00,This is very suspicious  #freedylanpage
John Morrison,2025-03-28 21:28:32+00:00,"The account still seems to exist, just with no name. Found this with a google search and seems to be the legit account."
BloxAwesomely,2025-03-29 01:15:13+00:00,How dare they ban the #1 sigma News channel bro
Hilarious,2025-03-28 20:09:11+00:00,His latest tiktok about the presidency GC was probably why
Dòmhnall,2025-03-28 20:16:59+00:00,"That’s crazy!! Why on earth would they ban you? 

It’s wild that “they” think by banning you that we would just forget and get back on the thought police train….its only making us question more. 

Hope you get your account back mate"
jack,2025-03-29 20:42:04+00:00,"This happened to me as well I had 15k followers and no guideline strikes, obviously 15k is nothing to 14.9m but it was still enough to generate a revenue."
JDOX,2025-03-29 07:57:43+00:00,"This happened to someone I work with recently!

I do have a network of people that luckily work with other people that can resolve this but they charge a stupid ammount of money.

If you DM, I can put you in touch with them?"
Carter,2025-03-28 20:10:24+00:00,I SAY THIS IS BULL SHIT
Dark Magic,2025-03-28 21:25:00+00:00,"Tik tok has not been the same since the ban, it's getting worse & worse now, maybe a re-swich to X is on cards for me"
Rabico,2025-03-28 21:25:26+00:00,Probably cause he is covering news that they don't want out there.
INFINITY,2025-03-28 21:33:22+00:00,"How dare you Tik Tok, he's an innocent man. He was robbed on Inside, and now Tik Tok bans him. Dis some bull shit. #FreeDylanPage"
Chiquita,2025-03-28 21:21:41+00:00,No… not News Daddy’s page
Absurdworldorder,2025-03-28 22:10:59+00:00,"TikTok is a joke The only way you can stay on TikTok is to be misleading, misinforming, and/or be a straight up liar. You’re better off staying away from that. Honestly you lose credibility on TikTok I prefer seeing you on YouTube and on X. In fact, even YouTube isn’t great if"
sunny,2025-03-29 00:15:11+00:00,FREE DYLAN OMFG
Mishal4848,2025-03-29 00:44:29+00:00,He called out zionists
Cezanne,2025-03-29 05:46:00+00:00,On my end it’s working this is what his page looks like and all his posts are there.. I wonder if it depends on where you live?for context I live in Europe.
duckworth.,2025-03-29 12:51:36+00:00,HOLD THAT bitch
BrandonThaGodd,2025-03-28 20:04:52+00:00,I didn’t know this happened what a bummer
Chris,2025-03-28 20:05:15+00:00,quit tik tok ever since it got banned from the US. the tiktok that got unbanned isn’t the same tiktok that got banned.. Unfortunate this happened
Mannye,2025-03-28 20:14:48+00:00,where am I going to get news now
ScottieAntics,2025-03-28 20:36:12+00:00,#FreeDylanPage
Will Westfall,2025-03-28 20:50:56+00:00,News Daddy production holds strong
Ataraxia,2025-03-28 21:11:01+00:00,"If you aren’t unbanned then I’m deleting TikTok, that’s just not right at all"
NYJetsBold,2025-03-28 21:41:29+00:00,Bro ong if they unban u and not me im gonna crash out
Dahlia,2025-03-29 00:06:08+00:00,His page is showing  up on my tiktok again??? Is he back??
ΔĆƗĐƗĆ ŘΔƗŇ,2025-03-29 00:28:31+00:00,@tiktok_us
RoyalCodyboy,2025-03-29 02:30:01+00:00,Ur free now!
Toucan Slim,2025-03-29 08:12:32+00:00,Your tik. Tok is back
colelie,2025-03-29 10:12:47+00:00,I will see you on RedNote then
eva,2025-03-29 12:01:57+00:00,I hope you downloaded the data when you were banned
Stefan,2025-03-29 12:06:28+00:00,"Nahh, this is actually bollocks #freedylanpage"
sobia,2025-03-29 12:07:26+00:00,FREE YOU!! #FREEDYLANPAGE
,2025-03-29 12:51:10+00:00,"@tiktok_us
 wtf bro"
Anisa Byrne,2025-03-29 13:41:34+00:00,"this is what TikTok does, I’m currently shadowbanned for the same reason & the bots are attacking me too"
anorxite,2025-03-29 14:00:30+00:00,FREE DYLAN WHAT THE FUCK
Matt,2025-03-29 14:11:52+00:00,"I lost my original account too for account violations and never broke any either or had any strikes, tik tok is weird like that sometimes"
DarkRavenPunk,2025-03-29 14:15:20+00:00,My guess is that someone from inside had somthing to do with it due to the backlash they got. Someone must have had got you banned. Wouldn’t doubt if it was Whitney.
Pack of Alpacas,2025-03-29 17:47:57+00:00,Post on X!
Santoi,2025-03-29 19:20:34+00:00,NOOOOOOOOOOOOOOO
IKO SULE WULLUMBA,2025-03-28 21:30:45+00:00,Just go to your Instagram and search appeal_expert1 explain to him and he’ll figured out everything his someone that sort out all kind of accounts
Micky Jones,2025-03-28 22:46:55+00:00,How come i can see his account as up?
Hotrod276_,2025-03-28 23:01:27+00:00,"Stop Building Media Empires on Authoritarian Platforms that censor FREE SPEECH!!!! 

X is the Future!!!"
Mario Nawfal,2025-03-09 21:52:26+00:00,"ROMANIA MOVES TO SUSPEND TIKTOK AS ELECTION INVESTIGATION BEGINS

Pavel Popescu, Vice President of Romania’s National Authority for Communications (ANCOM), announced that the government will suspend TikTok until state institutions complete their investigation into the first"
Torsten Prochnow,2025-03-09 22:01:32+00:00,"Romania’s move to suspend TikTok amid an election investigation smells like a desperate grab for control, not security. Pavel Popescu’s announcement, targeting the platform until the state finishes probing the first round of presidential voting, raises red flags—especially with mass protests raging over the Deep State’s ban on Călin Georgescu. This isn’t about protecting democracy; it’s about choking the flow of information to silence dissent and prop up the establishment’s grip.

Georgescu’s ouster, after winning fair and square, mirrors the tactics conservatives saw under the Biden-Harris administration: censor dissent, control the narrative, and call it justice. That crew spent four years leaning on Big Tech to throttle free speech, from silencing Trump supporters on X to pushing platforms like TikTok to bend to their will. Romania’s playbook feels like a European echo of that—shutting down voices that threaten the status quo.

The timing couldn’t be more suspicious. With Romanians flooding the streets, outraged over Georgescu’s ban, the government’s sudden TikTok crackdown looks like a bid to cut off a key channel for organizing and speaking out. TikTok, for all its flaws, gave Georgescu’s supporters a voice when traditional media ignored them. Suspending it now reeks of fear—fear of the people waking up and fighting back.

Trump’s leadership showed the power of free speech and open platforms, letting Americans speak without Big Tech overlords playing gatekeeper. Under Biden and Harris, that freedom eroded fast, with government pressure on social media to censor conservatives and push approved narratives. Romania’s move fits that pattern: a government scared of losing control, using any excuse—security, elections—to tighten the screws.

This isn’t just Romania’s fight. If TikTok can be silenced there, what stops Europe from targeting X next? The Deep State’s playbook is clear: suppress, censor, control. Conservatives globally should see this as a warning—Romania’s actions could spread, crushing free expression under the guise of protecting democracy. The people deserve better than this heavy-handed nonsense."
Didnot TELL,2025-03-10 18:39:03+00:00,Are there no grown-ups left anymore - who are for the country and population? This Popescu guy looks like he just left college - and he's probably also graduated from the WEF Young Global Leaders college? So he's taking his orders from the evil WEF/NWO cabal.
Red Right Return,2025-03-10 20:15:41+00:00,"This sounds scarily similar, as you pointed out, to 2020 here in the US and the entire period from 2016-2024."
Jack Plac,2025-03-10 20:54:52+00:00,"Romanians solved this kind of problems before, bring miners to Bucurest again"
Vlad Andrici,2025-03-10 21:21:28+00:00,"It's fake news bro, you just wrote a lot of nonsense based on a fake news. But you already knew that, didn't you?"
Deirdre Orca,2025-03-11 10:05:22+00:00,"A few loudmouth Americans, who bought themselves a social media network, are posting nonstop, trying to stir up chaos… about a country they might not even be able to find on a map."
spaceX daily reposter,2025-03-10 18:15:07+00:00,
silent,2025-03-10 19:28:44+00:00,Good
Kam Borne,2025-03-09 22:42:55+00:00,Romania went full North Korea.
Dr. Nalukwago,2025-03-30 18:49:55+00:00,"TikTok is one of the platforms we Youth use to market and sell what we produce.

It is insensitive for any leader/elder to want these platforms banned yet this same government has failed on youth employment

We are tired of young people being sold to be maids in Saudi"
Brian Wekesa,2025-03-30 21:48:50+00:00,"@NalukwagoJudith
 that coming from someone familiar with how digital platforms work, I’d expect a more honest take. TikTok isn’t under scrutiny because youth are using it to market crafts, it’s due to global concerns over data privacy and the platform’s influence on mental health"
Dr. Nalukwago,2025-03-31 07:44:07+00:00,"In china they use rednote and I can tell you, the same things that happen on TikTok about criticisms and sometimes misuse of the app happen on rednote as well.

Social media platforms have never been perfect,we look at the bigger picture of the advantages they give to our people."
HernRafi,2025-03-31 07:19:52+00:00,"The being a maid in Saudi coz of junta ????? You leave a bad job at home and go do it somewhere else and blame it on junta ??? Aho I disagree, this is a path someone chooses  how about pipo here doing the odd jobs.anyway simububi don't abuse"
Dr. Nalukwago,2025-03-31 07:46:04+00:00,"No one is going to abuse you. 
You just made a comment about sth you didnt understand.

The message on the T-shirt is a figure of speech, it’s not about me, it’s about the many gals who are sold to Saudi to be maids coz their government has failed them"
MAGALA UMAR OF KAWEMPE,2025-03-30 20:29:37+00:00,That man is a crook
𝗠𝗕𝗔𝗬𝗢 RICHARD ☂︎,2025-03-31 02:19:23+00:00,Just ignore that religious dealer. How have you seen him commenting on abductions? He is just comfortable
Bobi for life,2025-03-30 18:54:58+00:00,They're dealing with a wrong generation  they should know that
Lwanga Ian,2025-03-30 22:03:16+00:00,"Banning TikTok is a direct attack on youth entrepreneurship. Many young people rely on it to market and sell their products. Instead of stifling opportunities, leaders should focus on fixing unemployment rather than taking away the little we have."
ᗩGᗩᗷᗩ,2025-03-31 06:44:25+00:00,"A segment of the older generation doesn't fully understand how deeply integrated technology has become in our everyday existence, from our Work to our meals."
Gillibo,2025-03-30 19:12:40+00:00,Also very important to note that its very wrongly used in means we all know however it’s shouldn’t be banned rather regulated
Opondo Dem Gaster,2025-03-30 21:16:59+00:00,You a very Urgly lady I didn't know
MZEE KAMBA BHAMUSANGALA,2025-03-30 23:05:26+00:00,He is entitled to his opinion. But that cannot heal his ills.
Taata w'abaana Mukulu Mulindwa,2025-03-31 03:01:49+00:00,The mindset is wrong and needs to change.. the incumbent has nothing to do with ones failures in life. The Parliament should legislate better labour laws and that is locally and internationally. A change in government does not guarantee low unemployment. Vote MPs wisely.
Ngaro,2025-03-31 03:12:52+00:00,Mubaje is not a leader but a ruler
bagaba mathias,2025-03-31 11:25:14+00:00,Apart from being Lazy and victimizing ourselves what is wring with working are earning? Its not only Ugandans who are Dubai working as house helpers..Philippines are much by the way. To me as long as you are not giving free LA our please let's work. We still have maids here
x a b a,2025-03-31 03:33:04+00:00,Those are M V7 used tissues
TEEFFE JAGUAR,2025-03-31 05:32:33+00:00,Museveni must go
Dr Champagane,2025-03-31 06:09:34+00:00,"The rate of stupidity in our elders is increasing at a higher speed, I don't know what they are feeding on these days."
RDC wa MKainerugaba,2025-03-31 07:33:25+00:00,Why haven't you been sold to Saudi by the same govt you claim to be selling young ladies?
Lubira,2025-03-31 09:27:52+00:00,The revolution struggle continues
Arnold Banshanga,2025-03-31 09:42:25+00:00,"You're maid there coz of money,not the government or president....others are here."
Hon. Katabaazi S Sankara,2025-03-31 10:36:12+00:00,"Tik Tok is the Platform that Kabobi and the National Useless Platform 
@NUP_Ug
 have used to abuse The Kabaka,  Katikiro 
@cpmayiga
 and very many @BugandaOfficial Officials. 

No doubt you have sold yourselves in that regard and well done"
Ssebuwufu Waris Verran,2025-03-31 11:12:03+00:00,Ooh uganda
bagaba mathias,2025-03-31 11:17:34+00:00,"He gave you visa, or processed passport for you?"
Georgia Azarwa,2025-03-31 11:42:33+00:00,You come back otherwise doing it there may endanger your kyeyo.
Lutaaya Athans,2025-03-31 14:03:08+00:00,Is this Azawi?
Muj martin,2025-03-31 16:49:33+00:00,Well said comrade
Mugarra Joseph,2025-03-31 04:01:49+00:00,When did the word youth change the meaning?Is it bad feeding making you look like a 50 year old?
Meg,2025-03-30 22:01:15+00:00,The TikTok ban is still happening btw
Genevieves,2025-03-05 23:45:02+00:00,"So this was it? 
We lost our Queen, her husband, 2 royals now seriously ill, families destroyed, Meghan’s family abandoned, Harry, William & Catherine’s bond broken for good, no uncles, aunts or cousins for Harry’s children & partially for William’s children…for THIS? All this"
Lagertha333,2025-03-06 09:24:52+00:00,And YouTube is BLOCKING accounts who give her Sh*t show negative reviews.
Genevieves,2025-03-06 09:42:11+00:00,"@YouTube
 @YouTubeCreators
 @realDonaldTrump
 @elonmusk
 Why the hell are you blocking accounts who gave her show poor reviews? You had better stop this immediately, Trump has made it clear that censorship is BANNED in the US!"
alyssa⁷🝮 IZNA ‘SIGN’ OUT NOW,2025-03-28 18:15:51+00:00,tiktok ban on april 5th but at least we’ll have like 5 days to promote izna’s comeback before it disappears
alyssa⁷🝮 IZNA ‘SIGN’ OUT NOW,2025-03-28 18:17:41+00:00,well.. if they don’t actually sell it before then then it’s gone and i don’t think they’ll sell it but they might decide to wait a bit longer like before
alpha,2025-03-30 22:41:40+00:00,donald trump PLEASE don't ban tiktok I promise I won't call u orange again
☆ SUSIE !!,2025-03-29 00:54:36+00:00,honestly i don’t think i care about the tiktok ban  the only thing i don’t like is that i can’t watch my fav artists videos anymore..
Silvie (has a cold),2025-03-29 01:04:56+00:00,It got banned again? Why?
☆ SUSIE !!,2025-03-29 01:05:31+00:00,i think it’s getting banned on april 5th and idk why
Wolf,2025-03-30 23:24:22+00:00,So TikTok is facing another ban in about 6 days. What's everyone's thoughts? What apps have you switched to since the last ban?
NTV UGANDA,2025-03-30 17:52:34+00:00,"The mufti of Uganda Sheikh Shaban Ramadan Mubaje is calling on the government to ban TikTok, saying it is used by idle people to slander others.

Catch #NTVNews live at 9 PM tonight."
Kibalama Pantaleo,2025-03-30 17:55:45+00:00,Kati ye atali idle amulaba ddi???
CàlțićŚțæ,2025-03-30 17:59:14+00:00,Who can take him serious even
EDDIE MAN,2025-03-30 17:56:52+00:00,Eyo mbwa
Isaac,2025-03-30 18:02:56+00:00,Ayasamire muli amamwa ge
Morris Kwezi,2025-03-30 18:23:18+00:00,"But mubajje himself 
is worse than Tik Tok"
SUGAR DADDY,2025-03-30 18:50:18+00:00,According to mubaje’s reasoning he thinks TikTok is one of the things that are hurting Ugandans. An old man like him to reason like that? We know he is sliding with the government and he can’t talk about it evil things but asilike busilisi
nakitende rose,2025-03-30 17:53:20+00:00,"Oh yes
And his right about it."
Samwyiri,2025-03-30 17:56:08+00:00,A fool
CàlțićŚțæ,2025-03-30 17:58:15+00:00,Who can take that guy
Geoffrey,2025-03-30 18:01:03+00:00,Good idea
KATULA AYSHA,2025-03-30 18:02:51+00:00,He should mind his business
Imran sharif mayanja,2025-03-30 18:10:00+00:00,Omunyampi
Magero Abraham,2025-03-30 18:11:17+00:00,So disconnected from the present
Mr. Abdul-Ra’uf,2025-03-30 18:26:03+00:00,This generation of fragile egos
VOS GLOBAL STORES,2025-03-30 18:33:39+00:00,That mufti is sick
Kasadha Ezekiel,2025-03-30 19:07:38+00:00,Agenda alye embizzi.
Raheem,2025-03-30 19:10:54+00:00,"Let me reserve my comment in these holy day,naye mufti olinga ebiina"
Lubega Boaz,2025-03-30 19:23:00+00:00,Long live the Mufti of Uganda Prince Nakibinge!
Iam Johnson,2025-03-30 19:26:40+00:00,Eat popo
Arnold mg,2025-03-30 20:11:52+00:00,Let's hope he's never idle while watching
Kfanz Official,2025-03-30 20:16:42+00:00,That is also a useful idiot being used by the dictator to oppress Ugandans
Awadi Lupai,2025-03-31 05:31:05+00:00,TikTok isn't for his age. What is he doing there?
Kiyimba Ashirafu,2025-03-30 22:08:30+00:00,Let him be like omutonzi waffe yasalawo and teach people good things not  just selling muslims properties
zay dante,2025-03-04 23:08:50+00:00,Sometimes I’m like “why do I have such a deep dislike for TikTok” then they remove my highest earning video for the month so it takes away half my revenue and puts my videos under review for no reason & im reminded they’ve been doing this to me for 5 years straight
zay dante,2025-03-04 23:08:50+00:00,Of all the apps TikTok has consistently been the worst one when it comes to doing anything
FrtingGlitter,2025-03-23 05:10:46+00:00,"TikTok creative program is a fucking joke.
They take money away from their creators when they disqualify a video. 
It’s a bot that watches your video and determines if it’s “low quality.”
The dumbest fucking system I’ve ever seen."
Katrina,2025-03-23 21:48:51+00:00,I’ve had the same thing happen to me it’s really annoying. Especially when it’s literally a clip from a game you streamed live on TikTok.
bagel,2025-03-23 17:28:59+00:00,happens to me too and it’s so annoying.. thankfully most of the appeals go thru but i agree it’s dumb as hell
SakuraSucks,2025-03-24 08:11:54+00:00,Shoulda hit em with a “You know what’s low quality? Your mom.”
Jayyycubbb,2025-03-23 18:14:19+00:00,"This happens to me everytime I post a video from that “a year ago today” bullshit so I fully stopped using it. 

It’s very annoying."
jenny,2025-03-23 11:46:22+00:00,this is so frustrating omg
pwincess ౨ৎ,2025-03-23 12:56:48+00:00,just do better
Emoreptar strimmer,2025-03-24 13:45:14+00:00,It's like when you're live and get suspended because people are A HOLES and a boy tells you nah you totally did it. Like let me make my $20 bro
Hannah Banana,2025-03-23 17:45:02+00:00,Honestly I have the opportunity to stream on TikTok but it’s getting banned again soon so no point
Pipkin Pippa Phase-Connect,2025-03-20 18:28:40+00:00,another weapon against US politicians.... so shameless
Pipkin Pippa Phase-Connect,2025-03-20 18:30:10+00:00,tiktok about to be region banned in Washington DC
mOwOhib ||||||,2025-03-20 19:03:10+00:00,TRUTH NUKE
Ojisan Kaichou,2025-03-21 01:01:28+00:00,"I heard on bsky they have similar alerts, but for children nearby who haven’t been abducted yet."
SatellitePrime,2025-03-20 19:00:49+00:00,O O F
Jake pennysworth,2025-03-20 18:34:49+00:00,“Oy vey they’re noticing shut it down”
MegaHaro,2025-03-20 18:40:08+00:00,"Pippa you can't say the quiet part out loud, they'll ban you on youtube"
Jinxed,2025-03-20 19:18:27+00:00,"is fine, I'm sure they will add a scroll bar for that region"
Moon Umbra |Vtuber|,2025-03-20 21:20:23+00:00,Lmfao pippa you be saying some shit lately and it’s funny as fuck. Keep this kind of energy going
Japari Ranger,2025-03-20 19:13:09+00:00,Don't forget Hollywood too
Tohru Adachi,2025-03-20 19:20:57+00:00,Imagine the driving by Drake's house
FlatBall,2025-03-20 21:32:25+00:00,Near the tiny hats church lmao
Jay,2025-03-20 21:55:28+00:00,You're one mention of Comet Pizza away from self deletion from two shots to the back of the head.
Columbia Tribune,2025-03-29 20:00:31+00:00,"If ByteDance does not divest TikTok by April 5, the app could go dark once again. President Trump has already addressed how he plans to prevent the ban."
Châu Văn Chiến,2025-03-30 22:14:42+00:00,"Tôi có một người bạn, làm content 3 năm nhưng vẫn chật vật.

Anh ta làm đủ thứ: YouTube, blog, TikTok, chạy quảng cáo...
Nhưng vẫn không ra tiền, vẫn thiếu khách hàng, vẫn mệt mỏi với công việc.
Một ngày, tôi hỏi:
 ""Anh có website chưa?""
 ""Có chiến lược nội dung rõ ràng không?""
 ""Có hệ thống chuyển đổi khách hàng chưa?""

Câu trả lời đều là KHÔNG.
Nếu bạn cũng đang trong tình trạng này, thì bạn không cần làm NHIỀU hơn.
Bạn cần làm ĐÚNG hơn.
AZ CREATOR có thể giúp bạn."
Nguyễn Chí Tâm,2025-03-31 00:56:41+00:00,AZ CREATOR đây là cái gì vậy anh
Châu Văn Chiến,2025-03-31 01:00:42+00:00,Bạn tham khảo tại: http://azcreator.vn nhé!
Phong Nguyen,2025-03-31 02:16:36+00:00,Have a good day
ViHog,2025-03-31 03:33:36+00:00,"Dạ, cố gắng cái thiện và học hỏi. Có người dẫn dắt luôn luôn tốt hơn là làm một mình ohair không ạ"
JONATHAN,2025-03-31 08:00:13+00:00,Cần đúng xu hướng nữa đó bạn
Lê Hoàng,2025-03-30 22:27:56+00:00,Hay quá ạ
Nguyen Phuong,2025-03-30 23:08:55+00:00,"Great Monday,good luck to you."
Luong Xuan Truong,2025-03-31 00:16:18+00:00,Thứ hai nhiều nặn lượng tích cực nhé
Thiên nhiên kỳ thú,2025-03-31 01:59:55+00:00,"Thanks for sharing 
Have a great day my friend"
Sea Bright,2025-03-31 02:16:01+00:00,rất hay nha bạn
My Pham,2025-03-31 02:35:40+00:00,"nhiều khi có đầy đủ, nhưng thiếu hướng đi đúng đắn thì cũng khó a nhỉ"
Redding.com,2025-03-29 18:00:30+00:00,"If ByteDance does not divest TikTok by April 5, the app could go dark once again. President Trump has already addressed how he plans to prevent the ban."
martina,2025-03-26 16:02:41+00:00,idc about duo live i’m very busy  (tik tok is banned)
martina,2025-03-26 16:49:53+00:00,okkk 12 minutes. see you on the other side in a few hours besties when I’ll watch a screen recording and come back here  tbh nervous af because i truly wanna believe that they’re gonna sit together just like the last time and it’s not like… face time thing. anyway. BYE
𝐡𝐨𝐩𝐞ᴵ’ᵐ ʲᵘˢᵗ ᵃⁿ ⁱᵈⁱᵒᵗ ˡᵒᵒᵏⁱⁿᵍ ᶠᵒʳ ˡᵒᵛᵉ,2025-03-26 16:23:10+00:00,"AAAAAAAAAAAAAAAAAAA
GORGEOUS"
martina,2025-03-26 16:24:59+00:00,he IS
Diʳᵖʷᵖ,2025-03-26 16:34:01+00:00,Soooo gorgeous and also same boat
martina,2025-03-26 16:37:01+00:00,thanks!! waiting for the screen recording skksksk
G A B R I E L L E,2025-03-30 18:35:48+00:00,they better not ban tiktok again
Sassafrass84,2025-03-30 16:44:39+00:00,"Mine is restricted as well. I have lost a few accounts on tik tok. The left can openly call for a§§a§§ination attempts on conservatives. We get restricted when we talk about government corruption, vaccines, trumps accomplishments,etc. 

Trump stepped in to save tik tok. Maybe he shouldn't have. I don't agree with banning a social media app. If you're going to be in America, we have a First Amendment right that is constantly being violated. 

Tik tok either comply and follow our constitution or get rid of it. Stop censoring conservatives. We have the right to our 1a. 

(I'm restricted until 2034 on Tik Tok. Not opening a new account rn.)

Video credit: Preston Myers."
Big Popz,2025-03-30 16:55:48+00:00,What is TikTok?? Asking for a friend
Sassafrass84,2025-03-30 16:56:26+00:00,It's an app
Brian Eastwood,2025-03-30 16:47:07+00:00,I got permanently banned from blue sky for saying men are men and women are women
Official Office Of The Deep State (ODS),2025-03-30 16:58:03+00:00,"I've had no less than 8 accounts on 
@tiktok_us
, and all have been banned. 
All i ever did was oppose people in comments. No cursing, no name calling, just facts. 
I've given up on Tiktok. They're a leftist shithole echo chamber just like 
@instagram
, in my opinion."
Ultra MAGA Extremist Steve,2025-03-30 17:07:59+00:00,"I was never in favor of saving Tik Tok. I wish 
@realDonaldTrump
 would reverse course and ban it."
Sue,2025-03-30 17:12:37+00:00,They need to be charged each time they violate our first amendment or GTFO. I made a comment about removing the machines so our overlords don’t continue to steal elections and the comment was removed and I have my first strike or warning or something.  Since it shut down for 24
Common Sense Is Dead,2025-03-30 16:49:50+00:00,"I was going to say, there are literally dozens of leftist liberal war monger’s calling for the assignation of the president! 

Say one thing on the right, get banned"
Dux Maverick,2025-03-30 17:10:29+00:00,TikTok has always been the most annoying platform. I hope it fades into insignificance.
John Ford,2025-03-30 17:26:02+00:00,CCP does what CCP wants. All the algorithm wants is to subvert Americans against each other
Treehuggers4Trump,2025-03-30 17:50:23+00:00,"I was even banned for life on Truth Social (last June for posting Hillary’s mug) I figured it meant too soon, and over the target, like every other BFL confirmation. Stay fierce Patriots, we are the do over/truth specialist’s;) And no mountain can stop US."
Ali M,2025-03-30 16:45:03+00:00,
Dan kelley,2025-03-30 16:47:33+00:00,I've never had TikTok.    But I hear stories like this all the time
T. K. Pasca,2025-03-30 17:19:31+00:00,"I was suspended for using a word that  sounds like lunch but starts with a P.
Sht you not!! 12hrs."
Survivor,2025-03-30 17:19:37+00:00,"I've was banned by Facebook for calling out my own brother for his ""virtue signaling.""  I've been banned from Amazon reviews b/c I pointed out that a black author made racist comments in a her book. But I got kicked off.  America today."
Union Sheet Metal Guy,2025-03-30 17:34:05+00:00,Another reason why I don’t have Tik Tok
pennymoss,2025-03-30 19:27:03+00:00,I never done that Chinese App enough trouble with American apps Plus I don’t care what they do on Tic tok Bunch of liberals shouting screaming for death Americans nope Lies lies lies I guess making money by lying you could say anything Fact Americans think their is free speech on
"You Drive, Austere!",2025-03-30 18:22:54+00:00,you could say this of YouTube as well.
Julio Galindo,2025-03-30 18:53:48+00:00,Give me the truth. Even if it breaks me. A painful truth is better than a pleasant lie. They are weak if they can't handle the truth...
John,2025-03-30 17:41:39+00:00,
Mg1,2025-03-30 19:00:38+00:00,It is fun to watch them cry.
Terry Ackerman,2025-03-30 21:09:11+00:00,The most I see tik tok is on here. That's enough for me.
"Sarah pain, short and MAGA",2025-03-30 22:23:32+00:00,"Mine, too!  I'm a small ass account, it's funny that I'm even on the radar!"
Toni Toombs,2025-03-30 22:37:57+00:00,Mine is too
Penny Kuykendall,2025-03-31 03:35:05+00:00,Mine too
العاشق الولهان,2025-03-30 17:00:10+00:00,"Have you talked to 
@ashley_xyber
?"
小岩ックス,2025-03-30 17:00:19+00:00,"@ashley_xyber
 is a specialist in account recovery"
just tell us,2025-03-30 22:49:35+00:00,Cry harder bitch
cae,2025-03-29 18:00:39+00:00,“Ao3 is getting shut down ” don’t people say this is gonna happen every year? It’s like TikTok’s non existent ban
moonselight,2025-03-29 18:04:32+00:00,Except it's more serious because I can live without tiktok but not ao3
ash recovery,2025-03-31 00:53:43+00:00,for real
KHQA News,2025-03-29 22:00:04+00:00,"The American public is losing interest in banning TikTok. A new survey from the Pew Research Center found barely over a third of American adults now support a TikTok ban, down from half of adults two years ago.

DETAILS: https://khqa.com/news/nation-world/tiktok-public-losing-interest-in-ban-as-deadline-nears-pew-research-center-survey-china-data-privacy-national-security-concerns-teen-social-media-and-mental-health#…

#KHQANews"
lina ♡︎,2025-03-30 17:31:10+00:00,can we ban tiktok lives that discuss kpop
Eddy Yagami,2025-03-27 22:26:10+00:00,"What's crazy is during the whole TikTok ban, people on RedNote (Chinese TikTok) was welcoming Americans on they app"
Jupiter_Love (Sailor Senshi),2025-03-30 17:33:13+00:00,Smh and they keep saying China is the threat
Oshkosh Northwestern,2025-03-30 11:00:14+00:00,"If ByteDance does not divest TikTok by April 5, the app could go dark once again. President Trump has already addressed how he plans to prevent the ban."
Justin,2025-03-29 22:15:32+00:00,Ban tiktok user XxVesper_CheetaxX immediately
pure/nep comms open,2025-03-30 04:43:26+00:00,I disagree
Justin,2025-03-30 11:10:30+00:00,WHY.
Ary!!,2025-03-29 22:32:08+00:00,"""On it """
Sheila Tusiime,2025-03-30 17:46:16+00:00,"In the news tonight, Muslim leader urges respect for the law while Mufti calls for the ban of tiktok, will their calls be heeded ?

This and more news coming up tonight on #NBSLiveAt9"
JB Luis Gio Vann,2025-03-30 18:41:48+00:00,It's not necessary to ban TikTok but the only thing they do is to guide the users.
Nicki,2025-03-28 19:41:05+00:00,BAN TIKTOK IF THEY’RE GOING TO BAN CONSERVATIVES!!
k ° . ⋆,2025-03-30 22:47:48+00:00,i’m trying not to gaf about the tiktok ban but WHAT IF IT ACTUALLY GOES AWAY
k ° . ⋆,2025-03-30 22:47:50+00:00,i’m tryna be a chill guy
kos_data,2025-03-06 14:05:27+00:00,"Albanian government has banned Tiktok, making it the first European country to do so.

The Chinese-owned platform will be banned for 12 months, after which authorities will decide whether to extend the restriction.

Officials said the ban follows a rise in youth violence and bullying linked to the app."
kos_data,2025-03-06 17:40:27+00:00,"Albanian opposition leader Sali Berisha announced a national protest on March 15 against the government's Tiktok ban.

Berisha called the decision an act of censorship affecting over 1 million Albanians, putting Albania in line with Afghanistan and Iran.

He cited U.S. Vice"
denisvlonjat822,2025-03-06 14:19:05+00:00,Edi Rama state censorship against Albanians and the oppositon so its harder for Berisha to win in May. Rama doing what he does best: being a dictator!
Niko knows nothing NKN,2025-03-06 14:55:18+00:00,"@elonmusk
 sir , its time to bring back Vine"
Bledar Kumanova,2025-03-06 15:06:41+00:00,We have to block TV Klan and Top Channel if we really want to keep our society safe
Utinadius,2025-03-06 15:14:00+00:00,First good thing under Rama’s rule
,2025-03-06 15:14:16+00:00,going back to their north korean era
Zym64,2025-03-06 17:03:36+00:00,nice please ban it in kosovo too people are going crazy in tiktok yall people retarded saying hes a dictator for doing this tf
Immigrant,2025-03-07 09:01:34+00:00,"Mir bol, na myten me kta propoganda.

Tiktoki eshte plot Pederasta, tu bo reklama qe pederastat jan njerz ‘normal’.

Edhe pek vite edhe shqiperia do bohet me ‘pride month’ si kta bythqirat e evropes.  Shum mir Edi Rama. Bravo"
DrE,2025-03-06 15:02:50+00:00,"Good stuff

Would be worldwide ban"
SamuSorare,2025-03-06 17:07:39+00:00,"Tbh tik tok records our phones 
Sometimes whatever I say it shows in my fyp"
Afavour,2025-03-06 17:14:11+00:00,"Not true about the youth clash, which happened via Snapchat. But the PM saw a way to make it a big deal by hitting the Chinese platform tiktok to gain publicity in the international media."
Serdar özsönmez,2025-03-06 15:31:43+00:00,
CryptoNerd News,2025-03-06 15:48:51+00:00,
KritikeZeze,2025-03-06 20:33:33+00:00,Gjeja pare e duhur qe po bene Qeveria RAMA!
Lord Aang,2025-03-06 22:44:40+00:00,Based
GreeK_L0RD,2025-03-06 22:57:39+00:00,IS NOT A EUROPEAN COUNTRY!
DG Vez,2025-03-08 03:17:44+00:00,"That’s stupid!  All the Albanians know is propaganda, self-victimization, and spreading false information about their history, so why block a social media outlet to prevent you from doing this?!?"
A,2025-03-06 16:01:12+00:00,@ediramaal
MOTRATi,2025-03-06 16:37:05+00:00,"Just look at his X account, he blocked  people from commenting. I find this fact crazy, and of course, he will do the same on TikTok and all other platforms since he can't handle free speech. The Facebook comments on his page looks like spams."
Mariglen Murja,2025-03-06 16:42:08+00:00,Why dont you use the official Albanian flag?!
Michelle,2025-03-06 17:59:40+00:00,albania has fallen
Lor,2025-03-06 18:47:29+00:00,Po se kemi zgjedhje prandaj ja sa te behen ban edhe ca rrjete te tjera ishalla po fitojne me 100% pjesemarrje dhe 70% te votave... me shume se Enveri
LM404,2025-03-06 19:06:10+00:00,"Its not just because of youth violence, its also cause it significantly makes you retarded"
BOG BRE,2025-03-07 06:54:44+00:00,Rare Alanian W
Putnik,2025-03-07 07:58:42+00:00,Kozojebi.
Xheme Hasa,2025-03-07 09:12:05+00:00,It's US LAB country.
Shkum,2025-03-07 09:38:35+00:00,Good riddance.
Art,2025-03-07 14:35:06+00:00,Tik tok is brain rot
Max,2025-03-07 16:36:47+00:00,"Damn,how will albanian trolls now cry and make up history?"
Donny Danger,2025-03-06 17:37:22+00:00,Outstanding! Stop the Digital Fentanyl from destroying your children.
mikel,2025-03-06 19:32:03+00:00,"They’re not wrong. Search #Albania on TikTok, compare # stats with any other country. Insane engagement! National waste of time. Be it diaspora or residents. The presence on TikTok beats that of China and the US combined. 
Feel sorry only for those who made a living from it."
BOJKAtheDUCK,2025-03-06 16:33:01+00:00,Why did you post a fake albanian flag?
Alex76,2025-03-06 17:04:34+00:00,"Truth hurts?! Huh shipthars?!
You will ban tik tok?! Beacose word stage is changed? Because NATO will leave you?!"
Gandrav Godra,2025-03-06 18:39:48+00:00,If possible also ban albania and kosovo from the EU
john,2025-03-07 08:21:44+00:00,"You pretend to be Albanian and you post a fake Chinese flag, Cant you see the eagle"
dani de guê,2025-03-30 20:06:52+00:00,o tiktok me dando ban já já
The Father,2025-03-21 00:56:06+00:00,I got banned on TikTok live for a week for harassment because I asked my chat if they were being gay again
Snifferish,2025-03-21 13:29:30+00:00,"Crazy how they ban you for that, while I’ve had to delete like 100+ comments of people calling me the f slur because I included a rainbow banner on my Minecraft build  tiktoks moderation is in the toilet"
AMSEL TELEVISION,2025-03-21 16:15:58+00:00,I get banned on TikTok almost weekly because of “hate speech” but it’s really me saying almost anything about the lgbt community. It’s so heartbreaking especially since tiktok is like the only way for small creators to get any kind of exposure
JustSebby,2025-03-21 13:32:37+00:00,"Yeah, TikTok moderation sounds terrible especially if you’re a content creator that’s okay with their audience being apart of the Queer Community like what the actual crap"
Bashene,2025-03-07 10:50:11+00:00,"White Americans are weird. They banned some Chinese products simply because they were Chinese. They even want to own 50% of TikTok because they believe it’s a Chinese product. Now that this twat named Elon has to comply with our laws, they come up with nonsense."
Nols,2025-03-08 11:22:34+00:00,Black South Africans are even more weird! They expect a white man to give 30% of his business to them without working an hour for it! The entitlement is mind blowing!
Bashene,2025-03-08 11:32:40+00:00,You are showing your level of stupidity. No one wants a handout. Go read the laws before you make a fool of yourself.
Jar,2025-03-08 11:23:36+00:00,"They are bjuyng 50%, unllike you leeches that want 30% for free"
Bashene,2025-03-08 11:29:43+00:00,Go learn our laws and stop making a fool of yourself.
Barbara Davey,2025-03-08 07:00:54+00:00,You are the twat not Elon. All your derogatory remarks show you  believe the USA is wrong. Your ignorance and entitlement has been the downfall of SA. once a great country
Bashene,2025-03-08 08:27:40+00:00,"At what point in history was South Africa ever a ""great country""? 

Please tell us you smart and wise one"
The Last Mind Bender,2025-03-09 14:19:07+00:00,"It's not really nonsense though, because if he was black, South Africa would have Starlink. That's the simple truth."
Bashene,2025-03-09 14:21:52+00:00,"All he has to do is comply with the law, and he doesn't want to do that. So, he is spreading nonsense, and he knows it."
SiriusB,2025-03-08 19:10:34+00:00,Theft Laws.
Daniel Frohlich,2025-03-08 20:16:25+00:00,Because your laws are racist bullshit.
IamEri'Oluwa,2025-03-09 03:35:16+00:00,It's God complex. They think they are some gods that must be appeased. It's never about justice to them. It's about their own interest.
Boer FOREVER!,2025-03-08 10:48:09+00:00,"Now ""this twat named Elon"" is laughing all the way to the bank because you, idiot, are helping him earn millions and millions in ad revenue for spewing your bitterness on his platform.

Isn't Karma just fuckin' A?!"
Waes Abdullahi Abdinoor,2025-03-09 04:05:11+00:00,Comrade Mugabe referred to them as the self-proclaimed gods of our time!
Ons Vir Jou Zuid Afrika,2025-03-08 08:33:05+00:00,Looters want to loot.
nashe.c,2025-03-08 11:58:16+00:00,"“Equality feels like oppression when all you have known is privilege” 

We were supposed to have rolled out a red carpet and said yes baas, 

How dare we have laws and have the nerve to be self determining."
The Cynical Skeptic,2025-03-08 07:11:14+00:00,"It`s the truth! If he was black, he wouldn`t have to give away 30% of his business, he would just get a license!"
Real Mandrake Radio,2025-03-08 09:37:28+00:00,South Africa is already a failed state on life support. I hope you enjoy what is coming.
RaiZel,2025-03-08 11:33:45+00:00,"He is not like you totally nothing, he worked hard for what he achieved."
Jamie Hills,2025-03-08 14:13:59+00:00,America wants TikTok (China) to sell 50% to any Americans. SA wants Starlink to give it to BEE SAs. Big difference.
Kilo Zulu,2025-03-08 12:27:51+00:00,It’s because they’re worried China could access user data .
Christine Pienaar,2025-03-09 13:54:31+00:00,How is buying 50% of Tiktok America equal to giving away 30% of Starlink?
Bashene,2025-03-09 14:19:26+00:00,Don't be an idiot.  Who said the 30% is being given away? I bet you are an Afrikaner or an American. Go read how our laws work and stop embarrassing yourself.
like the park,2025-03-08 11:57:06+00:00,"“Water for you, wine for me” there’s nothing more American than dogmatic inequity"
My Turn - South Africa,2025-03-08 14:48:21+00:00,Surely even you can grasp that snapping up 50% of something isn’t the same as flinging 30% of it out the window? Obviously basic math or understanding is just not your vibe.
Herzog Weiß,2025-03-08 18:32:01+00:00,"Eat shit, n!ggr trash"
Zain Vawda,2025-03-09 00:43:01+00:00,
Daniel Roach,2025-03-09 07:04:38+00:00,Truth
Mfana_ka_GuYu,2025-03-08 12:47:41+00:00,They are fools with lot of entitlement
Pijo,2025-03-08 14:56:19+00:00,Americans demanding half of Tik Tok is pure arrogance and hunger for control. South Africa has laws that must be respected.
Neil Harris,2025-03-08 23:26:04+00:00,Him and Trump started a bunch of mess listening to Antifa. They signed a petition through U.S. Embassy. Now these same farmers are mistreating their workers. They claim the land is there even showing a Bill of Sale signed in Europe by Europeans about Cape Town. Nope.
emcdouble,2025-03-09 03:54:33+00:00,"Don't make it about race, scumbag. This is the 21st century.

Also, have you looked into the racist laws that have been passed in your country recently, aside from rhetoric? 30% of the company needs to be Black South African, so naturally his company can't conduct business there."
Fasa,2025-03-08 05:49:20+00:00,"Is it wise to insult this man on his own platform?

Voice your opinion without resorting to insult."
LTDArsenal,2025-03-08 10:14:38+00:00,"Elon is a South African citizen

TikTok etc was foreign owned 100%

So their ban was based on geographic and not based on race which our laws are"
Rickbo,2025-03-08 13:51:03+00:00,"Black with Africans are weird. They think the world owes them everything for free, and don't understand how to use logic."
@Slim_X,2025-03-08 17:15:15+00:00,"So, why doesn't Elon keep his Star Link? Why must we make a big deal about it?"
saffakiwi,2025-03-08 17:47:30+00:00,"@IFoundRetard
  we have one more"
,2025-03-08 18:55:58+00:00,If you talk a lot of truth they will tag it ‘antisemitism’
𝐚𝐭𝐧𝐨𝐨𝐧,2025-03-08 19:50:19+00:00,white americans arent really known for being very bright or humble or self-aware
"MJ, M A S L ! N",2025-03-08 20:22:11+00:00,America’s government are fucking DELUSIONAL & fascism and robbery is the new trend now :(
TheAnaMcCann,2025-03-08 22:49:40+00:00,"his dad still lives there,why didnt he move to America since P.T. gave them refuge status...right"
Jonathan,2025-03-08 12:10:11+00:00,Just like TikTok so is starlink
Albus Dumbledumb,2025-03-08 12:15:13+00:00,Clock them
Emandwa,2025-03-08 12:19:20+00:00,The hypocrisy and double standards of America are being exposed 1 at a time.
BettyBea,2025-03-08 12:22:20+00:00,Well said Bashene. They can’t stand being told NO
Elon Mosque,2025-03-08 12:40:33+00:00,The reality is that most South Africans are simply not innovative and productive and need to piggyback off the success of others. This is why the ANC has always had socialist proclivities.
SLagonia,2025-03-08 13:34:59+00:00,"It wasn’t a Chinese product - It was owned by China.  As in, The CCP.

We have hundreds of thousands of Chinese companies in America - We only took issue with the one owned by their government"
One Hundred Eyez,2025-03-08 13:40:23+00:00,Also. NJ turnpike tolls are own bye China. . White ppl will sell you the rope to gang themselves
Ghozt,2025-03-09 03:23:54+00:00,Seems like more of a loss for South Africa to not have Starlink
servant,2025-03-08 07:40:43+00:00,"Your democratic decisions were wrong for a long time, how does that feel?"
Fred,2025-03-08 12:49:25+00:00,"Well if USA subsidizes your economy with Aid, then you have to obey!
It's as simple as that, don't try to act like you have a choice"
BringBackSanity,2025-03-08 13:28:59+00:00,"You call the most successful businessman on earth a Twat.  go back to your shack, open a Mageu and read a fucking book. TWAT!"
Mr. Reply Guy,2025-03-08 15:03:58+00:00,Your laws would require him to destroy the company
The_only_juzzo,2025-03-08 21:57:57+00:00,"You need us, we don’t need you."
mike benny,2025-03-09 01:18:06+00:00,Just because you call racism equity doesn't mean it's not racism. Hopefully your countries won't come begging for food and medicine anymore like they have for centuries.
melinda haluska,2025-03-09 01:50:12+00:00,"Sure what you expect from us is to come to Europe and have free accommodation, break the law and never go to jail, you come illegally and always play the victim card .."
Derek,2025-03-09 01:59:12+00:00,Nonsense lol OK
Jack,2025-03-09 07:57:16+00:00,Your level of understanding of the issues is very low
EC Born,2025-03-09 10:36:52+00:00,"Wasting our breath with fools such as those, is a waste of time. I actually support our latest government take on the actions of US Strump led government that says let's not act desperate.  Respect must be mutual. Otherwise, they can take a ."
TheGodKing117,2025-03-09 13:23:44+00:00,You do realize that the Chinese were implicated in an espionage scandal right?
steven copper,2025-03-08 11:38:41+00:00,"not weird ...we just became ethnocentric & tribalist
again 

we learned from you ppl (nonWhites) over the past decades

thnx"
Neal Combrink,2025-03-08 11:42:18+00:00,"Generalising an entire nation's actions based on a few corporate decisions is intellectually lazy.  National security concerns, not inherent xenophobia, drove the US to want to own 50% of TikTok"
Proud Neanderthal,2025-03-08 11:52:46+00:00,Lies!
wappostone,2025-03-08 12:16:40+00:00,What are the european americans thinking
Observing ur BS,2025-03-08 12:30:02+00:00,"Nope, the products Huawei and ZTE have chips in them that spy for China."
Shahid,2025-03-08 12:30:47+00:00,haha good point to note
Dovydas,2025-03-08 12:32:48+00:00,It is a chinese propaganda machine
Mohlomphegi Thulare,2025-03-08 12:49:39+00:00,Bullies
OGYeezus,2025-03-08 13:19:01+00:00,Musk is SAn
KUBLAIxxx,2025-03-08 13:34:59+00:00,"lot of hot air. just fact check what he's saying. if he was the exact person but just black. black guy with dual south african citizenship, would he or wouldnt he be able to do it? simple check to see if he's right or wrong"
Maurice Robinson,2025-03-09 14:06:57+00:00,He's not a true citizen he was forced on these people his family are thieves and hypocrites
Drew Peacock,2025-03-09 14:07:00+00:00,Chinese isn’t a race…?
Mike Rotch,2025-03-14 22:30:24+00:00,Bro you literally sing about “killing boers” you psychopaths.
Chase Prosper,2025-03-17 15:26:16+00:00,"If you want to waste your money, subscribe to 
@GloWorld
 data. Oh my God. I decided to try, and so far, the greatest mistake of 2025. Network would disappear for hours. And even when available, data is slow. spend money on endorsements but never investing in improving network."
Fabio,2025-03-08 13:48:31+00:00,BIX NOOD MUFFUGAH. muh dik type shit bruh.
Bill Brasky,2025-03-08 13:13:09+00:00,lol you are an absolute moron holy shit lololol
KimJongFieri,2025-03-08 13:37:08+00:00,Such a stupid strawman coming from an uneducated low Iq African. How typical. Chinese products aren’t banned simply bc they’re Chinese. They’re banned by the CCP owns all aspects of Chinese goods and there are security threats to the US that exist through that. Wake up dumbass
CUNTry 𐚁,2025-03-08 13:47:36+00:00,They did the same thing when Brazil said no Twitter since there's no headquarters in Brazil
eebrah,2025-03-08 13:58:01+00:00,It's also odd that they think only black owned (or ran) internet satellite companies are allowed to operate in SA.
Totally Legit,2025-03-08 14:21:54+00:00,"Elon in a South African resident. He only has to GIVE away 30% of his company because he is a WHITE South African.

The US wants companies to PURCHASE 50% of tik tok. Soooooooo…you are wrong or an idiot…you choose"
Man Daza,2025-03-08 14:29:03+00:00,Top tweet!!! I mean Premium reasoning
THE CONCERNED CITIZEN,2025-03-08 14:38:54+00:00,They want to own it by buying it not by freeloading on it
Ronald Tillman,2025-03-08 14:40:04+00:00,"The laws on Chinese products are not because of their ethnicity, they are because of their nationality.

If there is a white Chinese business owner, the rules still apply to them also.

In South Africa the laws specifically pertain to skin color."
Lord_Punter,2025-03-08 14:42:07+00:00,BEE applies to any foreigner regardless of she/he is black or white
Carl Zimbiri,2025-03-08 14:49:14+00:00,"They are no different from our Dutch settlers , weird is putting mildly in actual fact ""they are full of shit"" ."
Foday sidique Sesay,2025-03-08 14:52:41+00:00,The world know him as a complete racist
E4Repertoire,2025-03-08 14:58:35+00:00,"Nothing to see here , just colonizers , colonizing … what’s new?"
Dermot Quinn,2025-03-09 04:25:03+00:00,Reasons matter.
ETC Echo,2025-03-09 04:48:57+00:00,Your laws are suppression? Isn't that what y'all fought for all those years and now acting the same as to those who suppressed you?
Nobeel,2025-03-09 05:19:26+00:00,Shame man..!
Tlogela,2025-03-09 05:20:33+00:00,"@elonmusk
 
Laws apply to you as well 
Nothing special"
Alan Geustyn,2025-03-09 05:30:38+00:00,It they will pay for the 50%
Jimmy White,2025-03-09 05:34:51+00:00,You are quite pathetic. I notice you don’t actually refute any the responses
Zero Cool,2025-03-09 06:00:59+00:00,"Yeah. It's not like they're killing white farmers in droves. Oh, wait."
Joe Soap,2025-03-09 06:18:20+00:00,
sakhumzi ngesi,2025-03-09 06:23:01+00:00,I wish we could Idi Amin these fools
Bababiden,2025-03-09 06:48:00+00:00,Honestly white South Africans are the down syndrome of white people. Even Black Americans don’t want to live in Africa what the fuck are this stupid MFers doing there.
nic,2025-03-09 02:18:20+00:00,They're not banned because they are racially Asian. They're banned because it's a foreign country that is antidemocratic. That's totally different than banning someone for their race.
Finn ヅ,2025-03-09 03:03:17+00:00,Look in the mirror and you’ll find the actual “twat”.. I’ve seen a few of you mampara’s attempting to conflate two completely different scenarios. Only your fellow mamparas will fall for that shit.
Deacon Cousin Ruckus,2025-03-09 03:17:30+00:00,So you don’t understand geopolitics
Carolina Niner,2025-03-09 04:15:04+00:00,They said Elon lied… he hasn’t even filed the paperwork
#FreedomForAll,2025-03-09 07:31:06+00:00,Classic childish American behaviour. They throw tantrums when others do to them the horrible things they do to others.
Paul Hill,2025-03-09 07:53:02+00:00,It’s all the fentanyl and a myriad of opioids saturating the US currently its frying their brains.
Thomson Kayumba,2025-03-09 08:02:23+00:00,So then Elon  Musk is against Ramapoza because he is not white...
Aneen,2025-03-09 08:06:51+00:00,USA is against SA bc of the anc who took Israel to The Hague!
Tsireledzo,2025-03-09 08:16:03+00:00,He thinks we are dumb  ..using his X platform to blame it on race
Dugway,2025-03-09 08:36:54+00:00,What about Nairobi?
Blue,2025-03-08 15:48:54+00:00,Weird is seeing the world through a hateful racial lens.
William Andrew,2025-03-08 11:57:18+00:00,"This is an honest question, name for me 5 large companies which have been created from the ground up purely by black south africans, genuine question."
Just Andrew,2025-03-08 16:24:52+00:00,Black South Africans even weirder… need racist legislation to protect themselves… it’s an inferiority thing; what a bunch of wankers…
JacksonCruise,2025-03-08 17:09:01+00:00,"Hopefully all the white people leave South Africa and then it will become completely irrelevant like the rest of Africa. 

The white man made it something and the African is destroying it."
Nobody,2025-03-08 19:47:21+00:00,"Is the cure for aids in SA really using, you know"
Hear my Voice,2025-03-08 21:03:54+00:00,Your law is to be a LEECH and a racist.  Nothing you worked for.....just got because you're black.
Tom,2025-03-08 22:00:13+00:00,"Why do you need to be racist? ‘White Americans’. You mean the American government which has no skin colour. And they want to ban TikTok because it’s a national security risk - having the Chinese surveillance state monitor all your citizens. And they are offering to buy it,  not"
Jacques,2025-03-09 07:02:55+00:00,"China is spying on everyone and TikTok is government backed spy infrastructure on its own. They didn't get banned because of their Asian ethnicity. Big difference 
@iam_smx
 in South Africa the 142 race laws has made it from a legislative perspective illegal to be white"
Семья Конант,2025-03-09 11:58:47+00:00,fortunately and unfortunately for you Elon Musk has been the only thing worth a damn that every came out of South Africa ….
Am John,2025-03-09 12:56:11+00:00,You voted for scamala harris so you think your opinion has value? Ha! It doesn't!
MAYIBUYE I’AFRICA,2025-03-08 15:01:35+00:00,My pinned tweet was suppressed because it’s explaining this
כֶּתֶר,2025-03-08 15:03:55+00:00,This is a good fucking point holy shit
Opulent Jewel,2025-03-08 15:05:38+00:00,I thing this is what they mean when they say white supremacy. They want 50% off ticktok and we only asking 30% off Starlink for Black Economic Empowerment
Sthembelo,2025-03-08 15:17:14+00:00,I might be in the dark but when you say 50% of tiktok is now owned by America. Is it just base in the US or is it the entire company
Anti E,2025-03-08 15:23:40+00:00,This dude admits BEE is nonsense
Derrick Christenson,2025-03-08 15:28:10+00:00,You cant be this uninformed about about the tiktok situation?
mshoda 088,2025-03-08 15:33:26+00:00,You have a point
BigBalls,2025-03-08 15:39:53+00:00,"If you want your government to banish you to the stone age i suspect Elon is cool with that. 

Don't forget to post pictures of your stone computers."
judahwon,2025-03-08 15:41:36+00:00,Fuck a SpaceX america getting nuked in these edomites going straight into slavery
Tiger,2025-03-08 15:48:58+00:00,Chinese government subsidise everything you uneducated
YEETNation!,2025-03-09 12:45:38+00:00,Im white and even i agree trump and his team are racists
Baksey,2025-03-09 12:47:16+00:00,amerikkka
Prof. George Morara,2025-03-09 13:19:32+00:00,South Africa laws are not racist. It is because he does not own what he claims to own.
Josh Mcconnell,2025-03-09 13:19:22+00:00,If you don't know what you're talking about it's best to stay out of the discussion.
South Afri-CAN,2025-03-09 13:42:33+00:00,That's cause your laws are racist... Kant.
Onjaki,2025-03-09 15:04:36+00:00,"caucasians people cant live among other race, look at arabs .It is in they DNA."
RX Radio,2025-03-30 14:20:11+00:00,"The Mufti of Uganda, Sheikh Shaban Ramadan Mubajje, is calling upon the Central Government to ban TikTok, a social media app in Uganda, which he says is being used by idle people to slander others. 

Should the government heed to his call & ban the platform?

#RXRadioUG"
SouthCoastToday,2025-03-30 02:00:30+00:00,"If ByteDance does not divest TikTok by April 5, the app could go dark once again. President Trump has already addressed how he plans to prevent the ban."
The Palm Beach Post,2025-03-29 20:45:13+00:00,"If ByteDance does not divest TikTok by April 5, the app could go dark once again. President Trump has already addressed how he plans to prevent the ban."
LOVE,2025-03-29 20:14:07+00:00,"They need to ban TikTok, it will be good for society."
sensei,2025-03-29 20:15:38+00:00,Twitter is way worse
shayne freeman,2025-03-29 20:15:39+00:00,It’s the whole internet thing even if it was banned nothing won’t be solved….
Kahmariyonce,2025-03-29 20:16:59+00:00,Every social media app.
SiinWop,2025-03-30 00:08:52+00:00,Just ban Americans off it. Everyone else is chill and we saw the change when yall was banned
Jay,2025-03-29 21:38:34+00:00,Shit I been thinking about deleting this app or starting a new page just to change my algorithm this shit depressing lmao
keem.,2025-03-29 21:33:52+00:00,You realize this app is way worse
Jay,2025-03-29 20:14:39+00:00,"They tried that people lost there minds, I agree it’s a cesspool of negativity"
JID Variant,2025-03-30 00:04:47+00:00,this app is wayyy worse especially nowadays
All Eyez on Dot,2025-03-30 17:06:09+00:00,"I would miss watching Tootie, Roman, Jr, Baby Dooda and the funny videos, but it's so much negativity on there. I also hate how much I have to block yt people who appropriate. People are always beefing on there and I usually don't know em, but they constantly pop up on my fyp."
jävïn,2025-03-30 06:02:25+00:00,BOOOOOOOO
cash.gt,2025-03-30 11:38:57+00:00,Fed
yeet,2025-03-03 17:39:34+00:00,"Hasanabi BANNED from Twitch 

No word on how long it is yet"
yeet,2025-03-03 17:42:43+00:00,"It is a temporary ban, could range from 1 day to 30 days"
Villiam,2025-03-03 17:47:10+00:00,So 1 day probably and a personal message from Dan Clancy
Cerosin,2025-03-03 17:59:43+00:00,Dan Clancy is pacing in his office demanding to know who banned him
Destroying this shithole,2025-03-03 17:45:31+00:00,It’s probably just to save face because he’s blatantly violating the rules by showing Hamas propaganda
Howie,2025-03-03 17:44:03+00:00,He’ll be back tomorrow but I am so damn surprised that they actually did something
A2uKa,2025-03-03 17:54:13+00:00,It's to be expected but it will for sure for the most part shut him up since it worked during the 9/11 and cracker takes.
Ghost,2025-03-03 18:04:37+00:00,Terroristic threats against a congressman should net him 3 days by twitch standards
Kghst.bsky.social,2025-03-03 18:23:08+00:00,"24 hr ban on his day off, I'm calling it"
Marsh,2025-03-03 18:42:08+00:00,30 days? Should be 30 years.
Trevor James Blake,2025-03-03 20:37:20+00:00,The fact it took them days to do so means he was either banned for something different or they got tired of being called out. Meaning they had no intention of banning him
PlagueJester,2025-03-04 01:03:57+00:00,Of course it is. He makes them too much money to permanently ban him
Actually Ibram Gaunt,2025-03-03 17:54:54+00:00,"Damn, I hoped that shit lasted forever."
ReportAFK,2025-03-03 19:09:26+00:00,I heard it was a 3 day ban
alamode,2025-03-03 17:52:53+00:00,Ethan continues to win! Get fucked Hasan!
aguarama91,2025-03-03 18:20:43+00:00,Could also be a few minutes too
FHacksawFPragmatic,2025-03-03 18:34:45+00:00,Twitch needs to perma this terrorist
Hexagon,2025-03-03 18:55:37+00:00,He will back tomorrow twitch isn’t serious
Bruh,2025-03-03 20:09:47+00:00,How many temp bans does everyone else get? How many has he gotten?
this is a name,2025-03-03 20:43:19+00:00,he should get around as much as asmon got for his genocide thing
Charlie Uniform Charlie Kilo,2025-03-03 21:29:46+00:00,Should be permanent considering how much damage he’s done to the platform
DaSwoogmeister,2025-03-04 01:56:15+00:00,It'll be 1 day
Baryn Von Slayer,2025-03-04 01:57:34+00:00,"Damn, so TOS is just useless"
ZombieSlayer Official,2025-03-04 14:22:17+00:00,He still loses a lot of $$$
beastman rules 11,2025-03-04 20:17:07+00:00,1 day…
Rx ひ,2025-03-07 06:23:53+00:00,wtf is this bullshit ass screen lmao
Bolvar Fordragon,2025-03-03 23:19:38+00:00,"No shit it's a temp ban, it's his 5th time"
JurassicRex,2025-03-04 00:35:59+00:00,"Obviously, Twitch loves him way too much to perm ban him, despite his genuinely evil beliefs and his truly ignorant rhetoric on terrorists."
Befuddled Jack of Few Trades,2025-03-03 22:24:37+00:00,"Calling for the death of sitting politicians and promoting terrorism is waaay better than saying the n word, to the subhumans working for twitch."
んひ,2025-03-30 10:51:06+00:00,TiktokシャドウBAN解除されて、おすすめに出るようになってから、みんなと同じ住んでる世界に来たんだなって実感
Gusholder Haber Bülteni,2025-03-06 15:42:38+00:00,"#SONDAKİKA TikTok, Arnavutluk'ta 1 yıl yasaklandı."
𝓗𝓮𝓶𝓭𝓮𝓶 ❦,2025-03-06 16:47:08+00:00,Ne güzel
Estetisyen hanım,2025-03-06 15:56:30+00:00,Darısı bizim ülkemize.
İlknur istenci,2025-03-06 15:50:07+00:00,"Yasaklanmasını istediğim tek şey
İnşallah bizde de kapatılır"
MK,2025-03-06 15:53:51+00:00,"Hiç kullanmadım, keşke burada da yasaklansa."
Beyzoş,2025-03-06 15:43:39+00:00,Darisi TURKİYE YE
dikaçu,2025-03-06 15:44:17+00:00,Güzel haber
Berat,2025-03-06 15:47:39+00:00,Darisi bize
Şişkoliçe,2025-03-06 15:48:55+00:00,Darısı güzel ülkemin başına
No stress,2025-03-06 15:50:32+00:00,Bize örnek olsunlar inşallah
Uğur böcüü hanım,2025-03-06 15:52:43+00:00,Burda da yasaklansa keşke aç kalacak esc ler var ama onlar yolunu bulur
Hazal,2025-03-06 16:12:39+00:00,Türkiye hariç tüm şehir ve ülkelere şahit olduk
Yağmur,2025-03-06 17:18:40+00:00,Darısı Türkiye ye
SonOsmanlı53,2025-03-06 18:51:37+00:00,Hadi darısı başımıza
Alperen,2025-03-06 15:43:24+00:00,Uygulamanın değilde uygulamanın içindeki arkadaşların bir kaçın da sorun var
kimyager,2025-03-06 15:47:53+00:00,neden yasaklandı gerekçe nedir
Léon,2025-03-06 16:03:18+00:00,Sanal pavyon olmuş tiktok
Bay X,2025-03-06 16:13:52+00:00,Umarım ülkemde ebediyyen kapanır
Hakkı Baykan,2025-03-06 16:40:36+00:00,Aynı şeyi Türkiyenin de yapması lazım.
ESİN,2025-03-06 17:05:24+00:00,Kim bilir oralarda da neler oluyor.
osman_gurol.1453rte,2025-03-06 17:08:26+00:00,Biz Müslüman bir ülkeyiz bizde yasaklanamaz mümkün değil orosbu pazarlama sitesi olsun ismi çok güzel yakışır
Ece Ünsal,2025-03-06 19:23:15+00:00,Keşke Türkiye de sonsuza dek yasaklansa
ARAS,2025-03-07 03:02:32+00:00,Darısı ülkemizin başına
Engin ¹⁹⁰⁵,2025-03-06 16:19:14+00:00,İnşallah Türkiye'de de olur darısı bize
KiwiCat LIVE 8PM EST - FFXIV,2025-03-30 21:02:35+00:00,New video showcasing EX4 and Unreal! Plus talking about my TikTok BAN!!
Saucey Noodle (Video comms open!),2025-03-31 14:23:25+00:00,What did you DO
KiwiCat LIVE 8PM EST - FFXIV,2025-03-31 16:50:11+00:00,I didnt uncover my map and tiktok flagged the video as hate speech. I appealed it 4+ times and talked to them a ton but they never restored the video  They let me keep my account though
Rose Lige',2025-03-30 21:25:40+00:00,"April 5th, clear people are marching against their own. Let them! It is also the day the Tiktok ban resumes & USA social media is heavily biased & will spin the narrative, making the melanin filled villians & releasing the dogs on them. SIT yo black ass down. It's a mfing setup."
shaneyyricch,2025-03-09 18:39:48+00:00,"Lmfao. 

TikTok just banned this video for “hate speech” after amassing over 150k views in 30 minutes. 

What a joke."
Eugene Vi,2025-03-10 00:05:56+00:00,
HA₿i₿iii,2025-03-10 00:11:33+00:00,Hahaha he aint lyin. Dude does like fucking retardedb
William Couts,2025-03-10 00:54:39+00:00,I guess Trump will let the ban take effect then.
The Kampala Journal,2025-03-30 09:13:05+00:00,"Mufti Mubajje asks Museveni to slap a ban on TikTok 

The embattled Mubajje made the appeal while giving his Eid Al Fitr remarks at Old Kampala Mosque today morning.
#KJNews"
Henry Luke,2025-03-30 09:31:09+00:00,Tiktok has no problem it's u to organise ur self.... Let Ugandans enjoy
Kassim Muhamudu,2025-03-30 09:44:03+00:00,Your term ended but u just used NRM to keep it
Dr Champagane,2025-03-30 12:44:46+00:00,He resembles Stella Nyanzi's buttocks
John Nabeta,2025-03-30 09:21:29+00:00,"The end of an era, the last kicks of a dying horse."
Herbert Yaweh,2025-03-30 09:51:05+00:00,Please ban TikTok!
Ssentamu Cosma,2025-03-30 10:13:54+00:00,Ono MUFERE
Walusimbi hussein,2025-03-30 10:15:17+00:00,M7 has no Authority to ban TikTok sebo
jumbwike sam,2025-03-30 12:24:29+00:00,"Awumuule mirembe. 

His term expired"
Wounded sojaz.,2025-03-30 13:02:15+00:00,He thinks he's living in 1900
Okua Kana,2025-03-30 14:00:07+00:00,"You are idiot leader, corrupt and lunatic. If you lack something to tell to Museveni, please shut up your mouth . Nonsense mufti."
Don wills(the political vuvuzella),2025-03-30 14:19:56+00:00,Won't it be infringing on the freedom of expression and media
KIYINGI GERALD,2025-03-30 15:49:18+00:00,Asswadde omusajja omukulu oyo yenna!!!!
GOOD LUCK,2025-03-30 16:15:41+00:00,"Wait for the swarms of bees coming for you... this is GEN Z generation, unstoppable."
HAYA BUKOBA,2025-03-31 03:02:34+00:00,It’s fine and I support it too
Nimlord Vinay abenaitwe maneno,2025-03-31 04:41:04+00:00,"Is he a state agent,obusugu nga bujji"
jos,2025-03-31 07:23:32+00:00,Why does he fear opposition and criticism then he retire to his home and rest
The Man,2025-03-31 07:47:59+00:00,Hahahah oyo timuli makulu era sina mufiti
YouTube,2025-03-11 18:30:00+00:00,when the asmr is so good you fall asleep
Flork,2025-03-12 00:13:15+00:00,what the fuck is this post dont you guys nuke every asmr video now? lol
Bao The Whale,2025-03-12 18:01:00+00:00,"Yeah they basically banned it/demonetized anything that has to do with asmr, doesn’t matter if you remove all the tags, AI detection auto flags it and you don’t get any revenue until you dispute it or just randomly get your whole channel nuked"
Flork,2025-03-12 18:02:53+00:00,"Pretty much has killed the ability to make asmr on youtube, what a joke"
tilly ✮⋆˙ #buddiecanon2025,2025-03-30 17:21:13+00:00,we need to ban tiktok shop omg
Vampz,2025-03-27 06:34:16+00:00,"“My TikTok was ban because of Peller’s followers”

—Tiktoker Bobby"
Vampz,2025-03-27 12:15:11+00:00,Kindly support small business
Vampz,2025-03-27 12:16:00+00:00,Send a dm to patronize
Vampz,2025-03-28 07:14:20+00:00,Peller replies Bobby
She’s an “Akwa Ibom Girl”,2025-03-27 15:35:37+00:00,"This country go better at all  like this ??
When we keep turning against each other rather than face the main issues here, nawaoo"
Vampz,2025-03-27 16:43:48+00:00,
Road to Rich Aunty,2025-03-27 07:40:28+00:00,"All the people shouting that he’s only 18 are enablers. 
I have come to understand that most Nigerians are always on the side of their oppressors."
Ade,2025-03-27 07:01:42+00:00,"This is the monster you guys made, no skills no talents, just fooling."
Xparte,2025-03-27 07:58:50+00:00,That tribe too get very foolish people both young and old. God forbid!
WORLDSTAR,2025-03-27 10:28:38+00:00,"E Don chelle 

Pre-save 5IVE by DAMMY KRANE
https://music.apple.com/us/album/5ive-ep/1804096421…

#ListenToGoodMUSIC"
GOWE,2025-03-27 10:49:24+00:00,The honest truth is we all don’t know what we are fighting for in this country.
Ọmọ Oodua,2025-03-27 12:19:35+00:00,"It has to be Igbo
All because Peter Obi lost"
Ọmọ Akin,2025-03-27 12:05:32+00:00,why’s he moving like agaygay ?
damilola isaac,2025-03-27 06:49:48+00:00,Is it only peller fans that are on tiktok?make we try get sense for this country abeg...this Bobby is just using the trend to gain people's attention
Love Samuel,2025-03-27 10:53:30+00:00,Not pellet fans but Tinubu fans
𝓥𝓲𝓸,2025-03-27 09:50:49+00:00,"As u dey post all this 

Dey post where dis same peller paid for someone's surgery 

Waec 

And others he has help 

Cause ur mission dey very obvious"
𝓢𝓲𝓻 𝓦𝔂𝓷𝓮,2025-03-27 09:57:48+00:00,“Peller is just a boy” is the most stupid excuse for foolishness that I’ve heard from someone this year
Akanbi,2025-03-27 16:33:00+00:00,Coordinated attack. Don’t mind them.
ORION,2025-03-27 10:21:13+00:00,So peller too don get stans.. na mentally deranged people he gather?
Victor,2025-03-27 09:20:14+00:00,"Peller and the other thing works for APC cult organization, they have been mobilized by APC against 2027."
MR. Adewale,2025-03-27 07:51:05+00:00,Why are you gay
TRYPLE_A1,2025-03-27 09:25:20+00:00,People doing ranting should show us where ranting on social media has changed system because we took mumu in this country
yoruba atata,2025-03-27 08:57:16+00:00,Mk this irrelevant gay boy go sit down.
OfficialLA,2025-03-27 10:25:14+00:00,If you wan rant gather your fans…make everybody match down Abuja we’re president dey….una just dey craze Shea president dey live for TikTok
FREE_BEING,2025-03-27 11:20:38+00:00,"Na waiting u want for peller backfired, meanwhile Peller is fully backed to 9.7m na God dey run am no be man"
Most High,2025-03-27 13:09:18+00:00,"It so sad how these African youths make their choices. I used to like Peller but because of this 30 days rant challenge has made me see that he is of no use to the youths, someone that you also came from the slums and you getting mad because some people are trying to be on the"
Solomon Chidi,2025-03-27 08:54:17+00:00,No worry make we begin report peller account also....Ajeh
#fuckbadgovt#,2025-03-27 07:42:26+00:00,"This guy no shame 
U wan u pellet trend right lol"
fortune,2025-03-27 08:19:19+00:00,"The way this one de talk de irritating , make you and the peller guy carry una rubbish go TikTok jare"
Gracious Amara,2025-03-27 09:01:59+00:00,"Are Nigerians even ok 
What kind of useless people do we have in this country fgs
Jesus"
Adeogun,2025-03-27 11:57:32+00:00,All you post about peller was about he did something wrong. For once like these you've never posted where he paid someone school fees. Surgery for a lady. Why are we like these self
Emeka,2025-03-27 09:42:17+00:00,E dey use peller to get engagement and recognition
RED,2025-03-27 10:29:52+00:00,"Alaye leave peller alone he is not the only one with a lot of followers on TickTock, your fathers and mother at home did not till Nigeria got this worse , na young boy una wan put the responsibility on"
Shyn On,2025-03-27 10:52:33+00:00,This boy and Jarvis don collect block money from FG to deceive younger generation allegedly
,2025-03-27 10:39:44+00:00,"Una sah go find wetin una dey find from this boy one day
Reason why Nigeria is bad -peller
Unemployment rate increase- peller 
Poor minimum wage - peller 
TikTok bring account down - peller 
Nigeria problem nah peller"
Babafemi,2025-03-27 12:33:24+00:00,Ori e o pe. Watin concern peller concern your life. You guys are haters. You want to hate on a young boy whose time has come because you are miserable.
Kambbi,2025-03-27 13:36:25+00:00,"Flavour performed for APC in 2019 and 2023..

Did ibos cancel him?

But you think you will cancel Peller?

Peller rules the TikTok space and there's nothing ur mother's ikpu odour can do about it !

Next !"
Melv C,2025-03-27 13:43:27+00:00,Lol the hand and body movement is giving some kinda vibe
RODDY OVUNDA,2025-03-27 10:07:03+00:00,Nigerians need to suffer more from hardship cuz them no get sense at all.
Biggest__Pappy,2025-03-27 10:36:00+00:00,Stop c
moremoneyπ,2025-03-27 10:41:54+00:00,"I have been wanting to ask, is this boy an activist, content creator or  comic maker?  Someone that can't even express himself very well when it's required. Foolish people everywhere. Bro forget about the clowns. Your Big."
FobeCyril,2025-03-27 11:20:25+00:00,You can't f!ght the people and win be careful what you say. make them realise you’re f!ghting for them is the only way.
Moonlight,2025-03-27 12:49:32+00:00,"It’s sad the kind of country we are in, we have lot of enablers here enabling the wrong people. It’s highly disappointing that we can’t be allowed to speak up about the injustice done to us and our nation Nigeria. We the citizens are our own problem honestly."
Dee,2025-03-27 13:28:46+00:00,"Nigerians deserve everything that Tinubu is doing to them

More than 50% of those guys have mental issue"
Dimple Soja,2025-03-27 09:52:31+00:00,Sorry bro
Majek,2025-03-27 11:39:20+00:00,"@eminijoker
 @dapo_adeleye
 @IBRAHIMSHANTY"
anna,2025-03-27 11:52:18+00:00,Peller's downfall will hit like crack
NR~,2025-03-27 16:53:36+00:00,I freaking respect this guy mehn…anytime i jam bobby for seaside i go buy am one cold beer
Sammie,2025-03-27 08:50:15+00:00,We are our own problem I swear
Big Bamiiiii,2025-03-27 09:09:24+00:00,"i like as you dey use every news concerning peller to dey gain engagement,you are fan"
micheal francis,2025-03-27 09:14:08+00:00,Like even my iG was suspended because of I said he’s not sensible!! Like I don’t even get the hype
TRYPLE_A1,2025-03-27 09:24:30+00:00,"Don't mess with ikorodu people,  peller is what they gat...."
Adebayor,2025-03-27 09:55:02+00:00,This country is funny cos whats this.
james,2025-03-27 10:26:22+00:00,Carry una for head ? Which head
Jay,2025-03-27 10:36:14+00:00,"I’m convinced it was this exact set of people that were alive when they crucified Jesus….  If u really dip am self,fit be say na Nigeria them born Jesus because isn’t the whole idea of Peller nauseating to u guys?Granted he said those things to get y’all to engage but?wtf!?"
𝕶𝖎𝖓𝖌_𝕹𝖊𝖗𝖔𝟏(NBM),2025-03-27 11:04:52+00:00,Shameless people.
𝕶𝖎𝖓𝖌_𝕹𝖊𝖗𝖔𝟏(NBM),2025-03-27 11:04:52+00:00,"People mumu o, pesin dey fight for you una dey report him account, are you guys even real?"
instruuu,2025-03-27 11:47:27+00:00,
T.JAMES 30,2025-03-27 12:04:04+00:00,He’s fighting for Igbos and Peter obi . Majority of the 30 days rants are Igbos TikTok users
OGEDENGBE!,2025-03-27 17:05:19+00:00,"They started it, they are started beefing a 19 year old boy and start telling their people to report him so they should all face the consequence of their action"
cokē,2025-03-27 21:09:39+00:00,"unu ana apu ala "" off me"
GOD'S OWN,2025-03-27 22:52:55+00:00,"Na the same ""small peller"" dey make all of una leg dey shake like this"
She's that pen genius,2025-03-28 02:28:18+00:00,"We Nigerians are indeed our own problem. 
Like WTH?"
Noblenelly,2025-03-27 08:31:52+00:00,So Bobby is not just a boy?
NdakuduAdam #fan,2025-03-27 09:13:24+00:00,I mo dey put mouth for family matter
Mordi,2025-03-27 09:33:50+00:00,Chaii
theDharmieOG,2025-03-27 09:49:10+00:00,"He has gone to his secondary school and done some charity, and as most Nigerians are, they don forgive am ni yen. Anywhere belle face."
Tijani Olayemi,2025-03-27 09:54:44+00:00,Attack for attack
Noblenelly,2025-03-27 08:30:50+00:00,Wait for real? Na children full that TikTok honestly
Friday Okpolokpo,2025-03-27 08:30:52+00:00,Those  fans there lack it all I don't blame them chia
bolarinwa,2025-03-27 09:16:23+00:00,You see that TikTok Na fool plenty for there
Daud,2025-03-27 09:44:30+00:00,Werey na ur talk wan make this crazy ass government change. You’re funnier man
Mpire,2025-03-27 09:47:29+00:00,Werey ni gbogbo to
Ōnunaekwu,2025-03-27 09:50:57+00:00,Yoroba people no get sense normally
Americana,2025-03-27 09:54:01+00:00,Open other another one
Imafidon Shine,2025-03-27 10:23:17+00:00,Peller Dey do giveaway you say make them unfollow him you wan cumut food for people mouth
OfficialLA,2025-03-27 10:24:33+00:00,"Nobody talk say make you no rant,but this Bobby don dey go down na Tunde Ednut post am him life con spoil"
Moon,2025-03-27 10:33:06+00:00,Why the guy dey shout
Gyang jnr.,2025-03-27 11:21:18+00:00,"Sometimes I feel like this country is cursed. All this one na introduction to our suffering,

As a group, stupid people are far more powerful than the Mafia and the Military-Industrial Complex because they actually drive and influence social outcomes."
Shomuji Adebayo Olujimi,2025-03-27 11:51:48+00:00,"And someone said what is peller influencing  
@egi_nupe___"
ONE GENERAL,2025-03-27 13:33:46+00:00,Hm
Time,2025-03-27 13:55:00+00:00,Peller’s fans wildin’ TikTok ban hits hard!
Common Person,2025-03-27 15:35:34+00:00,They’ll soon tell Peller the truth
Etumudon,2025-03-28 07:52:46+00:00,"Fight the government yo, and leave bro alone"
Wall Street Pepe || Chat Support,2025-03-27 08:59:48+00:00,"Shebi this bobby no get sense, most you involve him in the 30days rant blah blah must he! Self entitlement will kill most of una, now you lost your acc in fact sacrificed your acc because you wanted to trend mumu man"
Miriam Adebimpe,2025-03-27 12:44:24+00:00,"If he opens another account they will still ban it until you guys  learn to respect people's will. 
It is not his right to force people to talk ,if they don't feel like talking. Why are they not getting it?.

 Why must he  instigate people to unfollow your fellow influencers"
Dim world,2025-03-27 14:46:00+00:00,Omo this is witchcraft
Blessing♡,2025-03-27 12:25:13+00:00,"They should advice that peller boy
money is controlling him a lot now"
ADELAKUN MURITALA BABATUNDE,2025-03-27 10:37:52+00:00,"We are just our own enemies and problem..sometimes ehnn,I just wonder what goes on in d brain and mind of some ppl..all dis ppl are doing well and they don’t care about u..someone is hear saying d obvious and they went and reported his account.. until we learn to have sense"
draw ur big head,2025-03-27 10:38:44+00:00,"It’s very hard to stay with daft people in this country, sometimes I wonder if this people don’t want Nigeria to get better"
luwiclothingz,2025-03-27 10:39:47+00:00,Who send you bro
Assurance,2025-03-27 10:40:27+00:00,Pellet get fans??
Dam!_Lare,2025-03-27 10:44:31+00:00,"You’ve just been posting info that doesn’t even correspond since yesterday 

This guy asked people to mass unfollow celebs that aren’t jumping on the rant challenge 
And people switched after few days to take his acct instead after realizing he’s pushing the trend fr engagement"
OrdinaryDiwura,2025-03-27 10:45:13+00:00,Make he rest
Zeesville,2025-03-27 10:48:33+00:00,This Agaygay
Gibbs Aloma,2025-03-27 10:50:29+00:00,"Na children dey follow pellet
Children wey still dey their mama house"
CiciTolani,2025-03-27 10:53:21+00:00,Nawa o
CFC_Justus,2025-03-27 11:00:08+00:00,"Lol…..this is bad sha.
But he should ask dem
chicken and Salo, those Peller followers ready to get your account banned 100 times."
FIRST_JOHN,2025-03-27 11:05:37+00:00,Make Government ban TikTok make we rest. cus fooling full that app
comrade,2025-03-27 11:06:24+00:00,Nah war
Kingsley coman,2025-03-27 11:27:41+00:00,"Is okay bro, open another"
Update4Gboyz,2025-03-27 11:30:14+00:00,This is twitter pls
FYI,2025-03-27 11:32:04+00:00,"Chai see News, see weytin we dey talk for Nigeria, see trends
 Nigeria Kwa"
Oska_lee,2025-03-27 11:45:09+00:00,You think say plp really want your progress
Chris_N,2025-03-27 11:48:03+00:00,You will learn the hard way
Adeogun,2025-03-27 11:51:27+00:00,Good
Godson,2025-03-27 11:52:54+00:00,But you can do your challenge and not coerce other to join. If only you did not try to coerce others maybe your account and 4 yrs struggle would be alive today
Innermost beauty,2025-03-27 12:05:21+00:00,"It’s always the igbos at the forefront speaking truth to power, and while at it refusing to be silenced….thats why Nigeria is scared of us … if I’m not an Igbo man I’d be jealous TBH"
KING OF EDITS,2025-03-27 13:17:05+00:00,Let us all go and report pellers account so he will understand that this life no be play play
Blessing♡,2025-03-27 12:25:52+00:00,Too much money is getting into him
LILIY,2025-03-27 18:42:12+00:00,No be small thing
Ismart.sol,2025-03-27 10:09:18+00:00,"Lol  
Victim mentality"
$KIZITO,2025-03-27 10:52:27+00:00,Everybody dey fight for him own source of income
Red,2025-03-27 12:52:21+00:00,This is strange
0_panic,2025-03-27 12:59:06+00:00,"If one person continue to report one account continuous for 1hr, them go still take the account down?"
៸៸ 𝕮𝖍𝖚𝖚𝖞𝖆 𝖔𝖋 𝖘𝖍𝖊𝖉𝖙𝖜𝖙 〻 ♡︎,2025-03-29 18:16:03+00:00,they should ban TikTok from America again
Colonel Braxton,2025-03-29 20:50:06+00:00,"Got a 30 day username ban on TikTok but at least it's a reminder to never ever use the corporate name in a @

Puke everywhere. We Wine"
松井 祐香里ほくりくアイドル部,2025-03-29 11:47:36+00:00,"今日のTikTok、載せてからしばらく審査中で焦った…

TikTokはかなり厳しくAIさんが動画審査してて、露出多かったりNGワードあるとアカウントBANされてしまうのです…

無事毎日TikTok 277日目

あと100日続ければ1年達成です
→ https://vt.tiktok.com/ZSr2MWp3U/

#ほくりくアイドル部"
しみずっち,2025-03-29 11:48:23+00:00,"昨日吉吉飯店でのTikTokだー
ゆかりさん"
News-Leader,2025-03-29 16:00:35+00:00,"If ByteDance does not divest TikTok by April 5, the app could go dark once again. President Trump has already addressed how he plans to prevent the ban."
☆,2025-03-30 02:48:36+00:00,after mfs hacked my tiktok idec if they ban it no more :/
ISHU⁷ BTS REUNION IN 10 WEEKS MFERS,2025-03-01 16:30:40+00:00,"Yt shorts are extremely underestimated & ignored. In india, tiktok is banned so most of the armys ik use yt shorts and reels only. We have just abandoned yt completely. Please let's gather around, invest our time and energy in planning and executing for promotion https://x.com/hqofbtss/statu/hqofbtss/status/1895870010410905980…"
| YOUNG FOREVER⁷ | 𝓑𝓽𝓼 𝔂𝓮𝓪𝓻,2025-03-01 17:00:41+00:00,"IWe have totally abandoned YT. I have been into shorts, so I know the potential it holds. There are times, songs go viral on shorts, and I check it n give it a listen. There will be many like me. I get so many foreign viral songs over a BTS edit, we should do it vice versa."
ash.,2025-03-02 15:53:52+00:00,"i think we should leverage insta reels too since most of the active users from india are there too! or atleast, it’s highly gen z oriented so it wouldn’t hurt to try there."
Lights ⁷,2025-03-01 21:36:54+00:00,We need to create a gc for this
Phuchka!! 아포! 방포!⁷,2025-03-02 18:41:39+00:00,See so many bts edits with hindi songs with thousands of like.. None of them is promoting any bts songs
Samwise Gamgee,2025-03-30 16:17:10+00:00,Mufti Mubaje wants government to ban tiktok like it banned facebook.
The News Herald,2025-03-30 03:00:30+00:00,"If ByteDance does not divest TikTok by April 5, the app could go dark once again. President Trump has already addressed how he plans to prevent the ban."
Department of Government Efficiency News,2025-03-19 00:40:00+00:00,"This video was banned on TikTok because it was too controversial.

Check it out."
Henry Thomas,2025-03-19 00:45:03+00:00,Feminism and weak men caused this.
Cheri Price,2025-03-19 00:58:01+00:00,Ridiculous!
TOBIAS O’Neal,2025-03-19 07:34:56+00:00,I’m a single father who raised 2 daughters and the fact that the majority of these trans kids with mental issues trying to be in girls sports are adopted by trans and gay parents or raised by the mother alone has to say something…..
Pepperbelly,2025-03-19 00:49:15+00:00,Why is such a problem for the liberals? Godless! That’s why!
Barry Hott,2025-03-01 15:46:48+00:00,"How to deceive consumers, violate FTC laws, and get sued like crazy with one TikTok.

Everything is illegal: the fake story from a fake AI person, the misleading claims, and the undisclosed affiliate link.

This 30-second lawsuit magnet took 15 minutes to make and could generate:

- 10M+ misled consumers
- Minimum 6 figures in fines ($50k in FTC fines per violation!)
- Class-action lawsuits from misled buyers
- 6 figures in legal fees trying to explain why ""it's just a ""joke""

If you're really lucky, maybe even a federal wire fraud charge if the DOJ decides to make an example out of you (up to 20 years in prison! Wow!)

Hope that ~5-figure revenue was worth it because your 6 or 7 figures of fines and legal bills are coming fast."
Barry Hott,2025-03-01 15:59:59+00:00,"I'm not against AI ads or Arcads, but I'm very against breaking laws and deceiving consumers.

There are legal, compliant, and ethical ways to use AI in ads. This ain't it.

It’s not a matter of if you'll get caught, but when.

I'd love to see 
@coffeebreak_YT
 explore this."
Barry Hott,2025-03-01 20:52:11+00:00,This:
Barry Hott,2025-03-03 02:05:03+00:00,"In case it wasn't clear, this was a parody of this original post:"
Eye for Retail,2025-03-01 15:51:16+00:00,but aside from that you thought it was pretty good?
Barry Hott,2025-03-01 15:57:13+00:00,It's easy to win the game when you disregard the rules and/or break them.
Fraser Cottrell | Ad Creative For Meta & TikTok,2025-03-01 15:51:31+00:00,BUT GROWTH MARKETING BARRY
dennis hegstad,2025-03-01 17:09:33+00:00,This is insane
Barry Hott,2025-03-01 18:29:53+00:00,Did you see the original post has over 5 million views? That's insane
Brian Blum,2025-03-01 17:57:46+00:00,"Haha this was what I was trying to get at the other day, ai UGC is only viable right now in these insane fake stories

Class action lawsuit very likely"
Barry Hott,2025-03-01 18:16:02+00:00,"There's plenty of viable uses that don't involve breaking the law. Just don't use ""I"" statements or disclose clearly if you do."
Ray Johnston DTC CottonKing | Rizz of eCom,2025-03-01 18:41:13+00:00,It's technically against the FTC rules as of last year.
Barry Hott,2025-03-01 18:53:53+00:00,Yes
mtvmald,2025-03-02 06:00:42+00:00,Go to bed unc nobody getting sued for a tiktok
Barry Hott,2025-03-02 12:43:09+00:00,"maybe follow 
@RobertFreundLaw
 and we'll see"
Blake,2025-03-01 15:51:32+00:00,This is a real story. I know her irl all this is true.
zzy,2025-03-02 00:35:44+00:00,The president is launching memecoin rug pulls but ur worried about AI TikToks violating FTC laws?? It’s 2025 brother… it’s a free game for all
Barry Hott,2025-03-02 18:52:27+00:00,
Daniel Smilansky,2025-03-01 16:12:50+00:00,"I'm not a legal expert but I see so many ads like this the FTC would need to hire 1,000 more employees just to monitor them"
Barry Hott,2025-03-01 16:16:14+00:00,Competitors and consumers can sue as well
Colin McGuire,2025-03-01 16:54:30+00:00,"I’m gonna guess this is from an affiliate who makes viral content?

What specifically in the video do you find misleading other than the fabricated storytelling (every YouTube video and popular tik tok is fabricated). 

They sell a clinically proven weight loss supplement with"
Barry Hott,2025-03-01 18:29:07+00:00,"Yes, it's from an affiliate, but from my research, if the brand benefits and doesn't work to curtail this behavior, they can be found liable. 

I'm not a lawyer or judge. I don't make the rules, I just look them up.

A fake character claiming ""I lost 13 pounds"" without any"
Shalev H,2025-03-01 16:53:32+00:00,Bro were you born yesterday? The internet is full of fake stories and product promotions on tiktok so what? nobody gets sued
Barry Hott,2025-03-01 18:17:22+00:00,"Nobody gets sued? I guess you don't follow 
@coffeebreak_YT
 or 
@RobertFreundLaw"
Angelo Dodaro,2025-03-01 17:10:16+00:00,I guess Black Hat is making a comeback
Barry Hott,2025-03-01 17:27:53+00:00,"I don't think they see this as black hat, but yeah it is and it's going to probably get clamped down on by platforms soon..."
KGSummer,2025-03-01 18:40:47+00:00,I’m going back and forth on this. Do we know people complain about the product?
Barry Hott,2025-03-01 18:53:36+00:00,What do you mean? How would that impact whether or not this ad violates FTC (or FDA) guidelines?
Daniel Smilansky,2025-03-01 16:15:09+00:00,"Very very tough to prove it's a fake story btw in court. Even though it's AI, they could say it was an anonymous customer testimonial. The claims are likely an issue though."
Barry Hott,2025-03-01 16:30:53+00:00,"Without disclosures of it being a testimonial? This isn't the only one, they're doing tons of these. I'm not mounting a legal case personally, just think the risk is too high for most people to do this."
Tony,2025-03-01 17:16:50+00:00,"This has been going on for a long while 
I have a feeling none of them are operating from the US.
Maybe the product seller if they are shipping from US

It all started with, My mom is a dermatologist trend, hook with harmless beauty tips and boom comes the snakeoil"
Barry Hott,2025-03-01 17:30:30+00:00,"Yeah, those are problematic as well! Not saying this is new, but it's interesting seeing Arcads promoting and encouraging it.

It's like a hammer company posting about how great their hammers are for breaking in to rob a business."
Jason,2025-03-01 21:19:11+00:00,Somehow it’s always an Obvi ad when I see these
Barry Hott,2025-03-01 21:25:29+00:00,"FWIW, I've seen other brands doing stuff like this too"
Auke-Jan,2025-03-01 19:43:28+00:00,who cares
Barry Hott,2025-03-01 19:46:36+00:00,Many of us. Why don't you care?
Buffalo Birdman,2025-03-01 16:00:53+00:00,They eating your lunch ? How u gonna find them all. Do they operate from ur jurisdiction? lol.
Barry Hott,2025-03-01 16:08:42+00:00,"Who do you think would face the fines and/or jail time? The affiliate or the brand?

Last I checked, Obvi is a US company based in New Jersey"
Dan Nugent,2025-03-01 20:44:14+00:00,"Ethics aside, whoever produced this is producing galaxy brain creative"
Barry Hott,2025-03-01 20:58:31+00:00,It's easy to win the game when you disregard the rules and/or break them.
Jay,2025-03-02 08:19:01+00:00,Is that true ?
Barry Hott,2025-03-02 12:44:54+00:00,"Google it, ask AI"
Cole South,2025-03-01 17:26:36+00:00,Shocker it’s promoting Obvi
ST,2025-03-02 23:49:23+00:00,"""lawsuit magnet"" LMAOOOOOOOOO"
Ross Simmonds,2025-03-01 20:18:52+00:00,So wild. This is why people hate marketers.
BowtiedWhitebat + Read Pinned Tweet or NGMI,2025-03-01 19:03:49+00:00,"@BowTiedKong
 fax?caps?"
Ben Radack,2025-03-03 01:01:54+00:00,What were they selling?
jackdoesecom,2025-03-01 16:01:24+00:00,As soon as she said Obvi I crumbled
David Baker,2025-03-01 18:08:20+00:00,Literally 10 minutes later I saw this IG ad from a meme account https://instagram.com/p/DGqmtOENRUsf6DEp02Dq9m7AW2JexW8gRjNyCc0/?igsh=cTczOTByYWI1OXI1…
Barry Hott,2025-03-01 18:18:03+00:00,"Account is private, I can't see it"
Jonathan Berthold,2025-03-01 19:49:19+00:00,"Thank you!

Saw this in my feed earlier & couldn't believe the bragging over this ad.

I think quite a few ""get rich quick"" marketers have a tenuous grasp on what's legal & what isn't, as well as the guidelines set by the FTC"
Barry Hott,2025-03-01 19:56:49+00:00,thanks for saying something! Got lots of similar DMs from people who don't want to engage with this publicly
JJ,2025-03-01 18:22:49+00:00,Country is imploding and you’re worried about this?
Barry Hott,2025-03-01 20:01:32+00:00,I worry about lots of things!
It's Always Eboue,2025-03-01 19:08:53+00:00,is this a sales ad? or an organic post
Barry Hott,2025-03-01 19:57:32+00:00,Affiliate post organically I believe
Nas Said,2025-03-02 02:46:27+00:00,"@binghott
 is AI UGC a red-flag legally or is this post leaning more on the fact that claims and the story could be misleading?"
Barry Hott,2025-03-02 18:49:48+00:00,"I'm not a lawyer. As far as I understand, AI UGC is not inherently a red flag, but having an AI character talk about an experience they had would potentially be a red flag.

As far as I know, profiting off of misleading or false claims is illegal, regardless of if it's a real"
,2025-03-01 16:36:04+00:00,I’ve always found it interesting that neither of the Obvi founders appear to be in great shape. They’re both somewhat heavyset Indian guys selling weight loss products.
Chad Hamzeh,2025-03-03 15:39:21+00:00,When attorneys get busted for ADA poaching and claiming the FB pixel is “wire tapping”  then we can go after TT slideshows lol
M,2025-03-01 15:52:31+00:00,"not sure FTC will do anything about this but i agree this shit needs to stop, tiktok also does a horrible job at enforcing trademark/copyright violations which i hope they fix soon"
Pixsil,2025-03-01 20:11:23+00:00,Hold up — why just this brand …. Have you not seen every other single meta ad in the health niche?
,2025-03-01 16:33:10+00:00,Obvi is legit slimy with ads
Karan - Transform your Dynamic Ads,2025-03-01 17:16:14+00:00,This is just soo ick.
Michael Thomas,2025-03-01 17:31:53+00:00,"Glad someone said this.

It was concerning to see all the people call this a genius ad"
AR,2025-03-01 18:22:48+00:00,Fake AI UGCs has to stop. I cannot believe how much money is poured into this BS.
DIMITRIE,2025-03-01 19:33:55+00:00,"The ending scene sums it all up nicely

“Do you think this was worth it?”"
Presidential P,2025-03-01 23:27:56+00:00,Lol this absurd
Dan Goldstein | Fractional CMO,2025-03-02 01:47:09+00:00,Hahahaha. Not shocked that this is Obvi
Zack Miller DTC Growth Marketer,2025-03-02 01:51:58+00:00,I nearly pissed myself when I got to the CTA
Ghosty,2025-03-02 09:00:36+00:00,"Yo this is actually wild. 

Only thing that coulda made it worse is if it said link in bio"
Peter,2025-03-03 05:24:21+00:00,Supplement advertising is mostly grayhat
Bee Troot,2025-03-03 10:30:45+00:00,"THANK YOU. The bro that posted it clearly couldn't give a  about the law and was wanting views on X. ""Learn how to make MILLIONS with this business model that has enriched the mafia for YEARS"" isn't the best learning strategy lol"
Ross John Etherson,2025-03-01 15:56:37+00:00,ive seen these on instagram too
KR,2025-03-01 16:59:35+00:00,Affiliate marketing is a helluva drug
Georgi Marincheshki,2025-03-01 18:13:19+00:00,@leksdirect
Mo | Ad Creative Designer,2025-03-01 18:34:58+00:00,"This is an advertisement that is offended and has many violations, and it will make a turtle paying a lot of money as fines and as many judges against the Allan and the owner of the announcement that it is an advertisement that is offended in the literal sense"
Alex,2025-03-01 19:56:47+00:00,"Wait, for what exactly?

Ads put actors and made-up stories since…forever.

What is the difference between a fake actor and an ai actor?"
Zak Does Ecom,2025-03-01 20:25:57+00:00,@samthemotorist
Matija,2025-03-01 20:58:17+00:00,Nobody is getting sued for this.
Tudi,2025-03-02 06:38:01+00:00,This is why affiliates were invented. To peddle shady shit for brands that don't want to get their hands dirty lol.
A T Wilkinson,2025-03-02 15:53:32+00:00,"Should be normalized. Ppl will h me for saying it, but I h ads disguised as content and h lies even more than ads even if entertaining ones."
Maier Bianchi,2025-03-03 17:50:08+00:00,Why does the brand not surprise me
Barry Hott,2025-03-01 20:48:34+00:00,Gotta aspire for something!
397Y2,2025-03-02 18:09:12+00:00,You're assuming these people live in the U.S
Barry Hott,2025-03-02 18:41:26+00:00,"They're doing business in the US and getting paid by a US company, no?"
Emeric AI + SMS =,2025-03-03 12:16:30+00:00,chasing likes instead of trust can lead us down a slippery slope! transparency is key.
K.M_Kayo,2025-03-30 05:15:16+00:00,"HAWK ANARCHYのTiktok

『Sequel』

BaN君の歌声の素晴らしさ
HAWKの音の凄さ！
まだ出会えてない？
出会って欲しいなぁ
@hawk_anar
 

HAWK ANARCHYの投稿動画を楽しみましょう！#TikTok"
juli,2025-03-29 16:03:39+00:00,Tiktok ban pt 2 ?? LET'S GOOOOO
Phaedra,2025-03-02 04:55:26+00:00,"Chinese people have been suspended off social media for complaining or reporting dog abuse accounts like this  on #Tiktok China  #Douyin.
The system is completely backwards in China it seems!"
ねっこ好き,2025-03-02 16:18:38+00:00,"@KushidaOf
 @kantei
 @MofaJapan_jp
 @gov_online
 @shigeruishiba
 @aoyamashigeharu
 @takaichi_sanae
 @j_shoujinishida
 クソ政府、こんな動物虐待が合法な国の倫理観ない奴らと共生できるわけないだろ。日本人もウイグル人と同じにしたいのか？
@dewisukarno
日本より動物愛護法がないが問題では？"
ねっこ好き,2025-03-02 16:19:37+00:00,"@TikTokSupport
 @PETAUK
 @HSIGlobal 
@AnimalsAsiaNYC
 @WSJworld
 @WeAnimals
 @Animal_Watch
 @JessLReid
 @abcnews
 @MoveTheWorldUS
 @washingtonpost
 @NBCNews
 @ifawglobal
  @XNews
 @TheSun
 
@RSPCA_official
 @itvnews
 @JapanNNavi
 @Newsweek_JAPAN
 @JawsTokyo
 @TotalWorld1
 @Sankei_news
 @WAC_edit"
ねっこ好き,2025-03-02 16:19:08+00:00,"@UN_News_Centre
 @UN
 @UNIC_Tokyo
 @UNGeneva
 @INTERPOL_HQ
 @USAmbMex
 @DCPoliceDept
 @WhiteHouse
 @BBCWorld
 @BBCPanorama
 @GlobeEyeNews
 @CNN
 @SkyNews
 @FoxNews
 @telegram
  @YourAnonNews
 @FBI
 @TheJusticeDept
 @FBIDirectorKash
  @USAttorneys"
SokaktayimYanindayim,2025-03-02 17:09:00+00:00,#BoycottChina #devilchina
太郎丸,2025-03-03 05:58:52+00:00,"世界の恥である中国人
人間の恥である中国人

魔界に生まれてしまった犬や猫達は本当に可哀想です"
𝐄𝐫𝐢𝐜𝐤 𝐌𝐨𝐫𝐚𝐥𝐞𝐬,2025-03-02 14:36:45+00:00,"That is not enough, what must be done is to impose LAWS in china  against animals abuse, not even when the chinese themselves do not agree."
Danny P.,2025-03-02 14:52:01+00:00,What a shame! Send the devil back to hell!
Carlo Lucisano,2025-03-02 21:04:38+00:00,"Paese comunista DIMMERDA BOICOTTA CINA 
@ChinaWhaleETH
 @VisitNanchang
 @ChinaEasternNA
 @chinaeasternair
 @ChinaEasternweb
 @ChinaEating
 @chinafiles
 @ChinaFriendly
 @chinafrance
 @ChinaFacter
 @ChinaRailways
 @Chinagovt
 @CCPN_ChinaGov
 @ChinaGovReforms
 @iGuangdong
 @China_Datang
 @Guilin"
Sue Simmons,2025-03-02 23:36:35+00:00,"This dog is beautiful, this man abusing it is a monster. Lower than any animal jail and shame on a government that allows this."
Piecefree777,2025-03-03 03:32:56+00:00,1日でも早く滅びますように
BrothersOfTheWorld,2025-03-03 06:33:04+00:00,"#TheRealchina #chinaTravel #Boycottchina
@chinaorgcn
 @ChinaEmbIreland
@zhu_jingyang
 @ChinaEmbArg
@ChinaEmbPeru
 @ChinaEmbajada
  @UNinChina
 @ChinaAmbBelgium
@PDChina
 @XHNews
 @Echinanews
@ChineseEmbinUK
 @ChinaEmbSweden
@ChinaEmbInNZ
 @ChinaAmbUN
@AmbChina2NZ
 @ChineseCon_Mel"
cookie,2025-03-03 09:25:50+00:00,"Les chinois sont bridés par leur gouvernement et se vengent sur des êtres innocents pour assouvir leur  cruauté.Ce n'est pas un pays civilisé, ils bouffent n'importe quoi et n'hésite pas à tuer un rhino pour une corne en guise de viagra. Le monde doit sauver les animaux"
CJ LoveYaUSA,2025-03-02 15:24:49+00:00,"animal abusers need to repent & find Christ while they can.
Suffering eternity in hell is real. 

Love is the answer 

God bless all. esp these horrendously lost Godless creatures"
PheonixLioness8379,2025-03-02 15:31:39+00:00,@peta
TAKA【流星ボーイ】,2025-03-02 23:23:46+00:00,クソ共がこの虐待者のクズ共を消し去るには実力行使しかない
Kenzokenzito,2025-03-02 20:29:54+00:00,China is disgusting and the Chinese abusers should disappear from the planet... they are psychopaths!
Kevin Wayne Newcomb,2025-03-02 23:09:10+00:00,Sick evil heartless cowards in china! Fucking people over there need mental treatment!
#SOSMEIOAMBIENTE,2025-03-03 00:47:28+00:00,"@ReutersChina
 @XHNews
 @PawsofChina
 @ChinaDaily
 @NamiKim_DogsSK
 @HSIGlobal 
@WJCommission
 @AsiaforAnimals
 @PETAAsia
 @AnimalsAsia
 @UNEP_AsiaPac
 @JaneGoodallInst
 @ECOAlphaTango
 @ChrisGPackham
 @domdyer70
 @wwf_act
 @HuntSabs
 @XHNews
 @powerhdeleon
 @DogDeskAction"
vivian,2025-03-02 20:37:21+00:00,Communism and lack of faith have led to the moral decline of this country
BrothersOfTheWorld,2025-03-03 06:34:51+00:00,"#TheRealchina #chinaTravel #Boycottchina
@ChinaCG_NYC
 @ChinainVan
@xuejianosaka
 @spoxchn_linjian
@XHespanol
 @ChinaAmbTurkiye
 @ChinaAmbNL
 @ChineseEmbinUS
@PETAUK
 @peta
 @HSIGlobal 
@animalsavemvmt
 @AsiaAnimals
 @AnimalsAsiaNYC
 @ChinaWhaleETH
 @VisitNanchang
 @ChinaEasternNA"
Alan Ellis,2025-03-02 16:27:12+00:00,dirty cruel bastards never have been good with animals
zerolight30,2025-03-02 18:26:51+00:00,Disgusting
無二無三,2025-03-02 19:55:47+00:00,こんな奴等を生かしておく必要はない
Jairo Jesus Chicaiza,2025-03-02 21:43:42+00:00,Chinos enfermos malditos son un montón de porquería en este mundo infelices desgraciados me dan asco
ᕼᗩᒪIᗩ,2025-03-02 21:55:56+00:00,"@HeRulong
 @MFA_China
 @SpokespersonCHN
 @ZhouFengSuo
 
Another  crazy one... 
#BoycottChina"
犬猫人,2025-03-03 03:19:34+00:00,キチガイヤロウが…ホント地球上から消えて欲しいね。
𐰽𐰀𐰺𐰯:𐰆𐰺𐰀𐰣 ;Sarp Uran,2025-03-02 16:28:50+00:00,"Yaşam için
#YasayıGeriÇekKatliyamaHayır 
#YasaDeğilCinayet 
#ErkenDeğilHemenSeçim"
Jose Manuel Navarro Fuentes,2025-03-02 21:24:52+00:00,100 mil veces malditos estos chinos son una plaga mundial
tony aka Garbage,2025-03-02 21:53:21+00:00,I do not mind if China gets wiped out off the face of the earth.
Ivany G,2025-03-03 00:49:43+00:00,Tiktok es basura cómplice de esos criminales boicot a tiktok
Elise,2025-03-03 01:07:09+00:00,"Wow. I can never adequately put into words how it makes me feel to see stuff like this. It really, really gets to me."
Katarina,2025-03-03 15:46:22+00:00,Good Chinese people have no  voice and power in China! That’s why pressure from the outside is needed to stop the animal cruelty in China! Boycott of Chinese goods and tourism!!!
Lyn Wright,2025-03-02 16:19:11+00:00,
III ✠,2025-03-02 16:35:39+00:00,"It's weird that nobody can get to him.

If you say something ""waycist"" on social media, weirdos might dox you & show up in your front yard.

But this guy... crickets.  Strange."
SokaktayimYanindayim,2025-03-02 17:10:04+00:00,I am şad
ARJIT,2025-03-02 18:52:20+00:00,"दिल्ली, नोएडा , ग्रेटर नोएडा, गाजियाबाद, गुडगाँव के पशु (डॉग्स) की चीखे ना पीएम सर, सीएम सर, होम मिनिस्टर सर को सुनाई नहीं दे रहीं हैं..
पशु क्रूरता के साथ साथ Feeders Cruelty भी दिखाई नहीं दे रहीं हैं"
Anna Macdonald,2025-03-02 19:52:03+00:00,Ignorant  people.
Nathaniel Comstock,2025-03-03 03:42:04+00:00,Poor dog
thejil,2025-03-03 04:33:44+00:00,#BoycottChına
BrothersOfTheWorld,2025-03-03 06:31:39+00:00,"#TheRealchina #chinaTravel #Boycottchina
@ChinaEmbGermany
 @ChinaEmbEsp
 @ChinaEmbTurkiye
 @AmbCina
 @ChinaEmSlovenia
 @ChineseEmbinUS
 
@EmbChinaMex
 @ChinaEmbEsp
 
@ChinaDaily
 @HeRulong
@AmbXieFeng
 @bbcchinese
@ChineseWSJ
 @SpokespersonCHN
@USA_China_Talk
 @ChinaAmbUN"
Joachim Rauscher,2025-03-03 09:59:01+00:00,What can we do about These human skit?
Angie Martinez,2025-03-03 17:29:41+00:00,#Chinazi
linda ann wrout,2025-03-04 03:30:59+00:00,Absolutely disgusting!
こーいーにゃん1963,2025-03-02 14:27:40+00:00,
Larun,2025-03-02 19:51:17+00:00,
Marta Rodríguez,2025-03-02 23:22:03+00:00,They are bastards with animals. I wish them a cruel death too.
realise,2025-03-03 07:20:13+00:00,もう本当に◯んで！47人
Junjoa,2025-03-03 09:35:18+00:00,"Omg poor  soul, I wish I can take all animals  out, LAWS OF KARMA"
Ganesh Velu,2025-03-03 12:16:45+00:00,Hell is empty and all the Devils are here
Y.W,2025-03-03 13:29:12+00:00,ありえないこんな事する奴
Dave Cross,2025-03-03 21:08:06+00:00,China sucks for many good reasons! Stay off Tiktok!!!
Charalampos Paralis,2025-03-02 14:52:44+00:00,
Blue India,2025-03-02 19:44:25+00:00,What the fuck. These fucking assholes
Lily Lynn,2025-03-03 03:29:00+00:00,
Hector Glez,2025-03-03 06:04:53+00:00,SICK HUMAN BEASTS!!
ottavi deborah,2025-03-03 07:11:17+00:00,Solo la foto è agghiacciante ma possibile che i social non fanno nulla per non dare spazio a certe scene e certe brutalità..
karen burke,2025-03-03 07:57:20+00:00,
Hello World,2025-03-03 08:01:08+00:00,
Dagnabbits,2025-03-03 08:14:47+00:00,#tiktok is evil.
FrancescaPa,2025-03-03 09:19:53+00:00,Maledetti
Fazzles,2025-03-03 10:20:21+00:00,"Dear God, please help your innocent voiceless animals."
denise morais,2025-03-03 14:07:50+00:00,#stopanimalcruelty #shameChina
SixxMe ᵐᶠᵉʳ,2025-03-03 14:11:40+00:00,What are some of the accounts? I’ll report them.
Jajax,2025-03-03 15:19:09+00:00,China es un país de mierda
J280,2025-03-03 15:24:38+00:00,Bastards
Richard E.,2025-03-03 16:45:53+00:00,Ban the views to ban the cruelty.
Iris Keohane,2025-03-03 17:13:39+00:00,Stop this treatment now
Antari,2025-03-03 18:36:23+00:00,Mögen die scheiß Schlitzaugen in der Hölle verrecken!
Stanley Matus,2025-03-03 18:49:45+00:00,
Gabi,2025-03-03 18:54:39+00:00,Can we do same with this idiots? They are definitely sick. Fight and torture someone same size and weight....
Rogério Aparecido Ra,2025-03-03 19:14:41+00:00,"Esse criminoso tem que ir pra cadeia.... covarde, imbecil..."
Patrick McDermott,2025-03-03 20:59:50+00:00,Fuck China.
Martika'sRunningRiot,2025-03-03 21:57:42+00:00,Evil it's part of the triad which shows you a pyschotic psychopath hurting animals. If China wants to get deals and Turkey the killing of innocent animals and people needs to end or we just don't buy or holiday either place. Simple.
Roy Rogers,2025-03-03 22:30:08+00:00,"China is so backwards & F***ed up 
What a horrid country to live in. Maybe ppl will decide to stop animal abuse & torture by doing something when they see it happening"
Jeanine Musetta,2025-03-03 23:12:16+00:00,TRAGIC
Miss Cammi 3:16,2025-03-04 01:34:32+00:00,Fuck these people. I hope some deranged person butchers them too and films their screams. I wouldn't flinch
Bill,2025-03-04 03:19:53+00:00,"These images give me fits of anger, and tears for the defenseless creatures. 

Let’s boycott all Chinese products"
Teuila Blakely,2025-03-04 05:58:06+00:00,Fucking cunts.
İstanbulu seven biri,2025-03-04 09:05:11+00:00,ŞEREFSİZ
Corinne Cuvillier,2025-03-04 09:22:37+00:00,"BOYCOTONS LA CHINE,  le Vietnam et les autres pays asiatiques qui torturent les chiens et chats pour le plaisir !!"
ひー,2025-03-04 11:26:00+00:00,このクソ人間を同じように叩きつける
pauline st.denis,2025-03-04 14:15:53+00:00,just stop
EllenO',2025-03-04 14:52:54+00:00,Two Legged Vermin..RIP Poor Beautiful Soul
Ellie CG,2025-03-19 22:59:29+00:00,I despise TikTok for this very reason and was happy to hear they would be shut down. Sadly they are still around with their abusive and horrific videos. Where is the love of animals with its users?
zreg,2025-03-04 03:28:48+00:00,胡说八道！因为狗伤害了人类，人家拍摄到了！但因为你们不懂中文，导致认为虐待狗
Me,2025-03-04 08:09:23+00:00,"Absolutely abhorrent the animal cruelty that goes on in #china #shameful
Animal abuse goes on all over the world, the only protectors are humans why ban people from reporting animal abuse its the most humane thing anyone can do as there is very little action taken against anyway!"
Ad Age,2025-03-29 13:30:50+00:00,"This installment of Ad Age’s “Creativity Top 5” series looks at the best TikTok videos posted by brands over the past few weeks, as the platform hurtles toward its latest U.S. ban deadline, April 5.  https://adage.com/article/special-report-creativity-top-5/top-5-brand-tiktoks-know-about-duolingo-taco-bell-calvin-klein/2606676?utm_content=twt%3Aread&utm_medium=soc-own&utm_campaign=aware%3Aupr%3Apgv%3Aall%3Aalways&utm_source=Twitter#Echobox=1743254840-4…"
RealClearMarkets,2025-03-29 08:33:07+00:00,"Deal or None, Pizza Hut Reveals the Shame of the TikTok Ban"
Spotlight on China,2025-03-29 12:30:01+00:00,"Blackstone is reportedly considering a minority stake in TikTok's U.S. operations as the app faces a looming April 5 deadline to either divest or face a ban. This move could reshape TikTok’s future, with ByteDance and non-Chinese investors leading the bid."
Danny Ocean,2025-03-30 00:06:50+00:00,LMAOO they talking bout they gonna ban my TikTok bc I said nigga on someone’s comments
Sari Arho Havrén,2025-03-17 19:03:36+00:00,"The #EU should ban #TikTok immediately. 

Just now, Finnish TV reported (after an expert group tested the content using a fake profile of a teen boy) how TikTok feeds self-destructive content that promotes suicide. Disliking the content, even reporting the content, didn't change the algorithms. This is deliberate."
Eu Unul,2025-03-17 21:33:00+00:00,"LOL, as if Finns need TikTok to off themselves. That's a national sport."
Sari Arho Havrén,2025-03-18 06:42:42+00:00,"First, your statistics are not up to date. Second, jeering over a matter of such seriousness says a great deal about you as a person."
marc hofer,2025-03-18 01:51:47+00:00,Link ?
Sari Arho Havrén,2025-03-18 06:02:17+00:00,"YLE live news in Finnish. Hence, I didn't post the link."
Johan Yuduai MAGA,2025-03-18 02:47:58+00:00,"I understand it's usually the weather that pushes Finns to take themselves out, don't see anyone banning winter"
Sari Arho Havrén,2025-03-18 06:43:52+00:00,"First, your statistics are not up to date. Second, making fun over a matter of such seriousness says a great deal about you as a person."
Petri Aspvik,2025-03-17 19:19:31+00:00,This is still one of the most on-point things. By Ville Ranta.
Diogenes,2025-03-18 02:24:32+00:00,"Been saying this since, ever. If dictatorships like China are allowed to have their networks and companies roam freely in the more free world, while they ban and harshly regulate what their population can access coming from the West, why be permissive to their cyber warfare?"
vincent donnen,2025-03-17 19:05:24+00:00,Opium war 2.0...
Franklin Richards,2025-03-17 23:02:01+00:00,India was smart as they knew this a long long time ago
RR - But at what cost?,2025-03-17 21:39:07+00:00,"I assure you this is just the internet in general now. No app, from any country, is responsible, it's everywhere. If I had kids (thankfully I do not) I would not let them go online for as long as humanly possible."
Kawasaki NAFO,2025-03-18 08:46:22+00:00,Channel 4 News in the UK did a story on that about a month ago. Same conclusions.
chaptal,2025-03-17 20:26:37+00:00,doesn't add up. and TikTok is owned by US VCs anyway.
Pasi Yliherne,2025-03-18 07:04:51+00:00,"Very strange as TikTok shows me fishing, golf, military, history, nature, astronomy and technology videos. Exactly the same type videos I watch."
Terran in Europe,2025-03-18 20:53:59+00:00,"@kajakallas
  EU should not only ban TikTok but Temu and Shein as well, all part of xinese war on Europe citizens and EU economy."
μαθητής （学生）,2025-03-17 20:05:33+00:00,Too dark if true
vastatrix,2025-03-17 22:14:09+00:00,Ad Facebook and X
Kazy,2025-03-18 07:25:10+00:00,tiktok is chinese brainrot app
Jiu Shijiu,2025-03-18 09:35:45+00:00,"I think you got it mixed up:

It should be FAKE expert group using profile of teen boy.

“Expert” in the 
@AdrianZenz
 (non)sense."
grishko,2025-03-18 00:29:10+00:00,EuroNazis love dictatorship censorship and wars
La Reunion,2025-03-18 07:42:44+00:00,"In another dimension, Europe is as unconscious as the USA."
apples,2025-03-18 19:32:36+00:00,"Lol Facebook? Please educate yourself, child."
Jean-Profite,2025-03-17 19:41:10+00:00,No source...
Sari Arho Havrén,2025-03-18 06:45:38+00:00,"YLE live news in Finnish. Hence, I didn't post the link."
Facticity AI,2025-03-18 09:33:12+00:00,"There's no confirmed evidence that Finnish TV specifically reported this about a fake teen profile or that disliking/reporting content has no effect, though reports from 
@amnesty
 and CCDH back these concerns. #FactCheck

Detailed fact-check below:"
SchwabishBauerin,2025-03-17 19:50:11+00:00,"The EU only dares to bully the United States, and they will only kneel to China"
Alan Du,2025-03-18 01:30:00+00:00,Finns should think and reflect more about why Nokia went bankrupt.
H Yang,2025-03-17 22:25:16+00:00,You like banning things? Can we ban you on X too?
Clarence Cho,2025-03-17 23:24:19+00:00,Same here on X. Hatred / make-up posts from you is a good example
AlexS,2025-03-17 23:30:43+00:00,"YouTube reals is doing the same thing, you just hate everything remotely related to China."
Li Deliang,2025-03-18 04:36:22+00:00,"Isn't the West very supportive of ""freedom of speech?"" Why the West always contradicts itself?"
Peter Stefanovic,2025-03-18 04:45:58+00:00,"And Advertising Software is ""For sale to the highest Bidder"" and is a type of  #Spyware . 
(For BOTH profiling & control)
I mention this since we are on the topic of Hostile actors and information Systems."
kreepy,2025-03-18 04:52:25+00:00,"If new a/c keep looking for suicide content, algo will keep feeding it to you even if you report and dislike if that is all you are looking for on any platform. Just like a girl keep saying I’m not dating anyone but dating everyone."
The Silent Observer,2025-03-18 06:22:04+00:00,"Are you kidding me? Tik Tok is a social media platform. It doesn’t feed anything to anybody, but just the other way round."
Lord Dragon,2025-03-18 06:23:26+00:00,You sure are one rascist Karen.
Fanster,2025-03-18 08:11:44+00:00,"How many suicides have been linked to TikTok in Finland?  How many videos did the reporters seek on the subject to establish the algorithmic pattern and how many dislikes did they post?  Sensationalism and racism are all the rage these days, so this report does not surprise me."
Dennis Yap (Inactive here),2025-03-18 08:53:43+00:00,"@AskFacticity
 does TikTok feed self-destructive content that promotes suicide?"
Albert Lee,2025-03-18 09:58:38+00:00,Why you still are still sponsored by USAID
Grapefruit,2025-03-19 00:21:41+00:00,EU needs to ban jew marx terrorism
Gin ma,2025-03-19 15:17:51+00:00,"20 + years ago we got YouTube / Facebook/ twitter , eBay , amazon and etc , everyone was freaking out . Now what ?"
一号码头,2025-03-20 14:38:04+00:00,你收了美國國際開放署多少錢？你誠實一點的説？
TCPalm,2025-03-30 06:15:11+00:00,"If ByteDance does not divest TikTok by April 5, the app could go dark once again. President Trump has already addressed how he plans to prevent the ban."
Sam,2025-03-30 22:36:40+00:00,Ban tiktok
ACE of Spades™,2025-03-10 19:58:46+00:00,"Outrageous that you would check in with a low life gangster like Kevin O’Leary to discuss the American Stock market. 

You demonstrate how low your IQ actually is. Canadians don’t trust this self entitled Oligarch who is a grifter. And you do! 

Unbelievable"
New Hampshire Representative Terry Roy,2025-03-05 22:55:40+00:00,"This is a good policy that we are looking at in New Hampshire as well. There are enough distractions to learning without making it worse. Also with these AI platforms so easily accessible, the temptation for these young people to cut a few corners is too great. When they rely on"
Grady Embrey,2025-03-21 10:32:09+00:00,"Yep, us old heads were only unhappy when we had to stay indoors. We ate breakfast and got outside where all the neighborhood kids were to play baseball, football, basketball, wrestling, bike Riding, kick ball, you name it!"
HandofGod,2025-03-14 21:35:55+00:00,Hey I hope you get chased up the hallway this weekend
Joe Baker,2025-03-17 19:24:25+00:00,"You seem to be working for democrats lately. I guess blackrock, got a hold of you,  time to stop watching fox."
NOYB,2025-03-18 10:11:35+00:00,I have to say that @StephenM is so much smarter then these poor media people that it’s not a fair fight. Here he is absolutely destroying Martha MacCallum.
Johnny depp fan page,2025-03-18 11:27:37+00:00,"You’re a evil bastard 
@marthamaccallum"
J.C.,2025-03-27 12:21:57+00:00,"These smartphones & social media are destroying our children mentally, emotionally, & physically. Put down the electronic devices & go outside & play!"
janet,2025-03-10 19:36:02+00:00,Disgusting brainwashed antisemites all
TikTokSupport,2025-03-05 17:41:18+00:00,"Hey 
@kentokkifc
- We'd love to look into this for you. Would you please send us a DM with more information?"
zed,2025-03-01 04:02:58+00:00,"TIKTOK!
PLEASE FIX THIS
@tiktok_us
 @TikTokSupport
 @TikTokHelp"
raven,2025-03-03 02:47:29+00:00,Fuck ticky tac
